time_s,tx_model,ty_model,tz_model,tx_m,ty_m,tz_m,R11,R21,R31,R12,R22,R32,R13,R23,R33,angle_rad,rate_deg_s
60,0.0545538422820208,0.0536164531331669,1.00003882147514,0.113031729740562,0.111089525259579,2.07201020259396,0.999999993305135,2.05429761761918e-06,-0.000115695760771484,-2.05519820888471e-06,0.999999999967593,-7.78401531993828e-06,0.00011569574477705,7.78425304554528e-06,0.99999999327695,-0.000115975523298108,5.91084924365092
60.1,0.0545398493613527,0.0536196118784779,1.00004189277461,0.1130027373917,0.111096069958016,2.07201656611075,0.999948210722124,-0.000184201554403434,0.0101755561720416,0.000177234875611159,0.999999749307233,0.000685545965504243,-0.0101756798997357,-0.000683706998141314,0.999947992689279,0.0102004011455393,5.91085194317519
60.2,0.0545258632034875,0.0536227891770356,1.00004496234366,0.11297375905489,0.111102653097477,2.07202292604223,0.999790486007157,-0.000377564176773656,0.0204656183601733,0.000349380414603582,0.999998985820138,0.00138068534458593,-0.0204661189016808,-0.00137324578545873,0.999789603953309,0.0205167976299961,5.91087195067819
60.3,0.0545118873156266,0.0536259859090051,1.00004802950068,0.112944801996807,0.111109276501603,2.07202928097617,0.99952683440893,-0.000578013628661179,0.0307534257719167,0.000514363529186391,0.999997709580123,0.00207756219349518,-0.0307545561929212,-0.0020607607219373,0.999524842381931,0.0308332441381932,5.91090926615991
60.4,0.0544979252049718,0.0536292029545516,1.00005109356409,0.112915873484128,0.111115941994033,2.07203562950035,0.999157281209621,-0.000785529297481449,0.0410379135619967,0.000672167007726597,0.999995920709568,0.00277610441740127,-0.0410399268677814,-0.00274618061048236,0.999153733363761,0.0411497708782537,5.91096388962036
60.5,0.0544839803787248,0.05363244119384,1.00005415385227,0.112886980783528,0.111122651398408,2.07204197020253,0.998681861723423,-0.00100008990049677,0.0513180171560548,0.000822774317941609,0.999993619379417,0.00347623976078311,-0.0513211662675348,-0.00342943444953217,0.998676312361666,0.0514664080582983,5.91103582105954
60.6,0.0544700563440872,0.0536357015070356,1.00005720968363,0.112858131161683,0.111129406538368,2.07204830167048,0.998100621294521,-0.00122167348645278,0.0615926723351345,0.000966169608263768,0.999990805809165,0.0041778958131496,-0.0615972100648951,-0.00411045143870644,0.99809262491073,0.0617831858864486,5.91112506047745
60.7,0.0544561566082606,0.0536389847743035,1.00006026037655,0.112829331885267,0.111136209237554,2.07205462249197,0.997413615294522,-0.00145025743725168,0.0718608153201575,0.00110233770916781,0.999987480266843,0.00488100001476914,-0.0718669943484979,-0.00478916098444455,0.997402726615673,0.0721001345708262,5.91123160787409
60.8,0.0544422846784467,0.0536422918758087,1.00006330524945,0.112800590220957,0.111143061319606,2.07206093125477,0.996620909119331,-0.0016858184696623,0.0821213828563912,0.00123126413446116,0.999983643069011,0.00558547966240833,-0.082129455707376,-0.0054654927056335,0.996606683147717,0.082417284319552,5.91135546324944
60.9,0.0544284440618472,0.0536456236917164,1.00006634362072,0.112771913435428,0.111149964608164,2.07206722654664,0.995722578185487,-0.00192833263706706,0.092373312297912,0.00135293508253733,0.999979294580732,0.00629126191508017,-0.0923835313154309,-0.00613937643922577,0.995704570240907,0.0927346653407488,5.91149662660354
61,0.0544146382656638,0.0536489811021917,1.00006937480876,0.112743308795355,0.111156920926869,2.07207350695536,0.994718707925941,-0.00217777533124555,0.10261554169205,0.00146733743759192,0.999974435215555,0.00699827379980087,-0.102628159015889,-0.00681074224584637,0.994696473687863,0.103052307842538,5.91165543983031
61.1,0.054400871532172,0.053652364510781,1.00007239800544,0.112714785090436,0.11116393111184,2.07207977080655,0.993609393247679,-0.00243412140438837,0.112847014594842,0.00157445881867597,0.999969065432889,0.00770644254525182,-0.112862282138047,-0.00747952072419565,0.993582488795132,0.11337024680678,5.91183976649074
61.2,0.0543871510439429,0.0536557724145559,1.00007541189656,0.112686357202453,0.111170992049115,2.07208601537728,0.99239473652405,-0.00269734555690809,0.12306669430154,0.00167428769743572,0.999963185728286,0.00841569657502955,-0.123084863732582,-0.00814564393300964,0.992362718367054,0.123688536310299,5.91205747014579
61.3,0.0543734847186216,0.0536592028339692,1.0000784150414,0.112658041536212,0.111178099637211,2.07209223768247,0.991074848521693,-0.00296742202280618,0.133273549642235,0.00176681320816912,0.999956796637927,0.00912596453542892,-0.133294872364957,-0.00880904445175707,0.991037273636596,0.134007235203656,5.91230889268944
61.4,0.0543598804738533,0.053662653789474,1.00008140599923,0.112629854496515,0.111185249774647,2.07209843473704,0.989649848838118,-0.00324432445699137,0.143466550294864,0.00185202509400739,0.99994989874074,0.00983717497229269,-0.143491277427383,-0.00946965507302681,0.989606274704771,0.144326402337415,5.91259403412167
61.5,0.0543463462272828,0.053666123301523,1.00008438332933,0.112601812488169,0.111192438359939,2.0721046035559,0.98811986589926,-0.00352802593640808,0.153644666839497,0.00192991370771519,0.999942492658386,0.0105492563347079,-0.153673049193112,-0.0101274088061376,0.988069850538192,0.154646096562137,5.91291289444249
61.6,0.0543328898965554,0.0536696093905692,1.00008734559098,0.112573931915977,0.111199661291605,2.07211074115398,0.986485036957091,-0.00381849896116321,0.163806870812704,0.00200047001249502,0.999934579055251,0.0112621369787064,-0.163839158870813,-0.0107822388807536,0.986428138966657,0.164966376728387,5.91326547365188
61.7,0.0543195193993161,0.0536731100770654,1.00009029134345,0.112546229184745,0.111206914468162,2.07211684454621,0.984745508087257,-0.00411571545565152,0.173952134762003,0.00206368558279568,0.999926158638434,0.0119757451709699,-0.173988578659018,-0.0114340787505054,0.984681286680793,0.175287301686725,5.91365177174986
61.8,0.0543062426532098,0.0536766233814646,1.00009321914601,0.112518720699275,0.111214193788128,2.0721229107475,0.982901434186766,-0.00441964676967978,0.184079432300378,0.00211955260512505,0.999917232157735,0.0126900090925398,-0.184120281800655,-0.0120828620966183,0.982829449229723,0.185608930287714,5.91407178873642
61.9,0.0542930675758818,0.0536801473242196,1.00009612755795,0.112491422864374,0.11122149515002,2.07212893677276,0.98095297897171,-0.00473026367959017,0.194187738160909,0.0021680638788669,0.999907800405642,0.0134048568425329,-0.194233242637674,-0.0127285228315464,0.980872791018785,0.195931321381918,5.91452552461157
62,0.054280002084977,0.0536836799257833,1.00009901513853,0.112464352084845,0.111228814452356,2.07213491963694,0.978900314975021,-0.0050475363893829,0.204276028251487,0.00220921281710208,0.999897864217323,0.0141202164418629,-0.204326436665775,-0.0133709951026152,0.978811485307274,0.2062545338199,5.91501290588769
62.1,0.054267054557811,0.0536872189127707,1.0001018803917,0.112437525717898,0.111236146984841,2.07214085624026,0.976743623763766,-0.00537143449932069,0.214343278710219,0.00224299344444287,0.999887424471678,0.0148360157658118,-0.214398839589292,-0.0140102132323079,0.976645714426654,0.21657862542614,5.91553224235018
62.2,0.0542542352103806,0.0536907608364451,1.00010472159997,0.11241096493036,0.111243485601935,2.07214674302426,0.974483096677772,-0.0057019269042915,0.224388462980784,0.00226940039475591,0.999876482094911,0.0155521823340832,-0.224449424394782,-0.0146461115345474,0.974375670522293,0.2269036499208,5.91608184378431
62.3,0.0542415547183533,0.053694301954232,1.00010753699056,0.112384691841466,0.111250822549287,2.07215257631581,0.972118934312379,-0.00603898188346926,0.234410554901387,0.00228842893124269,0.999865038058032,0.0162686435278557,-0.234477164441213,-0.015278624513382,0.972001555034038,0.237229659997959,5.9166616367025
62.4,0.0542290237573964,0.0536978385235568,1.00011032479063,0.112358728570447,0.111258150072545,2.07215835244178,0.969651346315982,-0.00638256713285633,0.244408529770132,0.00230007495174755,0.99985309337587,0.0169853266650729,-0.244481034525828,-0.015907686931087,0.969523578492903,0.2475567083517,5.91727162110477
62.5,0.0542166530031773,0.0537013668018448,1.00011308322739,0.112333097236538,0.111265460417357,2.07216406772901,0.967080551386333,-0.00673264976662833,0.254381364406724,0.00230433498960466,0.999840649107061,0.0177021590046611,-0.25446001094585,-0.0165332338122504,0.966941960517356,0.257884847676101,5.91791179699107
62.6,0.0542044531313634,0.0537048830465216,1.00011581052802,0.11230781995897,0.111272745829372,2.07216971850437,0.964406777266727,-0.0070891963184884,0.264328037214299,0.0023012062144801,0.999827706354026,0.0184190677507568,-0.264413071560323,-0.017155200447866,0.964256929809493,0.268214130665243,5.91858216436152
62.7,0.0541924348176221,0.0537083835150125,1.00011850491972,0.112282918856978,0.111279998554237,2.07217530109473,0.961630260742092,-0.00745217274303094,0.274247528241375,0.00229068643320876,0.999814266262952,0.0191359800569447,-0.27433919585207,-0.0177735223994317,0.961468724151107,0.278544610013207,5.91928272321596
62.8,0.0541806087376207,0.0537118644647429,1.00012116462967,0.112258416049793,0.111287210837602,2.07218081182694,0.95875124763496,-0.00782154441711521,0.284138819243937,0.0022727740906262,0.999800330023776,0.0198528230305071,-0.284237364989793,-0.018388135503056,0.95857759039964,0.288876338414071,5.9200134735545
62.9,0.0541689855670266,0.0537153221531383,1.00012378788506,0.11223433365665,0.111294374925114,2.07218624702787,0.955769992801321,-0.00819727614124933,0.294000893747667,0.00224746827039524,0.999785898870163,0.0205695237366843,-0.294106561890306,-0.0189989758735716,0.955583784484029,0.299209368561918,5.92077441537716
63,0.0541575759815072,0.0537187528376241,1.00012637291308,0.11221069379678,0.111301483062422,2.07219160302438,0.952686760126366,-0.00857933214098442,0.303832737110311,0.00221476869582714,0.999770974079482,0.0212860092029467,-0.303945771280919,-0.0196059799086559,0.952487571400419,0.309543753150827,5.92156524437294
63.1,0.0541463904733142,0.0537221528785077,1.00012891797839,0.112187518209394,0.111308527708339,2.07219687622096,0.949501823850185,-0.00896767590739801,0.313633332562075,0.00217467574869759,0.999755556979228,0.0220022061289452,-0.313753975736661,-0.0202090840458552,0.949289226543453,0.319879540625898,5.9223789613931
63.2,0.0541354388010368,0.0537255190476239,1.00013142149554,0.112164827113601,0.111315502174332,2.07220206333266,0.946215472884987,-0.00936226969543716,0.32340164931427,0.00212719054834116,0.99973964896792,0.0227180400094516,-0.323530143778615,-0.0208082240388241,0.945989040041659,0.330216762436308,5.92320856728845
63.3,0.0541247305398486,0.0537288482196899,1.00013388191653,0.11214264034849,0.111322399985036,2.07220716115216,0.942828007396512,-0.00976307497303674,0.333136654896746,0.00207231494090176,0.999723251498548,0.0234334360254039,-0.333273242219516,-0.0214033357269807,0.942587313324474,0.340555445782252,5.92405375774827
63.4,0.0541142752649231,0.0537321372694225,1.00013629769338,0.112120977753148,0.111329214665083,2.07221216647213,0.939339737543754,-0.0101700525793968,0.342837319295557,0.0020100514880783,0.999706366072477,0.0241483193447697,-0.342982240304431,-0.02199435529162,0.939084357856662,0.350895617863928,5.9249145327726
63.5,0.054104082551434,0.0537353830715386,1.00013866727811,0.112099859166661,0.111335939739105,2.07221707608525,0.935750983464845,-0.0105831627275088,0.352502615041732,0.00194040346775183,0.999688994239379,0.0248626151287701,-0.352656109799559,-0.022581219261636,0.935480495124136,0.361237305881531,5.92579089236125
63.6,0.0540941619745546,0.0537385825007551,1.00014098912271,0.112079304428116,0.111342568731737,2.0722218867842,0.932062075262277,-0.0110023650067266,0.362131517300051,0.00186337487456879,0.999671137597157,0.0255762485381167,-0.362293825081046,-0.0231638645192344,0.931776056619121,0.371580537035258,5.92668283651444
63.7,0.0540845231094587,0.053741732431789,1.00014326167921,0.112059333376602,0.111349095167611,2.07222659536166,0.928273352987472,-0.0114276183853816,0.371723003957833,0.0017789704204801,0.999652797791874,0.02628914473926,-0.371894363223806,-0.0237422283056328,0.927971383824654,0.381925338525304,5.92759036523208
63.8,0.0540751755313197,0.0537448297393573,1.00014548339962,0.112039965851204,0.11135551257136,2.0722311986103,0.924385166624689,-0.011858881213442,0.38127605571372,0.00168719553523612,0.999633976517675,0.0270012289106505,-0.381456704090349,-0.0243162482267504,0.924066828198428,0.392271737551866,5.92851347851413
63.9,0.0540661288153112,0.0537478712981768,1.00014765273594,0.112021221691011,0.111361814467617,2.07223569332281,0.92039787607427,-0.0122961112252173,0.390789656166472,0.001588056366837,0.999614675516706,0.0277124262490114,-0.390979830419612,-0.0248858622588857,0.920062751155965,0.402619761315141,5.92945217636062
64,0.0540573925366068,0.0537508539829645,1.0001497681402,0.112003120735108,0.111367994381015,2.07224007629186,0.916311851135224,-0.0127392655421067,0.400262791903753,0.00148155978193849,0.999594896579025,0.0284226619756227,-0.400462727915785,-0.0254510087543825,0.915959524053128,0.412969437015324,5.9304062244761
64.1,0.0540489760266973,0.0537537748147358,1.00015182811928,0.111985682317691,0.111374046139307,2.07224434442383,0.912127472824941,-0.0131883005325695,0.409694449617088,0.00136771340334976,0.999574641548998,0.029131861118676,-0.409904382360121,-0.0260116262708458,0.91175752951139,0.423320788581228,5.93137023406314
64.2,0.0540408876423422,0.0537566313997002,1.00015383139958,0.111968923753376,0.111379964782727,2.07224849507994,0.907845137619183,-0.0136431713719854,0.419083607381774,0.00124652574025614,0.999553912345818,0.0298399478509586,-0.419303770880712,-0.026567653059382,0.907457165675676,0.433673826856138,5.93233881632464
64.3,0.0540331354966183,0.053759421490366,1.00015577676241,0.111952861851891,0.111385745654631,2.07225252573508,0.903465253844793,-0.014103832449031,0.428429243872793,0.00111800610934406,0.999532710946043,0.0305468461742447,-0.428659871177024,-0.0271190276209004,0.903058842591884,0.44402855941195,5.93331173696505
64.4,0.0540257277026026,0.0537621428392411,1.00015766298904,0.111937513422961,0.111391384098372,2.07225643386418,0.898988240374853,-0.0145702375086845,0.437730341473682,0.000982164602278332,0.999511039377284,0.0312524801517351,-0.43797166463188,-0.0276656888922197,0.898562980896553,0.454384993820567,5.93428899598429
64.5,0.0540186723733717,0.0537647931988335,1.00015948886076,0.11192289527631,0.111396875457306,2.07226021694214,0.894414526598834,-0.0150423396561455,0.446985886384182,0.000839012085607036,0.999488899718057,0.0319567739158323,-0.447238136419184,-0.028207576252783,0.893970011786883,0.464743137653885,5.93527059338242
64.6,0.0540119776220026,0.0537673703216515,1.00016125315885,0.111909024221664,0.111402215074786,2.07226387244388,0.889744552391669,-0.0155200913608248,0.456194868727718,0.000688560200590763,0.999466294097634,0.0326596516759236,-0.456458275611472,-0.0287446295313428,0.88928037698968,0.475102998483806,5.93625652915941
64.7,0.054005651561572,0.0537698719602031,1.00016295466461,0.111895917068748,0.111407398294168,2.07226739784431,0.884978768081766,-0.0160034444604018,0.465356282658656,0.000530821362956705,0.999443224695887,0.0333610377261676,-0.46563107528725,-0.0292767890126118,0.884494528729234,0.48546458388223,5.93724680331534
64.8,0.0539997023051567,0.0537722958669963,1.00016459215931,0.111883590627289,0.111412420458806,2.07227079061833,0.880117634417949,-0.0164923501649488,0.474469126469351,0.000365808762577252,0.999419693743133,0.0340608564532865,-0.474755532638117,-0.029803995443881,0.879612929694124,0.495827901421055,5.93824141585007
64.9,0.0539941379658336,0.0537746397945392,1.00016616442425,0.11187206170701,0.111417276912054,2.07227404824086,0.87516162253534,-0.0169867590611253,0.483532402696976,0.000193536363072703,0.999395703519962,0.0347590323443617,-0.483830649075674,-0.0303261900416042,0.874636053002946,0.506192958672181,5.93924036676365
65,0.0539889666566795,0.0537769014953399,1.00016767024071,0.111861347117638,0.111421962997268,2.07227716818681,0.870111213920168,-0.0174866211164371,0.492545118230099,1.40189013385188e-05,0.999371256357071,0.0354554899946325,-0.49285543033819,-0.0308433144979468,0.869564382168991,0.516559763207507,5.94024341334428
65.1,0.053984196338054,0.0537790790698425,1.00016910846754,0.111851463352479,0.1114264747787,2.07228014809179,0.864966902070056,-0.0179918855175589,0.501506281494911,-0.000172728050792149,0.9993463546433,0.0361501538885716,-0.501828883672861,-0.0313553108208162,0.864398412767504,0.526928319210035,5.94124497321502
65.2,0.0539798343594476,0.053781172010235,1.00017047827382,0.111842425639161,0.1114308112042,2.0722829862342,0.859729197787497,-0.0185025001630161,0.51041489394353,-0.000366687881789261,0.999321000851256,0.0368429477328013,-0.510750009311468,-0.0318621208547418,0.859138657751456,0.537298617307168,5.9422394639993
65.3,0.0539758879176339,0.0537831801566414,1.00017177890619,0.111834248888892,0.111434971942517,2.07228568105312,0.854398624469071,-0.0190184121421767,0.519269959178219,-0.000567843095126815,0.999295197514507,0.0375337951539965,-0.519617809605847,-0.0323636868115046,0.853785642720928,0.547670644737408,5.94322664298531
65.4,0.0539723642093862,0.0537851033491858,1.0001730096113,0.111826948012883,0.111438956662397,2.07228823098767,0.848975716419262,-0.0195395679033859,0.528070486030557,-0.000776175367974155,0.999268947219424,0.0382226199361267,-0.528431292111092,-0.0328599514475054,0.848339904229825,0.558044388739264,5.94420651017284
65.5,0.0539692704314781,0.0537869414279921,1.00017416963578,0.111820537922342,0.111442765032591,2.07229063447692,0.843461018798528,-0.0200659132596584,0.536815488685269,-0.000991665552488119,0.999242252604929,0.0389093460297141,-0.537189469709506,-0.0333508580711784,0.842801989733731,0.568419836551235,5.94517906556191
65.6,0.0539666137806828,0.0537886942331843,1.00017525822628,0.111815033528478,0.111446396721845,2.07229288995998,0.837855087569914,-0.0205973933944613,0.545503986803548,-0.00121429367721259,0.999215116362232,0.0395938975610826,-0.545891360734054,-0.0338363505503449,0.837172457536293,0.578796975411829,5.94614430915271
65.7,0.0539644014537738,0.0537903616048865,1.00017627462944,0.1118104497425,0.111449851398907,2.07229499587594,0.832158489444223,-0.0211339528675826,0.554135005645826,-0.00144403894858468,0.999187541234571,0.0402761988415957,-0.554535989091261,-0.0343163733195043,0.83145187673417,0.589175792559551,5.94710224094503
65.8,0.0539626406475245,0.0537919433832227,1.00017721809189,0.111806801475618,0.111453128732527,2.07229695066389,0.826371801823753,-0.0216755356210881,0.562707576193978,-0.00168087975254758,0.999159530016938,0.0409561743768826,-0.563122384383555,-0.0347908713870619,0.82564082716052,0.599556275232901,5.94805286093896
65.9,0.0539613385587085,0.0537934394083169,1.0001780878603,0.11180410363904,0.111456228391453,2.07229875276293,0.820495612744583,-0.0222220849853637,0.571220735272972,-0.00192479365627068,0.999131085555798,0.0416337488760514,-0.571649582031049,-0.0352597903424936,0.819739899327055,0.609938410670389,5.94899616913442
66,0.0539605023840989,0.0537948495202931,1.00017888318128,0.111802371143976,0.111459150044431,2.07230040061216,0.814530520817443,-0.0227735436852441,0.579673525671891,-0.00217575740997566,0.999102210748804,0.0423088472608867,-0.580116623392708,-0.035723076363443,0.813749694364658,0.620322186110514,5.94993208365725
66.1,0.0539601389062955,0.0537961738150811,1.00017960342195,0.111801618043496,0.111461893890223,2.07230189290023,0.808477135838274,-0.0233298537847292,0.588064995344157,-0.0024337469200879,0.999072908547754,0.0429813946011507,-0.588522554965117,-0.0361806761727033,0.807670824636508,0.630707587648603,5.95085872139931
66.2,0.053960253251202,0.0537974134118336,1.00018024843115,0.111801854958111,0.111464462247634,2.072303229314,0.802336080815676,-0.0238909565046749,0.596394194823048,-0.00269873715881324,0.999043181968402,0.0436513159045372,-0.596866425793148,-0.0366325369001628,0.801503915774072,0.641094596807258,5.9517741992522
66.3,0.0539608501305482,0.0537985696855089,1.00018081817822,0.111803091650196,0.111466857965481,2.07230440978991,0.796107990025385,-0.0244567924066352,0.604660180202831,-0.00297070224200799,0.999013034081043,0.0443185363519433,-0.605147290455746,-0.0370786062489941,0.795249604723386,0.6514831939659,5.95267843534195
66.4,0.0539619342560642,0.0537996440110655,1.00018131263247,0.111805337882124,0.111469083892581,2.07230543426438,0.789793508289211,-0.0250273014601732,0.612862014197195,-0.00324961545886424,0.99898246800702,0.0449829813815421,-0.61336421012608,-0.0375188325541223,0.78890853902096,0.661873359503951,5.9535714296683
66.5,0.0539635103394798,0.0538006377634618,1.00018173176321,0.111808603416269,0.111471142877752,2.07230630267385,0.783393290904352,-0.0256024230498128,0.620998766262887,-0.00353544927446694,0.998951486918386,0.0456445766983614,-0.621516252695355,-0.0379531647892944,0.782481376722795,0.672265073800832,5.95445318223126
66.6,0.053965583092525,0.0538015523176563,1.00018207553977,0.111812898015003,0.111473037769812,2.07230701495474,0.776908003571185,-0.0261820959820794,0.629069512722578,-0.00382817533246739,0.998920094037551,0.0463032482838382,-0.629602492895843,-0.0383815525740694,0.775968786331863,0.682658317235965,5.95532369303115
66.7,0.0539681572269296,0.0538023890486073,1.00018234393147,0.111818231440701,0.111474771417576,2.07230757104349,0.770338322319546,-0.0267662584926267,0.637073336886903,-0.00412776445787206,0.998888292636924,0.0469589224053444,-0.637622012423103,-0.0388039461807264,0.769371446724088,0.693053070188773,5.95618296206764
66.8,0.0539712374544235,0.0538031493312734,1.00018253690762,0.111824613455735,0.111476346669863,2.07230797087651,0.763684933433534,-0.0273548482534494,0.645009329175671,-0.00443418665994652,0.998856086038554,0.0476115256256832,-0.64557390005737,-0.0392202965410907,0.762690047072824,0.703449313038676,5.95703098934087
66.9,0.0539748284867367,0.0538038345406128,1.00018265443753,0.11183205382248,0.111477766375491,2.07230821439025,0.756948533374804,-0.0279478023801814,0.65287658723824,-0.00474741113523504,0.998823477613755,0.0482609848125561,-0.653457251784114,-0.0396305552532771,0.755925286771828,0.713847026165097,5.95786777485076
67,0.053978935035599,0.0538044460515841,1.00018269649054,0.111840562303308,0.111479033383275,2.07230830152112,0.750129828704403,-0.0285450574394769,0.660674216073005,-0.00506740627069401,0.998790470782727,0.0489072271479957,-0.661271170913711,-0.0400346745883475,0.749077875356771,0.724246189947455,5.95869328621947
67.1,0.0539835604655313,0.0538049852923399,1.00018266325995,0.111850145869271,0.111480150652249,2.07230823266968,0.743229536304805,-0.0291465494302414,0.668401327811709,-0.00539413963259349,0.998757069015635,0.0495501801098949,-0.669014767865231,-0.040432607479724,0.742148532728201,0.734646784313094,5.95950677875568
67.2,0.053988702752218,0.0538054539038104,1.00018255583513,0.111860800326129,0.111481121582304,2.07230801009299,0.736248384231504,-0.0297522137110639,0.676057040859565,-0.00572757792452838,0.998723275836725,0.0501897713989647,-0.676687159304518,-0.0408243074803855,0.735137990006726,0.745048787381033,5.96030750776799
67.3,0.0539943585241341,0.05380585358012,1.00018237552943,0.111872518688319,0.111481949683547,2.07230763651224,0.729187110772981,-0.0303619850841537,0.683640481060259,-0.00606768702993479,0.998689094819779,0.0508259290338824,-0.684287469311443,-0.041209728824637,0.72804698858902,0.755452176818208,5.96109544087875
67.4,0.0540005244097551,0.053806186015393,1.00018212365621,0.111885293970278,0.111482638466085,2.07230711464861,0.722046464070081,-0.0309757978290927,0.691150782154476,-0.00641443202953914,0.998654529586272,0.0514585813889299,-0.691814829839337,-0.041588826452232,0.720876279765602,0.76585693029156,5.9618705780877
67.5,0.0540071970375561,0.0538064529037539,1.00018180152882,0.111899119186444,0.111483191440024,2.07230644722328,0.714827202028603,-0.031593585710794,0.698587085896879,-0.00676777720515798,0.998619583804944,0.0520876572034232,-0.69926838083218,-0.0419615560146986,0.713626624633054,0.776263025468026,5.9626329193949
67.6,0.0540143730360123,0.0538066559393272,1.00018141046062,0.111913987351255,0.111483612115472,2.07230563695744,0.707530092230418,-0.0322152819875413,0.705948542172076,-0.00712768604361468,0.998584261191377,0.0527130855911,-0.706647270340784,-0.0423278738815709,0.706298794004765,0.786670440014543,5.96338246480029
67.7,0.054022049033599,0.0538067968162372,1.00018095176497,0.111929891479148,0.111483904002535,2.07230468657227,0.700155911843146,-0.0328408194191069,0.713234309109548,-0.00749412124077141,0.998548565507553,0.0533347960494627,-0.713950654637925,-0.0426877371465246,0.698893568320233,0.797079151598054,5.96411921430401
67.8,0.0540302216587915,0.0538068772286082,1.00018042675523,0.111946824584561,0.111484070611321,2.07230359878896,0.692705447528416,-0.0334701302749469,0.720443553197497,-0.00786704470567606,0.998512500561408,0.0539527184690752,-0.721177698332426,-0.0430411036334162,0.69141173755293,0.807489137885492,5.96484316790616
67.9,0.0540388875400649,0.0538068988705649,1.00017983674475,0.111964779681931,0.111484115451935,2.07230237632868,0.685179495348678,-0.0341031463424732,0.727575449395645,-0.00824641756482437,0.998476070206388,0.0545667831428129,-0.728327574482168,-0.0433879319022245,0.683854101116729,0.8179003765438,5.96555432560651
68,0.0540480433058946,0.0538068634362314,1.00017918304689,0.111983749785695,0.111484042034485,2.07230102191264,0.677578860672638,-0.0347397989353996,0.734629181246905,-0.00863220016653523,0.998439278340985,0.0551769207750637,-0.735399464705989,-0.0437281812548932,0.676221467770939,0.828312845239913,5.96625261198538
68.1,0.0540576844710596,0.0538067726784345,1.00017846716473,0.112003725602791,0.111483853990704,2.07229953865508,0.669904358859007,-0.0353800188372485,0.741603940286713,-0.00902435204546656,0.99840212891205,0.0557830624297922,-0.742392558591384,-0.0440618117076743,0.668514656306932,0.838726520587713,5.96693629239065
68.2,0.0540678020955545,0.0538066285848092,1.00017769136022,0.112024688610156,0.111483555438832,2.07229793124263,0.662156817556383,-0.0360237361123562,0.748498924114197,-0.00942283180223037,0.998364625925923,0.0563851393597483,-0.74930605176018,-0.0443887839020025,0.660734497857704,0.849141374988855,5.96760363216992
68.3,0.0540783861256779,0.0538064332016928,1.00017685808504,0.112046617977225,0.111483150618737,2.07229620475496,0.654337074364646,-0.0366708803045735,0.755313338720828,-0.00982759721928048,0.998326773437117,0.0569830832048496,-0.756139148202771,-0.0447090592198367,0.65288183354943,0.859557379791931,5.96825455590366
68.4,0.0540894265077282,0.0538061885754225,1.00017596979085,0.112069492873437,0.111482643770286,2.07229436427179,0.646445975964797,-0.037321380510534,0.762046399319431,-0.0102386053046979,0.998288575544101,0.0575768260634775,-0.76289106110921,-0.0450225998240579,0.64495751362764,0.869974506345539,5.96888906359174
68.5,0.0541009131880039,0.0538058967523355,1.00017502892932,0.112093292468227,0.111482039133345,2.07229241487279,0.638484378012349,-0.0379751653887866,0.768697330454502,-0.0106558122973999,0.998250036388788,0.0581663005018003,-0.769561012979781,-0.0453293686640069,0.636962397350155,0.880392725998273,5.96950715523428
68.6,0.0541128361128036,0.0538055597787692,1.00017403795214,0.112117995931032,0.111481340947782,2.07229036163767,0.630453145029279,-0.0386321631690008,0.775265366111227,-0.0110791736724689,0.998211160156009,0.0587514395630353,-0.776148235734274,-0.0456293294809097,0.628897352878589,0.890812010098728,5.97010883083117
68.7,0.0541251852284257,0.0538051797010608,1.00017299931097,0.112143582431288,0.111480553453465,2.07228820964611,0.622353150294595,-0.0392923016612417,0.781749749823149,-0.0115086441465983,0.998171951072986,0.0593321767766447,-0.782651970819917,-0.0459224468131875,0.620763257168455,0.901232329995502,5.97069409038252
68.8,0.0541379504811687,0.0538047585655475,1.00017191545748,0.112170031138432,0.111479680890259,2.0722859639778,0.614185275733517,-0.0399555082653145,0.78814973477849,-0.0119441776836553,0.998132413408793,0.0599084461674653,-0.789071469317961,-0.0462086860016514,0.612560995857878,0.911653657037187,5.97126293388814
68.9,0.0541511218173311,0.0538042984185667,1.00017078884335,0.112197321221901,0.111478727498032,2.07228362971245,0.605950411805289,-0.0406217099801763,0.794464583925103,-0.0123857275003611,0.998092551473813,0.0604801822647706,-0.795405992048896,-0.0464880131945807,0.604291463154936,0.922075962572381,5.97181536134817
69,0.0541646891832114,0.0538038013064555,1.00016962192025,0.112225431851132,0.111477697516651,2.07228121192974,0.597649457389654,-0.0412908334134136,0.800693570074019,-0.0128332460720842,0.998052369619193,0.061047320111262,-0.801654809676276,-0.0467603953526837,0.595955561723653,0.932499217949677,5.97235141715424
69.1,0.054178642552818,0.0538032692769817,1.00016841700334,0.112254342252973,0.111476595188947,2.07227871542654,0.589283319172635,-0.0419628048308214,0.806835976364226,-0.0132866851658861,0.998011872233864,0.0616097953052946,-0.807817203172961,-0.0470258002695124,0.587554202067202,0.942923395137495,5.97287212231065
69.2,0.054192972010999,0.0538027043836357,1.00016717586181,0.112284031883926,0.111475424769608,2.07227614386844,0.58085291000231,-0.0426375502873935,0.812891097409326,-0.0137459959307114,0.997971063736586,0.0621675441073495,-0.813892464971707,-0.047284196619551,0.579088300876751,0.953348468583542,5.97337849782195
69.3,0.0542076676703122,0.0538021086813383,1.0001659001283,0.112314480257906,0.111474190516286,2.07227350063822,0.57235915021835,-0.0433149955189904,0.818858238234505,-0.0142111288268716,0.997929948582385,0.0627205033447997,-0.819879897898951,-0.0475355539101924,0.5705587823666,0.963774413355344,5.97387058807972
69.4,0.0542227196433156,0.0538014842250102,1.0001645914355,0.112345666888827,0.111472896686631,2.07227078911865,0.563802968028244,-0.0439950659120978,0.824736713999039,-0.0146820336056759,0.997888531264369,0.0632686103865308,-0.825778814896425,-0.0477798424697173,0.561966578651991,0.974201204520433,5.97434839308383
69.5,0.0542381180425671,0.0538008330695722,1.00016325141606,0.112377571290604,0.111471547538296,2.07226801269249,0.555185299390662,-0.044677686513345,0.830525850090361,-0.0151586593156034,0.997846816313169,0.0638118031513497,-0.831588539115502,-0.0480170334515618,0.55331262963198,0.984628817146337,5.9748119128344
69.6,0.0542538529806247,0.0538001572699453,1.00016188170266,0.112410172977151,0.111470147328932,2.07226517474251,0.546507087897605,-0.0453627820390796,0.83622498221672,-0.0156409543085813,0.997804808296365,0.0643500201163208,-0.837308404010133,-0.0482470988384687,0.544597882871091,0.995057226300584,5.97526114733137
69.7,0.0542699145700462,0.0537994588810501,1.00016048392795,0.112443451462382,0.111468700316191,2.07226227865149,0.537769284655412,-0.0460502768849933,0.841833456498387,-0.0161288662463665,0.997762511817912,0.0648832003250244,-0.842937753428338,-0.048470011446521,0.53582329347982,1.00548640705071,5.97569609657481
69.8,0.0542862929233896,0.0537987399578076,1.00015905972461,0.112477386260213,0.111467210757725,2.0722593278022,0.528972848164605,-0.0467400951357996,0.8473506295574,-0.0166223421070301,0.997719931517557,0.0654112833957382,-0.84847594170224,-0.0486857449290563,0.526989823993975,1.01591633446423,5.97611676056471
69.9,0.0543029781532128,0.0537980025551384,1.00015761072531,0.112511956884556,0.111465682911184,2.0722563255774,0.520118744198602,-0.0474321605749625,0.852775868605849,-0.0171213281915454,0.997677072070253,0.0659342095295399,-0.853922333736638,-0.0488942737804628,0.51809844425288,1.02634698360868,5.97652313930102
70,0.0543199603720737,0.0537972487279635,1.0001561385627,0.112547142849328,0.111464121034221,2.07225327535986,0.511207945681331,-0.0481263966944718,0.85810855153266,-0.0176257701304751,0.997633938185564,0.066451919518329,-0.859276305096085,-0.0490955733398557,0.509150131276473,1.0367783295516,5.97691527820141
70.1,0.0543372298387353,0.0537964805267974,1.00015464474519,0.112582923971368,0.111462529375358,2.0722501802749,0.502241432017018,-0.0488227267470563,0.863348067304536,-0.0181356129219149,0.997590534604425,0.0669643547837555,-0.864537242407429,-0.0492896198062075,0.500145868592272,1.04721034799465,5.97729422187493
70.2,0.0543547773967803,0.0537956999845295,1.00015313028413,0.112619281279223,0.111460912146598,2.07224704241796,0.493220187299362,-0.0495210738841632,0.868493816950784,-0.0186508010344161,0.99754686609047,0.0674714574754193,-0.869704544348917,-0.0494763902729569,0.491086644437009,1.05764301717614,5.97766101492998
70.3,0.0543725940359965,0.053794909129643,1.00015159606662,0.112656196104367,0.111459273550818,2.07224386362704,0.484145201782018,-0.0502213610402219,0.873545212617365,-0.0191712783249115,0.997502937437151,0.0679731703809995,-0.874777620700735,-0.049655862690354,0.481973453233307,1.06807631596849,5.97801570278475
70.4,0.0543906707461715,0.0537941099906211,1.00015004297975,0.112693649778273,0.11145761779089,2.07224064574011,0.475017472295565,-0.0509235109001802,0.878501677318565,-0.0196969880150902,0.997458753469757,0.0684694369021102,-0.87975589209568,-0.0498280158561215,0.472807296008402,1.07851022324415,5.97835828543899
70.5,0.0544089985170933,0.0537933045959468,1.00014847191059,0.112731623632412,0.11145594906969,2.07223739059516,0.465838002123507,-0.0516274459092176,0.883362645014193,-0.0202278726983636,0.997414319044813,0.0689602010617065,-0.884638790096658,-0.0499928294184576,0.46358918026962,1.08894471787556,5.97868876289269
70.6,0.0544275683385494,0.0537924949741035,1.00014688374625,0.112770098998259,0.111454271590093,2.07223410003019,0.456607800877297,-0.0523330882824992,0.888127560685297,-0.0207638743469241,0.997369639049475,0.0694454075114068,-0.889425757272693,-0.0501502838789208,0.454320119878879,1.09937977873516,5.97900713514599
70.7,0.0544463712003278,0.0537916831535743,1.00014527937381,0.112809057207287,0.111452589554972,2.07223077588317,0.447327884370446,-0.0530403600149628,0.892795880408363,-0.0213049343188917,0.997324718400921,0.0699250015387308,-0.894116247273434,-0.0503003605951979,0.445001134926265,1.10981538469538,5.97931340219876
70.8,0.054465398092216,0.0537908711628423,1.00014365968037,0.112848479590968,0.111450907167204,2.0722274199921,0.437999274491716,-0.0537491828911418,0.897367071428,-0.0218509933655501,0.997279562045737,0.0703989290742513,-0.898709724902134,-0.0504430417837522,0.435633251602691,1.12025151462867,5.979607564051
70.9,0.0544846400040019,0.0537900610303907,1.000142025553,0.112888347480775,0.111449228629662,2.07222403419497,0.42862299907741,-0.0544594784950217,0.90184061222809,-0.0224019916386696,0.997234174959299,0.0708671366986589,-0.903205666187113,-0.0505783105223543,0.42621750207165,1.13068814740746,5.97988962070283
71,0.0545040879254733,0.0537892547847026,1.0001403778788,0.112928642208182,0.111447558145222,2.07222062032975,0.419200091782799,-0.0551711682199262,0.906215992601401,-0.0229578686979162,0.997188562145151,0.0713295716497383,-0.907603558451675,-0.0507061507524927,0.416754924340101,1.1411252619042,5.98015958593471
71.1,0.0545237326570915,0.0537884543995895,1.0001387175809,0.112969344712391,0.11144589980348,2.0722171803091,0.409731591777716,-0.0558841732915909,0.910492713795566,-0.0235185635287263,0.99714272863353,0.0717861818376198,-0.911902900460813,-0.050826547283816,0.407246561952783,1.15156283718373,5.98041777670011
71.2,0.0545435642420131,0.0537876616301751,1.00013704572653,0.113010434363522,0.111444257240932,2.07221371634428,0.400218543084987,-0.0565984148177469,0.914670288798674,-0.0240840145817186,0.997096679478164,0.072236915875792,-0.916103202708384,-0.0509394858016542,0.397693463327856,1.16200085308057,5.9806645099516
71.3,0.054563572534068,0.0537868781769113,1.00013536341899,0.113051890139421,0.111442633980794,2.0722102307212,0.390661994963466,-0.0573138137588893,0.918748242144482,-0.0246541597503975,0.997050419758129,0.0726817230611657,-0.920203987221402,-0.0510449528606841,0.388096682141556,1.17243928962163,5.98089979947054
71.4,0.0545837473870863,0.0537861057402501,1.00013367176155,0.11309369101794,0.111441033546282,2.07220672572579,0.381063001950598,-0.0580302909250821,0.922726109893694,-0.0252289363686251,0.997003954578051,0.073120553372055,-0.924204787541217,-0.0511429358844212,0.378457277370928,1.18287812683383,5.98112364525628
71.5,0.0546040786548983,0.0537853460206434,1.00013197185748,0.113135815976925,0.111439459460614,2.07220320364396,0.371422623730921,-0.0587477669858928,0.926603439695218,-0.0258082812183738,0.996957289067471,0.0735533574746439,-0.928105148785089,-0.0512334231670173,0.368776313161783,1.19331734474408,5.9813360473092
71.6,0.054624556191334,0.0537846007185433,1.00013026481008,0.113178243994225,0.111437915247007,2.07219966676163,0.36174192500382,-0.0594661624803507,0.930379790845863,-0.026392130537559,0.996910428380205,0.0739800867293614,-0.931904627706194,-0.0513164038749396,0.359054858695889,1.20375692337931,5.98153700562918
71.7,0.0546451698502234,0.0537838715344016,1.00012855172262,0.113220954047689,0.111436404428678,2.07219611736473,0.352021975350553,-0.0601853978269247,0.934054734348426,-0.0269804200279477,0.996863377693702,0.0744006931971612,-0.935602792752037,-0.0513918680485288,0.349293988057442,1.21419684276644,5.98172652021622
71.8,0.0546659094853967,0.0537831601686704,1.00012683369838,0.113263925115166,0.111434930528844,2.07219255773917,0.342263849100581,-0.0609053933335205,0.937627852968193,-0.0275730848631438,0.996816142208394,0.074815129645707,-0.939199224121264,-0.0514598066034379,0.339494780098829,1.22463708293237,5.98190459107045
71.9,0.054686764950684,0.0537824683218015,1.00012511184065,0.113307136174504,0.111433497070722,2.07218899017087,0.332468625197193,-0.0616260692074961,0.941098741287821,-0.0281700596966475,0.996768727147047,0.0752233495554618,-0.942693513818874,-0.05152021133195,0.32965831830569,1.23507762390403,5.98207121819148
72,0.0547077260999154,0.0537817976942469,1.00012338725269,0.113350566203552,0.111432107577529,2.07218541694575,0.322637387062487,-0.0623473455656921,0.944467005760605,-0.0287712786699888,0.996721137754106,0.0756253071256797,-0.946085265709801,-0.0515730749041757,0.319785690661329,1.24551844570835,5.98222640801408
72.1,0.0547287825430954,0.0537811499130446,1.00012166108276,0.113394193674969,0.111430765420374,2.07218184044288,0.312771222376642,-0.0630691424506909,0.947732264789775,-0.0293766754261598,0.996673379294631,0.0760209572836776,-0.949374095598741,-0.0516183908694869,0.30987798942506,1.25595952846207,5.98237030853201
72.2,0.0547499229149255,0.0537805263115767,1.00011993465891,0.113437995040654,0.11142947336193,2.07217826341393,0.302871222684217,-0.0637913798595398,0.950894148854321,-0.0299861831338526,0.996625457052384,0.0764102557003222,-0.95255963135692,-0.0516561536580248,0.299936310736843,1.26640085264133,5.98250306773814
72.3,0.0547711356062819,0.0537799281498114,1.0001182093542,0.113481946247318,0.111428234012762,2.07217468870373,0.292938483508645,-0.0645139777352103,0.95395230046184,-0.0305997344805978,0.996577376330392,0.0767931587848162,-0.955641512874662,-0.0516863585795504,0.289961754732265,1.2768423988121,5.98262469206723
72.4,0.0547924090080405,0.0537793566877169,1.00011648654164,0.113526023241672,0.111427049983438,2.0721711191571,0.282974104299735,-0.0652368559704344,0.956906374165652,-0.031217261675991,0.996529142450682,0.0771696236867854,-0.958619392078637,-0.0517090018236686,0.279955425489816,1.28728414754036,5.98273518151928
72.5,0.0548137315110774,0.0537788131852612,1.00011476759426,0.113570201970426,0.111425923884521,2.07216755761887,0.272979188296187,-0.0659599344177517,0.9597560366097,-0.031838696460139,0.996480760753628,0.077539608301752,-0.961492932977083,-0.0517240804604189,0.269918430892835,1.29772607939208,5.98283453609416
72.6,0.0548350915062686,0.0537782989024125,1.00011305388511,0.11361445838029,0.111424858326578,2.07216400693385,0.262954842387563,-0.0666831328995648,0.96250096657179,-0.0324639701121735,0.996432236597273,0.0779030712765056,-0.964261811703382,-0.0517315924407453,0.259851882490885,1.30816817493323,5.98292275579189
72.7,0.0548564773844901,0.0537778150991391,1.0001113467872,0.113658768417975,0.111423855920175,2.07216046994688,0.252902176975731,-0.0674063712181995,0.96514085500518,-0.0330930134588279,0.996383575356661,0.0782599720143723,-0.966925716557973,-0.0517315365968457,0.249756895360628,1.31861041472978,5.9829998406127
72.8,0.054877877536618,0.053777363035409,1.00010964767357,0.113703108030192,0.111422919275876,2.07215694950278,0.24282230583583,-0.0681295691659682,0.967675405078495,-0.0337257568830779,0.996334782423168,0.0786102706803799,-0.969484348048608,-0.0517239126423999,0.239634587966194,1.32905277934772,5.98306579055648
72.9,0.0548992803535282,0.0537769439711904,1.00010795791725,0.113747453163651,0.111422051004247,2.07215344844637,0.232716345976734,-0.0688526465352379,0.970104332213979,-0.0343621303328438,0.99628586320382,0.0789539282063201,-0.971937418928928,-0.0517087211726773,0.229486082019064,1.33949524935301,5.98312060562296
73,0.0549206742260967,0.0537765591664515,1.00010627889128,0.113791779765062,0.111421253715854,2.07214996962247,0.222585417501083,-0.0695755231284958,0.972427364124059,-0.0350020633297521,0.99623682312062,0.079290906295705,-0.974284654235367,-0.051685963664523,0.219312502337512,1.34993780531162,5.98316419194851
73.1,0.054942047224104,0.0537762098239315,1.00010461186634,0.113836063115848,0.111420529902687,2.07214651566387,0.212430644740771,-0.0702981186777506,0.974644240574677,-0.0356454848969912,0.996187667616045,0.0796211673875927,-0.976525791047773,-0.0516556424805032,0.209114977986867,1.36038042647895,5.98319439066358
73.2,0.0549633861329475,0.0537758969174544,1.00010295770376,0.113880275836281,0.111419881582443,2.07214308835518,0.202253159966047,-0.0710203525829999,0.976754712710789,-0.0362923233218942,0.996138402170996,0.0799446745450552,-0.978660577806038,-0.0516177608890785,0.198894646004235,1.37082308686802,5.98320904289899
73.3,0.0549846774169292,0.0537756213636151,1.00010131716252,0.113924389881345,0.111419310654241,2.07213968926896,0.192054099451681,-0.0717421441952689,0.978758544090456,-0.0369425064020803,0.996089032285759,0.0802613915949122,-0.980688775353596,-0.0515723230646521,0.188652647448105,1.3812657591813,5.98320805479022
73.4,0.055005907540351,0.0537753840790088,1.00009969100163,0.113968377206024,0.111418819017202,2.07213631997779,0.181834602057043,-0.0724634129179977,0.98065551101446,-0.0375959615350737,0.996039563473133,0.0805712831752319,-0.982610157270425,-0.0515193340846513,0.178390125972443,1.39170841612122,5.98319142633776
73.5,0.0550270629675146,0.0537751859802305,1.00009807998005,0.114012209765303,0.111418408570446,2.07213298205424,0.171595809075753,-0.0731840782176817,0.982445402555819,-0.038252615727889,0.995990001257698,0.0808743147399979,-0.984424509902924,-0.051458799928856,0.168108227675714,1.40215103039025,5.98315915754151
73.6,0.0550481301627221,0.0537750279838752,1.00009648485678,0.114055859514165,0.111418081213095,2.07212967707086,0.161338864084956,-0.0739040596345028,0.984128020587421,-0.038912395606675,0.99594035117509,0.0811704525636569,-0.986131632391906,-0.051390727478594,0.157808100949524,1.41259357469083,5.98311124840119
73.7,0.0550690955902753,0.0537749110065379,1.00009490639082,0.114099298407595,0.111417838844268,2.07212640660023,0.151064912794279,-0.0746232767929492,0.985703179807765,-0.0395752274264134,0.995890618771264,0.0814596637455443,-0.987731336698702,-0.0513151245158032,0.147490896326937,1.42303602172541,5.98304769891719
73.8,0.0550899457144761,0.0537748359648137,1.00009334534113,0.114142498400577,0.111417683363085,2.07212317221492,0.140775102894478,-0.0753416494124219,0.987170707764804,-0.0402410370806722,0.995840809601768,0.0817419162141876,-0.989223447629362,-0.051231999721961,0.137157766330485,1.43347834419644,5.98296850908927
73.9,0.0551106669996263,0.0537748037752976,1.00009180246672,0.114185431448095,0.111417616668669,2.0721199754875,0.130470583905781,-0.0760590973178283,0.988530444877891,-0.0409097501114129,0.995790929231005,0.082017178731488,-0.990607802856966,-0.0511413626768804,0.126809865319878,1.44392051480637,5.98287367891766
74,0.0551312459100279,0.0537748153545847,1.00009027852656,0.114228069505133,0.111417640660138,2.07211681799053,0.120152507026008,-0.0767755404501564,0.989782244457816,-0.0415812917188472,0.995740983231499,0.0822854208967768,-0.991884252942024,-0.0510432238573738,0.116448349339477,1.45436250625765,5.98276294936019
74.1,0.0551516686221763,0.053774871435609,1.00008877408177,0.114270383930361,0.111417756856082,2.07211370088659,0.109822028558832,-0.0774908986294368,0.990925972347494,-0.0422555865373066,0.995690977200488,0.082546613061499,-0.993052660964972,-0.050937594673669,0.106074379560993,1.46480428763583,5.98263036245299
74.2,0.055171920161341,0.0537749720166611,1.00008728890193,0.114312343697189,0.111417965252958,2.07211062369826,0.0994803205329196,-0.0782050908257791,0.991961506105756,-0.0429325579357214,0.995640916811331,0.0828007260849083,-0.994112901684594,-0.050824487602176,0.095689132947335,1.47524581355882,5.98246996023203
74.3,0.0551919852649852,0.0537751169123703,1.00008582255872,0.114353917182711,0.111418265466691,2.07210758553812,0.089128559850594,-0.0789180359191649,0.992888736679806,-0.0436121287175476,0.995590807760977,0.0830477316401226,-0.995064863236404,-0.0507039161062257,0.0852937913555827,1.48568703502763,5.98228148365552
74.4,0.0552118486705718,0.0537753059373662,1.00008437462386,0.114395072764025,0.111418657113207,2.07210458551877,0.0787679245399961,-0.0796296529598926,0.993707568871823,-0.0442942213644792,0.995540655751825,0.0832876023123584,-0.995908447608201,-0.0505758946012241,0.0748895377733759,1.49612790304325,5.98206493272308
74.5,0.055231495115564,0.0537755389062783,1.00008294466903,0.114435778818224,0.11141913980843,2.07210162275279,0.0683995935787766,-0.0803398611806513,0.994417921350843,-0.0449787580480923,0.99549046649087,0.0835203116028753,-0.996643570652372,-0.0504404384523359,0.0644775561418603,1.5065683686067,5.98182030743547
74.6,0.0552509093374249,0.053775815633736,1.00008153226593,0.114476003722405,0.111419713168288,2.07209869635277,0.0580247467176336,-0.0810485800085606,0.995019726662216,-0.0456656606415419,0.99544024568885,0.0837458339327587,-0.997270162095771,-0.0502975639720019,0.0540590311784847,1.51700838271899,5.98154760779193
74.7,0.0552700760736176,0.053776135934369,1.00008013698626,0.114515715853663,0.111420376808703,2.07209580543129,0.0476445643037658,-0.0817557290771741,0.995512931234629,-0.0463548507313081,0.99538999905939,0.0839641446465419,-0.997788165547168,-0.0501472884172911,0.0436351481997088,1.52744789638111,5.98124683379284
74.8,0.0552889800616052,0.0537764996228065,1.00007875840172,0.114554883589094,0.111421130345603,2.07209294910095,0.0372602271042644,-0.0824612282384433,0.995897495384714,-0.0470462496289893,0.995339732318147,0.0841752200156648,-0.998197538502267,-0.0499896299870896,0.0332070929436531,1.53788686059407,5.98091798543807
74.9,0.0553076060388507,0.0537769065136782,1.00007739608401,0.114593475305793,0.111421973394912,2.07209012647433,0.0268729161294652,-0.0831649975746413,0.99617339331921,-0.047739778383141,0.995289451181957,0.084379037241771,-0.998498252346306,-0.0498246078191238,0.0227760513927063,1.54832522635889,5.98056106272775
75,0.0553259387428172,0.0537773564216136,1.00007604960482,0.114631459380855,0.111422905572556,2.07208733666401,0.0164838124563302,-0.0838669574102414,0.996340613134712,-0.0484353577911561,0.995239161367975,0.0845755744598396,-0.998690292354215,-0.049652241986822,0.0123432095961643,1.55876294467656,5.98017590185708
75.1,0.055343963082592,0.0537778491254466,1.00007471840483,0.114668804546969,0.111423926420294,2.07208457851112,0.00609409932869189,-0.0845670281705462,0.996399156814062,-0.0491329082581114,0.99518886860385,0.0847648107004863,-0.998773657681996,-0.0494725535361914,0.00190975577931579,1.56919996426095,5.97975873531795
75.2,0.0553616646537594,0.0537783842608289,1.00007340140063,0.114705480959197,0.111425035183222,2.07208184977092,-0.00429503118941895,-0.0852651299372876,0.996349040408962,-0.0498323493461637,0.995138578659922,0.084946725783589,-0.998748361533436,-0.0492855646156948,-0.00852311297521936,1.57963622467733,5.979305795602
75.3,0.0553790292235276,0.053778961427617,1.00007209737779,0.114741459128195,0.111426231032271,2.07207914792719,-0.0146823852285733,-0.0859611829264242,0.996190294368445,-0.0505336002403815,0.995088297315273,0.0851213004654947,-0.998614431505346,-0.0490912983743715,-0.0189541977718222,1.59007166320385,5.97881691890467
75.4,0.0553960425591052,0.053779580225667,1.0000708051219,0.114776709564618,0.111427513138371,2.07207647046373,-0.0250667695813287,-0.0866551076548269,0.995922963577046,-0.0512365799139713,0.995038030345778,0.0852885164855929,-0.998371909631614,-0.0488897789207968,-0.0293823003796471,1.60050621711863,5.97829210522611
75.5,0.0554126904277003,0.0537802402548352,1.00006952341851,0.114811202779121,0.111428880672452,2.07207381486433,-0.0354469918931244,-0.08734682495289,0.995547107341676,-0.0519412071413457,0.994987783523187,0.0854483565688368,-0.998020852370545,-0.0486810313188251,-0.0398062234243212,1.61093982369982,5.97773135456591
75.6,0.0554289585965215,0.0537809411149779,1.0000682510532,0.11484490928236,0.111430332805444,2.07207117861278,-0.0458218608529535,-0.0880362559770777,0.995062799375753,-0.0526474005112259,0.994937562614196,0.0856008044280763,-0.997561330589445,-0.0484650815831527,-0.0502247705794184,1.62137242022554,5.97713466692474
75.7,0.0554448328327771,0.0537816824059514,1.00006698681155,0.11487779958499,0.111431868708278,2.07206855919287,-0.0561901863837348,-0.088723322222402,0.994470127780609,-0.0533550784397723,0.994887373379528,0.0857458447662022,-0.996993429546478,-0.0482419566747011,-0.0606367467576335,1.63180394397394,5.9765020423018
75.8,0.0554602989036754,0.0537824637276119,1.00006572947912,0.114909844197666,0.111433487551884,2.07206595408838,-0.0665507798323569,-0.0894079455348306,0.993769195024149,-0.0540641591837421,0.994837221573014,0.0858834632781,-0.996317248869786,-0.0480116844958237,-0.0710409583016258,1.64223433222314,5.97583348069776
75.9,0.055475342576425,0.0537832846798158,1.00006447784149,0.114941013631044,0.111435188507193,2.07206336078312,-0.0769024541593682,-0.0900900481236222,0.992960117916802,-0.0547745608536704,0.994787112940674,0.0860136466524144,-0.995532902533891,-0.0477742938853342,-0.0814362131745078,1.65266352225129,5.97512898211222
76,0.0554899496182341,0.0537841448624192,1.00006323068423,0.114971278395779,0.111436970745134,2.07206077676087,-0.0872440241282317,-0.0907695525735839,0.992043027584743,-0.0554862014270712,0.9947370532198,0.0861363825731236,-0.994640518833366,-0.0475298146133605,-0.0918213211498973,1.66309145133652,5.97438870308483
76.1,0.0555041066854667,0.0537850438401209,1.00006198681463,0.115000610844795,0.111438833363794,2.07205819955041,-0.0975743086585413,-0.0914463819988582,0.991018069214243,-0.0561989989112051,0.994687048127566,0.0862516597443071,-0.993640240132809,-0.0472782773225533,-0.10219509617504,1.67351805894266,5.97361624402677
76.2,0.0555178039911093,0.0537859810369895,1.00006074512682,0.115028990700087,0.111440775169884,2.07205562686048,-0.107892137487955,-0.0921204604753121,0.989885401160203,-0.0569128718068505,0.99463710332878,0.0863594679489809,-0.992532221991295,-0.0470197133503653,-0.11255636306079,1.68394329327639,5.97281520534846
76.3,0.0555310326373038,0.0537869558419362,1.00005950453667,0.115056399525917,0.11144279489727,2.07205305644482,-0.118196344826269,-0.0927917126194041,0.988645195274254,-0.0576277386757855,0.994587224466602,0.086459797957995,-0.991316633475312,-0.0467541548632829,-0.122903951108965,1.69436710473006,5.97198574358981
76.4,0.0555437837261922,0.0537879676438719,1.00005826396003,0.11508281888655,0.11144489127982,2.07205048605714,-0.128485767360007,-0.0934600634565109,0.987297637050051,-0.0583435180040387,0.994537417172202,0.0865526415042206,-0.989993657299289,-0.0464816349018691,-0.133236692108543,1.70478944369604,5.97112785875095
76.5,0.0555560483599166,0.0537890158317077,1.00005702231275,0.115108230346247,0.111447063051398,2.07204791345118,-0.138759244425012,-0.0941254384318651,0.985842925585313,-0.059060128214168,0.994487687063927,0.0866379912830749,-0.988563489788049,-0.0462021873751588,-0.143553420508969,1.7152102605667,5.97024155083136
76.6,0.0555678176406189,0.0537900997943547,1.00005577851069,0.115132615469273,0.111449308945873,2.07204533638067,-0.149015618178443,-0.0947877634214116,0.984281273541493,-0.0597774876775421,0.994438039746468,0.086715840952875,-0.987026340836889,-0.0459158470549058,-0.153852973592884,1.72562950573441,5.9693268198318
76.7,0.0555790826704412,0.053791218920724,1.0000545314697,0.115155955819891,0.111451627697111,2.07204275259933,-0.159253733770134,-0.0954469647425789,0.982612907101113,-0.0604955147266198,0.994388480810026,0.0867861851350234,-0.985382433869324,-0.0456226495696835,-0.164134191648203,1.73604712959153,5.96838366575152
76.8,0.0555898345515254,0.0537923725997266,1.00005328010565,0.115178232962363,0.111454018038978,2.0720401598609,-0.169472439513282,-0.0961029691649635,0.980838065922757,-0.0612141276672262,0.994339015829492,0.0868490194140242,-0.98363200579249,-0.0453226313988398,-0.174395918139523,1.74646308253043,5.96741208859102
76.9,0.0556000643860136,0.0537935602202736,1.00005202333439,0.115199428460953,0.111456478705342,2.0720375559191,-0.179670587054448,-0.0967557039209278,0.978957003093739,-0.0619332447908242,0.994289650363622,0.0869043403373302,-0.981775306950215,-0.0450158298663085,-0.184636999878837,1.75687731494347,5.96641208835005
77,0.0556097632760477,0.0537947811712761,1.00005076007176,0.115219523879923,0.111459008430068,2.07203493852767,-0.189847031542804,-0.0974050967161049,0.976969985080459,-0.0626527843867758,0.994240389954215,0.0869521454150215,-0.979812601073782,-0.0447022831342775,-0.194856287195494,1.76728977722302,5.96538407656122
77.1,0.0556189236585314,0.0537960347258932,1.00004948936307,0.11523850354907,0.111461605707194,2.0720323057085,-0.200000637396813,-0.0980510760954325,0.974877290492191,-0.0633726651520411,0.994191240098202,0.0869924331394788,-0.977744164059492,-0.0443820300180954,-0.205052639727161,1.77770042550753,5.96433751847319
77.2,0.0556275433094148,0.0537973196942765,1.00004821077131,0.115256362860319,0.111464268071438,2.07202965655619,-0.210130295166213,-0.0986935725052995,0.972679206007562,-0.0640928073973005,0.994142206166022,0.0870252030120408,-0.97557027993543,-0.0440551094141821,-0.21522494335279,1.78810923891975,5.96328187933414
77.3,0.05563562133941,0.0537986347708257,1.00004692398895,0.115273099971126,0.111466992817686,2.07202699043351,-0.220234904712534,-0.0993325172095772,0.97037602905836,-0.0648131318683712,0.994093293483039,0.0870504554236031,-0.973291243505085,-0.0437215607778659,-0.225372093302328,1.79851620232852,5.96221757067731
77.4,0.0556431568592286,0.0537999786499402,1.00004562870842,0.11528871303895,0.111469777240827,2.07202430670322,-0.230313369717587,-0.099967841938217,0.96796806884708,-0.0655335593588942,0.994044507356125,0.0870681916251412,-0.970907361351784,-0.0433814242889014,-0.235492988642087,1.80892130060267,5.96114459250218
77.5,0.0556501489795825,0.0538013500260199,1.00004432462217,0.115303200221247,0.111472618635748,2.07202160472811,-0.24036459781271,-0.100599478895036,0.965455646295769,-0.0662540107199329,0.993995853073033,0.0870784137265728,-0.968418951787839,-0.0430347408457431,-0.245586532404533,1.81932451861105,5.96006294480888
77.6,0.0556565968111836,0.0538027475934642,1.00004301142265,0.115316559675476,0.111475514297338,2.07201888387092,-0.250387500707331,-0.101227360765435,0.962839093993384,-0.0669744068695523,0.993947335901776,0.0870811246955091,-0.965826344802216,-0.0426815520597321,-0.255651631717391,1.82972584122249,5.95897262759717
77.7,0.0556624994647437,0.053804170046673,1.0000416888023,0.115328789559093,0.111478461520484,2.07201614349445,-0.260380994316809,-0.101851420724035,0.9601187561417,-0.0676946688023762,0.993898961090006,0.0870763283558962,-0.963129882006745,-0.0423219002491966,-0.265687197932024,1.84012525330582,5.95787364086754
77.8,0.0556678560509747,0.0538056160800457,1.00004035645356,0.115339888029555,0.111481457600073,2.07201338296144,-0.270343998889549,-0.102471592442245,0.957294988499761,-0.0684147175991198,0.993850733864403,0.0870640293865437,-0.96032991658088,-0.0419558284334683,-0.275692146751084,1.85052273972988,5.95676598461975
77.9,0.0556726656805884,0.053807084387982,1.00003901406889,0.115349853244321,0.111484499830994,2.07201060163468,-0.280275439133387,-0.103087810095756,0.954368158326884,-0.0691344744361005,0.993802659430058,0.0870442333195448,-0.957426813215001,-0.0415833803268139,-0.285665398355426,1.86091828536351,5.95564965885367
78,0.0556769274642966,0.0538085736648815,1.00003766134073,0.115358683360848,0.111487585508134,2.07200779887693,-0.290174244341181,-0.103700008371949,0.95133864432424,-0.0698538605947201,0.993754742969871,0.087016946538585,-0.954420948052293,-0.0412046003322846,-0.295605877530232,1.87131187507555,5.95452511453441
78.1,0.0556806419407234,0.0538100825295657,1.00003629809372,0.115366379495126,0.111490711769787,2.07200497432487,-0.300039354483429,-0.104308122844495,0.948206834646231,-0.0705727979064415,0.993706989615052,0.0869821762538063,-0.951312706714687,-0.0408195333002392,-0.305512519783277,1.88170350003148,5.95340272385842
78.2,0.0556838153601418,0.0538116092985424,1.0000349246813,0.115372954597283,0.111493875127878,2.07200212871079,-0.309869738073647,-0.1049120910627,0.944973120556887,-0.0712912100666947,0.993659404358645,0.0869399303936252,-0.948102478001928,-0.0404282237857873,-0.315384289285517,1.89209317658345,5.95229285902175
78.3,0.0556864554007368,0.0538131522127414,1.0000335415891,0.115378424575978,0.111497071937735,2.0719992630409,-0.319664374087619,-0.105511851421351,0.941637901291579,-0.0720090213328081,0.993611992143054,0.0868902176093704,-0.944790658710098,-0.0400307166954495,-0.325220160714226,1.90248092738026,5.95119597098928
78.4,0.0556885697406936,0.0538147095130925,1.00003214930277,0.115382805339873,0.111500298554689,2.07199637832141,-0.329422246041351,-0.106107342793427,0.938201585811061,-0.0727261560946659,0.993564757888699,0.0868330472876779,-0.941377655371512,-0.0396270575098366,-0.335019113306012,1.91286677507069,5.95011205976163
78.5,0.0556901660581974,0.0538162794405253,1.00003074830794,0.115386112797627,0.111503551334069,2.07199347555851,-0.339142342074802,-0.106698504534838,0.934664592750815,-0.0734425388812388,0.993517706493624,0.0867684295485768,-0.937863884204257,-0.0392172922787622,-0.344780130940903,1.92325074230355,5.94904112533829
78.6,0.0556912520314333,0.0538178602359696,1.00002933909024,0.115388362857901,0.111506826631206,2.07199055575842,-0.34882365503512,-0.107285276489105,0.931027350369792,-0.0741580943670901,0.993470842833083,0.0866963752435247,-0.934249771061134,-0.0388014676163223,-0.354502202225936,1.93363285172763,5.94798316771927
78.7,0.0556918353385863,0.053819450140355,1.00002792213532,0.115389571429355,0.11151012080143,2.07198761992734,-0.358465182559336,-0.107867598992015,0.927290296498567,-0.074872747378857,0.993424171759144,0.0866168959533943,-0.930535751378013,-0.0383796306959461,-0.364184320578191,1.94401312599173,5.9469381869047
78.8,0.0556919236578418,0.0538210473946113,1.00002649792881,0.115389754420649,0.111513430200069,2.07198466907147,-0.368065927156519,-0.108445412876206,0.923453878486912,-0.0755864229017056,0.993377698100293,0.0865300039864117,-0.926722270121602,-0.0379518292454161,-0.373825484307304,1.95439158774464,5.94590618289457
78.9,0.0556915246673847,0.0538226502396682,1.00002506695634,0.115388927740444,0.111516751182455,2.07198170419703,-0.377624896289424,-0.109018659475726,0.919518553150787,-0.0762990460857626,0.993331426661035,0.0864357123760454,-0.922809781736629,-0.0375181115418591,-0.383424696697446,1.96476825963517,5.94488715568889
79,0.0556906460454002,0.0538242569164554,1.00002362970356,0.1153871072974,0.111520080103916,2.0719787263102,-0.387141102455573,-0.109587280630537,0.915484786718757,-0.0770105422525182,0.993285362221507,0.0863340348788476,-0.918798750092454,-0.0370785264067075,-0.392980966088754,1.9751431643121,5.94388141058247
79.1,0.0556892966022354,0.0538258657387846,1.00002218673366,0.115384311345938,0.11152341347079,2.07197573657792,-0.396613567151621,-0.110151218921761,0.911353053059744,-0.0777208371928599,0.993239509518281,0.086224985925919,-0.9146896467203,-0.0366331230163952,-0.402493309858385,1.98551632868696,5.94289596935689
79.2,0.0556874896768848,0.0538274753119954,1.00002073892011,0.115380567523517,0.111526748393438,2.07197273680993,-0.406041332461202,-0.110710418353097,0.907123828152041,-0.0784298580444537,0.993193873188277,0.0861085804574432,-0.910482945309937,-0.0361819503254232,-0.411960766057146,1.99588779672214,5.94193785379371
79.3,0.055685239740505,0.0538290843143093,1.00001928721395,0.115375905813357,0.111530082133228,2.07196972897671,-0.4154234492207,-0.111264823635246,0.902797594624063,-0.0791375324153827,0.993148457826044,0.0859848340171339,-0.906179126222173,-0.0357250575810241,-0.421382381525441,2.00625761664276,5.94100736918787
79.4,0.0556825612642524,0.0538306914239478,1.00001783256619,0.115370356198679,0.111533411951527,2.07196671504872,-0.424758973155123,-0.111814379954218,0.898374843347508,-0.0798437880960343,0.99310326800247,0.0858537627905089,-0.901778678072775,-0.0352624944986464,-0.43075720801288,2.01662583667393,5.94010451553874
79.5,0.0556794687192834,0.0538322953191326,1.00001637592787,0.115363948662701,0.111536735109704,2.07196369699643,-0.434046964932093,-0.112359032974191,0.893856073393442,-0.0805485530635107,0.993058308264516,0.0857153836028981,-0.897282097688688,-0.034794311258045,-0.440084302232499,2.02699250504079,5.93922929284748
79.6,0.0556759765767546,0.0538338946780851,1.00001491825003,0.115356713188644,0.111540048869126,2.07196067679031,-0.443286490215589,-0.11289872884034,0.889241791988309,-0.0812517554860231,0.993013583134957,0.0855697139174425,-0.892689890064172,-0.034320558499372,-0.449362725914719,2.03735766996843,5.93838170111305
79.7,0.0556720993078225,0.0538354881790269,1.00001346048369,0.115348679759728,0.111543350491162,2.07195765640083,-0.452476619719382,-0.113433414181651,0.884532514469884,-0.0819533237272674,0.992969097112125,0.0854167718330837,-0.88800256831688,-0.0338412873192689,-0.458591545861019,2.04772137968199,5.93756174033597
79.8,0.0556678513836435,0.0538370745001796,1.00001200357988,0.115339878359173,0.111546637237178,2.07195463779846,-0.461616429260212,-0.113963036113719,0.879728764243159,-0.0826531863507832,0.992924854669649,0.0852565760825442,-0.883220653643875,-0.0333565492669584,-0.467769833997326,2.05808368240657,5.93676941051598
79.9,0.0556632472753741,0.0538386523197647,1.00001054848963,0.115330338970198,0.111549906368544,2.07195162295367,-0.47070499981071,-0.11448754224152,0.874831072736157,-0.0833512721242964,0.992880860256202,0.0850891460302985,-0.878344675277571,-0.0328663963403365,-0.476896667427168,2.06844462636731,5.93600471165335
80,0.0556583014541708,0.0538402203160038,1.00000909616398,0.115320091576023,0.111553155146627,2.07194861383691,-0.479741417552037,-0.115006880662168,0.869839979355697,-0.0840475100240449,0.992837118295243,0.0849145016705351,-0.873375170441615,-0.0323708809820657,-0.485971128484527,2.0788042597893,5.93526769240546
80.1,0.0556530284226384,0.0538417771440842,1.00000764757602,0.115309166225028,0.111556380785069,2.0719456124644,-0.48872477451377,-0.115521000001204,0.86475603110657,-0.0847418292845665,0.992793633181922,0.0847326636129474,-0.868312683971604,-0.0318700560426434,-0.494992305376426,2.08916263157707,5.93455947189297
80.2,0.0556474428091753,0.0538433213670572,1.00000620378711,0.115297593226226,0.111559580306614,2.07194262103519,-0.497654170360458,-0.116029849513219,0.859579781489062,-0.0854341595384047,0.99275040927443,0.08454365304042,-0.863157767216869,-0.031363974674651,-0.503959293977001,2.09951979335265,5.93388116923756
80.3,0.0556415592736283,0.0538448515249398,1.00000476588069,0.115285402953789,0.111562750686279,2.07193964179408,-0.506528710630386,-0.116533378979001,0.854311791379971,-0.086124430682039,0.992707450902525,0.084347491736893,-0.857910978917284,-0.0308526904231572,-0.512871196058854,2.10987579741749,5.93323283309637
80.4,0.0556353924758441,0.053846366157749,1.0000033349402,0.115272625781892,0.111565888899083,2.07193667698587,-0.515347506189251,-0.117031538673784,0.848952629314597,-0.0868125728341418,0.992664762370179,0.084144202096592,-0.852572885483955,-0.0303362572543466,-0.521727118744427,2.12023069607301,5.93261446346915
80.5,0.0556289570756695,0.0538478638055019,1.00000191204906,0.115259292084706,0.111568991920043,2.07193372885536,-0.524109673277915,-0.117524279369717,0.843502871444517,-0.0874985163395405,0.992622347955344,0.0839338071220382,-0.847144060957106,-0.0298147295518345,-0.530526174553956,2.13058454162064,5.9320260603564
80.6,0.0556222677329512,0.0538493430082154,1.0000004982907,0.115245432236405,0.111572056724177,2.07193079964734,-0.532814333560012,-0.118011552338311,0.837963101495347,-0.0881821917731676,0.992580211909721,0.0837163304220553,-0.841625086963952,-0.0292881621129838,-0.53926748145328,2.14093738636183,5.93146762375788
80.7,0.055615339107536,0.0538508023059068,0.999999094748563,0.115231076611161,0.111575080286503,2.0719278916066,-0.541460614169361,-0.118493309352883,0.8323339107245,-0.0888635299439991,0.992538358458532,0.083491796209774,-0.836016552676578,-0.0287566101452251,-0.54795016290145,2.15128928259801,5.93093915367357
80.8,0.0556081858592706,0.0538522402385929,0.999997702506076,0.115216255583148,0.111578059582039,2.07192500697795,-0.550047647757204,-0.118969502690979,0.826615897878953,-0.0895424618989812,0.992496791800294,0.0832602293006321,-0.830319054769813,-0.0282201292623802,-0.556573347898171,2.1616402826306,5.93044065010349
80.9,0.0556008226480018,0.0538536553462909,0.999996322646672,0.115200999526537,0.111580991585802,2.07192214800618,-0.558574572539313,-0.119440085136799,0.820809669152988,-0.0902189189269479,0.992455516106584,0.0830216551103719,-0.824533197379085,-0.0276787754809861,-0.565136171031103,2.17199043876105,5.92997211304763
81,0.0555932641335764,0.0538550461690178,0.999994956253783,0.115185338815503,0.111583873272811,2.07191931693608,-0.567040532342906,-0.1199050099836,0.814915838145944,-0.090892832562526,0.992414535521821,0.0827760996530343,-0.818659592058283,-0.0271326052166239,-0.573637772522978,2.18233980329078,5.92953348767017
81.1,0.0555855244240837,0.0538564113586585,0.999993604363948,0.115169302681016,0.111586701849865,2.07191651591529,-0.575444676033939,-0.120364231002328,0.808935026265653,-0.0915641345404618,0.992373854166028,0.0825235895578882,-0.812698858181831,-0.0265816753211835,-0.582077297656478,2.19268842775559,5.9291235127415
81.2,0.0555776154205839,0.05385775001457,0.999992267826124,0.115152915781236,0.111589475450897,2.07191374670278,-0.583786155742253,-0.12081770234611,0.802867864074462,-0.0922327566523773,0.992333476143433,0.0822641521283387,-0.806651624286461,-0.0260260432047951,-0.590453894991909,2.20303636062861,5.92874092703352
81.3,0.0555695484723798,0.053859061347977,0.999990947442377,0.115136201631121,0.111592192441617,2.07191101096039,-0.592064128833146,-0.121265378659972,0.796714989997992,-0.0928986309022686,0.992293405532918,0.0819978152902128,-0.800518526784691,-0.025465766714107,-0.59876671834708,2.21338364961736,5.92838567570939
81.4,0.0555613349287743,0.0538603445701042,0.99998964401477,0.11511918374563,0.111594851187741,2.07190831034994,-0.600277758586219,-0.121707215118022,0.790477049847066,-0.0935616895606406,0.992253646384738,0.081724607571702,-0.794300209488367,-0.0249009040881226,-0.607014927478996,2.22373034242933,5.92805775876937
81.5,0.0555529861390702,0.0538615988921766,0.999988358345369,0.115101885639722,0.11159745005498,2.07190564653323,-0.608426214245451,-0.122143167426011,0.784154696772321,-0.0942218651686804,0.992214202720277,0.0814445581012009,-0.787997323563401,-0.0243315139542617,-0.615197688134156,2.23407648677202,5.92775717621397
81.6,0.0555445134525702,0.0538628235254188,0.999987091236236,0.115084330828354,0.111599987409049,2.0719030211721,-0.616508671069116,-0.122573191823884,0.777748591218716,-0.0948790905424215,0.992175078531804,0.0811576966051372,-0.781610527484396,-0.0237576553244176,-0.623314172098671,2.24442213035293,5.92748392804269
81.7,0.0555359282185772,0.0538640176810557,0.999985843489438,0.115066542826486,0.111602461615659,2.07190043592837,-0.624524310379508,-0.12299724508832,0.77125940087994,-0.0955332987768971,0.992136277782236,0.0808640534057908,-0.775140486989168,-0.0231793875910107,-0.6313635572482,2.25476732087957,5.92723801425525
81.8,0.0555272417863941,0.0538651805703121,0.999984615907036,0.115048545149074,0.111604871040526,2.07189789246385,-0.63247231961249,-0.123415284535247,0.764687800652711,-0.096184423250283,0.992097804404895,0.0805636594191028,-0.768587875033172,-0.0225967705230378,-0.639345027597715,2.26511210605944,5.92701943485244
81.9,0.0555184655053236,0.0538663114044127,0.999983409291098,0.115030361311079,0.11160721404936,2.07189539244037,-0.640351892366893,-0.123827268022358,0.758034472590962,-0.0968323976280332,0.992059662303272,0.0802565461524738,-0.7619533717438,-0.022009864262117,-0.647257773351095,2.27545653360002,5.92682818983323
82,0.0555096107246685,0.0538674093945824,0.999982224443685,0.115012014827457,0.111609489007877,2.07189293751975,-0.648162228453725,-0.124233153951603,0.751300105859928,-0.0974771558670038,0.992021855350786,0.079942745702553,-0.755237664374587,-0.0214187293185285,-0.655100990950554,2.28580065120883,5.92666407288572
82.1,0.0555006882766124,0.0538684740540907,0.999981062092125,0.114993528141733,0.111611694907604,2.07189052920895,-0.655902531799431,-0.124632901161207,0.744485398599084,-0.0981186320413854,0.991984387400936,0.0796222908431835,-0.748441449163141,-0.0208234267336129,-0.662873880971069,2.29614450371269,5.92652233880477
82.2,0.0554917069248617,0.053869506104387,0.999979922664789,0.114974919411691,0.111613833243335,2.07188816839553,-0.663572004215713,-0.125026468610523,0.737591063779872,-0.0987567598197614,0.991947262317456,0.0792952153084032,-0.741565437173985,-0.0202240185839975,-0.670575641863966,2.30648812441572,5.92639824238701
82.3,0.0554826749160033,0.0538705065689654,0.99997880651531,0.11495620572368,0.111615906135676,2.0718858558122,-0.671169852168919,-0.125413815738361,0.730617823736525,-0.0993914730174052,0.991910483941549,0.078961553545203,-0.734610348845551,-0.0196205674939821,-0.678205476754819,2.31683154374137,5.92629157731851
82.4,0.0554736004966243,0.05387147647132,0.999977713997321,0.114937404164048,0.111617915705235,2.07188359219166,-0.678695289026866,-0.125794902579995,0.723566408242967,-0.100022705781507,0.991874056081012,0.0786213406242094,-0.727576912072452,-0.0190131364664405,-0.685762595699724,2.32717479211307,5.9262023436008
82.5,0.0554644919133117,0.0538724168349448,0.999976645464455,0.114918531819146,0.111619864072622,2.07188137826661,-0.686147535120534,-0.126169689770262,0.716437554453486,-0.100650392596376,0.991837982509933,0.078274612236794,-0.7204658621463,-0.0184017888777388,-0.693246215747254,2.33751789995428,5.92613054123235
82.6,0.0554553574126527,0.0538733286833342,0.999975601270344,0.114899605775321,0.111621753358443,2.07187921476975,-0.693525817805382,-0.126538138546629,0.709232006842986,-0.101274468288623,0.991802266968401,0.0779214046921464,-0.713277941696105,-0.0177865884726316,-0.700655561000035,2.34786089768843,5.92607617021392
82.7,0.0554462052412342,0.0538742130399821,0.999974581768624,0.114880643118925,0.111623585683306,2.07187710243378,-0.70082937152226,-0.126900210752221,0.701950517146869,-0.101894868032328,0.991766913162204,0.0775617549143162,-0.706013900628301,-0.0171675993591408,-0.707989862675911,2.35820381573898,5.92603923054525
82.8,0.0554370436456433,0.0538750709283826,0.999973587312925,0.114861660936304,0.11162536316782,2.07187504199142,-0.708057437857909,-0.127255868838816,0.694593844300518,-0.102511527354177,0.99173192476254,0.0771957004392203,-0.698674496066378,-0.0165448860034144,-0.715248359168706,2.36854668452937,5.92601972222636
82.9,0.055427880872467,0.05387590337203,0.999972618256882,0.11484267631381,0.111627087932593,2.07187303417536,-0.715209265605087,-0.127605075869813,0.687162754378387,-0.10312438213859,0.991697305405726,0.0768232794116169,-0.691260492290111,-0.0159185132245661,-0.722430296108596,2.37888953448304,5.92601764525723
83,0.0554187251682923,0.0538767113944183,0.999971674954127,0.114823706337791,0.111628762098232,2.0718710797183,-0.722284110822271,-0.127947795523153,0.679658020532714,-0.103733368632825,0.99166305869291,0.076444530582047,-0.683772660674415,-0.0152885461894963,-0.729534926422062,2.38923239602343,5.92603269482522
83.1,0.0554095844268542,0.0538774960631538,0.999970757709604,0.114804767363511,0.111630387876742,2.07186917925207,-0.729281234029829,-0.128283991957229,0.672080426064803,-0.104338423203902,0.991629188203637,0.0760594934634682,-0.676211782753933,-0.0146550506690862,-0.736561507516266,2.39957529531801,5.92605786023464
83.2,0.0554004651304781,0.0538782586222915,0.999969866633501,0.114785872821893,0.111631967845719,2.07186733300497,-0.736199891939139,-0.128613629424413,0.664430773997623,-0.104939481612476,0.991595697535894,0.0756682088278005,-0.668578659775875,-0.0140180938284319,-0.743509292973338,2.40991824151027,5.92608613078983
83.3,0.0553913734086377,0.0538790003599986,0.999969001787316,0.114767035412776,0.111633504674154,2.07186554110441,-0.743039346563036,-0.128936672723152,0.65670987801788,-0.105536479786278,0.991562590262005,0.0752707182589816,-0.660874103663849,-0.0133777434563992,-0.750377541699189,2.4202612394877,5.92611720167864
83.4,0.0553823153908062,0.053879722564442,0.999968163232546,0.114748267835999,0.111635001031038,2.07186380367782,-0.74979886821903,-0.129253087343974,0.648918559319667,-0.106129354078103,0.991529869914093,0.0748670639941655,-0.653098933868695,-0.0127340677001825,-0.757165520939366,2.43060429413782,5.92615107290031
83.5,0.0553732972064572,0.0538804265237891,0.99996735103069,0.1147295827914,0.111636459585364,2.07186212085262,-0.756477735604553,-0.129562839473052,0.641057646520411,-0.106718041272362,0.991497539983717,0.0744572889194094,-0.645253977284603,-0.0120871350583198,-0.763872506354616,2.44094741034812,5.92618774445533
83.6,0.055364324985064,0.0538811135262069,0.999966565243245,0.114710992978818,0.111637883006124,2.07186049275622,-0.763075235871393,-0.129865895995711,0.633127975576068,-0.107302478591595,0.991465603921512,0.0740414365652954,-0.637340068164492,-0.0114370143736711,-0.770497782095638,2.45129059300611,5.92622721634322
83.7,0.0553554048561,0.0538817848598625,0.99996580593171,0.11469251109809,0.111639273962309,2.07185891951605,-0.769590664699289,-0.130162224499855,0.625130389695586,-0.107882603702935,0.991434065136832,0.0736195511024882,-0.629358048034648,-0.0107837748263631,-0.777040640876983,2.46163384699929,5.92626948856472
83.8,0.0553465429490388,0.053882441812923,0.999965073157582,0.114674149849055,0.111640635122911,2.07185740125952,-0.77602332636868,-0.130451793279337,0.617065739254655,-0.108458354724536,0.991402926997399,0.0731916773372292,-0.621308765608643,-0.0101274859266999,-0.78350038405011,2.47197717721517,5.92631456111882
83.9,0.0553377453933537,0.0538830856735557,0.999964366982361,0.114655921931552,0.111641969156921,2.07185593811406,-0.782372533832612,-0.130734571337246,0.608934881708714,-0.10902967023195,0.991372192828953,0.0727578607067666,-0.613193076700521,-0.0094682175080396,-0.789876321675596,2.48232058854125,5.92636243400679
84,0.0553290183185181,0.0538837177299277,0.999963687467543,0.11463784004542,0.111643278733333,2.07185453020708,-0.788637608787774,-0.131010528389132,0.60073868150528,-0.109596489264461,0.99134186591491,0.0723181472747229,-0.605011844137292,-0.00880603971964,-0.796167772594476,2.49266408586504,5.92641288686047
84.1,0.0553203676173783,0.0538843391262584,0.999963034642049,0.114619916400221,0.111644566222888,2.07185317759851,-0.794817879918945,-0.13127963478713,0.592478012462329,-0.110158751164801,0.99131194950486,0.0718725838598058,-0.596765940133119,-0.00814102321770629,-0.80237406266529,2.50300767099713,5.92646085125402
84.2,0.0553117982362713,0.0538849504309773,0.999962408404488,0.114602161244419,0.111645832803332,2.07185188007826,-0.800912677695332,-0.131541861302364,0.584153765229672,-0.110716395096758,0.991282446839753,0.0714212184450115,-0.588456253738263,-0.00747323975936945,-0.808494519538523,2.51335133344055,5.92650125875829
84.3,0.0553033148849069,0.053885552068566,0.99996180862089,0.114584584336201,0.111647079354161,2.07185063736877,-0.80692134027899,-0.131797179393988,0.575766840054329,-0.111269360570925,0.991253361123303,0.0709640997962463,-0.580083683618575,-0.00680276161150816,-0.81452847858989,2.52369505962144,5.92653388900665
84.4,0.0552949222729951,0.0538861444635064,0.999961235157287,0.114567195433756,0.111648306754872,2.07184944919246,-0.812843215480015,-0.132045561295712,0.567318144245546,-0.111817587621196,0.99122469551252,0.0705012773266407,-0.57164913552518,-0.00612966134563601,-0.820475284883769,2.53403883596593,5.92655874199961
84.5,0.0552866251102457,0.0538867280402802,0.999960687879709,0.114550004295272,0.111649515884961,2.07184831527176,-0.818677660834274,-0.132286980019121,0.558808592067393,-0.112361016811894,0.991196453117335,0.0700328010907089,-0.563153522187261,-0.00545401182930172,-0.826334293251253,2.54438264890013,5.92657581773715
84.6,0.0552784281063685,0.0538873032233691,0.999960166654187,0.114533020678937,0.111650707623924,2.07184723532909,-0.824424043679912,-0.132521409356904,0.550239104630453,-0.11289958924484,0.991168637000232,0.0695587217784271,-0.554597763203936,-0.00477588621744991,-0.83210486836698,2.55472648485018,5.92658511621929
84.7,0.0552703359710734,0.053887870437255,0.999959671346753,0.114516254342939,0.111651882851259,2.07184620908687,-0.830081741232601,-0.132748823885974,0.54161060978266,-0.113433246566351,0.991141250175879,0.0690790907092298,-0.545982784935268,-0.0040953579437462,-0.837786384824701,2.5650703302422,5.92658663744578
84.8,0.0552623534140703,0.0538884301064195,0.999959201823436,0.114499715045465,0.111653042446461,2.07184523626753,-0.835650140659541,-0.132969198970493,0.532924041999265,-0.113961930974173,0.991114295610772,0.0685939598259272,-0.537309520392415,-0.0034125007118664,-0.84337822721159,2.57541417150234,5.92658038141685
84.9,0.0552544851450689,0.0538889826553445,0.999958757950268,0.114483412544705,0.111654187289026,2.0718443165935,-0.841128639152204,-0.133182510764801,0.524180342271955,-0.114485585224336,0.991087776222886,0.0681033816885423,-0.528578909126917,-0.00272738848675071,-0.848879790181296,2.5857579950567,5.92656634813227
85,0.0552467358737792,0.0538895285085116,0.999958339593279,0.114467356598845,0.111655318258452,2.0718434497872,-0.846516643997783,-0.133388736216234,0.515380457997164,-0.115004152637946,0.991061694881325,0.0676074094680699,-0.519791897119183,-0.002040095485826,-0.854290478525688,2.59610178733143,5.92654471566975
85.1,0.0552391101281527,0.0538900680005828,0.999957946632964,0.114451556589484,0.111656436048133,2.07184263560103,-0.851813573911663,-0.13358785311486,0.50652534072838,-0.115517577230697,0.991036054399873,0.0671060968190147,-0.510949434533975,-0.00135069600422898,-0.859609708512948,2.60644553723908,5.92651957981175
85.2,0.0552316117091076,0.05389060110694,0.999957579007661,0.114436020391858,0.111657540607064,2.07184187390722,-0.857018862716439,-0.133779840223391,0.497615939553814,-0.116025804077854,0.991010857519184,0.0665994974994472,-0.502052469106874,-0.000659263904225688,-0.86483691158206,2.61678924363793,5.92649503634071
85.3,0.0552242442358041,0.0538911277131453,0.999957236670174,0.114420755504611,0.111658631698136,2.07184116460799,-0.862131955309777,-0.133964677114528,0.488653207212784,-0.116528778934511,0.990986106926305,0.0660876657106087,-0.493101952251025,3.41269020077417e-05,-0.869971530293712,2.62713290787271,5.92647126333461
85.4,0.055217011327402,0.0538916477047608,0.999956919573305,0.114405769426389,0.111659709084243,2.07184050760555,-0.867152306416817,-0.134142344122671,0.479638102103315,-0.117026448116049,0.990961805260711,0.0655706562097345,-0.484098841061758,0.000729402295261694,-0.875013017077435,2.63747653128812,5.9264482607927
85.5,0.0552099166030615,0.0538921609673486,0.999956627669856,0.114391069655838,0.111660772528277,2.0718399028021,-0.872079380647585,-0.134312822345981,0.470571588180568,-0.117518758503802,0.990937955114025,0.0650485243042439,-0.475044098215155,0.00142648795714152,-0.879960834289264,2.64782011522887,5.92642602871548
85.6,0.0552029636819424,0.0538926673864709,0.999956360912632,0.114376663691602,0.111661821793131,2.07183935009987,-0.876912652553385,-0.134476093648357,0.461454634854679,-0.118005657550663,0.990914559029751,0.0645213258458723,-0.465938691866025,0.00212530937793767,-0.884814454268365,2.65816366103969,5.92640456710294
85.7,0.0551961561832049,0.0538931668476896,0.999956119254433,0.114362559032327,0.111662856641698,2.07183884940105,-0.881651606682132,-0.134632140661338,0.452288216888039,-0.118487093286625,0.990891619503003,0.063989117224747,-0.456783595545311,0.00282579186451493,-0.8895733593926,2.66850717006529,5.92638387595434
85.8,0.0551894977260088,0.0538936592365669,0.999955902648062,0.114348763176659,0.11166387683687,2.07183840060787,-0.886295737632637,-0.13478094678592,0.443073314292014,-0.118963014324272,0.990869138980241,0.063451955363407,-0.447579788056948,0.00352786054822034,-0.894237042133041,2.67885064365037,5.92636395527144
85.9,0.0551829919295142,0.0538941444386649,0.999955711046323,0.114335283623242,0.11166488214154,2.07183800362252,-0.890844550107848,-0.134922496194293,0.433810912223109,-0.119433369864196,0.990847119859014,0.0629098977107655,-0.438328253374144,0.0042314403928107,-0.898805005107434,2.68919408313967,5.92634480505221
86,0.0551766424128811,0.0538946223395457,0.999955544402017,0.114322127870723,0.1116658723186,2.07183765834722,-0.895297558967007,-0.135056773831495,0.424502000878613,-0.119898109700362,0.990825564487711,0.0623630022360196,-0.429029980535158,0.00493645620239531,-0.90327676113258,2.69953748987788,5.92632657924009
86.1,0.0551704521955999,0.053895092792843,0.999955402721383,0.114309302175272,0.111666847064791,2.0718373647949,-0.899654290172092,-0.135183765442626,0.415147573443111,-0.120357184320213,0.990804475160973,0.0618113273073689,-0.41968596159207,0.00564283277632423,-0.907651834174756,2.70988086735916,5.926312818498
86.2,0.0551644218984828,0.053895555524477,0.999955286224408,0.11429680782317,0.111667805812238,2.07183712342135,-0.903914283362631,-0.135303457639084,0.40574862006411,-0.12081054518479,0.990783854107237,0.06125493133261,-0.410297185592559,0.00635049536002179,-0.911929761935374,2.7202242276754,5.9263070634904
86.3,0.0551585515426722,0.0538960102284396,0.999955195184511,0.114284644858222,0.111668747926913,2.07183693479308,-0.908077088934061,-0.135415837801766,0.396306133469427,-0.121258144432523,0.990763703502872,0.0606938730849737,-0.400864644190308,0.00705936921540582,-0.916110092917035,2.73056758506791,5.92630946815971
86.4,0.0551528411493107,0.0538964565987227,0.999955129875115,0.114272813324234,0.11166967277479,2.07183679947659,-0.912142267144774,-0.135520894053587,0.386821110803053,-0.121699934786579,0.990744025476504,0.0601282118107189,-0.391389333478741,0.00776937948158664,-0.920192385526819,2.74091095377803,5.92632003250516
86.5,0.0551472907395409,0.0538968943293181,0.999955090569641,0.114261313265011,0.111670579721841,2.07183671803841,-0.916109388157671,-0.135618615260608,0.377294553531021,-0.122135869559335,0.990724822108816,0.0595580072235396,-0.381872253896984,0.00848045118193477,-0.924176208118013,2.75125434804707,5.926338756527
86.6,0.0551419003345053,0.0538973231142179,0.999955077541512,0.114250144724361,0.111671468134038,2.07183669104504,-0.91997803208089,-0.135708991033099,0.367727467346879,-0.122565902656789,0.99070609543235,0.058983319498932,-0.372314410135437,0.00919250923116069,-0.92806113903101,2.76159778211635,5.9263656402255
86.7,0.0551366699553465,0.0538977426474137,0.999955091064147,0.114239307746088,0.111672337377355,2.07183671906299,-0.923747789007697,-0.135792011726531,0.358120862076832,-0.122989988582932,0.990687847431313,0.0584042092685236,-0.362716811041013,0.00990547844240214,-0.93184676663337,2.7719412702272,5.92640068360013
86.8,0.0551315996232069,0.0538981526228975,0.99995513141097,0.114228802373998,0.111673186817764,2.07183680265878,-0.927418259055536,-0.135867668442521,0.348475751584515,-0.123408082444062,0.990670080041388,0.0578207376143625,-0.353080469522004,0.0106192835343209,-0.93553268935903,2.78228482662094,5.92644388665167
86.9,0.0551266893592291,0.0538985527346613,0.999955198855401,0.114218628651897,0.111674015821237,2.0718369423989,-0.930989052404251,-0.135935953029702,0.338793153675427,-0.12382013995305,0.990652795149551,0.0572329660631698,-0.343406402452607,0.0113338491382085,-0.939118515746692,2.79262846553888,5.9264952493796
87,0.0551219391845557,0.0538989426766967,0.999955293670861,0.114208786623592,0.111674823753748,2.07183713884988,-0.934459789333456,-0.135996858084531,0.329074090001035,-0.124226117433562,0.990635994593888,0.0566409565805534,-0.333695630577112,0.0120490998050983,-0.942603864477348,2.80297220122236,5.92655453692898
87.1,0.0551173485672573,0.0538993221122046,0.999955416150642,0.114199275186962,0.111675609917471,2.07183739261938,-0.937830099206575,-0.136050376936249,0.319319589060381,-0.12462597169843,0.990619680168515,0.0560447717548406,-0.323949181509089,0.0127649597858586,-0.945988363354041,2.81331604463351,5.92661634764393
87.2,0.0551129147631167,0.0538996905812201,0.999955566667507,0.114190088656181,0.111676373359393,2.07183770447975,-0.94109961760522,-0.136096503618934,0.309530695482711,-0.12501965969212,0.990603853637444,0.0554444753705154,-0.314168099007165,0.0134813523560003,-0.949271646424182,2.82365999361769,5.92667527986835
87.3,0.0551086344748448,0.0539000475929875,0.999955745614089,0.114181220199498,0.111677113062701,2.0718380752445,-0.944267989972712,-0.136135232952371,0.299708460777966,-0.125407138899985,0.990588516716955,0.054840131850883,-0.304353433734226,0.0141982005023888,-0.95245335763841,2.83400404274111,5.92673109874702
87.4,0.0551045044051527,0.0539003926567509,0.99995595338302,0.114172662985162,0.111677828010584,2.07183850572714,-0.94733487277062,-0.136166560563162,0.28985394014412,-0.12578836748273,0.990573671069991,0.0542318060638906,-0.29450624006751,0.0149154271584911,-0.955533152011995,2.84434818656994,5.92678380428046
87.5,0.0551005212567513,0.0539007252817544,0.999956190366933,0.114164410181422,0.11167851718623,2.07183899674116,-0.950299933517833,-0.136190482885271,0.279968192349558,-0.126163304281129,0.990559318305969,0.0536195633149102,-0.284627575981087,0.0156329552129795,-0.95851069566408,2.85469241967037,5.9268333964679
87.6,0.0550966817323514,0.0539010449772421,0.999956456958461,0.114156454956526,0.111679179572828,2.07183954910008,-0.953162850828373,-0.136206997160464,0.270052279615,-0.126531908820665,0.9905454599806,0.053003469339469,-0.274718502927866,0.0163507075183445,-0.961385665855655,2.86503673660859,5.92687987531062
87.7,0.055092982534664,0.053901351252458,0.999956753550236,0.114148790478722,0.111679814153565,2.07184016361741,-0.955923314447928,-0.13621610143867,0.260107267495043,-0.126894141316091,0.990532097595711,0.0523835902959309,-0.264780085721226,0.0170686068995103,-0.964157751026236,2.87538113195079,5.92692324080759
87.8,0.0550894203664001,0.0539016436166465,0.999957080534892,0.114141409916261,0.111680419911629,2.07184084110665,-0.9585810252891,-0.136217794578235,0.250134224759307,-0.127249962675907,0.990519232599074,0.0517599927581285,-0.25481339241625,0.0177865761624546,-0.966826650829268,2.88572560026315,5.92696349295881
87.9,0.0550859919302705,0.0539019215790514,0.99995743830506,0.114134306437389,0.11168099583021,2.07184158238131,-0.961135695465376,-0.136212076246097,0.240134223273183,-0.127599334506765,0.990506866384241,0.0511327437079455,-0.244819494190553,0.0185045381028319,-0.969392076166234,2.89607013611186,5.92700063176506
88,0.0550826939289863,0.053902184648917,0.999957827253374,0.114127473210356,0.111681540892496,2.0718423882549,-0.963587048323801,-0.136198946917854,0.230108337878252,-0.127942219117791,0.990495000290386,0.0505019105278538,-0.234799465224772,0.0192224155145974,-0.971853749219472,2.90641473406311,5.92703447985697
88.1,0.0550795229741279,0.0539024324349267,0.999958247737221,0.114120903214594,0.111682054287705,2.0718432594679,-0.965934817926726,-0.136178407883553,0.220057648681349,-0.128278579445082,0.990483635604816,0.0498675611456818,-0.224754384990404,0.0199401310268356,-0.974211402931734,2.91675938620656,5.9270609577579
88.2,0.0550764753127544,0.0539026649435211,0.999958699973012,0.114114588674274,0.111682536029183,2.0718441964687,-0.968178747632095,-0.136150461279172,0.209983248205703,-0.128608378829244,0.990472773569839,0.0492297644904299,-0.214685345397543,0.0206576065975331,-0.976464779580502,2.92710407472572,5.927075985992
88.3,0.0550735471007942,0.0539028822805801,0.999959184141913,0.114108521624749,0.111682986336305,2.07184519963266,-0.970318592121142,-0.136115110093805,0.1998862341138,-0.128931581280973,0.990462415372955,0.0485885900388208,-0.204593443522595,0.0213747640390289,-0.978613632814219,2.9374487793276,5.92707938718939
88.4,0.055070734494176,0.0539030845519836,0.99995970042509,0.114102694101373,0.111683405428447,2.07184626933514,-0.972354118028327,-0.136072358167048,0.189767706673745,-0.129248151568407,0.990452562143798,0.0479441076560681,-0.194479779076139,0.0220915251996141,-0.980657728284875,2.94779347971918,5.92707116135085
88.5,0.0550680336488282,0.0539032718636116,0.99996024900371,0.1140970981395,0.111683793524985,2.07184740595151,-0.974285103970397,-0.136022210188524,0.17962876862246,-0.129558055221512,0.990443214954003,0.0472963875871905,-0.184345454266201,0.0228078119732492,-0.982596843677192,2.95813815560746,5.92705130847661
88.6,0.0550654407206796,0.053903444321344,0.999960830058937,0.114091725774485,0.111684150845294,2.07184860985713,-0.97611134057381,-0.135964671697293,0.169470525028535,-0.129861258536361,0.990434374817071,0.0466455004482735,-0.174191573661163,0.0235235463092772,-0.984430768736168,2.96848278669944,5.92701982856567
88.7,0.0550629518656586,0.0539036020310607,0.99996144377194,0.11408656904168,0.111684477608751,2.07184988142737,-0.977832630500519,-0.135899749081143,0.159294083154769,-0.130157728579305,0.990426042688242,0.0459915172176804,-0.164019244052373,0.0242386502221267,-0.986159305292962,2.9788273527021,5.9269767216193
88.8,0.0550605632396938,0.0539037450986416,0.999962090323882,0.114081619976441,0.111684774034731,2.07185122103759,-0.979448788472112,-0.135827449575771,0.149100552320419,-0.13044743319105,0.990418219464381,0.0453345092272154,-0.153829574316447,0.0249530458010073,-0.98778226728914,2.98917183332245,5.92692198763648
88.9,0.0550582709987137,0.0539038736299668,0.99996276989593,0.114076870614121,0.111685040342609,2.07185262906314,-0.980959641292302,-0.135747781263845,0.138891043763162,-0.130730340990614,0.990410905983866,0.0446745481532368,-0.143623675277285,0.0256666552195943,-0.989299480799259,2.99951620826748,5.92685562661797
89,0.055056071298647,0.053903987730916,0.999963482669252,0.114072312990074,0.111685276751762,2.07185410587941,-0.98236502786777,-0.135660753073945,0.128666670500818,-0.131006421379189,0.990404103026491,0.0440117060077257,-0.133402659567844,0.0263794007457002,-0.990710784051796,3.00986045724417,5.9267777467151
89.1,0.0550539605896321,0.0539040875726258,0.999964228753825,0.114067939749236,0.111685483616773,2.07185565171424,-0.983664799409376,-0.135566374765086,0.118428545697246,-0.131275644582687,0.990397811312489,0.0433460550319303,-0.12316763999652,0.0270912048547753,-0.992016027631209,3.02020456146961,5.92669083542823
89.2,0.0550519364986466,0.0539041735872593,0.999965007974884,0.114063745974871,0.111685661833052,2.07185726620555,-0.984858819872234,-0.135464656873921,0.108177778022576,-0.131537981763737,0.990392031500403,0.0426776673920455,-0.112919724908422,0.0278019905498544,-0.993215074919864,3.03054850820125,5.92659738025698
89.3,0.0550499969468783,0.0539042462722362,0.999965820086478,0.114059727359828,0.11168581243122,2.07185894884374,-0.985946965208772,-0.135355610741336,0.0979154759803172,-0.13179340489461,0.990386764190703,0.0420066154570243,-0.102660022510701,0.0285116810572227,-0.99430780134795,3.04089228620661,5.92649748935445
89.4,0.0550481398555148,0.0539043061249761,0.999966664842654,0.114055879596951,0.111685936441893,2.0718606991192,-0.986929123169125,-0.13523924852321,0.0876427492694009,-0.132041886719606,0.990382009926747,0.0413329718866576,-0.0923896422341178,0.029220199731248,-0.995294094193027,3.05123588425322,5.9263911627191
89.5,0.0550463631457435,0.0539043536428986,0.99996754199746,0.114052198379088,0.111686034895691,2.07186251652236,-0.987805193312923,-0.135115583188905,0.0773607086545957,-0.132283400758153,0.990377769194731,0.0406568096230654,-0.0821096946034828,0.0299274700633082,-0.996173852591872,3.0615792911086,5.92627840035222
89.6,0.0550446647387523,0.0539043893234235,0.999968451304944,0.114048679399086,0.111686108823233,2.0718644005436,-0.988575087019618,-0.134984628519662,0.0670704658367842,-0.1325179213078,0.990374042423634,0.0399782018821536,-0.0718212911079587,0.0306334156907015,-0.996946987550846,3.07192249554029,5.92615920225253
89.7,0.0550430425557287,0.0539044136639703,0.999969392519154,0.114045318349792,0.111686159255136,2.07186635067334,-0.989238727497351,-0.134846399106886,0.0567731333231565,-0.132745423447123,0.990370829985176,0.0392972221450385,-0.0615255440712754,0.0313379604055362,-0.997613421954794,3.08226548631582,5.92603356842156
89.8,0.0550414945178603,0.0539044271619588,0.999970365394138,0.114042110924051,0.11168618722202,2.07186836640198,-0.989796049790342,-0.13470091035034,0.0464698242973271,-0.132965883038526,0.990368132193786,0.0386139441494396,-0.051223566521864,0.0320410281636009,-0.998173090574475,3.09260825220271,5.92590149885803
89.9,0.0550400185463347,0.0539044303148086,0.999971369683944,0.114039052814712,0.111686193754504,2.07187044721992,-0.990247000784828,-0.134548178456237,0.0361616524893737,-0.133179276730949,0.990365949306567,0.0379284418810418,-0.0409164720629102,0.0327425430932126,-0.998625940072515,3.10295078196849,5.92576299356271
90,0.0550386125623395,0.0539044236199393,0.999972405142619,0.11403613971462,0.111686179883205,2.07187259261757,-0.99059153921352,-0.134388220435228,0.0258497320458481,-0.133385581962476,0.990364281523278,0.0372407895648292,-0.0306053747423758,0.0334424295040414,-0.998971929007891,3.11329306438069,5.92561831557892
90.1,0.0550372750520092,0.0539044074615563,0.999973471441905,0.114033368487153,0.11168614640417,2.0718748019148,-0.990829635724258,-0.134221054039654,0.0155351737363315,-0.133584777032323,0.990363128986004,0.0365510614110822,-0.0202913852597181,0.0341406121435513,-0.999211027904869,3.12363509187963,5.92547351491351
90.2,0.055036006761265,0.0539043817710067,0.999974567924315,0.114030740677806,0.111686093175156,2.07187707374935,-0.99096127277603,-0.134046697558988,0.00521907382965216,-0.133776841291403,0.990362491779652,0.0358593308651033,-0.00997559984185847,0.0348370169435821,-0.99934321914859,3.13397687159674,5.92533464157356
90.3,0.055034809000975,0.0539043463664235,0.999975693850056,0.114028259002608,0.111686019819346,2.07187940658841,-0.990986443912695,-0.133865169963929,-0.00509747504147628,-0.133961754900539,0.990362369935476,0.0351656713252488,0.000340888893913279,0.0355315702765288,-0.999368496255734,3.14431841433627,5.9252019586019
90.4,0.0550336830820073,0.0539043010659395,0.999976848479334,0.114025926177583,0.111685925959924,2.07188179889918,-0.990905153620453,-0.133676490959947,-0.0154133803256049,-0.134139498757746,0.990362763431758,0.0344701563795604,0.0106569883854305,0.0362241987136485,-0.999286863731385,3.15465973090245,5.92507546599953
90.5,0.05503263031523,0.0539042456876876,0.999978031072355,0.114023744918759,0.111685811220076,2.07188424914886,-0.990717417325577,-0.133480680985235,-0.0257275496590044,-0.134310054499966,0.990363672193827,0.0337728597985629,0.0209716062321096,0.0369148290321826,-0.999098337066762,3.1650008320995,5.9249551637657
90.6,0.0550316520115112,0.0539041800498006,0.999979240889327,0.114021717942163,0.111685675222984,2.07188675580466,-0.990423261391171,-0.133277761208605,-0.0360388909720963,-0.134473404504746,0.990365096094068,0.0330738555280453,0.0312836503013891,0.0376033882224602,-0.998802942735959,3.17534172873166,5.92484105190092
90.7,0.0550307494817188,0.0539041039704115,0.999980477190456,0.11401984796382,0.111685517591833,2.07188931733377,-0.990022723112942,-0.133067753527313,-0.046346312595825,-0.134629531891836,0.990367034951946,0.0323732176818287,0.0415920288351116,0.0382898034949807,-0.998400718191696,3.18568243160316,5.92473313040519
90.8,0.0550299240367211,0.0539040172676531,0.999981739235948,0.114018137699758,0.111685337949807,2.07189193220339,-0.989515850713996,-0.132850680564821,-0.0566487233679708,-0.134778420524735,0.990369488534032,0.0316710205345203,0.0518956505558497,0.038974002287474,-0.9978917118601,3.19602295151823,5.92463139927798
90.9,0.0550291769873861,0.0539039197596582,0.999983026286009,0.114016589866003,0.11168513592009,2.07189459888072,-0.988902703338655,-0.132626565668493,-0.0669450327394081,-0.134920055012154,0.990372456554028,0.0309673385142545,0.0621934247731782,0.0396559122719409,-0.99727598313449,3.2063632992811,5.92453585851958
91,0.0550285096445818,0.0539038112645597,0.999984337600848,0.114015207178582,0.111684911125866,2.07189731583297,-0.988183351045296,-0.132395432907229,-0.0772341508802714,-0.135054420709427,0.99037593867281,0.0302622461954218,0.0724842614898582,0.0403354613616692,-0.996553602368187,3.21670348569601,5.92444653783379
91.1,0.0550279236862825,0.0539036915329612,0.999985672401589,0.114013993114139,0.111684663050403,2.07190008144636,-0.987357874762973,-0.132157307059339,-0.0875149891982436,-0.135181503724795,0.990379934498628,0.0295558182630245,0.082767071920228,0.0410125777453384,-0.995724650830959,3.22704352198193,5.92436412039462
91.2,0.0550274222588867,0.0539035600453485,0.999987029753041,0.114012954191792,0.111684390617304,2.07190289378324,-0.986426366142582,-0.131912213578746,-0.0977864616779635,-0.13530129093319,0.990384443587835,0.0288481294199051,0.0930407698299672,0.0416871899745053,-0.99478922055955,3.23738342101676,5.92428928937783
91.3,0.0550270088758992,0.0539034162146784,0.999988408680929,0.114012097691275,0.111684092610257,2.07190575082498,-0.985388927593076,-0.131660178617619,-0.108047483743695,-0.135413769958465,0.990389465444706,0.0281392544639134,0.103304270398678,0.042359226887724,-0.993747414394056,3.24772319609315,5.92422207448598
91.4,0.0550266870508247,0.0539032594539073,0.999989808210983,0.114011430892323,0.111683767812949,2.07190865055296,-0.984245672297407,-0.131401229032942,-0.118296971949657,-0.135518929168973,0.990394999521366,0.0274292683090254,0.11355648991018,0.0430286175899922,-0.992599345993928,3.25806286050374,5.92416247571934
91.5,0.0550264602971679,0.0539030891759918,0.999991227368927,0.114010961074672,0.111683415009067,2.07191159094855,-0.982996724200824,-0.131135392383904,-0.128533844083063,-0.135616757678605,0.99040104521784,0.0267182459782025,0.123796345855571,0.0436952914594772,-0.991345139826226,3.26840242754119,5.92411049307839
91.6,0.0550263321284335,0.0539029047938887,0.99999266518049,0.114010695518056,0.111683032982299,2.07191456999312,-0.981642217998256,-0.130862696929216,-0.138757019267052,-0.135707245347774,0.990407601882121,0.0260062625962405,0.134022757036198,0.0443591781542182,-0.989984931152944,3.27874191049814,5.9240661265624
91.7,0.0550263060581263,0.0539027057205544,0.999994120671399,0.11401064150221,0.111682620516332,2.07191758566806,-0.980182299120774,-0.130583171624377,-0.148965418063493,-0.135790382784327,0.99041466881023,0.025293393382612,0.144234643666487,0.0450202076188038,-0.988518866017418,3.28908132266723,5.92402937617185
91.8,0.0550263855997508,0.0539024913689456,0.999995592867381,0.11401080630687,0.111682176394853,2.07192063595474,-0.978617123721141,-0.130296846118876,-0.159157962575657,-0.135866161344398,0.99042224524629,0.0245797136443003,0.154430927476649,0.0456783100910244,-0.986947101229813,3.29942067734111,5.9240002419065
91.9,0.055026574266812,0.0539022611520189,0.999997080794162,0.11401119721177,0.11168169940155,2.07192371883453,-0.97694685865844,-0.130003750753341,-0.169333576550752,-0.135934573133197,0.990430330382597,0.0238652987686271,0.164610531815257,0.0463334161084993,-0.985269804351689,3.30975998781244,5.92397872376635
92,0.0550268755728144,0.0539020144827308,0.999998583477471,0.114011821496645,0.111681188320109,2.07192683228881,-0.975171681481794,-0.129703916556622,-0.179491185482306,-0.13599561100573,0.990438923359701,0.0231502242160731,0.174772381751663,0.0469854565152775,-0.983487153679651,3.32009926737384,5.92396479704434
92.1,0.0550272928757716,0.0539017508628722,1.00000009992981,0.114012686119064,0.111680642118277,2.07192997427155,-0.973291780477641,-0.129397375253158,-0.189629716374454,-0.136049268565796,0.990448023266178,0.0224345655369806,0.184915403840174,0.0476343624468139,-0.981599338292825,3.330438528973,5.92395789347561
92.2,0.0550278289117325,0.0539014701495706,1.0000016291108,0.114013796747928,0.111680060500031,2.07193314262717,-0.97130735487291,-0.129084159292743,-0.199748096835682,-0.136095540163549,0.990457629137643,0.0217183984361509,0.195038525213311,0.0482800652725867,-0.979606558256881,3.34077778417767,5.92395744479501
92.3,0.0550284862612548,0.0539011722887876,1.00000316996684,0.114015158729971,0.111679443353409,2.07193633517266,-0.969218614671173,-0.128764301819499,-0.20984525620521,-0.13613442090449,0.990467739957547,0.0210017986941377,0.205140674708583,0.0489224966689856,-0.977509024459509,3.35111704421064,5.92396342629525
92.4,0.0550292675048963,0.0539008572264851,1.00000472144432,0.114016777411927,0.111678790566445,2.07193954972503,-0.967025780574787,-0.128437836658763,-0.219920125996101,-0.136165906652096,0.99047835465755,0.0202848421360459,0.215220783311781,0.0495615886477485,-0.975306958532223,3.36145632029468,5.92397583797708
92.5,0.0550301752232147,0.0539005249086246,1.00000628248964,0.114018658140531,0.111678102027178,2.07194278410129,-0.964729083963558,-0.128104798313817,-0.229971639998958,-0.136189994028234,0.99048947211763,0.0195676046241739,0.225277784260729,0.0501972735625616,-0.973000592828936,3.37179562365259,5.9239946798395
92.6,0.0550312119967676,0.053900175281168,1.00000785204919,0.114020806262517,0.111677377623643,2.07194603611845,-0.962328766872456,-0.127765221962544,-0.239998734385412,-0.136206680413492,0.990501091166184,0.0188501620506538,0.235310613148822,0.0508294841156281,-0.970590170403587,3.38213496550714,5.92401995188325
92.7,0.0550323804061129,0.0538998082900769,1.00000942906937,0.11402322712462,0.111676617243877,2.0719493035935,-0.959825081968384,-0.127419143454037,-0.250000347811406,-0.13621596394746,0.990513210580144,0.0181325903300877,0.245318208028366,0.0514581533642065,-0.968075944986806,3.39247435708113,5.92405165410809
92.8,0.0550336830318081,0.0538994238813131,1.00001101249657,0.114025926073574,0.111675820775917,2.07195258434346,-0.957218292526,-0.127066599305134,-0.259975421520261,-0.136217843528928,0.990525829085096,0.0174149653921821,0.255299509513702,0.052083214727118,-0.965458180961636,3.40281380959732,5.92408978651377
92.9,0.0550351224544112,0.0538990220008382,1.0000126012772,0.114028908456113,0.111674988107798,2.07195587618534,-0.954508672402595,-0.126707626696909,-0.269922899445513,-0.136212318816028,0.990538945355398,0.0166973631743812,0.265253460884108,0.0527046019912214,-0.962737153338309,3.41315333427851,5.92413434910053
93,0.0550367012544796,0.053898602594614,1.00001419435764,0.114032179618971,0.111674119127558,2.07195917693613,-0.951696506012024,-0.126342263471093,-0.279841728313534,-0.136199390226299,0.990552558014306,0.0159798596144972,0.27517900818647,0.0533222493178566,-0.959913147728061,3.42349294234748,5.92418543459198
93.1,0.0550384215255435,0.0538981655511458,1.00001579068413,0.114035743899796,0.111673213604186,2.07196248441249,-0.948782087926397,-0.125970548079497,-0.289730858982224,-0.136179058933685,0.990566665635907,0.015262530553538,0.28507510157494,0.0539360913258737,-0.956986459943151,3.43383264632167,5.92424517562993
93.2,0.055040283413021,0.0538977105291133,1.00001738920218,0.114039601599884,0.111672270830492,2.07196579642964,-0.945765721632267,-0.125592519433203,-0.299589250220727,-0.136151326852028,0.990581266751133,0.0145454514592209,0.294940699093613,0.0545460633239534,-0.95395739474781,3.4441724638972,5.92431570485695
93.3,0.0550422865753029,0.05389723712974,1.00001898885717,0.114043752011444,0.111671289980239,2.07196911080242,-0.942647720438413,-0.125208217028745,-0.309415865043708,-0.136116196631002,0.990596359843373,0.0138286976887965,0.304774763008642,0.0551521010800169,-0.950826266769848,3.45451241406484,5.92439711499613
93.4,0.0550444306707796,0.053896744954249,1.00002058859444,0.114048194426686,0.111670270227189,2.07197242534569,-0.939428407794267,-0.124817680989953,-0.319209669561275,-0.136073671657101,0.990611943346928,0.013112344572106,0.314576258657394,0.0557541407494759,-0.947593400820417,3.46485251581536,5.92448940604748
93.5,0.0550467153578417,0.0538962336038639,1.00002218735936,0.114052928137819,0.111669210745104,2.07197573787432,-0.936108117261862,-0.124420952064411,-0.328969633072474,-0.13602375605341,0.990628015647147,0.0123964674047906,0.324344154542016,0.0563521188810268,-0.944259131865847,3.47519278813954,5.92459257801149
93.6,0.0550491402948797,0.0538957026798079,1.00002378409729,0.114057952437052,0.111668110707748,2.07197904620316,-0.932687192487006,-0.124018071619855,-0.338694728158558,-0.135966454679328,0.990644575080567,0.0116811414415023,0.334077422422769,0.0569459724224164,-0.940823804998696,3.48553325002816,5.92470663088716
93.7,0.0550517051402843,0.0538951517833043,1.00002537775358,0.114063266616594,0.111666969288884,2.07198234814706,-0.929165987169694,-0.123609081640538,-0.348383930776022,-0.135901773130225,0.990661619935058,0.0109664418891164,0.343775037411139,0.0575356387261789,-0.937287775408034,3.49587392047198,5.92483156467551
93.8,0.055054409552446,0.0538945805155767,1.00002696727358,0.114068869968654,0.111665785662274,2.07198564152088,-0.925544865033745,-0.123194024723531,-0.358036220349401,-0.135829717737053,0.990679148449967,0.0102524438999466,0.353435978062703,0.0581210555553427,-0.933651408348959,3.50621481846179,5.92496737937601
93.9,0.0550572531897553,0.0538939884778482,1.00002855160267,0.114074761785443,0.111664559001681,2.07198892413948,-0.921824199795677,-0.122772944074989,-0.367650579863842,-0.135750295565896,0.990697158816269,0.00953922256496156,0.363059226469775,0.0587021610891081,-0.929915079111333,3.51655596298835,5.92511407498868
94,0.0550602357106028,0.0538933752713423,1.0000301296862,0.114080941359168,0.111663288480868,2.07199219381771,-0.918004375132811,-0.122345883506365,-0.377225995957415,-0.135663514417462,0.990715649176726,0.00882685290700524,0.3726437683538,0.059278893928495,-0.92607917298776,3.52689737304244,5.92527175700997
94.1,0.055063355881067,0.0538927405105209,1.00003170052643,0.114087406133232,0.111661973301027,2.07199544848835,-0.914085784085474,-0.121912887368487,-0.386761460368433,-0.135569382812599,0.990734617628773,0.0081154097727583,0.38218859451409,0.0598511931831544,-0.922144084673267,3.53723906908785,5.92544285184662
94.2,0.0550666088979782,0.0538920838628002,1.00003326335331,0.114094146155803,0.111660612773068,2.07199868655589,-0.910068827216441,-0.121474000354725,-0.396255974045455,-0.135467909941523,0.990754062233435,0.00740496752338641,0.391692704942239,0.0604189987153642,-0.918110216416997,3.54758107748034,5.92562978590639
94.3,0.0550699890658546,0.0538914050088351,1.00003481745369,0.114101149626245,0.11165920623533,2.07200190654271,-0.905953914078366,-0.121029267671856,-0.405708543085923,-0.135359105690364,0.990773981008218,0.00669560033396496,0.401155104757241,0.060982250892711,-0.913977979495822,3.55792342604871,5.92583266468524
94.4,0.0550734906892146,0.0538907036292804,1.0000363621144,0.114108404743918,0.111657753026153,2.07200510697123,-0.901741463719663,-0.120578735096902,-0.415118177452097,-0.135242980652372,0.990794371924664,0.005987382288894,0.410574802920225,0.0615408905106383,-0.909747794722348,3.56826614262173,5.92605148818239
94.5,0.0550771080725764,0.0538899794047909,1.0000378966223,0.114115899708184,0.111656252483875,2.07200828636383,-0.897431904652754,-0.12012244897353,-0.424483891053514,-0.135119546127247,0.990815232908502,0.00528038737578443,0.419950812316986,0.0620948587974332,-0.905420092413036,3.5786092550282,5.92628625639964
94.6,0.0550808355204582,0.0538892320160215,1.00003942026425,0.114123622718407,0.111654703946836,2.07201144324293,-0.89302567482175,-0.11966045620842,-0.433804701829235,-0.134988814120428,0.990836561839806,0.00457468947934749,0.429282149840311,0.0626440974191885,-0.900995312355739,3.5889527910969,5.92653696933493
94.7,0.0550846673373784,0.0538884611436271,1.00004093232708,0.114131561973946,0.111653106753375,2.07201457613092,-0.888523221569532,-0.119192804267585,-0.443079631829911,-0.134850797342335,0.990858356553156,0.00387036237528671,0.43856783647212,0.0631885484847429,-0.896473903776655,3.59929677865661,5.92680362698981
94.8,0.0550885978278552,0.0538876664682624,1.00004243209764,0.114139705674165,0.111651460241832,2.07201768355019,-0.883925001604269,-0.118719541172673,-0.452307707299626,-0.134705509207572,0.990880614837794,0.0031674797241938,0.447806897365396,0.0637281545505952,-0.89185632530669,3.60964124553612,5.9270862293635
94.9,0.0550926212964069,0.0538868476705822,1.00004391886279,0.114148042018424,0.111649763750545,2.07202076402316,-0.87923148096533,-0.118240715497219,-0.461487958757559,-0.134552963834088,0.990903334437798,0.00246611506544676,0.456998361925921,0.0642628586257966,-0.887143044947243,3.61998621956421,5.92738477645627
95,0.0550967320475516,0.0538860044312415,1.00004539190937,0.114156559206087,0.111648016617854,2.07202381607223,-0.874443134988635,-0.117756376362868,-0.470619421079426,-0.134393176042288,0.990926513052241,0.00176634181111211,0.466141263893805,0.0647926041768175,-0.882334540035395,3.63033172856967,5.9276993492374
95.1,0.055100923674526,0.0538851363844425,1.00004685056614,0.114165243962788,0.111646218085852,2.0720268383066,-0.869560447732741,-0.117266573381743,-0.479701134568326,-0.134226161335468,0.990950148337974,0.00106823316366192,0.475234642415701,0.0653173351894519,-0.87743129666759,3.64067780151183,5.92803181001172
95.2,0.0551051869254394,0.0538842429785774,1.00004829432947,0.114174077119261,0.111644367011646,2.07202982968282,-0.864583910245447,-0.11677135648646,-0.488732147959395,-0.134051935836621,0.990974237918017,0.000371861882902641,0.484277545053605,0.065836996340338,-0.87243380795894,3.65102447187223,5.92838402108256
95.3,0.0551095118371196,0.0538833236155858,1.00004972273764,0.114183038032512,0.111642462156096,2.07203278924422,-0.859514022002239,-0.11627077607965,-0.497711515449833,-0.133870516332414,0.990998779374593,-0.000322699488547393,0.493269024811438,0.0663515328225579,-0.867342575487719,3.66137177426295,5.92875606342047
95.4,0.0551138884463941,0.0538823776974074,1.00005113532892,0.114192106059547,0.111640502280065,2.07203571603415,-0.854351291390959,-0.115764883083024,-0.506638295772609,-0.133681920289322,0.991023770246784,-0.00101537855429226,0.502208139207599,0.0668608902918818,-0.862158109782085,3.6717197432961,5.92914793702494
95.5,0.0551183067900907,0.0538814046259816,1.0000525316416,0.114201260557374,0.111638486144412,2.07203860909596,-0.849096235677916,-0.115253728933774,-0.51551155227061,-0.13348616585267,0.991049208030695,-0.00170610306975134,0.511093950349196,0.0673650148711576,-0.856880930286036,3.68206841358376,5.92955964189598
95.6,0.055122756905037,0.0538804038032483,1.00005391121396,0.114210480882999,0.11163641251,2.07204146747299,-0.843749380973541,-0.114737365580948,-0.524330352970634,-0.133283271845634,0.991075090179621,-0.00239480094775064,0.519925525006119,0.0678638531546828,-0.851511565324929,3.69241781973802,5.92999117803359
95.7,0.0551272288280607,0.053879374631147,1.00005527358427,0.114219746393428,0.111634280137687,2.07204429020859,-0.838311262197587,-0.114215845481797,-0.533093770657251,-0.133073257768215,0.991101414104211,-0.00308140026411236,0.528701934684981,0.0683573522125579,-0.846050552070528,3.70276799637096,5.93044254543801
95.8,0.0551317125959894,0.0538783165116173,1.00005661829081,0.114229036445669,0.111632087788336,2.0720470763461,-0.832782423043865,-0.113689221598092,-0.541800882946502,-0.132856143796175,0.991128177172645,-0.00376582926324253,0.537422255702905,0.0688454595950226,-0.840498436505596,3.71311897809469,5.93091374410874
95.9,0.0551361982456508,0.0538772288465989,1.00005794487186,0.114238330396728,0.111629834222808,2.07204982492887,-0.827163415944523,-0.113157547392417,-0.550450772359455,-0.132631950779946,0.991155376710803,-0.00444801636371733,0.546085569261167,0.069328123336773,-0.834855773388019,3.72347079952129,5.93140477404655
96,0.0551406758138725,0.0538761110380313,1.00005925286571,0.114247607603611,0.111627518201963,2.07205253500025,-0.821454802033865,-0.11262087682443,-0.559042526395622,-0.132400700243495,0.991183010002441,-0.00512789016386762,0.554690961518696,0.0698052919612617,-0.829123126214477,3.73382349526284,5.93191566307136
96.1,0.0551451350761685,0.0538749626109999,1.00006054180031,0.114256846881902,0.111625138741811,2.07205520558223,-0.815657150892535,-0.112079264326685,-0.567575237925212,-0.132162414374094,0.99121107429043,-0.00580537947273242,0.563237523984937,0.0702769145025678,-0.823301066963548,3.74417710031988,5.93244705105174
96.2,0.0551495647627973,0.0538737835831724,1.00006181116244,0.114266024881488,0.111622695878959,2.07205783561142,-0.809771039826606,-0.111532764738157,-0.576048006200872,-0.131917115991813,0.991239566780243,-0.00648041339098752,0.571724354533318,0.0707429405607267,-0.817390175371764,3.75453165124675,5.93299957785805
96.3,0.0551539533427037,0.0538725740953624,1.00006306042855,0.114275117710832,0.111620189905162,2.07206042400305,-0.803797054442134,-0.11098143335919,-0.584459935940599,-0.131664828571867,0.991268484637179,-0.00715292123899577,0.58015055648279,0.0712033202501818,-0.81139103951058,3.76488718498619,5.9335732713092
96.4,0.0551582892848325,0.0538713342883832,1.00006428907508,0.114284101478397,0.111617621112176,2.07206296967237,-0.797735788821069,-0.110425325967821,-0.59281013707504,-0.131405576251953,0.991297824985506,-0.00782283253666742,0.5885152383447,0.0716580041858916,-0.805304255963034,3.77524373848098,5.93416813140645
96.5,0.0551625610581283,0.0538700643030483,1.0000654965785,0.114292952292648,0.111614989791757,2.07206547153464,-0.791587845484224,-0.109864498816028,-0.601097724818143,-0.13113938383102,0.991327584908643,-0.00849007700887452,0.596817513893539,0.0721069434874293,-0.79913042978655,3.78560134867387,5.9347841581488
96.6,0.0551667571315362,0.0538687642801711,1.00006668241525,0.114301646262047,0.11161229623566,2.0720679285051,-0.78535383535381,-0.109299008625963,-0.609321819737684,-0.130866276767996,0.991357761449342,-0.009154584590864,0.605056502237554,0.0725500897830648,-0.792870174475321,3.79596005250765,5.93542135153727
96.7,0.0551708659740007,0.0538674343605651,1.00006784606178,0.114310159495058,0.11160954073564,2.072070339499,-0.779034377715539,-0.108728912586148,-0.61748154782568,-0.130586281180495,0.991388351609869,-0.00981628543367111,0.61323132788925,0.0729873952138333,-0.786524111922252,3.80631988692507,5.93607971157082
96.8,0.0551748760544667,0.0538660746850438,1.00006898699456,0.114318468100144,0.111606723583454,2.07207270343158,-0.772630100180294,-0.108154268347651,-0.625576040568669,-0.130299423843486,0.991419352352192,-0.0104751099095313,0.621341120835764,0.0734188124375857,-0.780092872380469,3.81668088886889,5.93675923825023
96.9,0.0551787758418789,0.0538646853944206,1.00007010469003,0.11432654818577,0.111603845070856,2.0720750192181,-0.766141638645369,-0.107575134020227,-0.633604435017874,-0.130005732187933,0.991450760598166,-0.0111309886172926,0.629385016609125,0.0738442946330247,-0.773577094424391,3.82704309528189,5.93745993157499
97,0.0551825538051822,0.0538632666295089,1.00007119862465,0.114334375860397,0.111600905489603,2.0720772857738,-0.759569637255254,-0.106991568168442,-0.641565873859247,-0.129705234299404,0.991482573229726,-0.0117838523878273,0.637362156356383,0.0742637955037241,-0.766977424910357,3.83740654310683,5.93818169060014
97.1,0.0551861988603074,0.0538618187094263,1.00007226824197,0.114341928158614,0.111597905500883,2.07207950194577,-0.752914749272522,-0.106403629888001,-0.649459504414673,-0.129397958958888,0.991514787084669,-0.0124336322012999,0.64527168583874,0.0746772692263208,-0.760294519851176,3.84777126787701,5.93892219358718
97.2,0.0551897017111301,0.0538603426665071,1.00007331285399,0.114349185819504,0.111594847243621,2.07208166630851,-0.74617763985744,-0.105811379047112,-0.657284475581866,-0.129083935775343,0.9915473989432,-0.0130802589317069,0.653112752364802,0.0750846702937546,-0.753529047207439,3.8581372994879,5.93967911879633
97.3,0.0551930535085118,0.0538588397113898,1.0000743317398,0.114356130508273,0.111591733226175,2.07208377736834,-0.739358983447483,-0.105214876049575,-0.665039941246672,-0.128763195070107,0.991580405540617,-0.0137236636231952,0.660884508209144,0.075485953698537,-0.746681684256003,3.8685046664255,5.94045236528339
97.4,0.055196245403314,0.0538573110547126,1.00007532417849,0.114362743890127,0.111588565956901,2.07208583363161,-0.732459462822219,-0.104614181751196,-0.672725061446885,-0.128435767834684,0.991613803571835,-0.0143637775850429,0.668586111778357,0.075881074994527,-0.739753116650936,3.87887339717582,5.94124193304811
97.5,0.0551992685463986,0.053855757907114,1.00007628944916,0.114369007630275,0.111585347944159,2.07208783360464,-0.725479769055809,-0.104009357455241,-0.680339002448396,-0.128101685728905,0.99164758969162,-0.0150005323976296,0.676216727687317,0.076269990301215,-0.732744038375823,3.88924352022485,5.94204782208974
97.6,0.0552021140886269,0.0538541814792324,1.00007722683091,0.114374903393922,0.111582081696305,2.07208977579378,-0.718420601468926,-0.103400464907851,-0.687880936821095,-0.127760981079048,0.991681760514819,-0.0156338599184005,0.683775526835193,0.0766526563079794,-0.725655151695476,3.89961506405861,5.94287003240953
97.7,0.0552047731808607,0.0538525829817062,1.00007813560282,0.114380412846275,0.111578769721698,2.07209165870536,-0.711282667580064,-0.102787566293422,-0.695350043514534,-0.127413686875899,0.991716312616596,-0.0162636922878257,0.691261686481234,0.0770290302783175,-0.718487167107042,3.90998805716308,5.94370856400648
97.8,0.0552072369739615,0.0538509636251737,1.00007901504399,0.11438551765254,0.111575414528694,2.07209348084571,-0.704066683056269,-0.102170724229954,-0.702745507933327,-0.127059836772785,0.99175124253267,-0.016889961935352,0.698674390320281,0.0773990700540467,-0.711240803290526,3.92036252802429,5.94456341688084
97.9,0.055209496618791,0.0538493246202735,1.00007986443353,0.114390199477926,0.111572018625653,2.07209524072117,-0.696773371663272,-0.101550001764356,-0.710066522012307,-0.126699465083555,0.99178654675956,-0.0175126015853486,0.706012828558048,0.0777627340594808,-0.703916787058711,3.93073850512822,5.94543459103337
98,0.0552115432662107,0.0538476671776439,1.00008068305051,0.114394439987638,0.111568584520931,2.07209693683807,-0.689403465215017,-0.100925462367724,-0.717312284291429,-0.126332606780513,0.991822221754825,-0.0181315442630471,0.713276197986143,0.0781199813055766,-0.696515853306477,3.94111601696089,5.94632180502874
98.1,0.0552133690076594,0.0538459925749662,1.000081470179,0.114398222795693,0.111565114861795,2.07209856771301,-0.681957706355655,-0.100297170169141,-0.724481997290613,-0.125959297634857,0.991858263923598,-0.018746723068302,0.720463699350264,0.0784707712624803,-0.689038747804508,3.95149508807873,5.94721858588349
98.2,0.0552149696968845,0.0538443023580928,1.00008222512282,0.114401539311346,0.111561612851142,2.0721001319036,-0.674436857229817,-0.0996651906773256,-0.73157485972197,-0.125579574661344,0.991894669576619,-0.0193580704969889,0.727574529541712,0.0788150634887948,-0.681486235906063,3.96187572731994,5.94811846061314
98.3,0.0552163421282105,0.0538425981399193,1.0000829471908,0.114404382892664,0.111558081830779,2.07210162797772,-0.666841691312895,-0.0990295900782984,-0.738590075086229,-0.12519347572164,0.991931434969778,-0.0199655191650866,0.734607890213338,0.0791528180655661,-0.673859094342866,3.97225793959316,5.9490211477839
98.4,0.055217483095962,0.0538408815333411,1.00008363569171,0.114406746897712,0.11155452514251,2.07210305450326,-0.659172990563317,-0.098390434993177,-0.745526854522133,-0.124801039383453,0.991968556317905,-0.0205690020511748,0.74156299063574,0.0794839957376624,-0.666158108365388,3.98264172980702,5.94992664739575
98.5,0.0552183893944634,0.0538391541512535,1.00008428993436,0.114408624684555,0.111550946128144,2.07210441004808,-0.651431545350301,-0.0977477924717072,-0.752384416896992,-0.124402304917275,0.992006029795113,-0.021168452503816,0.748439047787987,0.0798085579185904,-0.658384071670303,3.99302710287016,5.95083495944819
98.6,0.0552190578180394,0.0538374176065521,1.00008490922755,0.114410009611259,0.111547348129485,2.07210569318007,-0.643618154380661,-0.0971017299857419,-0.759161988896578,-0.123997312293066,0.992043851535158,-0.0217638042489084,0.755235286447692,0.0801264666952494,-0.65053778632698,4.00341406369121,5.95174608394198
98.7,0.0552194851610144,0.0538356735121321,1.00008549288007,0.11441089503589,0.111543734488339,2.0721069024671,-0.635733624624655,-0.0964523154226672,-0.765858805114366,-0.123586102176846,0.992082017631795,-0.0223549913970132,0.761950939280432,0.0804376848326254,-0.642620062703021,4.01380261717881,5.95266002087637
98.8,0.055219668217713,0.0538339234808891,1.00008604020072,0.114411274316513,0.111540108546513,2.07210803647705,-0.627778771240888,-0.0957996170787767,-0.772474108140098,-0.123168715927225,0.992120524139142,-0.0229419484506522,0.768585246928484,0.080742175778422,-0.634631719388849,4.0241927682416,5.95357677025185
98.9,0.0552196037824598,0.0538321691257185,1.0000865504983,0.114411140811193,0.111536473645813,2.0721090937778,-0.619754417500271,-0.0951437036525948,-0.779007148647666,-0.122745195591844,0.992159367072049,-0.023524610311577,0.775137458098897,0.0810399036676299,-0.626573583121345,4.0345845217882,5.95449633206767
99,0.0552192886495791,0.0538304120595157,1.00008702308161,0.114410487877997,0.111532833128044,2.07211007293722,-0.611661394709042,-0.0944846442381489,-0.785457185482302,-0.122315583903751,0.992198542406469,-0.0241029122880082,0.781606829650864,0.0813308333270322,-0.618446488706547,4.04497788272726,5.95541827537546
99.1,0.055218720763949,0.0538286538879552,1.0000874573356,0.114409311258856,0.111529190320052,2.072110972681,-0.603500546873924,-0.0938225087023208,-0.791823482086555,-0.121879924531609,0.992238046056877,-0.0246767897709692,0.787992623010548,0.0816149301171921,-0.610251283704444,4.05537284995022,5.9563326883282
99.2,0.0552179026726602,0.0538268961878279,1.00008785294988,0.114407616231162,0.111525548488837,2.072111792366,-0.595272745154704,-0.0931573688436839,-0.79810529600179,-0.121438262865006,0.99227787380631,-0.0252461772701792,0.794294093638063,0.0818921594815371,-0.601988842942407,4.06576939827973,5.95722965907937
99.3,0.0552168380733569,0.0538251405287041,1.00008820969021,0.114405410456176,0.111521910886437,2.0721125315069,-0.586978874070408,-0.0924892972553608,-0.804301890640725,-0.120990645296067,0.99231802137314,-0.0258110094521304,0.800510502832959,0.0821624874946361,-0.593660054663287,4.07616749652126,5.95810875667857
99.4,0.0552155306636834,0.0538233884801536,1.00008852732234,0.114402701595155,0.111518280764892,2.07211318961837,-0.578619826721725,-0.091818366934914,-0.810412539153934,-0.120537118966877,0.992358484434194,-0.0263712214854366,0.806641121612136,0.0824258810379032,-0.585265815727725,4.08656711348029,5.95896998112683
99.5,0.0552139841412838,0.0538216416117468,1.00008880561203,0.11439949730936,0.11151466137624,2.07211376621507,-0.570196504678004,-0.0911446512748516,-0.816436524536337,-0.120077731763778,0.992399258625309,-0.0269267490500144,0.812685230816614,0.0826823078047657,-0.576807031500679,4.09696821796226,5.95981333242464
99.6,0.0552122022038024,0.0538199014930535,1.00008904432505,0.114395805260049,0.111511055972521,2.07211426081168,-0.561709817862857,-0.0904682240530642,-0.8223731397323,-0.119612532311543,0.992440339541881,-0.0274775283461934,0.818642121216895,0.0829317363057128,-0.568284615736537,4.10737077877266,5.96063881056997
99.7,0.0552101885488831,0.0538181696936439,1.00008924322715,0.114391633108481,0.111507467805774,2.07211467292287,-0.55316068443837,-0.0897891594231931,-0.828221687739309,-0.11914156996743,0.992481722739426,-0.0280234961037578,0.82451109361692,0.0831741358732251,-0.559699490462849,4.11777476471695,5.96144641556436
99.8,0.0552079468741704,0.0538164477830882,1.0000894020841,0.114386988515915,0.111503900128037,2.07211500206331,-0.544550030687972,-0.0891075319049337,-0.8339814817102,-0.118664894815125,0.992523403734148,-0.0285645895909124,0.830291458956579,0.083409476666582,-0.551052585862695,4.1281801446006,5.9622361474083
99.9,0.0552054808773083,0.0538147373309563,1.00008952066166,0.114381879143611,0.111500356191349,2.07211524774767,-0.535878790897935,-0.0884234163742736,-0.83965184505393,-0.118182557658561,0.992565378003512,-0.0291007466231772,0.835982538412763,0.0836377296765479,-0.542344840155694,4.13858688722906,5.96300800610028
100,0.055202794255941,0.0538130399068183,1.00008959872557,0.114376312652826,0.11149683924775,2.07211540949062,-0.52714790723757,-0.0877368880536681,-0.845232111534878,-0.117694610015629,0.992607640986825,-0.0296319055722039,0.841583663498953,0.0838588667299353,-0.533577199477687,4.14899496140781,5.96376173924215
100.1,0.0551998912707724,0.0538113570196694,1.00008963613302,0.114370297871442,0.111493352423771,2.07211548699622,-0.518358332623506,-0.087048022735746,-0.850721623527682,-0.11720110427977,0.992650188071369,-0.0301580051972768,0.847094174313211,0.0840728604228121,-0.524750620757084,4.15940433241817,5.9644915416733
100.2,0.0551967784347452,0.0538096899362046,1.00008963310674,0.114363848293816,0.111489898343916,2.07211548072599,-0.509511039705666,-0.0863568974799355,-0.856119726834799,-0.116702094232146,0.992693014548904,-0.0306789841363702,0.852513414334274,0.0842796839306384,-0.515866080738664,4.16981495144487,5.96519160823007
100.3,0.0551934628238615,0.053808039862544,1.00008958996091,0.11435697858093,0.111486479507181,2.07211539133086,-0.500607012044957,-0.0856635899111445,-0.861425776753259,-0.116197634556179,0.992736115658377,-0.0311947814716695,0.857840736509388,0.0844793112605202,-0.506924567124123,4.18022676614851,5.96586168651482
100.4,0.0551899515141238,0.0538064080048077,1.00008950700969,0.114349703393763,0.111483098412561,2.07211521946176,-0.491647241022426,-0.0849681779761104,-0.866639140084532,-0.115687780665426,0.992779486600878,-0.0317053369199211,0.863075505271552,0.0846717173318069,-0.497927075468223,4.19063972418967,5.96650177652705
100.5,0.0551862515815343,0.0538047955691158,1.00008938456723,0.114342037393294,0.111479757559053,2.07211496576958,-0.482632725693322,-0.0842707399317517,-0.871759195237532,-0.115172588695593,0.992823122540348,-0.0322105908419659,0.868217096642879,0.0848568779804428,-0.488874609032236,4.20105377322895,5.96711187826675
100.6,0.0551823701020953,0.0538032037615883,1.0000892229477,0.114333995240503,0.111476459445653,2.07211463090526,-0.473564472639709,-0.0835713543334582,-0.876785332329611,-0.11465211549642,0.992867018604296,-0.0327104842521623,0.873264898335935,0.0850347699631572,-0.479768178635935,4.21146886092694,5.96769199173495
100.7,0.0551783141518092,0.0538016337883455,1.00008902246525,0.114325591596371,0.111473206571358,2.07211421551971,-0.464443495821647,-0.0828701000233207,-0.881716953285516,-0.114126418623434,0.992911169884517,-0.0332049588276988,0.878218309853055,0.0852053709614917,-0.470608802508153,4.22188493494424,5.96824211693063
100.8,0.0551740908066782,0.0538000868555072,1.00008878343405,0.114316841121877,0.111470001435162,2.07211372026385,-0.45527081642698,-0.0821670561183032,-0.8865534719343,-0.113595556329566,0.992955571437815,-0.0336939569177931,0.883076742583614,0.0853686595856661,-0.461397506135934,4.23230194294142,5.96876225385378
100.9,0.0551697071427046,0.0537985641691938,1.00008850616826,0.114307758478,0.111466846536063,2.0721131457886,-0.446047462719754,-0.0814623019983608,-0.891294314104156,-0.113059587556645,0.993000218286746,-0.0341774215527756,0.88783961989922,0.0855246153782796,-0.452135322112315,4.24271983257909,5.96925240250492
101,0.0551651702358908,0.0537970669355252,1.00008819098203,0.114298358325722,0.111463744373057,2.07211249274487,-0.436774469887293,-0.080755917294503,-0.895938917715152,-0.112518571926763,0.993045105420349,-0.034655296453057,0.892506377246816,0.0856732188178474,-0.442823289982758,4.25313855151783,5.969712533941
101.1,0.0551604870876726,0.0537955962461431,1.00008783830805,0.114288655171524,0.111460697207948,2.07211176202915,-0.427452880248436,-0.0800479819042941,-0.900486732695361,-0.111972569754787,0.993090227793145,-0.0351275260197707,0.897076462064314,0.0858144513168383,-0.433462456454263,4.26355804701412,5.97014198248566
101.2,0.0551556644012204,0.0537941527347755,1.0000874490531,0.114278662903906,0.111457706353776,2.07211095552023,-0.418083744199761,-0.0793385760627022,-0.904937220576241,-0.111421642104794,0.99313558032055,-0.0355940552906742,0.90154933337371,0.0859482952111747,-0.42405387634558,4.27397826470799,5.97054008245899
101.3,0.0551507088051383,0.0537927369206722,1.00008702424247,0.114268395256869,0.11145477288639,2.07211007534245,-0.408668118995645,-0.078627780248237,-0.909289855156097,-0.110865850719831,0.993181157884787,-0.0360548300065452,0.905924462447466,0.0860747337833103,-0.414598611362125,4.28439914983534,5.97090680492048
101.4,0.0551456269280303,0.0537913493230827,1.00008656490147,0.114257865964415,0.11145189788164,2.07210912362016,-0.399207068229191,-0.077915675143279,-0.91354412276738,-0.110305257991756,0.993226955337396,-0.0365097966384225,0.910201333077043,0.0861937512710397,-0.405097729574729,4.29482064763208,5.97124214986861
101.5,0.0551404253985003,0.0537899904612567,1.00008607205541,0.114247088760547,0.111449082415373,2.07210810247772,-0.38970166167069,-0.0772023416217369,-0.917699522359701,-0.109739926951853,0.993272967500012,-0.0369589023960732,0.91437944165631,0.0863053328702291,-0.395552305257413,4.30524270333413,5.9715461173049
101.6,0.0551351108451523,0.0537886608544438,1.00008554672956,0.114236077379266,0.111446327563438,2.07210701403948,-0.380152975104926,-0.0764878607366665,-0.921755565580595,-0.109169921261325,0.993319189165159,-0.0374020952363271,0.918458297262685,0.0864094647373742,-0.385963418724017,4.31566526217739,5.97181870722834
101.7,0.0551296898965903,0.0537873610218936,1.00008498994925,0.114224845554574,0.111443634401685,2.07210586042977,-0.370562090167327,-0.0757723137078535,-0.925711776853995,-0.108595305201675,0.993365615097039,-0.0378393238712798,0.92243742173601,0.0865061339919848,-0.376332156163653,4.32608826939778,5.97205991963943
101.8,0.0551241691814184,0.0537860914828559,1.00008440273977,0.114213407020473,0.111441004005963,2.07210464377297,-0.360930094179033,-0.0750557819093634,-0.92956769345642,-0.108016143664965,0.993412240032333,-0.0382705377763593,0.926316349755128,0.0865953287187953,-0.366659609475082,4.33651167023119,5.97226975453716
101.9,0.0551185553282405,0.0537848527565802,1.00008378612642,0.114201775510965,0.111438437452119,2.07210336619341,-0.351258079980878,-0.0743383468570596,-0.933322865590845,-0.107432502143967,0.993459058681001,-0.0386956871982578,0.930094628912152,0.0866770379698009,-0.356946876099999,4.34693540991355,5.97244821192254
102,0.0551128549656606,0.0537836453623162,1.0000831411345,0.114189964760051,0.111435935816002,2.07210202981544,-0.341547145766343,-0.0736200901960938,-0.93697685645825,-0.1068444467222,0.993506065727095,-0.0391147231627238,0.933771819784411,0.0867512517661186,-0.347195058855278,4.35735943368075,5.97259537470628
102.1,0.0551070744599449,0.0537824696827859,1.00008246887293,0.11417798795819,0.111433499890586,2.0721006369367,-0.331798393828834,-0.0729010936084869,-0.94052924271566,-0.106252043997836,0.993553255834819,-0.0395275975277227,0.937347496395487,0.0868179611066649,-0.33740526467498,4.36778368792636,5.97271314982988
102.2,0.0551012191280083,0.0537813255546004,1.00008177078516,0.114165856121653,0.111431129337342,2.07209919054787,-0.322012927106634,-0.072181438560378,-0.94397961561867,-0.105655360871678,0.993600623665255,-0.0399342631219256,0.940821247365988,0.0868771579839608,-0.327578601140759,4.37820812367454,5.97280344423637
102.3,0.0550952940244275,0.0537802126778435,1.00008104839826,0.11415357972317,0.111428823534862,2.07209769381294,-0.312191852214212,-0.0714612065283907,-0.947327579759276,-0.105054464728563,0.993648163861693,-0.0403346736057274,0.94419267464414,0.0869288353527876,-0.31771617952593,4.38863269310709,5.97286634083594
102.4,0.0550893042037797,0.0537791307525986,1.00008030323928,0.11414116923547,0.111426581861741,2.07209614989587,-0.302336280354847,-0.0707404790672817,-0.950572752714134,-0.104449423492479,0.993695871045208,-0.0407287834313051,0.947461393151871,0.086972987122651,-0.307819115711937,4.39905734840582,5.97290183962861
102.5,0.0550832547206417,0.0537780794789495,1.0000795368353,0.11412863513128,0.111424403696574,2.07209456196064,-0.292447327156106,-0.0700193377978519,-0.953714765102019,-0.103840305616526,0.993743739815458,-0.0411165478494173,0.950627030842652,0.0870096081587388,-0.29788853002314,4.40948204175253,5.97290994061537
102.6,0.0550771506295906,0.0537770585569797,1.00007875071337,0.114115987883329,0.111422288417954,2.07209293317123,-0.282526112504561,-0.0692978643948453,-0.956753260639008,-0.103227180072781,0.993791764751486,-0.0414979229160651,0.953689228757084,0.0870386942827131,-0.287925547060831,4.41990672532904,5.9728906437942
102.7,0.0550709969852033,0.0537760676867727,1.00007794640057,0.114103237964346,0.111420235404477,2.07209126669159,-0.272573760379761,-0.0685761405748386,-0.959687896191411,-0.102610116342072,0.993839940412523,-0.0418728654990144,0.956647641076223,0.0870602422733365,-0.277931295536514,4.43033135131714,5.97284394916714
102.8,0.0550647988420568,0.0537751065684123,1.00007712542396,0.114090395847059,0.111418244034736,2.07208956568571,-0.262591398687499,-0.0678542480841238,-0.96251834182642,-0.101989184403671,0.993888261338793,-0.0422413332841774,0.959501935172627,0.0870742498669337,-0.267906908104464,4.44075587189865,5.97276985673265
102.9,0.055058561254728,0.0537741749019819,1.0000762893106,0.114077472004197,0.111416313687326,2.07208783331756,-0.252580159092394,-0.0671322686865851,-0.965244280860474,-0.101364454724894,0.993936722052325,-0.042603284781852,0.96225179165912,0.087080715757686,-0.25785352119361,4.45118023925537,5.97266836649226
103,0.0550522892777939,0.0537732723875652,1.00007543958757,0.114064476908488,0.111414443740841,2.07208607275112,-0.242541176849843,-0.0664102841515744,-0.967865409905324,-0.10073599825062,0.993985317057768,-0.0429586793328189,0.964896904435258,0.087079639597761,-0.247772274838772,4.4616044055691,5.97253963146068
103.1,0.055045987636571,0.0537723986192684,1.00007457777531,0.114051420350456,0.111412633354297,2.07208428713665,-0.232475588571621,-0.0656883760938338,-0.970381439416704,-0.100103886262794,0.994034040853203,-0.0433074771851057,0.967436981241344,0.0870710219947366,-0.23766431043686,4.47202832515817,5.97238717101072
103.2,0.0550396597393347,0.0537715527672877,1.00007370536784,0.114038309391808,0.1114108808084,2.07208247956964,-0.222384525818099,-0.0649666255178068,-0.972792095077611,-0.0994681899741508,0.994082887961165,-0.0436496397013373,0.969871745057008,0.0870548644914193,-0.227530764312114,4.48245196088692,5.97221450451672
103.3,0.0550333086650997,0.0537707338958421,1.00007282385257,0.114025150412047,0.111409184164276,2.0720806531319,-0.212269121059462,-0.0642451132503197,-0.975097116018757,-0.0988289808974278,0.994131852899783,-0.0439851291326887,0.972200932307421,0.0870311695514719,-0.21737277370242,4.49287527775622,5.97202178499337
103.4,0.0550269374928807,0.0537699410691505,1.00007193471688,0.114011949790674,0.111407541483053,2.0720788109052,-0.202130509573709,-0.0635239200774118,-0.977296254304431,-0.0981863309638559,0.994180930173597,-0.0443139085504435,0.974424292344628,0.0869999405583677,-0.207191478665295,4.50329824076693,5.97180901244069
103.5,0.0550205493016928,0.0537691733514318,1.00007103944819,0.113998713907193,0.111405950825859,2.07207695597134,-0.191969829289489,-0.0628031267331974,-0.979389274964301,-0.0975403125131564,0.994230114274314,-0.0446359418509362,0.976541587479714,0.0869611818147518,-0.196988021920069,4.51372081491991,5.97157618685968
103.6,0.0550141471705506,0.0537684298069049,1.00007013953389,0.113985449141106,0.111404410253821,2.07207509141212,-0.181788220628583,-0.0620828138887388,-0.981375956023149,-0.0968909982834775,0.994279399681573,-0.0449511937603625,0.978552593012928,0.0869148985416581,-0.186763548689697,4.52414296521602,5.97132330824933
103.7,0.0550077341784691,0.0537677094997888,1.00006923646138,0.113972161871915,0.111402917828065,2.07207322030932,-0.171586826348,-0.0613630621409305,-0.983256088528573,-0.0962384614012691,0.99432878086371,-0.0452596298394587,0.980457097261751,0.086861096877582,-0.176519206542193,4.53456465665613,5.97105037660965
103.8,0.055001313404463,0.0537670114943022,1.00006833171808,0.113958858479123,0.11140147160972,2.07207134574474,-0.161366791381765,-0.0606439520014,-0.985029476576618,-0.0955827753711006,0.994378252278522,-0.0455612164880482,0.982254901586911,0.0867997838774093,-0.166256145231758,4.5449858542411,5.97075739194164
103.9,0.0549948879275471,0.0537663348546643,1.00006742679137,0.113945545342233,0.111400069659912,2.07206947080016,-0.151129262682402,-0.0599255638854231,-0.986695937335351,-0.09492401406542,0.994427808374034,-0.0458559209494553,0.983945820416338,0.0867309675112,-0.155975516539583,4.55540652297178,5.9704443542448
104,0.0549884608267364,0.0537656786450937,1.00006652316867,0.113932228840746,0.11139871003977,2.07206759855738,-0.140875389062139,-0.0592079781008583,-0.988255301066379,-0.0942622517142602,0.994477443589273,-0.0461437113147836,0.985529681267058,0.0866546566628298,-0.145678474114396,4.56582662784905,5.97011138586768
104.1,0.0549820349948594,0.0537650418957458,1.00006562226111,0.113918914968401,0.111397390739841,2.07206573194018,-0.130606319348999,-0.0584912747196693,-0.989707411373571,-0.0935975627856733,0.994527152363185,-0.0464245565725373,0.98700632499832,0.0865708611141355,-0.135366171620785,4.57624613558208,5.96976130084295
104.2,0.0549756125800006,0.0537644235005209,1.00006472517476,0.113905608175878,0.111396109468367,2.07206387324028,-0.120323197154385,-0.0577755332158589,-0.991052125767444,-0.0929300216439341,0.99457692915997,-0.0466984267399113,0.988375606388485,0.0864795914904095,-0.125039757484758,4.58666501971331,5.96939691320273
104.3,0.0549691955440583,0.0537638223192555,1.00006383293947,0.113892312528091,0.111394863863008,2.07206202459141,-0.110027165740877,-0.0570608328093123,-0.992289314745522,-0.0922597028605113,0.994626768445515,-0.0469652927141015,0.989637393203753,0.086380859284559,-0.114700379782028,4.59708325549353,5.96901834529661
104.4,0.0549627858489306,0.0537632372117865,1.00006294658503,0.113879032089957,0.111393651561426,2.07206018812727,-0.0997193695533577,-0.0563472525732958,-0.993418861539946,-0.0915866813125359,0.994676664679987,-0.0472251262280165,0.990791565942119,0.0862746768671857,-0.104349187775592,4.60750081817348,5.96862559712356
104.5,0.0549563854565158,0.0537626670379502,1.00006206714128,0.113865770926391,0.111392470201282,2.07205836598159,-0.0894009540703231,-0.0556348714242711,-0.994440662127671,-0.0909110321729846,0.994726612318547,-0.0474778998536153,0.991838017843921,0.0861610574846443,-0.0939873317664102,4.61791768300394,5.9682186686841
104.6,0.0549499963287123,0.0537621106575835,1.00006119563804,0.113852533102309,0.111391317420238,2.07205656028808,-0.0790730656551205,-0.0549237681117384,-0.995354625238818,-0.0902328309008255,0.994776605812072,-0.0477235870051228,0.992776654900549,0.0860400152569749,-0.0836159629440185,4.62833382523568,5.96779755997823
104.7,0.0549436204274181,0.0537615669305229,1.00006033310512,0.113839322682624,0.111390190855956,2.07205477318046,-0.0687368514071154,-0.0542140212081072,-0.99616067236319,-0.0895521532311265,0.99482663960788,-0.047962161942122,0.993607395861316,0.0859115651757108,-0.0732362332370707,4.63874922011945,5.96736227100645
104.8,0.0549372597145316,0.053761034716605,1.00005948057235,0.113826143732254,0.111389088146097,2.07205300679243,-0.0583934590128323,-0.0535057090985974,-0.99685873775494,-0.0888690751651295,0.994876708150442,-0.0481935997725234,0.994330172238483,0.0857757231015622,-0.0628492951638512,4.64916384290604,5.96691280176826
104.9,0.0549309161519511,0.0537605128756665,1.00005863906955,0.113813000316113,0.111388006928323,2.07205126325773,-0.0480440365970817,-0.0527989099711733,-0.997448768435409,-0.0881836729602901,0.994926805882112,-0.0484178764554109,0.994944928310452,0.0856325057619755,-0.0524563016827755,4.6595776688462,5.96644915226314
105,0.0549245917015747,0.053760000267544,1.00005780962654,0.113799896499117,0.111386944840295,2.07204954471006,-0.0376897325740888,-0.0520937018065093,-0.997930724194114,-0.0874960231202857,0.994976927243839,-0.0486349688037633,0.99545162112311,0.0854819307485686,-0.0420584060428925,4.6699906731907,5.96597137392093
105.1,0.0549182882969752,0.0537594958436475,1.00005699319521,0.113786836287492,0.111385899709408,2.07204785312168,-0.027331694784194,-0.0513901623195298,-0.998304577609958,-0.0868062023373451,0.995027066679353,-0.0488448545012781,0.995850220513101,0.0853240165033005,-0.03165676091695,4.68040283190838,5.96548064960008
105.2,0.0549120077584226,0.0537589989216805,1.00005619041575,0.113773823452711,0.111384870121993,2.07204618981904,-0.0169710682000575,-0.0506883688050117,-0.998570314055067,-0.0861142873380848,0.995077218646263,-0.0490475121435386,0.996140709117142,0.0851587822781886,-0.0212525160979429,4.69081412384042,5.96497816216109
105.3,0.0549057518778617,0.0537585089109202,1.00005540185045,0.113760861707557,0.111383854854112,2.07204455596712,-0.00660899692071334,-0.0499883982748567,-0.998727931519699,-0.085420355014477,0.99512737760641,-0.0492429211906706,0.996323082192169,0.0849862481587709,-0.0108468205015616,4.70122452854605,5.96446396303175
105.4,0.054899522447237,0.0537580252206433,1.00005462806157,0.113747954764813,0.11138285268183,2.0720429527309,0.00375337525850555,-0.0492903274972052,-0.998777440568912,-0.0847244824614008,0.995177538023101,-0.0494310619542622,0.996397347570645,0.0848064350712644,-0.000440822738517284,4.71163402558452,5.96393805221258
105.5,0.054893321258493,0.0537575472601269,1.00005386961138,0.113735106337262,0.111381862381208,2.07204138127538,0.0141149049897684,-0.0485942329869056,-0.998718864334475,-0.0840267469668299,0.995227694361814,-0.0496119155993844,0.996363525652812,0.0846193647794784,0.00996432902986533,4.72204259451508,5.96340042970357
105.6,0.0548871501035744,0.053757074438648,1.00005312706216,0.113722320137688,0.111380882728311,2.07203984276553,0.024474449516387,-0.0479001909960244,-0.998552238505034,-0.0833272260019994,0.995277841090884,-0.049785464146491,0.996221649397202,0.0844250598816146,0.0203674872358928,4.73245021489697,5.96285109550471
105.7,0.0548810107744257,0.0537566061654834,1.00005240097616,0.113709599878874,0.111379912499202,2.07203833836634,0.0348308668162926,-0.0472082775043982,-0.998277611314555,-0.0826259972115538,0.995327972682204,-0.0499516904732004,0.995971764309421,0.0842235438069537,0.0307675050495837,4.74285686628943,5.96229004961602
105.8,0.0548749050629916,0.0537561418499102,1.00005169191567,0.113696949273603,0.111378950469945,2.0720368692428,0.045183015745308,-0.0465185682102297,-0.997895043529042,-0.081923138403677,0.995378083611917,-0.0501105783159567,0.995613928429214,0.0840148408124294,0.0411632365225442,4.75326252825172,5.96171729203648
105.9,0.0548688347612165,0.0537556809012053,1.00005100044295,0.11368437203466,0.111377995416602,2.07203543655989,0.0555297561802066,-0.0458311385207299,-0.997404608431533,-0.0812187275402075,0.995428168361107,-0.0502621122715717,0.995148212315792,0.0837989759790906,0.0515535367316292,4.76366718034307,5.96113282276811
106,0.0548628016610452,0.0537552227286456,1.00005032712027,0.113671871874826,0.111377046115237,2.0720340414826,0.0658699491615432,-0.0451460635428046,-0.996806391805372,-0.0805128427267371,0.995478221416493,-0.050406277798647,0.994574699031458,0.0835759752084518,0.0619372619223748,4.77407080212273,5.96053660173287
106.1,0.0548568073037412,0.0537547669149497,1.00004967242393,0.113659451987492,0.111376101701272,2.07203268499775,0.0762024564806084,-0.0444634181104462,-0.996100491956638,-0.0798055622407821,0.995528237268427,-0.0505430612117165,0.993893484163043,0.0833458652313017,0.072313269094213,4.78447337259038,5.95992770717855
106.2,0.0548508522278445,0.0537543137366018,1.00004903648624,0.113647113488476,0.111375162747563,2.07203136737951,0.0865261391584816,-0.0437832768844233,-0.995287019862908,-0.0790969646366914,0.995578210403531,-0.0506724496641292,0.993104675967035,0.083108673644594,0.0826804144731224,4.79487486850741,5.95930521735087
106.3,0.0548449367212144,0.0537538636435275,1.00004841935354,0.113634856974201,0.111374230186325,2.07203008872391,0.0968398592626982,-0.0431057142311819,-0.994366099109679,-0.0783871286223675,0.995628135313496,-0.0507944311761719,0.992208395310341,0.0828644288750615,0.0930375553359429,4.80527526607565,5.95866909217282
106.4,0.0548390610717097,0.0537534170856528,1.00004782107219,0.11362268304109,0.111373304949771,2.07202884912697,0.107142480608822,-0.0424308041765881,-0.993337865837156,-0.0776761330111484,0.995678006498472,-0.0509089946440013,0.991204775618753,0.0826131601632367,0.103383550714902,4.81567454149691,5.95801933164643
106.5,0.0548332255671897,0.0537529745129032,1.00004724168851,0.113610592285569,0.111372387970117,2.07202764868469,0.117432868905338,-0.0417586203966361,-0.992202468714542,-0.0769640567116087,0.995727818467773,-0.051016129840498,0.990093962851584,0.0823548975591611,0.113717261543119,4.82607267097304,5.95735593576914
106.6,0.0548274304955133,0.0537525363752047,1.00004668124886,0.113598585304059,0.111371480179578,2.0720264874931,0.12770989189817,-0.0410892362082133,-0.990960068912559,-0.0762509787173548,0.995777565740574,-0.0511158274159952,0.988876115474534,0.0820896719179822,0.124037550799726,4.83646963070585,5.95667890454352
106.7,0.0548216761445398,0.0537521031224828,1.00004613979958,0.113586662692986,0.111370582510366,2.07202536564821,0.137972419514797,-0.0404227245599224,-0.989610840074211,-0.0755369780968145,0.995827242846613,-0.0512080788988822,0.987551404430794,0.0818175148954392,0.1343432836546,4.84686539689717,5.95598823796752
106.8,0.0548159628021281,0.0537516752046634,1.000045617387,0.113574825048773,0.111369695894698,2.07202428324603,0.148219324007947,-0.0397591580229652,-0.988154968283787,-0.0748221339830256,0.995876844326881,-0.0512928766960813,0.986120013110399,0.0815384589432381,0.144633327612651,4.85725994574883,5.95528393604267
106.9,0.0548102907561374,0.0537512530716722,1.00004511405747,0.113563072967844,0.111368821264788,2.07202324038259,0.158449480098845,-0.0390986087820851,-0.986592652034117,-0.0741065255634225,0.995926364734319,-0.0513702140933995,0.984582137317818,0.0812525373043166,0.154906552657682,4.86765325346264,5.95456599876745
107,0.0548046602944268,0.0537508371734349,1.00004462985733,0.113551407046622,0.11136795955285,2.07202223715391,0.16866176512,-0.0384411486265736,-0.98492410219208,-0.0733902320696223,0.995975798634509,-0.0514400852557548,0.982937985237814,0.080959784008,0.16516183139577,4.87804529624045,5.9538343531672
107.1,0.054799070885774,0.0537504280097581,1.00004416474502,0.113539826184453,0.111367111794449,2.07202127347388,0.178855058158809,-0.0377868490053493,-0.983149542141609,-0.0726733328375476,0.996025140601526,-0.0515024852215234,0.981187777576388,0.0806602338947585,0.175398038195274,4.88843604926511,5.95308732077772
107.2,0.0547935187226316,0.0537500262799717,1.00004371832743,0.113528322492366,0.111366279438546,2.07202034852799,0.189028237218511,-0.0371357812076224,-0.981269208366472,-0.0719559075086708,0.996074385204199,-0.0515574098911174,0.979331748136792,0.0803539227055946,0.185614046335824,4.89882548364375,5.95232322313839
107.3,0.054787999178371,0.0537496327332863,1.00004329012354,0.113516886384311,0.111365464037454,2.07201946131959,0.199180182384948,-0.0364880161575125,-0.979283350017751,-0.0712380358094034,0.996123527021437,-0.0516048560543615,0.977370143394567,0.0800408869969737,0.195808731188424,4.90921356946449,5.95154198727201
107.4,0.0547825076263635,0.0537492481189126,1.00004287965232,0.113505508274238,0.111364667143484,2.07201861085205,0.209309776975832,-0.0358436243402973,-0.977192228712693,-0.0705197974702481,0.996172560647792,-0.051644821397457,0.975303222299138,0.0797211641069779,0.205980971369555,4.9196002768155,5.95074361317908
107.5,0.0547770394399804,0.0537488731860613,1.00004248643276,0.113494178576099,0.111363890308948,2.07201779612874,0.219415907687254,-0.0352026757933477,-0.974996118490103,-0.0698012722151564,0.996221480694174,-0.0516773045025932,0.973131256229561,0.0793947921497157,0.216129648888299,4.92998557578493,5.94992810085911
107.6,0.0547715899925929,0.0537485086839431,1.00004210998384,0.113482887703842,0.111363135086159,2.07201701615302,0.229497464739546,-0.0345652400971388,-0.972695305763911,-0.0690825397508957,0.996270281788546,-0.0517023048474247,0.970854528948434,0.0790618100096201,0.226253649292815,4.94036943646092,5.94909545031209
107.7,0.0547661546575725,0.0537481553617686,1.00004174982454,0.113471626071418,0.111362403027429,2.07201626992825,0.239553342022491,-0.0339313863663366,-0.970290089274911,-0.0683636797564287,0.99631895857664,-0.0517198228044145,0.968473336553989,0.0787222573356351,0.236351861816162,4.95075182893164,5.94824566153903
107.8,0.0547607288082905,0.0537478139687484,1.00004140547385,0.113460384092778,0.111361695685068,2.0720155564578,0.24958243723984,-0.0333011832409645,-0.967780780040693,-0.0676447718723071,0.996367505722645,-0.0517298596400425,0.965987987430364,0.0783761745352927,0.246423179521425,4.96113272328523,5.94737873453791
107.9,0.054755307818118,0.0537474852540934,1.00004107645075,0.113449152181872,0.111361014611389,2.07201487474504,0.259583652053138,-0.0326746988776472,-0.965167701303773,-0.0669258956900795,0.996415917909911,-0.0517324175138804,0.963398802196077,0.0780236027686809,0.256466499446145,4.97151208960984,5.94649466931024
108,0.0547498870604266,0.053747169967014,1.00004076227421,0.11343792075265,0.111360361358704,2.07201422379332,0.269555892224817,-0.0320520009409374,-0.962451188477922,-0.0662071307417172,0.996464189841637,-0.0517274994775335,0.9607061136507,0.0776645839423042,0.266480722746011,4.98188989799362,5.9455934170017
108.1,0.0547444615812924,0.0537468688327197,1.00004046238629,0.113426679540931,0.111359737429596,2.0720136024466,0.27949806710787,-0.0314331566352819,-0.959631589281484,-0.0654885565362954,0.996512316238406,-0.0517151094745084,0.957910266906957,0.0772991607270725,0.276464754182397,4.99226611784259,5.94467385395946
108.2,0.0547390251176119,0.0537465824804138,1.00004017592125,0.113415415570002,0.111359144127729,2.07201300891116,0.289409087845355,-0.0308182328161592,-0.956709264300607,-0.0647702526910588,0.996560291829461,-0.0516952523459964,0.955011619949651,0.0769273766280175,0.286417500314271,5.00264071583422,5.94373485653222
108.3,0.0547335710789864,0.0537463115152985,1.00003990193643,0.113404115185023,0.111358582707041,2.07201244123386,0.299287869498675,-0.0302072958563172,-0.953684586458224,-0.0640522987788884,0.996608111363016,-0.0516679338331035,0.952010543109731,0.0765492759109508,0.296337871635444,5.01301365796383,5.94277637586515
108.4,0.0547280928750172,0.0537460565425758,1.00003963948917,0.113392764731148,0.111358054421467,2.07201189746157,0.309133331848071,-0.0296004115961277,-0.95055794077681,-0.0633347742702639,0.996655769610127,-0.0516331605751651,0.948907418828963,0.0761649035723534,0.306224783378434,5.02338491022677,5.94179841195773
108.5,0.0547225839153059,0.0537458181674479,1.0000393876368,0.113381350553536,0.111357560524944,2.07201137564115,0.318944399535854,-0.028997645335086,-0.947329724314472,-0.0626177585224978,0.996703261365383,-0.051590940108,0.945702641596359,0.0757743053325444,0.316077155658296,5.03375443861835,5.94080096481149
108.6,0.0547170376094536,0.0537455969951166,1.00003914543667,0.113369858997342,0.111357102271407,2.07201087381948,0.328720002208708,-0.0283990618234028,-0.944000346099226,-0.0619013307690004,0.9967505814476,-0.0515412808620269,0.942396617882797,0.0753775276287441,0.325893913615526,5.04412220913392,5.9397840344249
108.7,0.0547114473670618,0.0537453936307843,1.00003891194609,0.113358276407725,0.111356680914793,2.07201039004342,0.338459074659087,-0.0278047252536902,-0.940570227061479,-0.0611855701085725,0.996797724700501,-0.0514841921602435,0.938989766073839,0.0749746176080327,0.335673987558055,5.05448818776881,5.93874762079847
108.8,0.0547058065977318,0.0537452086796528,1.00003868622243,0.11334658912984,0.111356297709039,2.07200992235983,0.348160556965649,-0.027214699252744,-0.937039799964736,-0.0604705554947331,0.996844685993399,-0.0514196842160686,0.935482516400776,0.0745656231202054,0.345416313102274,5.06485234051834,5.9376917239322
108.9,0.054700108711065,0.0537450427469244,1.00003846732299,0.113334783508845,0.111355953908079,2.07200946881558,0.35782339463272,-0.0266290468734227,-0.933409509334531,-0.0597563657250791,0.996891460221869,-0.0513477681310483,0.931875310869886,0.0741505927105263,0.35511983131308,5.07521463337785,5.9366163438266
109,0.0546943471166629,0.0537448964378009,1.00003825430513,0.113322845889896,0.111355650765851,2.07200902745753,0.367446538728767,-0.0260478305866237,-0.929679811385608,-0.0590430794306818,0.996938042308422,-0.0512684558924257,0.928168603189955,0.073729575612382,0.364783488842939,5.08557503234267,5.93552167440798
109.1,0.0546885157300568,0.0537447703707177,1.00003804620265,0.113310763666403,0.111355389563709,2.07200859628379,0.377028948523518,-0.0254711121231843,-0.925851172933565,-0.0583307748794411,0.996984427215266,-0.051181760346948,0.924362857690212,0.0733026216274468,0.374406240580107,5.09593350611586,5.93441217599055
109.2,0.0546826104904993,0.0537446652170416,1.00003784195517,0.113298528424781,0.111355171692677,2.07200817309737,0.386569599038773,-0.0248989520249016,-0.921924068070177,-0.0576195294093334,0.99703060998086,-0.0510876951118445,0.920458546013697,0.0728697807685427,0.383987057231224,5.10629003423139,5.93329230888853
109.3,0.054676627843173,0.053744581661373,1.00003764047881,0.113286132799699,0.1113549985712,2.07200775565249,0.396067473529413,-0.0243314101041652,-0.917898980767694,-0.0569094199802306,0.997076585683518,-0.0509862746159483,0.916456149703597,0.0724311035677497,0.393524917770675,5.11664459893096,5.93216226702923
109.4,0.0546705642332605,0.0537445203883117,1.00003744068966,0.113273569425824,0.11135487161772,2.07200734170342,0.405521561081775,-0.0237685455897499,-0.913776405768035,-0.0562005233511734,0.997122349429778,-0.0508775141166893,0.912356161086697,0.0719866411786776,0.403018807028851,5.12699718245626,5.93102205041317
109.5,0.0546644161059444,0.053744482082458,1.00003724150384,0.113260830937825,0.111354792250682,2.07200692900439,0.414930856731154,-0.0232104171202217,-0.909556848508907,-0.0554929160711596,0.997167896354979,-0.0507614296972194,0.908159083199783,0.0715364453694187,0.412467715810145,5.137347767049,5.92987165903934
109.6,0.0546581799064072,0.053744467428412,1.00003704183744,0.11324790997037,0.111354761888528,2.07200651530964,0.424294361578315,-0.0226570827374345,-0.905240825048605,-0.0547866744699736,0.997213221623817,-0.0506380382634307,0.903865429714718,0.0710805685154288,0.421870641009957,5.14769633495087,5.92871109290823
109.7,0.0546518520798317,0.0537444771107738,1.00003684060658,0.113234799158126,0.111354781949701,2.07200609837341,0.43361108290504,-0.022108599880115,-0.900828861989479,-0.0540818746490583,0.997258320430912,-0.0505073575408675,0.89947572486219,0.0706190635923364,0.431226585730726,5.15804286840358,5.92754035201884
109.8,0.0546454290714005,0.0537445118141434,1.00003663672734,0.113221491135762,0.111354853852646,2.07200567594995,0.442880034288673,-0.0215650253775385,-0.896321496400108,-0.053378592472431,0.997303188001354,-0.0503694060715324,0.894990503354156,0.0701519841686813,0.440534559396957,5.16838734964881,5.92635943637319
109.9,0.054638907326296,0.0537445722231211,1.00003642911583,0.113207978537946,0.111354979015805,2.07200524579349,0.452100235715666,-0.0210264154432944,-0.891719275736173,-0.0526769035576435,0.99734781959126,-0.0502242032105877,0.890410310304984,0.0696793843985844,0.449793577869245,5.17872976092827,5.92516834596874
110,0.0546322832897011,0.0537446590223068,1.00003621668817,0.113194253999346,0.111355158857621,2.07200480565828,0.461270713694094,-0.0204928256691441,-0.887022757760045,-0.0519768832667885,0.997392210488316,-0.0500717691229524,0.885735701151315,0.0692013190143488,0.459002663557264,5.18907008448366,5.92396770558807
110.1,0.054625554254359,0.0537447727749721,1.00003599846724,0.113180311910716,0.111355394545155,2.07200435351984,0.470390509039696,-0.0199643105751129,-0.882232506377223,-0.0512786061090324,0.997436356049464,-0.0499121246420342,0.8809672375071,0.0687178429087212,0.468160853238587,5.19940831128024,5.92277188516193
110.2,0.0546187209032563,0.0537449135590742,1.00003577390312,0.113166153687157,0.111355686239927,2.07200388823878,0.479458699670657,-0.0194409223060431,-0.877349078673941,-0.0505821439777136,0.997480251811247,-0.0497452908041443,0.876105474255663,0.0682290098598934,0.477267220949436,5.20974446717757,5.92159525462468
110.3,0.0546117847669406,0.0537450813312417,1.00003554255271,0.113151782499855,0.111356033852075,2.07200340889697,0.48847437707765,-0.0189227120182045,-0.872373035982015,-0.0498875679289764,0.997523893375907,-0.0495712891733023,0.871150970558338,0.067734873691825,0.486320854355659,5.22007858675876,5.92043843875634
110.4,0.0546047473759591,0.0537452760481031,1.00003530397288,0.113137201519996,0.111356437291736,2.07200291457631,0.497436638627053,-0.0184097303285027,-0.86730494774367,-0.0491949487679308,0.997567276374129,-0.0493901419639962,0.866104293700903,0.067235488670306,0.495320847023549,5.23041070460693,5.91930143755639
110.5,0.0545976102608594,0.053745497666287,1.0000350577205,0.113122413918769,0.111356896469048,2.07200240435869,0.50634458762066,-0.0179020273114837,-0.862145391454018,-0.0485043570436161,0.997610396465326,-0.0492018720383773,0.860966019036204,0.0667309094980306,0.504266298479798,5.24074085530522,5.91818425102483
110.6,0.0545903749521886,0.0537457461424219,1.00003480335247,0.113107422867359,0.111357411294149,2.07200187732598,0.515197333354901,-0.0173996524963748,-0.856894952603296,-0.0478158630439934,0.997653249337932,-0.0490065029034298,0.855736729926534,0.0662211913096647,0.513156314270975,5.25106907343673,5.91708687916167
110.7,0.0545830429804944,0.0537460214331365,1.00003454042564,0.113092231536954,0.111357981677175,2.07200133256007,0.523993991179597,-0.0169026548641626,-0.851554224618855,-0.0471295367909645,0.997695830709683,-0.0488040587081161,0.850417017685762,0.0657063896669047,0.521990006022524,5.26139539358458,5.91600932196741
110.8,0.0545756158763241,0.0537463234950592,1.00003426849692,0.113076843098739,0.111358607528264,2.07200076914284,0.532733682556235,-0.0164110828447056,-0.846123808806925,-0.0464454480354192,0.997738136327897,-0.0485945642404974,0.845007481521236,0.0651865605535287,0.530766491497286,5.27171985033191,5.91495157944103
110.9,0.054568095170225,0.0537466522848188,1.00003398712316,0.113061260723902,0.111359288757554,2.07200018615619,0.541415535115788,-0.0159249843138833,-0.84060431429412,-0.0457636662523091,0.997780161969759,-0.0483780449248297,0.839508728475429,0.0646617603704396,0.539484894653561,5.28204247826182,5.91391365158407
111,0.0545604823927446,0.0537470077590437,1.00003369586127,0.113045487583629,0.111360025275182,2.07199958268199,0.550038682716053,-0.0154444065907811,-0.834996357968733,-0.0450842606357495,0.997821903442594,-0.0481545268186368,0.833921373367368,0.0641320459307017,0.548144345702686,5.29236331195745,5.91289637093648
111.1,0.0545527801334529,0.0537473897803356,1.00003339440264,0.113029529043327,0.111360816796468,2.07199895808089,0.558602275112376,-0.014969395902918,-0.829300557955666,-0.0444072993328879,0.997863356630681,-0.0479240363461705,0.82824603229067,0.0635974738496072,0.556743990820477,5.30268239762637,5.91191888596054
111.2,0.0545449952180095,0.0537477978351883,1.00003308297684,0.113013399245285,0.111361662257464,2.07199831282851,0.56710550631988,-0.0144999958376321,-0.82351751336713,-0.0437328471772406,0.997904517632546,-0.0476865994418481,0.822483302431997,0.0630580986810085,0.565283020628863,5.31299982797411,5.91100034511652
111.3,0.0545371355310969,0.0537482313160687,1.00003276194798,0.112997114526009,0.111362560399404,2.07199764767926,0.575547584863215,-0.0140362490245165,-0.81764782227524,-0.0430609680082514,0.997945382616949,-0.0474422422288812,0.816633779972585,0.0625139746523387,0.573760640320381,5.32331570733063,5.91014158094639
111.4,0.0545292089573973,0.0537486896154438,1.00003243168016,0.112980691222009,0.111363509963522,2.07199696338753,0.58392772402742,-0.0135781976803557,-0.811692087961877,-0.0423917254378065,0.997985947775692,-0.0471909912659001,0.810698066314804,0.0619651562574146,0.582176059868002,5.33363014002591,5.90934259344965
111.5,0.0545212233815932,0.0537491721257803,1.00003209253747,0.112964145669792,0.111364509691051,2.0719962607077,0.592245141853957,-0.0131258836096634,-0.805650918903374,-0.0417251828502301,0.998026209323605,-0.0469328735458526,0.804676768066844,0.0614116982554765,0.590528494021142,5.34394323038993,5.90860338262682
111.6,0.0545131866883669,0.0537496782395452,1.00003174488402,0.112947494205867,0.111365558323226,2.07199554039416,0.600499061137174,-0.0126793482051772,-0.799524928756111,-0.0410614034022659,0.99806616349852,-0.0466679164949719,0.798570497028289,0.0608536556702813,0.598817162302112,5.35425508275267,5.9079239484784
111.7,0.0545051067624007,0.0537502073492054,1.0000313890839,0.11293075316674,0.111366654601281,2.07199480320131,0.608688709421215,-0.0122386324483063,-0.793314736342979,-0.0404004500230448,0.998105806561265,-0.046396147971811,0.792379870176591,0.0602910837892468,0.607041289003019,5.3645658014441,5.90730429100286
111.8,0.0544969914883769,0.0537507588472278,1.00003102550123,0.112913938888921,0.11136779726645,2.07199404988354,0.616813318997423,-0.0118037769095313,-0.787020965640721,-0.0397423854140343,0.998145134795645,-0.0461175962663441,0.786105509654389,0.0597240381626458,0.615200103183152,5.37487549079421,5.90674441020172
111.9,0.0544888487509778,0.0537513321260793,1.00003065450009,0.112897067708917,0.111368985059968,2.07199328119523,0.624872126902218,-0.0113748217487564,-0.780644245768123,-0.0390872720489716,0.998184144508436,-0.0458322900991348,0.779748042757702,0.0591525746028488,0.623292838666856,5.38518425513296,5.90624430607398
112,0.0544806864348859,0.0537519265782267,1.00003027644458,0.112880155963237,0.111370216723067,2.07199249789078,0.6328643749155,-0.0109518067156123,-0.774185210975046,-0.0384351721737768,0.998222832029374,-0.0455402586205694,0.773308101924961,0.0585767491836144,0.631318734041922,5.39549219879033,5.90580434584037
112.1,0.0544725125977476,0.0537525416313118,1.00002989171877,0.112863220346758,0.111371491069862,2.07199170076591,0.640789313485094,-0.0105347709437405,-0.767644497358292,-0.0377861474843513,0.998261193730154,-0.0452415312598879,0.76678632146224,0.0579966179497691,0.639277036600561,5.40579943122367,5.90543297556105
112.2,0.0544643359890663,0.0537531768536752,1.00002950078645,0.112846278987836,0.111372807205986,2.07199089078161,0.648646213232157,-0.0101237523570316,-0.761022732707635,-0.0371402581726373,0.998299226080122,-0.0449361372472103,0.760183327416784,0.0574122360306909,0.647167013893247,5.41610608239974,5.90513864129565
112.3,0.0544561655313093,0.0537538318488323,1.00002910413142,0.112829350373197,0.111374164309949,2.07199006894024,0.656434352689807,-0.00971878833015357,-0.754320545764271,-0.0364975639154846,0.998336925586923,-0.0446241060177761,0.753499746806161,0.0568236584799348,0.654987941415723,5.42641228741268,5.90492171026491
112.4,0.0544480101469443,0.0537545062202987,1.00002870223742,0.112812452989569,0.111375561560265,2.07198923624411,0.664153014287243,-0.00931991590180579,-0.747538569426857,-0.0358581242016119,0.998374288777063,-0.0443054673560291,0.74673621081471,0.0562309405619153,0.662739098576213,5.4367181813566,5.90478218246936
112.5,0.0544398787584388,0.0537551995715898,1.00002829558824,0.112795605323675,0.111376998135444,2.07198839369556,0.671801484326819,-0.00892717177599589,-0.740677440766468,-0.0352219983334143,0.998411312195794,-0.0439802513962141,0.739893354808437,0.0556341377533174,0.670419768672405,5.44702389932565,5.90472005790795
112.6,0.0544317802882601,0.053755911506221,1.00002788466764,0.112778825862243,0.111378473213999,2.07198754229692,0.679379052962105,-0.00854059232322823,-0.733737801042771,-0.0345892454287251,0.998447992407012,-0.0436484886230744,0.732971818351145,0.055033305744573,0.678029238869416,5.45732957641394,5.90473533658122
112.7,0.0544237236588759,0.0537566416277078,1.00002746995938,0.112762133091998,0.111379985974441,2.07198668305054,0.686885014177005,-0.0081602135816013,-0.726720295721372,-0.0339599244225285,0.998484325993154,-0.0433102098726459,0.725972245221725,0.0544285004413968,0.685566800178822,5.46763534771562,5.90482801848915
112.8,0.0544157177927536,0.0537573895395656,1.00002705194723,0.112745545499667,0.111381535595282,2.07198581695873,0.694318665765895,-0.00778607125781456,-0.719625574492344,-0.0333340940686241,0.998520309555102,-0.0429654463331499,0.718895283432637,0.0538197779663842,0.693031747438714,5.47794134832481,5.90499810363174
112.9,0.0544077716123607,0.0537581548453099,1.00002663111497,0.112729081571975,0.111383121255035,2.07198494502384,0.701679309314853,-0.00741820072808218,-0.712454291289896,-0.0327118129412378,0.998555939712092,-0.0426142295459818,0.71174158524954,0.0532071946606663,0.700423379294848,5.48824771333563,5.90524559200849
113,0.0543998940401647,0.0537589371484562,1.00002620794636,0.112712759795649,0.111384742132211,2.07198406824819,0.708966250183974,-0.00705663703895354,-0.705207104313177,-0.032093139436581,0.998591213101629,-0.0422565914067947,0.704511807212043,0.0525908070856218,0.707740998182883,5.49855457784223,5.90557044242384
113.1,0.0543920940284012,0.0537597360877128,1.00002578287727,0.112696598719091,0.111386397478239,2.0719831875349,0.71617879709039,-0.00670141492768456,-0.69788467645889,-0.0314781318085706,0.998626126377468,-0.0418925641871703,0.697206610565336,0.0519706720593541,0.714983909909653,5.50886207636351,5.90597170735441
113.2,0.0543843806483782,0.05376055144256,1.00002535615202,0.112680617137416,0.111388086836217,2.07198230339016,0.723316260925573,-0.00635256887893658,-0.690487676609284,-0.0308668482712267,0.998660676203888,-0.0415221806001828,0.689826662545345,0.0513468467642512,0.722151422465482,5.51917034111753,5.90644843927937
113.3,0.0543767630011718,0.0537613830276708,1.00002492796704,0.112664833907413,0.111389809822162,2.07198141622095,0.730377956002741,-0.00601013306130294,-0.683016778480472,-0.030259346894345,0.998694859261734,-0.0411454737451597,0.682372635230037,0.0507193886474528,0.729242847276848,5.52947950374716,5.90700059700114
113.4,0.0543692501878581,0.0537622306577183,1.00002449851874,0.112649267885872,0.111391566052089,2.07198052643423,0.737363200455012,-0.00567414130726763,-0.675472660242564,-0.0296556855699787,0.998728672250339,-0.0407624770892248,0.674845205160499,0.0500883553882555,0.736257499606207,5.53978969589524,5.90762818052022
113.5,0.0543618513095132,0.0537630941473757,1.00002406800354,0.112633937929585,0.111393355142014,2.07197963443698,0.744271316225944,-0.00534462711342451,-0.667856004543134,-0.029055922013492,0.998762111887483,-0.0403732244687089,0.667245053364389,0.0494538048998591,0.743194698542502,5.55010104920461,5.90833118983711
113.6,0.0543545754672132,0.053763973311316,1.00002363661788,0.112618862895342,0.111395176707953,2.07197874063618,0.751101629061242,-0.00502162364060138,-0.660167498531669,-0.0284601137645512,0.99879517490935,-0.0399777500906461,0.659572865380359,0.048815795331158,0.750053766992826,5.56041369531813,5.9091096249503
113.7,0.0543474317620341,0.0537648679642124,1.00002320455816,0.112604061639934,0.11139703036592,2.07197784543879,0.757853468501644,-0.00470516371388758,-0.65240783388495,-0.0278683181880543,0.998827858070494,-0.0395760885343553,0.651829331283425,0.0481743850685744,0.756834031675286,5.57072776587866,5.90996348586181
113.8,0.0543404292950522,0.053765777920738,1.00002277202082,0.11258955302015,0.111398915731932,2.0719769492518,0.764526167877006,-0.0043952798225648,-0.644577706833381,-0.0272805924749961,0.998860158143811,-0.0391682747531053,0.644015145711273,0.0475296327379343,0.763534823113055,5.58104339252904,5.91089277256961
113.9,0.0543335771673435,0.0537667029955659,1.00002233920227,0.112575355892781,0.111400832422005,2.07197605248216,0.771119064301608,-0.00409200411993914,-0.636677818188207,-0.0266969936432674,0.998892071920516,-0.0387543440758632,0.636131007891475,0.0468815972063821,0.770155475629664,5.59136070691211,5.91189748507574
114,0.054326884479984,0.0537676430033692,1.00002190629894,0.112561489114619,0.111402780052154,2.07197515553686,0.777631498670693,-0.00379536842307459,-0.628708873369626,-0.0261175785383866,0.998923596210126,-0.0383343322091237,0.62817762166959,0.0462303375843329,0.776695327345527,5.60167984067074,5.91297700561114
114.1,0.0543203602845915,0.053768597460279,1.00002147341718,0.112547971439978,0.111404757619837,2.07197425863626,0.784062810318025,-0.00350540445193845,-0.620671589180485,-0.025542404313019,0.998954727814601,-0.0379082755973697,0.620155702270091,0.0455759137756359,0.783153714813002,5.61200091682211,5.91411712554597
114.2,0.0543140134349498,0.0537695646882584,1.00002104030307,0.112534821213277,0.111406761648279,2.07197336125424,0.790412321551805,-0.00322214450216883,-0.612566714508626,-0.0249715298344328,0.998985463453485,-0.0374762125401512,0.612065996961777,0.0449183881437624,0.789529957487208,5.62232402388085,5.91530363624733
114.3,0.0543078527353844,0.0537705427107284,1.00002060661262,0.11252205667646,0.111408788042148,2.0719724626781,0.796679354667102,-0.00294562064598857,-0.604395010871384,-0.0244050141950778,0.999015799846257,-0.0370381821865099,0.603909265642901,0.0442578239021416,0.795823374810076,5.6326492417359,5.9165359199472
114.4,0.0543018869902205,0.0537715295511102,1.00002017200186,0.112509696071472,0.11141083270611,2.07197156219511,0.802863237459618,-0.0026758644792422,-0.596157245770904,-0.0238429162238387,0.999045733739026,-0.0365942241862541,0.595686274209675,0.0435942845696491,0.802033291747329,5.64297665027621,5.9178139766476
114.5,0.0542961250037838,0.0537725232328248,1.00001973612678,0.112497757640255,0.111412891544834,2.07197065909256,0.808963303262114,-0.00241290711915066,-0.587854192682576,-0.02328529448338,0.999075261904702,-0.03614437868983,0.587397794544779,0.042927833969185,0.808159038825059,5.65330632939074,5.91913780634752
114.6,0.0542905755803995,0.0537735217792932,1.0000192986434,0.112486259624754,0.111414960462986,2.07196975265774,0.814978890981395,-0.0021567792020268,-0.579486631043555,-0.0227322072674559,0.999104381143176,-0.0356886863482093,0.579044604505978,0.0422585362262483,0.814199952166868,5.66363835896845,5.92050740904695
114.7,0.0542852475243932,0.0537745232139366,1.00001885920775,0.112475220266913,0.111417035365233,2.07196884217792,0.820909345135864,-0.0019075108809509,-0.571055346241365,-0.0221837125981823,0.999133088281504,-0.0352271883127917,0.570627487914811,0.0415864557675056,0.820155373531582,5.6739728188983,5.9219227847459
114.8,0.0542801496400901,0.0537755255601761,1.00001841747582,0.112464657808676,0.111419112156244,2.07196792694038,0.826754015893657,-0.00166513182340635,-0.562561129602572,-0.0216398682232716,0.999161380174091,-0.0347599262353237,0.562147234545355,0.0409116573193557,0.826024650351545,5.68430978906923,5.92338393344487
114.9,0.0542752907318159,0.0537765268414326,1.00001797310363,0.112454590491986,0.111421186740685,2.07196700623242,0.832512259111352,-0.00142967120887514,-0.554004778381511,-0.0211007316132299,0.999189253702875,-0.0342869422678299,0.553604640113049,0.0402342059064867,0.831807135771493,5.69464934937021,5.92489085514386
115,0.0542706796038958,0.0537775250811273,1.0000175257472,0.112445036558788,0.111423255023223,2.07196607934131,0.838183436373287,-0.0012011577263925,-0.545387095749051,-0.0205663599585137,0.999216705777523,-0.0338082790625584,0.545000506263549,0.0395541668504256,0.837502188688032,5.70499157969018,5.92644266262029
115.1,0.0542663245525418,0.0537785181869088,1.00001707499066,0.11243601319825,0.111425312668654,2.07196514540543,0.843766908398992,-0.000979619833126418,-0.536708901207898,-0.0200368107977803,0.999243733303513,-0.0333239803551572,0.536335650972282,0.038871606586807,0.843109167129322,5.71533654753017,5.92801894979611
115.2,0.0542622318415122,0.0537795036033364,1.00001662013067,0.112427533388439,0.111427354382283,2.07196420296746,0.8492620160498,-0.000765086467276513,-0.527971062405628,-0.0195121438599743,0.9992703330902,-0.032834092766348,0.527610940312099,0.0381865951414769,0.848627409181723,5.72568427083942,5.92959931058921
115.3,0.0542584072264517,0.053780478659197,1.00001616039199,0.112419609054647,0.111429374629545,2.07196325042122,0.854668101798137,-0.000557586142918603,-0.519174464767348,-0.0189924190814403,0.999296501954734,-0.0323386641416772,0.518827258137238,0.0374992037078987,0.85405625454947,5.73603475517925,5.93118285777853
115.4,0.054254856463005,0.0537814406832773,1.00001569499941,0.112412252122166,0.111431367875874,2.07196228616047,0.859984516658445,-0.000357146667767278,-0.510320001130662,-0.0184776959558148,0.999322236755616,-0.0318377429777559,0.509985495734835,0.0368095038272847,0.859395051514775,5.74638800611097,5.93276959136457
115.5,0.0542515853068169,0.0537823870043642,1.00001522317769,0.112405474516286,0.111433328586704,2.07196130857902,0.865210620271341,-0.000163795138915901,-0.501408571666693,-0.0179680335269647,0.999347534393103,-0.0313313784184477,0.501086551746158,0.0361175673817959,0.864643157022344,5.75674402919589,5.93435951134785
115.6,0.0542485995135322,0.0537833149512445,1.00001474415162,0.112399288162301,0.111435251227467,2.07196031607064,0.870345780987104,2.24420613611637e-05,-0.492441083800185,-0.0174634903819548,0.999372391809612,-0.0308196202509817,0.4921313320869,0.0354234665876905,0.86979993676321,5.76710282999531,5.93595261772734
115.7,0.0542459048387955,0.0537842218527052,1.00001425714597,0.112393704985501,0.1114371302636,2.07195930702914,0.875389375948484,0.000201539269744019,-0.483418452128636,-0.0169641246440437,0.999396805990121,-0.0303025189019884,0.483120749866516,0.0347272739884196,0.874864765257893,5.77746441407056,5.93754891050356
115.8,0.0542435070382517,0.0537851050375329,1.00001376138552,0.112388736911178,0.111438960160534,2.07195827984829,0.880340791172822,0.00037347154593958,-0.474341598340493,-0.0164699939657093,0.999420773962567,-0.0297801254334608,0.474055725306612,0.0340290624476716,0.879837025938869,5.78782878698294,5.93914838967599
115.9,0.0542414118675455,0.0537859618345146,1.00001325609503,0.112384395864625,0.111440735383705,2.07195723292189,0.885199421633469,0.000538214676690024,-0.465211451132422,-0.015981155521705,0.999444292798239,-0.0292524915386402,0.464937185658411,0.0333289051423675,0.884716111232325,5.79819595429376,5.94075105524616
116,0.0542396250823217,0.0537867895724371,1.00001274049929,0.112380693771132,0.111442450398546,2.07195616464373,0.889964671340495,0.000695745179717084,-0.456028946125626,-0.0154976660021466,0.999467359612171,-0.0287196695378248,0.455766065119256,0.0326268755556037,0.889501422639216,5.80856592156434,5.94235640664973
116.1,0.0542381517602269,0.0537875857508116,1.00001221379458,0.112377641151227,0.11144410002422,2.07195507334856,0.894635950305386,0.000846040208788477,-0.446795032019319,-0.0150195819258877,0.999489971548444,-0.0281817127382492,0.446543310978847,0.0319230479443107,0.894192367687174,5.81893868736682,5.94395293096015
116.2,0.0542369942669161,0.0537883485520474,1.00001167506324,0.112375242906381,0.111445680494807,2.07195395713506,0.899212665792131,0.000989077300469699,-0.437510689475244,-0.0145469605641715,0.999512125737845,-0.0276386765486203,0.437269902482842,0.0312174987644511,0.898788351144772,5.82931422231668,5.94552911524731
116.3,0.0542361542900461,0.0537890763292779,1.00001112335911,0.1123735025333,0.111447188398115,2.07195281404284,0.903694232656988,0.00112483474352722,-0.428176912746702,-0.0140798589191327,0.999533819347907,-0.0270906174275055,0.4279468324866,0.030510305252257,0.903288785404812,5.83969249004025,5.94708445894993
116.4,0.0542356335172736,0.0537897674356367,1.00001055773603,0.112372423528691,0.111448620321952,2.07195164211156,0.908080076690248,0.00125329169188344,-0.418794703378837,-0.0136183333872191,0.999555049599093,-0.0265375925190802,0.418575101163444,0.0298015449413154,0.907693093840161,5.85007345416384,5.9486189620685
116.5,0.0542354336362555,0.0537904202242574,1.00000997724786,0.11237200938926,0.111449972854127,2.07195043938083,0.912369634712748,0.00137442816882009,-0.409365070079672,-0.0131624397504117,0.999575813765262,-0.0259796596461724,0.409155715875928,0.0290912956521866,0.912000710900674,5.86045707831376,5.95013262460201
116.6,0.0542355563346487,0.0537910330482735,1.00000938094843,0.112372263611713,0.111451242582448,2.0719492038903,0.916562354670777,0.00148822507104907,-0.399889028589807,-0.0127122331675291,0.999596109174125,-0.0254168773031886,0.399689691045761,0.0283796354819591,0.916211082208492,5.87084332611634,5.95162544655097
116.7,0.05423600330011,0.0537916042608186,1.0000087678916,0.112373189692757,0.111452426094723,2.0719479336796,0.920657695729344,0.00159466417265027,-0.390367601550782,-0.0122677681656187,0.999615933207699,-0.0248493046489202,0.390178048022398,0.027666642793745,0.920323664651711,5.8812321611979,5.95309742791538
116.8,0.0542367762202962,0.0537921322150262,1.0000081371312,0.112374791129099,0.111453519978762,2.07194662678837,0.924655128363811,0.00169372812887508,-0.380801818372142,-0.0118290986314346,0.999635283302752,-0.0242770014992338,0.380621814950315,0.0269523962061162,0.924337926476392,5.89162354718475,5.95454856869473
116.9,0.0542378767828641,0.0537926152640299,1.00000748772109,0.112377071417444,0.111454520822372,2.07194528125623,0.928554134449842,0.00178540047981504,-0.371192715097199,-0.0113962778030049,0.999654156951235,-0.0237000283196445,0.371022026634997,0.0262369745824836,0.928253347376899,5.90201744770321,5.95597886889004
117,0.0542393066754706,0.0537930517609633,1.00000681871511,0.112380034054499,0.111455425213361,2.07194389512282,0.93235420735168,0.00186966565393438,-0.361541334267553,-0.0109693582612907,0.999672551700711,-0.0231184462177735,0.361379724407659,0.0255204570204205,0.932069418584535,5.9124138263796,5.95738851647566
117.1,0.0542410674537611,0.0537934401890089,1.00000612915735,0.112383682263453,0.111456230008992,2.07194246640756,0.936054852930042,0.00194650898992092,-0.351848722335138,-0.0105483918164541,0.999690465159235,-0.0225323167872052,0.351695953539707,0.0248029226597303,0.935785643879693,5.92281264946486,5.95878183488642
117.2,0.0542431601453357,0.0537937795515455,1.00000541805283,0.11238801817342,0.111456933144333,2.07194099304894,0.939655592187129,0.00201591678025366,-0.342115922095115,-0.0101334291956206,0.999707895008155,-0.0219417016455354,0.341971755681946,0.0240844501265741,0.939401542247993,5.93321389370849,5.9601631475587
117.3,0.054245585645783,0.053794068982001,1.00000468439684,0.112393043639997,0.111457532823909,2.07193947296527,0.943155958226215,0.00207787619254936,-0.332343979775351,-0.00972452037322055,0.999724838987396,-0.0213466628571354,0.332208175946802,0.0233651180641961,0.942916644827073,5.94361753848458,5.96153264246684
117.4,0.0542483448506917,0.053794307613803,1.00000392718466,0.112398760518781,0.111458027252243,2.07193790407481,0.946555495355009,0.00213237525021067,-0.322533947343572,-0.00932171467225269,0.99974129489112,-0.0207472630723879,0.322406265213322,0.022645005303997,0.946330494006179,5.95402356316725,5.96289031961034
117.5,0.0542514386556505,0.0537944945803793,1.00000314541157,0.112405170665369,0.111458414633858,2.07193628429586,0.949853759159549,0.00217940283517075,-0.312686882381969,-0.00892506075708872,0.999757260568085,-0.0201435655205685,0.312567080001966,0.0219241908557924,0.949642643500366,5.96443194713061,5.96423617899021
117.6,0.0542548679562479,0.0537946290151578,1.00000233807283,0.112412275935358,0.111458693173278,2.0719346115467,0.953050316576639,0.00221894869052235,-0.302803847960815,-0.0085346066263583,0.999772733921989,-0.019535634002634,0.302691682348394,0.0212027538980289,0.952852658423242,5.97484266974877,5.96557022060543
117.7,0.0542586336480727,0.0537947100515663,1.00000150416373,0.112420078184344,0.111458861075024,2.07193288374562,0.956144745964818,0.00225100342303081,-0.292885912511104,-0.00815039960591501,0.999787712911824,-0.0189235328839197,0.292781139676272,0.0204807737679608,0.955960115358235,5.98525571039584,5.96689244445703
117.8,0.0542627366267136,0.0537947368230324,1.00000064267955,0.112428579267924,0.111458916543622,2.07193109881089,0.959136637173843,0.00227555850553029,-0.282934149696249,-0.00777248634188604,0.999802195552202,-0.0183073270867458,0.282836524669139,0.0197583299517902,0.958964602428369,5.99567104844593,5.968202850545
117.9,0.0542671777877591,0.0537947084629841,0.99999975261556,0.112437781041695,0.111458857783594,2.07192925466082,0.962025591612676,0.00229260627920262,-0.272949638282832,-0.00740091279380507,0.999816179913693,-0.0176870820829342,0.272858915141321,0.0190355020747686,0.961865719364539,6.00608866327315,5.96950143886782
118,0.054271958026798,0.0537946241048491,0.999998832967038,0.112447685361254,0.111458682999463,2.07192734921367,0.964811222315965,0.0023021399557384,-0.262933462010445,-0.00703572422783093,0.999829664123139,-0.0170628638862368,0.262849393907926,0.0183123698912654,0.964663077572269,6.01650853425161,5.97078827524413
118.1,0.0542770778633155,0.0537944830439189,0.999997882772668,0.112458293302938,0.111458390731122,2.07192538047767,0.967493154240867,0.00230415361922549,-0.252886708573535,-0.00667696517870683,0.999842646365098,-0.0164347389891266,0.2528090477674,0.0175890132110187,0.967356300429786,6.0269306416744,5.97206487345309
118.2,0.0542825363123832,0.0537942852229394,0.999996901244747,0.112469602826045,0.111457980859946,2.07192334682075,0.970071024952192,0.00229864222230264,-0.242810466809274,-0.0063246793537495,0.999855124885153,-0.015802774185814,0.242738964691036,0.0168655116978235,0.969945023976047,6.03735496951049,5.97333274727639
118.3,0.0542883320129695,0.0537940307465203,0.999995887638982,0.112481611110611,0.111457453602679,2.0719212467008,0.972544483858618,0.00228560157913607,-0.232705829195567,-0.00597890972856899,0.999867097986222,-0.0151670367266937,0.232640236319156,0.0161419450510991,0.972428896143741,6.04778150264783,5.97459196253014
118.4,0.0542944636040424,0.0537937197192714,0.999994841211075,0.112494315336676,0.111456809176063,2.07191907857567,0.974913192021234,0.00226502836593298,-0.222573892605287,-0.00563969857333742,0.999878564027626,-0.0145275943656757,0.222513958714886,0.0154183930600187,0.974807576567025,6.05821022597435,5.97584251921434
118.5,0.0543009297245704,0.0537933522458023,0.999993761216731,0.112507712684276,0.111456047796844,2.07191684090324,0.977176822210897,0.0022369201225158,-0.212415758177633,-0.00530708744664778,0.999889521425371,-0.013884515352553,0.212361232235657,0.0146949355938408,0.97708073663912,6.068641124378,5.97708441732898
118.6,0.0543077290135215,0.0537929284307227,0.999992646911654,0.11252180033345,0.111455169681765,2.07191453214138,0.979335058964119,0.00220127525378453,-0.202232531188734,-0.00498111718945779,0.999899968652414,-0.0132378684252927,0.202183161403936,0.013971652592215,0.979248059568439,6.07907418274674,5.97831765687509
118.7,0.0543148601098641,0.0537924483786424,0.999991497551547,0.112536575464235,0.11145417504757,2.07191215074796,0.981387598637495,0.00215809303106683,-0.192025320921488,-0.00466182791911891,0.99990990423893,-0.0125877228022491,0.191980854777198,0.0132486240554632,0.981309240433235,6.08950938596851,5.97954223785115
118.8,0.0543223216525664,0.0537919121941708,0.999990312392115,0.112552035256669,0.111453064111002,2.07190969518085,0.983334149460639,0.00210737359335528,-0.181795240534676,-0.00434925902349222,0.999919326772565,-0.0119341481743017,0.181755424817168,0.0125259300348375,0.983263986234772,6.09994671893125,5.98075816025765
118.9,0.0543301122805965,0.0537913199819179,0.999989090689062,0.11256817689079,0.111451837088807,2.07190716389793,0.985174431587634,0.00204911794843157,-0.171543406931353,-0.00404344915515168,0.99992823489869,-0.0112772146969181,0.171507987758332,0.0118036506227564,0.98511201594898,6.1103861665229,5.9819654240951
119,0.0543382306329229,0.0537906718464931,0.999987831698093,0.112584997546636,0.111450494197727,2.07190455535706,0.986908177146982,0.00198332797387719,-0.161270940626539,-0.00374443622567594,0.999936627320636,-0.0106169929821429,0.161239663475748,0.0110818659430198,0.986853060576623,6.12082771363142,5.98316371511098
119.1,0.0543466746227618,0.0537899681728189,0.999986534801965,0.112602492900537,0.111449036235295,2.07190186827937,0.988535129629022,0.00191000645035427,-0.150978969941816,-0.00345225752133313,0.999944502796736,-0.00995355436988929,0.150951579678182,0.0103606564438528,0.988486862528134,6.13127134075695,5.98434580550442
119.2,0.0543554392603224,0.0537892104670682,0.999985199891656,0.112620652613998,0.111447466322195,2.07189910243897,0.990055042310896,0.00182915718477635,-0.140668643907461,-0.0031669500381248,0.999951860132696,-0.00928697176791841,0.140644884806475,0.00964010379381226,0.990013174041951,6.14171701084851,5.98550446747611
119.3,0.054364518830062,0.0537884005157263,0.999983826985202,0.112639464844815,0.1114457881599,2.07189625787322,0.991467680918941,0.00174078495790139,-0.130341119225469,-0.00288855007123471,0.999958698194482,-0.00861731882218046,0.130320735002929,0.00892028995758994,0.99143175985812,6.15216468246732,5.98663938677301
119.4,0.0543739076164379,0.0537875401052789,0.999982416100633,0.112658917750786,0.111444005449882,2.07189333461948,0.992772824427833,0.00164489549860207,-0.119997555793365,-0.00261709308179866,0.999965015912193,-0.00794466962990422,0.119980289637025,0.00820129688072561,0.992742398020801,6.16261431417457,5.98775056339561
119.5,0.0543835999039073,0.0537866310222114,0.999980967255984,0.112678999489706,0.111442121893614,2.07189033271512,0.993970265106537,0.00154149548404455,-0.109639116540192,-0.00235261369090215,0.99997081228028,-0.00726909872938191,0.109624711141524,0.0074832064777602,0.993944879924409,6.1730658645315,5.98883799734393
119.6,0.0543935899769277,0.0537856750530093,0.999979480469288,0.112699698219374,0.111440141192567,2.07188725219751,0.995059808562091,0.00143059253970971,-0.0992669672618232,-0.00209514567371133,0.999976086357759,-0.00659068108966971,0.0992551648478833,0.00676610062038159,0.995039010357591,6.18351929209931,5.98990168861693
119.7,0.0544038721199562,0.0537846739841582,0.999977955758577,0.112721002097585,0.111438067048216,2.071884093104,0.996041273781222,0.00131219523925636,-0.0888822764556243,-0.00184472195373862,0.99998083726841,-0.00590949210020563,0.0888728188210172,0.00605006112556484,0.996024607545006,6.19397455543923,5.99094163721666
119.8,0.0544144406174502,0.0537836296021434,0.999976393141885,0.112742899282138,0.111435903162031,2.07188085547196,0.996914493169772,0.00118631310422635,-0.0784862151544769,-0.00160137459724396,0.999985064200973,-0.00522560756034578,0.0784788436934146,0.00533516974370845,0.996901503186925,6.20443161311247,5.99195784314058
119.9,0.0544252897538669,0.0537825436934506,0.999974792637245,0.112765377930828,0.111433653235486,2.07187753933876,0.997679312589932,0.00105295660359155,-0.0680799567602142,-0.00136513480777303,0.999988766409323,-0.00453910366882175,0.0680744124986642,0.00462150814676957,0.997669542496618,6.21489042368024,5.99295030639122
120,0.0544364138136638,0.0537814180445653,0.99997315426269,0.112788426201454,0.111431320970053,2.07187414474175,0.99833559139527,0.000912137153142422,-0.0576646768764904,-0.00113603292083369,0.999991943212643,-0.00385005701312062,0.0576607005044075,0.00390915791640021,0.998328584235534,6.22535094570376,5.99391858642767
120.1,0.0544478063968553,0.0537802546345576,0.999971478191085,0.112812030833694,0.111428910466227,2.0718706720391,0.998883202173585,0.000763867204072048,-0.0472415592708255,-0.000914098527072,0.999994593994178,-0.0031585449660315,0.0472388911737689,0.00319820094962485,0.998878500455065,6.23581313159316,5.99485255086172
120.2,0.0544594583656853,0.0537790562128375,0.999969765214624,0.11283617289476,0.111426427420591,2.07186712287218,0.999322030419723,0.000608160544939359,-0.0368118141165796,-0.000699360818247292,0.999996718199649,-0.00246464690715,0.036810194406549,0.00248872069196257,0.99931917616799,6.24627690915427,5.99574206730211
120.3,0.0544713598979552,0.0537778257213993,0.999968016280334,0.112860832033745,0.111423877928752,2.07186349920316,0.999651976331008,0.000445032093215116,-0.0263766594538894,-0.000491848137257621,0.99999831534595,-0.00176844300757108,0.0263758280044499,0.00178080085836666,0.999650511151464,6.2567422000418,5.99658669521095
120.4,0.054483501171466,0.0537765661022375,0.999966232335241,0.112885987899744,0.111421268086315,2.07185980299422,0.999872955252852,0.000274497812810558,-0.0159373148578556,-0.000291587835724979,0.999999385023299,-0.00107001381182526,0.0159370113403273,0.00107452499933776,0.999872420394504,6.26720892591049,5.99738643458776
120.5,0.054495872364019,0.0537752802973468,0.999964414326371,0.112911620141851,0.111418603988887,2.07185603620752,0.999984897703371,9.65747120067045e-05,-0.00549500122870634,-9.86062686136798e-05,0.99999992689536,-0.000369440224199542,0.005494965148413,0.000369976486370882,0.999984834122707,6.27767700841508,5.99814128543253
120.6,0.0545084636534154,0.0537739712487215,0.99996256320075,0.112937708409159,0.111415891732074,2.07185220080525,0.999987749394853,-8.87191588346008e-05,0.00494905941843363,8.70712109471455e-05,0.999999940699345,0.00033319650502416,-0.00494908868586481,-0.000332761502568729,0.999987697819809,6.2881463692103,5.99885124774576
120.7,0.0545212652174564,0.0537726418983563,0.999960679905404,0.112964232350763,0.111413137411481,2.07184829874956,0.999881471252092,-0.000281364709777754,0.0153936441641455,0.00026542025663628,0.999999426246106,0.00103781479341171,-0.0153939273364404,-0.00103360599753907,0.999880972246098,6.29861692995088,5.99951632152696
120.8,0.0545342672339433,0.0537712951882456,0.999958765387361,0.112991171615756,0.111410347122715,2.07184433200264,0.999666039427563,-0.000481341814037607,0.0258375293956094,0.000436417533706441,0.999998383420207,0.00174433274029512,-0.025838327247467,-0.00173247425107876,0.999664633453651,6.30908861229154,6.00013650677662
120.9,0.0545474598806771,0.053769934060384,0.999956820593645,0.113018505853232,0.111407526961381,2.07184030252664,0.999341445313444,-0.000688629310920994,0.0362794910177701,0.000600040723542825,0.99999681217998,0.00245266814076567,-0.036281064344454,-0.00242928375262694,0.999338672798408,6.31956133788703,6.00071180349424
121,0.0545608333354592,0.0537685614567659,0.999954846471283,0.113046214712286,0.111404683023086,2.07183621228376,0.998907695550479,-0.000903205008984292,0.0467183046646943,0.00075626852801255,0.999994712557569,0.00316273849973619,-0.046720914245603,-0.00312395224290025,0.998903096949068,6.33003502839208,6.00124197107772
121.1,0.0545743769603617,0.0537671803570476,0.999952844113583,0.113074276151877,0.111401821481469,2.07183206353923,0.998364812225272,-0.00112504561709792,0.0571527425654919,0.000905080627069767,0.99999208465989,0.00387446081755811,-0.0571566491272576,-0.00381639750651565,0.998357928085221,6.34050960210198,6.00172147569576
121.2,0.0545880768545411,0.0537657938915318,0.999950815198977,0.113102661370435,0.111398948822295,2.07182785977067,0.997712833727342,-0.00135412651260666,0.0675815637370513,0.00104645756220642,0.99998892867277,0.00458775091489298,-0.0675870279145915,-0.00450653672729471,0.997703204758007,6.35098496387432,6.00214478351347
121.3,0.0546019183014245,0.0537644052281828,0.999948761552179,0.113131339876255,0.111396071609366,2.07182360475874,0.996951814662558,-0.00159042192989754,0.0780035242737002,0.00118038091337524,0.999985244860536,0.00530252412655568,-0.0780108065714755,-0.005194287179033,0.996938981803184,6.36146101520726,6.00251165392877
121.4,0.0546158865844395,0.0537630175349653,0.999946684997904,0.11316028117763,0.111393196406481,2.07181930228412,0.996081825726098,-0.00183390503257457,0.0884173809298506,0.00130683335407538,0.999981033565399,0.00601869554482434,-0.0884267416834268,-0.00587956646429904,0.996065330213558,6.37193765759894,6.00282208694318
121.5,0.0546299669870134,0.0537616339798435,0.999944587360864,0.113189454782858,0.111390329777439,2.0718149561275,0.995102953693373,-0.00208454791821813,0.0988218913535888,0.00142579865489055,0.999976295207405,0.00673618003531844,-0.0988335906912198,-0.00656229252999002,0.995082337129863,6.38241479254752,6.00307608255568
121.6,0.0546441447925734,0.053760257730782,0.999942470465775,0.113218830200231,0.111387478286041,2.07181057006955,0.994015301407281,-0.00234232162338822,0.109215814320108,0.00153726168677779,0.99997103028438,0.00745489225293171,-0.10923011212435,-0.00724238368281218,0.993990105827967,6.39289232155114,6.00327364076729
121.7,0.054658405284547,0.053758891955745,0.99994033613735,0.113248376938047,0.111384648496087,2.07180614789095,0.992818987761799,-0.00260719612887059,0.119597909964946,0.00164120842410651,0.999965239371844,0.00817474665781714,-0.11961506583431,-0.00791975860468316,0.992788755702389,6.40337014610797,6.00341476157649
121.8,0.0546727337463616,0.0537575398226971,0.999938186200302,0.113278064504599,0.111381846971376,2.07180169337238,0.991514147681915,-0.00287914036516406,0.12996694001693,0.00173762594744636,0.99995892312292,0.00889565753141785,-0.129987213227584,-0.00859433636805036,0.991478422246152,6.41384816771615,6.00349944498479
121.9,0.0546871154614444,0.0537562044996026,0.999936022479346,0.113307862408183,0.111379080275708,2.07179721029453,0.990100932099909,-0.0031581222182078,0.140321668030797,0.00182650244610348,0.999952082268216,0.00961753899254099,-0.140345317498322,-0.00926603645112249,0.990059257026963,6.42432628787384,6.00352769099068
122,0.0547015357132229,0.0537548891544261,0.999933846799197,0.113337740157093,0.111376354972882,2.07179270243806,0.988579507927982,-0.00344410853534736,0.150660859619429,0.00190782722040452,0.999944717615692,0.0103403050134708,-0.150688143860642,-0.00993477875301071,0.988531427659719,6.43480440807918,6.0034995070107
122.1,0.0547159792346754,0.0537535968087228,0.999931661109114,0.113367666119134,0.11137367732335,2.07178817384172,0.986950058010608,-0.00373706513446574,0.160983282787496,0.00198159068441875,0.99993683005043,0.0110638694432664,-0.16101445988239,-0.0106004836153347,0.986895117758672,6.44528242993386,6.00341506357346
122.2,0.0547304285569845,0.053752329898412,0.999929467856555,0.113397604100143,0.111371052374164,2.07178362957645,0.985212781031475,-0.0040369568197551,0.17128770846696,0.00204778436921115,0.999928420534184,0.0117881460454507,-0.171323036020858,-0.0112630718566071,0.985150526843969,6.45576025545364,6.00327453121116
122.3,0.0547448656608838,0.0537510907130037,0.99992726961352,0.113427516765464,0.11136848486903,2.07177907497127,0.983367891510263,-0.00434374738055023,0.181572910439176,0.00210640092124216,0.999919490105366,0.0125130484928268,-0.181612645544902,-0.0119224647669351,0.983297870338415,6.46623778675784,6.0030779173388
122.4,0.0547592725271069,0.0537498815420083,0.999925068952014,0.113457366780444,0.111365979551651,2.07177451535519,0.98141561977538,-0.00465739959542035,0.191837665462011,0.00215743410279233,0.99991003987891,0.0132384903765169,-0.19188206466212,-0.0125785841160919,0.981337379540103,6.47671492596574,6.00282522195537
122.5,0.0547736311363876,0.0537487046749358,0.999922868444038,0.113487116810429,0.111363541165731,2.07176995605721,0.979356211918619,-0.00497787523928052,0.202080753498484,0.002200878792974,0.999900071046055,0.0139643852221539,-0.202130072747603,-0.013231352168098,0.979269301576871,6.48719157519664,6.00251644506088
122.6,0.0547879234694592,0.0537475624012964,0.999920670661597,0.113516729520763,0.111361174454976,2.07176540240635,0.977189929746238,-0.00530513509073006,0.212300957944641,0.00223673098848919,0.999889584874109,0.014690646506086,-0.212355452571928,-0.0138806916956883,0.977093899357181,6.49766763656984,6.00215158665531
122.7,0.0548021315070556,0.0537464570106003,0.999918478176691,0.113546167576793,0.111358884163088,2.07176085973161,0.974917050726481,-0.00563913893961572,0.222497065856608,0.00226498780413335,0.999878582706193,0.0154171876715886,-0.22255699052833,-0.0145265259946612,0.97481145151742,6.50814301220465,6.0017306467402
122.8,0.0548162372299103,0.0537453907923575,0.999916293561325,0.113575393643864,0.111356675033772,2.071756333362,0.972537867933555,-0.00597984559481797,0.232667868176756,0.00228564747304498,0.999867065960972,0.0161439221450805,-0.23273347685901,-0.0151687788981049,0.972422252365636,6.51861760422036,6.00125362531301
122.9,0.0548302226187569,0.0537443660360783,0.999914119387501,0.113604370387321,0.111354551810733,2.07175182862654,0.970052689988072,-0.00632721289225784,0.242812159958929,0.00229870934670122,0.999855036132363,0.016870763352339,-0.242883705880498,-0.0158073747904983,0.969926611821734,6.52909131473627,6.00072052237627
123,0.0548440696543291,0.0537433850312728,0.999911958227222,0.113633060472511,0.111352519237675,2.07174735085422,0.967461840993982,-0.00668119770312232,0.252928740592657,0.00230417389465928,0.999842494789234,0.0175976247347107,-0.25300647620802,-0.0164422386216818,0.96732485535414,6.53956404587168,6.00013150897512
123.1,0.0548577606074582,0.0537424497233481,0.999909812725592,0.113661427165841,0.111350581345344,2.07174290552553,0.964765659845067,-0.00704175602528959,0.263016416323758,0.00230204270269195,0.999829443572045,0.0183244199310684,-0.263100593277755,-0.0170732960641891,0.964617323283382,6.55003570213416,5.99949051920535
123.2,0.0548712789093667,0.0537415606812985,0.999907685820122,0.113689436137968,0.111348739312657,2.07173849872678,0.961964498082273,-0.00740884325288426,0.273074007314821,0.00229231845411063,0.999815884182475,0.019051063291062,-0.273164876412443,-0.0177004739504143,0.961804368630391,6.56050619758438,5.99880148715966
123.3,0.0548846082813751,0.0537407181300152,0.999905580521424,0.11371705366061,0.111346993605573,2.07173413669574,0.959058721367335,-0.00778241395685107,0.283100340872732,0.00227500490857182,0.999801818390559,0.0197774693931771,-0.283198152045382,-0.0183236998429982,0.958886358596338,6.57097544867129,5.99806458388522
123.4,0.0548977324448036,0.0537399222943897,0.999903499840112,0.113744246005488,0.111345344690051,2.07172982567019,0.956048709989244,-0.00816242181348602,0.293094249343178,0.00225010689873748,0.999787248037134,0.0205035528940427,-0.293199251613722,-0.0189429019021184,0.955863675071231,6.58144337184383,5.99727980938306
123.5,0.0549106351209726,0.0537391733993132,0.999901446786796,0.113770979444319,0.111343793032049,2.07172557188791,0.952934858788862,-0.0085488196131221,0.303054570314116,0.00221763032881992,0.999772175033479,0.0212292285434653,-0.303167011762124,-0.0195580088978476,0.952736714558212,6.59190988355095,5.99644716365267
123.6,0.0549233000312024,0.0537384716696768,0.999899424372091,0.113797220248823,0.111342339097527,2.07172138158668,0.949717577080476,-0.00894155926899899,0.31298014681802,0.00217758217289909,0.999756601360934,0.0219544111994352,-0.313100274545186,-0.0201689502223738,0.94950588809478,6.60237490024159,5.99556664669405
123.7,0.0549357108968132,0.053737817330372,0.999897435606607,0.113822934690719,0.111340983352444,2.07171726100428,0.946397288570319,-0.00934059182631374,0.322869827532835,0.00212997047301309,0.999740529070505,0.0226790158430999,-0.322997887628592,-0.0207756559020813,0.946171621170972,6.6128383383647,5.99463825850668
123.8,0.0549478514391255,0.0537372106062899,0.999895483500959,0.113848089041726,0.111339726262757,2.07171321637847,0.942974431272081,-0.00974586747145108,0.332722466981604,0.00207480433702239,0.999723960282452,0.0234029575937023,-0.332858704488945,-0.0213780566094878,0.942734353644516,6.62330011436922,5.99366199909159
123.9,0.0549597053794595,0.0537366517223219,0.999893571065757,0.113872649573563,0.111338568294428,2.07170925394705,0.939449457419423,-0.0101573355413903,0.342536925730718,0.00201209393624844,0.999706897185874,0.0241261517234795,-0.342681584612222,-0.0219760836750376,0.939194539652975,6.6337601447041,5.99263786844776
124,0.0549712564391356,0.0537361409033591,0.999891701311615,0.113896582557949,0.111337509913413,2.07170537994779,0.93582283337553,-0.0105749445332858,0.352312070586735,0.0019418505028876,0.999689342038261,0.0248485136725179,-0.352465393690812,-0.0225696690987441,0.935552647522925,6.64421834581828,5.99156616558142
124.1,0.0549824887929238,0.0537356781906644,0.999889877233789,0.113919855206119,0.111336551205207,2.07170160058664,0.932095038031039,-0.0109986422846159,0.362046778670672,0.00186408629464908,0.999671297157746,0.0255699593514485,-0.362209007701633,-0.0231587457959987,0.93180915816113,6.65467463833561,5.99045376761819
124.2,0.0549933884293929,0.0537352628909862,0.999888101766114,0.113942438487371,0.111335690733442,2.07169792194231,0.928266557858485,-0.0114283765137531,0.371739949120107,0.00177881447005109,0.999652764899164,0.0262904060169792,-0.371911324620051,-0.0237432482974924,0.927964560088176,6.66512895957956,5.98930755168112
124.3,0.0550039417905613,0.0537348941274443,0.99988637782707,0.11396430431052,0.111334926681282,2.07169435006169,0.924337890778287,-0.0118640943524068,0.381390491408406,0.00168604914091485,0.999633747672763,0.0270097714170513,-0.381571252729871,-0.0243231120316486,0.924019353320726,6.67558125104848,5.98812781677798
124.4,0.0550141353184475,0.0537345710231586,0.999884708335136,0.113985424584381,0.111334257231895,2.07169089099166,0.920309547494958,-0.0123057421892252,0.390997321600542,0.00158580539571322,0.999614247950675,0.0277279735150962,-0.39118770687596,-0.0248982730963268,0.91997405071336,6.68603145424076,5.98691456290672
124.5,0.05502395545507,0.053734292701249,0.999883096208792,0.114005771217767,0.111333680568445,2.0716875507791,0.91618205140366,-0.0127532656789998,0.400559362517345,0.00147809929620441,0.999594268266462,0.0284449305027525,-0.400759608628728,-0.0254686682682214,0.915829177864733,6.69647951065474,5.98566779006889
124.6,0.0550333886424472,0.0537340582848354,0.999881544366516,0.114025316119494,0.1113331948741,2.07168433547089,0.911955938494489,-0.0132066097519962,0.410075543898308,0.00136294787388793,0.999573811214656,0.0291605608125274,-0.410285886447155,-0.0260342350121245,0.911585273021458,6.7069253617888,5.98438749826397
124.7,0.0550424213225976,0.0537338668970376,0.999880055726789,0.114044031198375,0.111332798332025,2.07168125111393,0.907631757254523,-0.0136657186234101,0.419544802562936,0.00124036912628379,0.999552879450278,0.0298747831303987,-0.419765475840376,-0.0265949114900497,0.907242886979743,6.71736894914131,5.98307368749196
124.8,0.0550510399375397,0.0537337176609755,0.999878633208089,0.114061888363226,0.111332489125385,2.07167830375509,0.903210068567639,-0.0141305358029468,0.428966082570595,0.00111038201303549,0.999531475688362,0.0305875164083568,-0.429197319527774,-0.0271506365702171,0.902802582984789,6.72781021421063,5.98172635775285
124.9,0.055059230929292,0.053733609699769,0.999877279728896,0.114078859522861,0.111332265437348,2.07167549944126,0.898691445612147,-0.0146010041045203,0.438338335378837,0.000973006451838517,0.99950960270345,0.0312986798768826,-0.438580367597541,-0.0277013498358957,0.898264936627983,6.73824909849513,5.98034550904615
125,0.0550669807398729,0.053733542136538,0.999875998207689,0.114094916586094,0.111332125451078,2.07167284421932,0.894076473756238,-0.0150770656560714,0.447660520000161,0.000828263314194823,0.999487263329096,0.0320081930573592,-0.447913577663699,-0.028246991594103,0.893630535741919,6.74868554349317,5.97893152515437
125.1,0.0550742765966245,0.053733513980617,0.999874791394228,0.114110033088875,0.111332067113987,2.07167034378659,0.889365748007205,-0.015558662158279,0.456931607905854,0.000676174340993675,0.999464460445508,0.0327159761374994,-0.457195919776024,-0.0287875031604581,0.888899977838869,6.75911949606172,5.97749323305565
125.2,0.0550811088681834,0.0537335237861995,0.999873661363391,0.114124189075695,0.111332087430466,2.07166800244206,0.884559865175754,-0.0160457356638134,0.466150597218601,0.000516761867710031,0.999441196941628,0.0334219510659879,-0.466426390631387,-0.0293228276755881,0.884073862242112,6.76955092449216,5.97603945972813
125.3,0.0550874687085097,0.0537335699936934,0.999872610021335,0.114137366218182,0.111332183169148,2.07166582413516,0.879659430414407,-0.0165382278804408,0.475316498242567,0.000350049007053484,0.999417475746776,0.0341260404623183,-0.475603999088206,-0.029852909247136,0.879152796651861,6.77997980243449,5.97457058895485
125.4,0.0550933472715637,0.0537336510435068,0.99987163927422,0.114149546187962,0.111332351098669,2.07166381281532,0.874665059466454,-0.017036079936614,0.484428328784493,0.000176059717087848,0.999393299841536,0.0348281672618826,-0.484727761482174,-0.030377692674707,0.874137399403687,6.79040610353868,5.97308662073428
125.5,0.0550987357113054,0.0537337653760478,0.999870751028202,0.114160710656662,0.111332587987664,2.07166197243195,0.869577378568895,-0.0175392323901111,0.49348511427237,-5.18120318776169e-06,0.999368672257292,0.0355282547256864,-0.493796701745165,-0.0308971234561375,0.869028299371046,6.80082980145471,5.97158755506743
125.6,0.0551036251816951,0.0537339114317245,0.999869947189439,0.114170841295908,0.111332890604768,2.07166030693449,0.864397024353983,-0.0180476252367426,0.502485887872777,-0.000193648118374483,0.999343596075744,0.0362262264499997,-0.502809851522805,-0.0314111477936496,0.863826135866414,6.81125086983258,5.97007339195328
125.7,0.0551080068366929,0.0537340876509449,0.999869229664091,0.114179919777328,0.111333255718616,2.07165882027236,0.859124643749415,-0.0185611979191281,0.511429690606879,-0.00038931456132517,0.999318074428431,0.0369220063759416,-0.51176625029071,-0.0319197125998917,0.858531558541051,6.82166928232227,5.96854413139287
125.8,0.0551118718302591,0.053734292474117,0.999868600358314,0.114187927772548,0.111333680097844,2.07165751639499,0.853760893877151,-0.0190798893355385,0.520315571465079,-0.000592153237910986,0.999292110496238,0.037615518798998,-0.520664945469379,-0.0324227655038639,0.853145227283403,6.83208501257376,5.96699977338566
125.9,0.0551152113163538,0.053734524341649,0.999868061178266,0.114194846953195,0.111334160511085,2.0716563992518,0.848306441950923,-0.0196036378488047,0.529142587520281,-0.00080213603190157,0.999265707508899,0.0383066883784709,-0.529504992537702,-0.0329202548567271,0.847667812116171,6.84249803423703,5.96544031793168
126,0.0551180164489371,0.0537347816939489,0.999867614030107,0.114200658990895,0.111334693726976,2.07165547279222,0.842761965172415,-0.0201323812952891,0.537909804039776,-0.00101923400995857,0.999238868744499,0.0389954401468573,-0.538285455145095,-0.0334121297374962,0.842099993092057,6.85290832096208,5.9638663610236
126.1,0.0551202803172056,0.0537350630556642,0.999867260424985,0.114205349566949,0.111335276688689,2.07165474014724,0.837128146085346,-0.0206660574226466,0.546616301533639,-0.00124341760884161,0.999211597506979,0.0396817000669311,-0.547005412170996,-0.0338983403451516,0.83644245562829,6.8633158547205,5.96229161046636
126.2,0.0551220037513007,0.0537353672884004,0.99986700029402,0.114208920401353,0.111335907037552,2.07165420117415,0.831405658271929,-0.0212046052169776,0.555261196295053,-0.00147465723236472,0.999183897056901,0.0403653966688183,-0.555663978299357,-0.0343788391278144,0.830695876142861,6.87372065077033,5.96072977406899
126.3,0.0551231895166002,0.0537356933380022,0.999866833173323,0.114211377223774,0.111336582589427,2.0716538549118,0.825595178875792,-0.0217479636802949,0.563843619005136,-0.00171292278934822,0.999155770672069,0.0410464593871635,-0.564260282593562,-0.0348535795645857,0.824860934630177,6.88412273269125,5.95918144782315
126.4,0.055123840378482,0.0537360401503146,0.999866758599004,0.114212725763881,0.111337301160181,2.07165370039905,0.819697392920247,-0.0222960714162223,0.572362707764188,-0.00195818352702943,0.999127221668426,0.04172481801525,-0.572793461517347,-0.035322515773002,0.818938318997494,6.8945221240629,5.95764663172782
126.5,0.0551239591023239,0.0537364066711824,0.999866776107176,0.114212971751343,0.111338060565677,2.07165373667475,0.8137129932306,-0.0228488666363184,0.580817608153483,-0.00221040803518842,0.999098253399685,0.0424004027105433,-0.581262658996787,-0.0357856025118204,0.812928724986914,6.90491884846496,5.95612532578351
126.6,0.0551235484535037,0.0537367918464505,0.999866885233948,0.114212120915829,0.111338858621781,2.07165396277776,0.807642680356141,-0.0234062871664095,0.589207473296318,-0.00246956425030935,0.999068869256946,0.0430731440001887,-0.589667026481523,-0.0362427951837461,0.806832856097041,6.91531292947709,5.95461752999074
126.7,0.0551226111973991,0.0537371946219638,0.999867085515433,0.114210178987006,0.111339693144356,2.07165437774693,0.801487162491804,-0.0239682704529312,0.597531463918288,-0.00273561945977757,0.999039072668318,0.0437429727864651,-0.598005723005231,-0.0366940498381044,0.800651423504305,6.92570439067894,5.95312324434898
126.8,0.055121150099388,0.0537376139435671,0.99986737648774,0.114207151694544,0.111340561949268,2.07165498062112,0.795247155399493,-0.0245347535692789,0.605788748406826,-0.00300854030611166,0.999008867098542,0.0444098203521934,-0.606277915245344,-0.0371393231734552,0.794385145983972,6.93609325565018,5.95164246885723
126.9,0.0551191679248481,0.0537380487571052,0.999867757686982,0.114203044768111,0.111341462852381,2.07165577043917,0.788923382329107,-0.0251056732221652,0.613978502869982,-0.00328829279123037,0.998978256048602,0.0450736183660994,-0.614482777582026,-0.0375785725401523,0.78803474983082,6.94647954797048,5.95017520351804
127,0.0551166674391574,0.0537384980084231,0.999868228649269,0.114197863937376,0.11134239366956,2.07165674623996,0.782516573939238,-0.0256809657579861,0.622099911194443,-0.00357484228075364,0.998947243055347,0.0457342988881326,-0.622619492156377,-0.0380117559428457,0.781600968779516,6.95686329121948,5.94872181693579
127.1,0.0551136527629791,0.0537389607156203,0.999868788602184,0.114191617740064,0.111343352366375,2.07165790642307,0.776027464979777,-0.0262605674576368,0.630152169078123,-0.00386815365544184,0.99891583167543,0.0463917946999473,-0.630687252910948,-0.0384388322531665,0.775084540673244,6.96724451412359,5.94729078707798
127.2,0.055110133438119,0.0537394361858149,0.999869435539194,0.114184325946126,0.111344337507225,2.07165924683112,0.76945678417034,-0.0268444154254874,0.638134495741065,-0.00416819178377139,0.998884025436313,0.0470460402733397,-0.638685277324828,-0.0388597618187613,0.768486197299533,6.9776232659961,5.94589059190801
127.3,0.0551061203616683,0.0537399237983799,0.999870167145239,0.114176011133569,0.111345347806213,2.07166076266746,0.762805263268727,-0.0274324467597966,0.646046121568962,-0.00447492113163416,0.998851827880166,0.0476969707771582,-0.646612794035498,-0.0392745057922102,0.761806673496882,6.98799960129703,5.94452160003487
127.4,0.0551016244307185,0.053740422932688,0.999870981105259,0.114166695880403,0.111346381977444,2.07166244913545,0.756073640167089,-0.0280245982731528,0.653886284101537,-0.00478830562540188,0.998819242578852,0.0483445217521774,-0.654469038819809,-0.0396830259158423,0.755046710263966,6.99837357448641,5.94318381145703
127.5,0.0550966565423607,0.053740932968112,0.999871875104192,0.114156402764634,0.111347438735021,2.07166430143846,0.749262658833634,-0.0286208064969279,0.661654228062527,-0.00510830865531253,0.998786273133646,0.0489886291141557,-0.662253254624117,-0.040085284522723,0.748207054701101,7.00874524002427,5.94187722617449
127.6,0.0550912275936862,0.0537414532840249,0.999872846826978,0.114145154364271,0.111348516793049,2.07166631477982,0.742373069254524,-0.0292210076857152,0.669349205389421,-0.00543489307884957,0.998752923174954,0.0496292291568719,-0.669964691594146,-0.0404812445376275,0.741288459951891,7.01911465237062,5.94060184418979
127.7,0.0550853484817864,0.0537419832597994,0.999873893958557,0.114132973257321,0.111349614865632,2.07166848436291,0.735405627375957,-0.0298251378217495,0.676970475262909,-0.005768021224113,0.998719196362033,0.0502662585551397,-0.677602607104587,-0.0408708694779989,0.734291685145065,7.0294818659855,5.93935766549938
127.8,0.0550790301037525,0.0537425222748084,0.999875014183868,0.114119882021792,0.111350731666875,2.07167080539108,0.72836109504643,-0.0304331326193095,0.684517304136091,-0.00610765489318277,0.998685096382711,0.0508996543678029,-0.685166265788438,-0.0412541234548928,0.727217495336503,7.03984693532894,5.93814469010528
127.9,0.0550722833566759,0.0537430697084248,0.99987620518785,0.114105903235692,0.11135186591088,2.07167327306768,0.721240239959184,-0.0310449275291051,0.691988965763423,-0.00645375536547455,0.998650626953105,0.0515293540407087,-0.692654939566088,-0.0416309711739073,0.720066661451435,7.05020991486094,5.9369629180075
128,0.0550651191376478,0.0537436249400213,0.999877464655442,0.114091059477029,0.111353016311752,2.07167588259608,0.714043835594822,-0.0316604577426478,0.699384741229433,-0.0068062834010883,0.998615791817351,0.0521552954096639,-0.700067907674176,-0.0420013779361018,0.712839960226817,7.06057085904155,5.93581239349005
128.1,0.0550575488788549,0.0537441873560281,0.999878790156173,0.11407537443249,0.111354181598218,2.0716786289405,0.706772660727826,-0.0322796582336772,0.706703919411818,-0.00716519926576448,0.998580594745208,0.0527774167403933,-0.707404457129859,-0.0423653096604316,0.705538173715771,7.07092982294911,5.93469413509426
128.2,0.0550495861528651,0.053744756371104,0.999880178797925,0.114058876223484,0.111355360557492,2.07168150610868,0.699427498024912,-0.0329024638754765,0.713945798277106,-0.00753046280211825,0.998545039525276,0.0533956568407111,-0.714663884029826,-0.0427227329461497,0.698162087880039,7.08128686413528,5.93360916135843
128.3,0.0550412450673419,0.0537453314069652,0.999881627573167,0.114041594080097,0.11135655199141,2.07168450786923,0.692009135235638,-0.033528809336953,0.7211096835398,-0.00790203337339779,0.99850912997076,0.0540099549490726,-0.721845492206601,-0.0430736150036353,0.690712493785604,7.09164204077004,5.9325575165691
128.4,0.0550325397299486,0.0537459118853279,0.999883133474371,0.114023557232418,0.111357754701809,2.07168762799076,0.684518365565796,-0.0341586290500841,0.728194888243903,-0.00827986984581012,0.998472869921277,0.0546202506997594,-0.728948592809169,-0.0434179236328371,0.683190187977656,7.10199541102339,5.93153920072525
128.5,0.0550234842483485,0.053746497227908,0.999884693494006,0.114004794910534,0.111358967490525,2.07169086024188,0.676955987623815,-0.0347918572139674,0.735200732787903,-0.00866393059168126,0.998436263242595,0.0552264841255166,-0.735972504328095,-0.0437556272240076,0.675595972426764,7.11234703306529,5.9305542138269
128.6,0.055014092730205,0.0537470868564218,0.999886304624544,0.113985336344533,0.111360189159394,2.0716941983912,0.669322805367383,-0.0354284277988523,0.742126544949605,-0.00905417349260412,0.998399313826376,0.0558285956601751,-0.742916552620483,-0.0440866947584303,0.667930654475279,7.12269696506574,5.92960255587505
128.7,0.0550043792831815,0.0537476801925855,0.999887963858455,0.113965210764503,0.111361418510254,2.07169763620733,0.661619628050264,-0.036068274550158,0.748971659910844,-0.00945055594257577,0.998362025589919,0.0564265261412629,-0.749780070934809,-0.0444110958091421,0.660195046783922,7.13304526519472,5.92868422686919
128.8,0.0549943580149413,0.053748276658115,0.999889668188208,0.113944447400531,0.11136265434494,2.07170116745888,0.65384727016931,-0.0367113309924743,0.75573542028206,-0.00985303485112359,0.998324402475902,0.0570202168126037,-0.756562399935632,-0.0447288005416508,0.652389967278576,7.14339199162221,5.92779922680883
128.9,0.0549840430331477,0.0537488756747266,0.999891414606276,0.113923075482704,0.111363895465288,2.07170478591446,0.646006551411672,-0.0373575304335483,0.762417176126762,-0.0102615666464204,0.998286448452128,0.0576096093269042,-0.76326288772818,-0.0450397797146475,0.644516239097275,7.15373720251821,5.92694755569395
129,0.0549734484454641,0.0537494766641364,0.999893200105128,0.113901124241111,0.111365140673136,2.07170848534268,0.638098296602176,-0.0380068059682569,0.769016284985885,-0.0106761072783901,0.998248167511269,0.0581946457483317,-0.769880889882832,-0.0453440046807159,0.636574690537359,7.16408095605268,5.92612908493702
129.1,0.0549625885287225,0.0537500790891308,0.9998950217065,0.113878623256345,0.111366388855415,2.07171225957279,0.630123337041196,-0.0386590903690636,0.77553211077808,-0.0110966121482821,0.998209563677344,0.0587752684546633,-0.776415768332211,-0.0456414473359875,0.628566156398973,7.17442330860019,5.92534085700792
129.2,0.0549514782364289,0.0537506825767772,0.999896876549193,0.113855603511019,0.111367639239433,2.07171610267658,0.622082514715566,-0.0393143157453049,0.781964020567849,-0.0115230358829322,0.998170641026099,0.0593514198447429,-0.782866888129264,-0.0459320799771223,0.620491482213719,7.18476430935357,5.92457991437706
129.3,0.0549401326912583,0.0537512867952131,0.999898761801272,0.113832096338255,0.111368891137597,2.07172000878648,0.613976678233144,-0.0399724138806861,0.788311388167357,-0.0119553325441499,0.998131403665333,0.0599230426533202,-0.789233621058779,-0.0462158754717897,0.61235152016209,7.19510400571022,5.92384612845688
129.4,0.0549285670158853,0.0537518914125763,0.999900674630803,0.113808133071171,0.111370143862309,2.07172397203492,0.605806681394993,-0.0406333163503638,0.794573595319877,-0.0123934557037046,0.99809185572798,0.0604900800561392,-0.795515346824249,-0.0464928073130574,0.604147127639655,7.20544244506754,5.92313949924587
129.5,0.0549167963329846,0.0537524960970045,0.999902612205852,0.113783745042889,0.111371396725976,2.07172798655434,0.597573383134333,-0.0412969545255979,0.800750031730439,-0.0128373584468864,0.998052001371819,0.0610524756730891,-0.801711453078659,-0.0467628496203737,0.59587916719574,7.21577967482292,5.92246002674607
129.6,0.0549048357652311,0.0537531005166352,0.999904571694485,0.113758963586527,0.111372649041,2.07173204647717,0.589277647455539,-0.0419632595783948,0.806840095096186,-0.0132869933760682,0.998011844779176,0.0616101735713345,-0.807821335454994,-0.0470259771405327,0.587548506472179,7.22611574237377,5.92180771095543
129.7,0.0548927004352995,0.0537537043396061,0.999906550264768,0.113733820035207,0.111373900119788,2.07173614593584,0.580920343373155,-0.0426321624861457,0.812843191136501,-0.0137423126142719,0.99797139015663,0.0621631182684298,-0.81384439759651,-0.0472821652486225,0.579156018142068,7.23645069511749,5.92118255187548
129.8,0.0548804054658646,0.0537543072340549,0.999908545084766,0.113708345722048,0.111375149274743,2.07174027906277,0.572502344850915,-0.0433035940362602,0.818758733622883,-0.0142032678087375,0.997930641734716,0.0627112547354175,-0.819780051186754,-0.0475313899489581,0.570702579848525,7.24678458045149,5.92058454950469
129.9,0.054867965979601,0.0537549088681192,0.999910553322545,0.113682571980169,0.11137639581827,2.0717444399904,0.564024530740807,-0.0439774848307914,0.824586144408557,-0.0146698101344943,0.997889603767633,0.0632545283999065,-0.825627715979321,-0.0477736278759966,0.562189074143509,7.25711744577316,5.92001370384511
130,0.0548553970991836,0.0537555089099367,0.999912572146171,0.113656530142692,0.111377639062773,2.07174862285117,0.55548778472212,-0.0446537652910599,0.830324853457875,-0.0151418902979379,0.997848280532945,0.0637928851491376,-0.831386819827399,-0.0480088562952376,0.553616388426595,7.26744933847989,5.91946987524595
130.1,0.0548427137178214,0.0537561070691717,0.999914598831103,0.113630251067298,0.111378878406697,2.07175282200001,0.546892996868202,-0.0453323655339698,0.835974297817589,-0.0156194584497529,0.997806676339168,0.0643262712328271,-0.837056797651302,-0.0482370530617008,0.544985416518341,7.27778030401923,5.9189498517714
130.2,0.0548299298108607,0.0537567032215953,0.999916631082365,0.113603763709925,0.11138011359265,2.07175703268189,0.538241068555275,-0.0460132149882929,0.841533918607513,-0.0161024639082967,0.997764795549532,0.0648546329731477,-0.842637088417403,-0.0484581965042122,0.536297063589762,7.2881103800392,5.91845042148717
130.3,0.054817059124182,0.0537572972845054,0.999918666712377,0.113577096551071,0.111381344449277,2.07176125036431,0.529532907665474,-0.0466962427785452,0.847003164462634,-0.0165908554210091,0.99772264255876,0.0653779170818704,-0.848127138591702,-0.0486722655722119,0.527552241345177,7.29843960223796,5.91797144474198
130.4,0.0548041154036658,0.0537578891751997,0.999920703533557,0.113550278071235,0.111382570805225,2.07176547051474,0.520769426909853,-0.0473813778578197,0.852381492659406,-0.0170845812571682,0.997680221784948,0.0658960707660509,-0.853526403270134,-0.0488792398818934,0.518751866338154,7.30876800631368,5.91751292153684
130.5,0.0547911123951927,0.053758478810976,0.999922739358323,0.113523336750916,0.111383792489142,2.07176968860068,0.511951543756731,-0.0480685490132203,0.857668369150258,-0.0175835892120952,0.997637537669221,0.0664090417316291,-0.858834346213238,-0.0490790997172585,0.509896859899552,7.31909562796452,5.91707485187226
130.6,0.0547780638446433,0.0537590661091322,0.999924771999094,0.113496301070613,0.111385009329674,2.0717739000896,0.503080180359925,-0.048757684871295,0.862863268597648,-0.0180878266113757,0.997594594675386,0.0669167781870012,-0.864050439880394,-0.0492718260311408,0.500988148065455,7.32942250288864,5.91665723574722
130.7,0.054764983497898,0.0537596509869661,0.999926799268287,0.113469199510826,0.111386221155468,2.07177810044898,0.494156263486843,-0.0494487139034709,0.8679656744077,-0.0185972403150963,0.997551397289582,0.0674192288465641,-0.869174165463622,-0.0494574004461971,0.492026661504964,7.33974866678421,5.91626007316274
130.8,0.0547518851008373,0.0537602333617754,0.999928818978322,0.113442060552053,0.111387427795171,2.07178228514633,0.485180724446467,-0.0501415644314902,0.8729750787634,-0.0191117767220985,0.997507950019931,0.0679163429342339,-0.874205012920954,-0.0496358052558687,0.483013335447869,7.35007415534938,5.91588336411781
130.9,0.054738782399342,0.0537608131508581,0.999930828941616,0.113414912674794,0.11138862907743,2.07178644964911,0.476154499017197,-0.0508361646328456,0.87789098265736,-0.0196313817742475,0.99746425739619,0.0684080701869372,-0.879142481009373,-0.0498070234253102,0.473949109612197,7.36039900428231,5.91552710861293
131,0.0547256891392924,0.0537613902715118,0.999932826970588,0.113387784359547,0.111389824830892,2.07179058942481,0.467078527374566,-0.0515324425462192,0.882712895924166,-0.0201560009607185,0.997420323969403,0.0688943608580766,-0.883986077317329,-0.0499710385922885,0.464834928131622,7.37072324928117,5.91519120350347
131.1,0.0547126184956749,0.053761964666547,0.999934811028505,0.113360702903959,0.111391014937064,2.07179470025347,0.45795375529515,-0.0522303259794528,0.887440336619397,-0.0206855792480762,0.997376154317724,0.0693751656542789,-0.888735317640883,-0.0501278350466801,0.455671740764437,7.38104692460394,5.91487327646612
131.2,0.0546995813598989,0.0537625363808244,0.99993677968203,0.113333690874266,0.111392199488893,2.07179877916531,0.448781137966363,-0.0529297422208768,0.892072829198405,-0.0212200608564536,0.997331753064864,0.0698504355449149,-0.893389724153387,-0.0502773976752719,0.446460506719394,7.39137005874796,5.91457095517756
131.3,0.0546865880524793,0.053763105484717,0.999938731648672,0.113306769653848,0.111393378632189,2.0718028235031,0.439561636174574,-0.0536306183344404,0.896609906693316,-0.0217593894771949,0.997287124861633,0.0703201219765546,-0.89794882759159,-0.0504197120408612,0.437202190827774,7.40169267877036,5.91428413649315
131.4,0.0546736488939313,0.0537636720485982,0.999940665645943,0.11327996062609,0.11139455251276,2.07180683060961,0.430296214961506,-0.0543328812627878,0.901051111426807,-0.0223035083505203,0.997242274379443,0.0707841769449532,-0.902412167972629,-0.0505547644065323,0.427897762194125,7.4120148117283,5.91401282041291
131.5,0.0546607742047701,0.0537642361428412,0.999942580391355,0.113253285174373,0.111395721276413,2.07181079782763,0.420985843542973,-0.0550364578333294,0.90539599504613,-0.0228523602703864,0.997197206309909,0.0712425529987896,-0.906779294628238,-0.0506825417365095,0.41854819411466,7.42233648467892,5.91375700693682
131.6,0.0546479743055106,0.0537647978378191,0.999944474602417,0.11322676468208,0.111396885068958,2.07181472249991,0.411631495227416,-0.0557412747643168,0.909644118556532,-0.0234058875893695,0.997151925364458,0.0716952032433678,-0.911049766238374,-0.0508030316969662,0.409154463995447,7.43265772467937,5.91351669606541
131.7,0.054635259516668,0.0537653572039052,0.999946346996642,0.113200420532593,0.111398044036203,2.07181860196924,0.402234147334252,-0.0564472586709193,0.913795052354096,-0.023964032223573,0.997106436273933,0.072142081344283,-0.915223150864244,-0.050916222656791,0.399717553270417,7.4429785587868,5.91329188779713
131.8,0.0546226401587573,0.0537659143114726,0.99994819629154,0.113174274109295,0.111399198323955,2.07182243357839,0.392794781112002,-0.0571543360713049,0.917848376257987,-0.0245267356575593,0.997060743788194,0.0725831415310508,-0.919299025980752,-0.0510221036883102,0.39023844731915,7.45329901405836,5.91308258213403
131.9,0.0546101265522937,0.0537664692308947,0.999950021204622,0.113148346795567,0.111400348078024,2.07182621467013,0.383314381656254,-0.0578624333927224,0.921803679542101,-0.0250939389493041,0.997014852675727,0.0730183386007002,-0.923276978508341,-0.0511206645679677,0.380718135384482,7.4636191175512,5.9128887790751
132,0.0545977290177923,0.0537670220325446,0.999951820453399,0.113122659974794,0.111401493444218,2.07182994258723,0.373793937827394,-0.0585714769775882,0.925660560966143,-0.0256655827351757,0.996968767723239,0.0734476279213315,-0.92715660484427,-0.0512118957769615,0.371157610489905,7.47393889632246,5.91271041519141
132.1,0.0545854569690548,0.0537675727639053,0.999953592898834,0.113097233151709,0.111402634520918,2.07183361496969,0.364234442990233,-0.0592813930286118,0.929418628487821,-0.0262416071853155,0.996922493739242,0.0738709653995615,-0.930937510573038,-0.0512957884949521,0.361557870182292,7.48425837654367,5.91254603164395
132.2,0.0545733161930296,0.0537681213808993,0.999955337975701,0.113072078316466,0.111403771216799,2.07183723064639,0.354636897423497,-0.0599921074314673,0.93307749840609,-0.0268219518568423,0.996876035565715,0.0742883073799073,-0.934619309603876,-0.0513723345850044,0.351919918951544,7.49457758084389,5.91239416958915
132.3,0.0545613115699519,0.0537686678165588,0.999957055262224,0.113047205580567,0.111404903393107,2.07184078874346,0.345002305813873,-0.0607035459430083,0.936636796465447,-0.0274065558427377,0.996829398065977,0.0746996107637777,-0.938201625281021,-0.0514415266235953,0.342244765714078,7.50489653096654,5.91225476560012
132.4,0.0545494479800568,0.0537692120039162,0.999958744336629,0.113022625055517,0.111406030911092,2.071844288387,0.335331676352413,-0.0614156342585601,0.940096158221753,-0.0279953578261054,0.996782586120308,0.0751048330502011,-0.941684090751707,-0.0515033579092571,0.332533422905431,7.51521524865503,5.91212781967686
132.5,0.0545377303035793,0.0537697538760036,0.99996040477714,0.112998346852821,0.111407153632,2.07184772870312,0.325626020646012,-0.0621282980184071,0.943455229072148,-0.0285882960855923,0.996735604625523,0.0755039323394175,-0.945066348996284,-0.0515578224630251,0.322786906391361,7.52553375565281,5.91201333181835
132.6,0.0545261634207548,0.0537702933658533,0.999962036161984,0.112974381083982,0.111408271417079,2.07185110881794,0.31588635362867,-0.0628414628142814,0.946713664284267,-0.0291853085008357,0.996688458494543,0.0758968673364263,-0.948348052857649,-0.0516049150288355,0.313006235378742,7.53585207370329,5.91191130202561
132.7,0.0545147522118181,0.0537708304064975,0.999963638069385,0.112950737860507,0.111409384127576,2.07185442785757,0.306113693472557,-0.0635550541958533,0.949871129024749,-0.0297863325579373,0.996641152655963,0.0762835973544907,-0.951528865069966,-0.0516446310738711,0.303192432326248,7.5461702245499,5.91182173029814
132.8,0.0545035015570046,0.0537713649309686,0.999965210077568,0.112927427293898,0.111410491624739,2.07185768494812,0.296309061498852,-0.0642689976772239,0.952927298387046,-0.0303913053549643,0.996593692053621,0.076664082318599,-0.95460845828669,-0.0516769667888567,0.293346522854818,7.55648822993608,5.91174461663746
132.9,0.0544924163365492,0.0537718968722988,0.999966751764759,0.11290445949566,0.111411593769815,2.0718608792157,0.2864734820884,-0.0649832187434173,0.955881857418527,-0.0310001636074753,0.996546081646168,0.0770382827688812,-0.957586515107882,-0.0517019190883038,0.283469535657942,7.56680611160523,5.91167996104102
133,0.0544815014306871,0.0537724261635204,0.999968262709183,0.112881844577298,0.111412690424053,2.07186400978643,0.276607982592135,-0.0656976428568767,0.958734501146881,-0.0316128436540742,0.99649832640663,0.0774061598639837,-0.960462728106829,-0.051719485610704,0.273562502411701,7.57712389130079,5.91162770313172
133.1,0.0544707608280129,0.053772952764701,0.999969742616034,0.112859590802899,0.111413781504714,2.07186707604948,0.266713594050961,-0.0664121954055696,0.961484934385262,-0.0322292814114677,0.996450431325894,0.0777676753551198,-0.963236799633465,-0.0517296647181415,0.26362645849768,7.58744158992315,5.91158645420051
133.2,0.054460194950559,0.0537734767440506,0.999971191698381,0.112837699046886,0.111414867153126,2.07187007844634,0.256791353552529,-0.0671268015343045,0.964132871162702,-0.0328494122261136,0.99640240142412,0.0781227915057149,-0.965908441239158,-0.0517324554996245,0.253662445369669,7.59775922500049,5.91155482553681
133.3,0.0544498033287174,0.0537739981968142,0.999972610296265,0.112816168336262,0.111415947566629,2.07187301768152,0.246842301741274,-0.0678413863265375,0.966678035528047,-0.0334731710273654,0.996354241738682,0.0784714711899044,-0.968477374486592,-0.051727857781168,0.243671508053216,7.60807681321799,5.91153275676199
133.4,0.0544395854928798,0.0537745172182374,0.999973998749722,0.112794997698034,0.111417022942566,2.07187589445957,0.236867481918027,-0.0685558748696055,0.969120161812082,-0.0341004923833579,0.996305957319815,0.0788136779262272,-0.970943331214044,-0.0517158721275153,0.233654694241449,7.61839437126078,5.91152024787757
133.5,0.0544295409734383,0.0537750339035652,0.999975357398792,0.112774186159205,0.111418093478277,2.07187870948502,0.226867939944283,-0.0692701922615953,0.97145899465159,-0.0347313105070163,0.996257553230148,0.0791493758809524,-0.973306053559672,-0.0516964998420657,0.223613054198937,7.62871191581402,5.91151729888253
133.6,0.0544196693007847,0.0537755483480429,0.999976686583514,0.112753732746782,0.111419159371104,2.07188146346241,0.216844724146289,-0.0699842636182087,0.973694289012592,-0.0353655592620929,0.99620903454424,0.079478529871353,-0.975565293984979,-0.0516697429667424,0.213547640665383,7.63902946356288,5.91152390977688
133.7,0.054409970005311,0.053776060646916,0.999977986643926,0.112733636487769,0.111420220818388,2.07188415709628,0.206798885218934,-0.0706980140796277,0.975825810212767,-0.0360031721692309,0.996160406348119,0.0798011053689288,-0.977720815297475,-0.0516356042818027,0.2034595087591,7.6493470311925,5.91154008056062
133.8,0.054400442617409,0.0537765708954295,0.999979257920067,0.112713896409171,0.111421278017472,2.07188679109115,0.196731476129444,-0.0714113688173773,0.97785333394306,-0.0366440824120564,0.996111673738809,0.0801170685025775,-0.979772390672501,-0.0515940873055895,0.193349715880306,7.65966463538805,5.91156581123375
133.9,0.0543910866674706,0.0537770791888288,0.999980500751975,0.112694511537993,0.111422331165697,2.07188936615158,0.186643552020911,-0.0721242530411855,0.979776646288463,-0.0372882228432955,0.996062841823869,0.0804263860617136,-0.981719803674249,-0.0515451962942243,0.183219321614244,7.66998229283466,5.91160110179676
134,0.0543819016858877,0.0537775856223592,0.99998171547969,0.11267548090124,0.111423380460403,2.07189188298209,0.176536170115618,-0.072836592005842,0.981595543747976,-0.0379355259909207,0.99601391572092,0.0807290254993354,-0.983562848275951,-0.051488936241242,0.173069387634103,7.6803000202175,5.91164583066954
134.1,0.0543728865866837,0.0537780902239351,0.999982902499361,0.112656802248845,0.111424425959429,2.07189434240348,0.16641039128564,-0.0735483109010103,0.983309832980312,-0.0385859239570612,0.995964900565253,0.0810249548869047,-0.985301328601835,-0.0514253128882399,0.16290097927823,7.69061783252417,5.91169720153588
134.2,0.0543640378184078,0.0537785927521483,0.999984062431585,0.112638468222451,0.111425467162593,2.07189674570159,0.15626728498007,-0.0742593345079278,0.984919330139985,-0.0392393480984947,0.995915801533677,0.0813141427818024,-0.986935058251435,-0.0513543327672931,0.152715170498099,7.70093573795199,5.91175241807653
134.3,0.0543553512132406,0.0537790928982596,0.999985195953069,0.112620470186628,0.111426503430209,2.07189909427849,0.146107924159277,-0.0749695875594172,0.986423861957444,-0.0398957293480779,0.995866623819995,0.0815965583903472,-0.988463861391833,-0.0512760031840948,0.142513038771239,7.71125374300074,5.91181135871339
134.4,0.0543468226033626,0.0537795903535299,0.99998630374052,0.112602799505949,0.111427534122591,2.07190138953629,0.13593338352554,-0.0756789948647221,0.987823266065121,-0.0405549983279249,0.995817372626445,0.0818721716212884,-0.989887573087934,-0.0511903322086218,0.132295663324429,7.7215718541702,5.91187402344646
134.5,0.0543384478209546,0.0537800848092201,0.999987386470645,0.112585447544984,0.111428558600055,2.07190363287706,0.125744739414864,-0.0763874813170904,0.989117391014595,-0.0412170853563776,0.995768053163172,0.0821409530888901,-0.991206039319885,-0.0510973286743772,0.122064125025045,7.73189007796013,5.91194041227523
134.6,0.0543302226981972,0.0537805759565912,0.999988444820152,0.112568405668304,0.111429576222913,2.07190582570291,0.115543069688662,-0.077094971901348,0.990306096292682,-0.0418819204550022,0.995718670647705,0.0824028741159459,-0.992419116999427,-0.0509970021775586,0.111819506272297,7.74220842087032,5.9120105251997
134.7,0.0543221430672709,0.053781063486904,0.999989479465749,0.11255166524048,0.11143058635148,2.07190796941592,0.105329453625258,-0.077801391701466,0.991389252336498,-0.0425494333556172,0.995669230304431,0.082657906736727,-0.993526673985213,-0.050889363076154,0.101562890888271,7.75252688940053,5.91208436222089
134.8,0.0543142047603564,0.0537815470914193,0.999990491084142,0.112535217626082,0.111431588346071,2.07191006541818,0.0951049718112431,-0.0785066659081189,0.992366740547452,-0.0432195535073502,0.995619737364072,0.0829060236998615,-0.99452858909707,-0.0507744224889629,0.0912953640088277,7.76284549005054,5.91216192333727
134.9,0.0543064036096344,0.0537820264613982,0.99999148035204,0.112519054189682,0.111432581567,2.07191211511179,0.0848707060327144,-0.0792107198262323,0.9932384533042,-0.0438922100837204,0.995570197063154,0.0831471984711455,-0.995424752129198,-0.0506521922945458,0.0810180119743828,7.77316422932013,5.91224320855037
135,0.0542987354472854,0.0537825012881015,0.999992447946149,0.112503166295852,0.111433565374581,2.07191411989882,0.0746277391663435,-0.0799134788825228,0.994004293974534,-0.044567331989752,0.995520614643483,0.0833814052362861,-0.996215063862335,-0.0505226851300989,0.0707319222205183,7.78348311370906,5.91232818500023
135.1,0.0542911962369156,0.0537829711790672,0.999993394575213,0.112487545581465,0.11143453895566,2.07191608124776,0.0643771555262697,-0.0806148686018724,0.994664176899243,-0.0452448478389364,0.995470995353823,0.0836086188936282,-0.996899436046775,-0.0503859143964989,0.060438183626336,7.79380214925831,5.91241609693005
135.2,0.0542837824678337,0.0537834354069414,0.999994321076123,0.112472184772617,0.111435500803211,2.07191800089258,0.0541200421247447,-0.0813148145219169,0.99521802735867,-0.0459246858690618,0.995421344456,0.083828815029422,-0.997477791365925,-0.050241894278334,0.0501378877804087,7.80412134017367,5.91250618858305
135.3,0.0542764907607736,0.0537838931606476,0.999995228317804,0.112457076867705,0.111436449236741,2.07191988063362,0.043857487197501,-0.0820132422950271,0.995665781728476,-0.046606774038599,0.995371667217761,0.084041969954602,-0.997950063595587,-0.0500906397283209,0.039832127499941,7.81444069020212,5.91259842710028
135.4,0.0542693177364696,0.0537843436291089,0.999996117169184,0.112442214865129,0.111437382575755,2.07192172227125,0.0335905796362766,-0.0827100777272736,0.996007387523831,-0.0472910400640735,0.995321968910028,0.0842480607178812,-0.998316197649501,-0.0499321664602486,0.0295219962609048,7.82476020309064,5.91269281248277
135.5,0.0542622600156556,0.0537847860012487,0.999996988499189,0.112427591763286,0.11143829913976,2.07192352760583,0.0233204088764785,-0.0834052467861035,0.996242803406069,-0.0479774114274999,0.995272254806356,0.0844470651082022,-0.998576149586275,-0.0497664909474407,0.0192085880852299,7.83507988258622,5.91278934472846
135.6,0.0542553142190659,0.0537852194659902,0.999997843176746,0.112413200560574,0.111439197248261,2.0719252984377,0.0130480647847938,-0.0840986756080007,0.996371999188231,-0.0486658153838404,0.995222530182387,0.0846389616571147,-0.998729886615194,-0.0495936304211422,0.00889299742794174,7.84539973243585,5.9128880238389
135.7,0.0542484769674346,0.0537856432122568,0.99999868207078,0.112399034255393,0.111440075220764,2.07192703656722,0.00277463754673593,-0.0847902905061298,0.996394955839485,-0.0493561789684883,0.995172800315306,0.0848237296410785,-0.998777387100907,-0.049413602868829,-0.00142368093576547,7.85571975638651,5.91298884981408
135.8,0.0542417448814957,0.0537860564289717,0.999999506050219,0.112385085846141,0.111440931376776,2.07192874379475,-0.00749878244586706,-0.0854800179779648,0.996311665488424,-0.0500484290047737,0.995123070483298,0.0850013490836915,-0.998718640566994,-0.0492264270324414,-0.0117403520235144,7.86603995818519,5.913091822654
135.9,0.0542351145819834,0.0537864583050582,1.00000031598399,0.112371348331216,0.111441764035803,2.07193042192063,-0.0177711047074062,-0.0861677847128993,0.996122131425233,-0.050742492111492,0.995073345965,0.0851718007578436,-0.998553647698407,-0.0490321224065415,-0.0220559207587521,7.87636034157886,5.91319694235714
136,0.0542285826896318,0.0537868480294397,1.00000111274102,0.112357814709016,0.11144257151735,2.07193207274524,-0.028041238771078,-0.0868535175998401,0.995826368102752,-0.0514382947104552,0.995023632038961,0.0853350661877949,-0.998282420342792,-0.0488307092363938,-0.0323692920838101,7.88668091031453,5.91330425588069
136.1,0.0542221465613061,0.0537872248024055,1.00000189715188,0.112344479503153,0.111443352164473,2.07193369798946,-0.0383080949535328,-0.0875371437781385,0.995424401107486,-0.0521357630784204,0.994973933979934,0.0854911276608633,-0.997904981483339,-0.0486222085025015,-0.042679371727772,7.89700166879479,5.91341484320769
136.2,0.0542158064983963,0.05378758786971,1.00000266989379,0.112331343338084,0.111444104414429,2.07193529905642,-0.0485705864210845,-0.0882185907740879,0.994916267017756,-0.0528348234885388,0.994924257048879,0.0856399682547307,-0.997421365101854,-0.0484066418745438,-0.0529850682813824,7.90732262404476,5.9135297843212
136.3,0.0542095635384235,0.0537879364884736,1.0000034316056,0.112318408363481,0.111444826728023,2.0719368772698,-0.0588276273396797,-0.0888977863762768,0.994302013393809,-0.053535402086137,0.994874606501919,0.0857815718037828,-0.996831616164465,-0.0481840317434082,-0.0632852913392269,7.9176437837452,5.91364912617941
136.4,0.0542034187189087,0.0537882699158169,1.00000418292617,0.112305676729014,0.11144551756606,2.07193843395325,-0.0690781323307847,-0.0895746585991963,0.993581698790053,-0.0542374248519147,0.99482498759297,0.0859159228902285,-0.996135790632544,-0.0479544012316306,-0.0735789509533282,7.92796515557685,5.91377286877878
136.5,0.054197373077373,0.0537885874088603,1.00000492449435,0.112293150584354,0.111446175389348,2.07193997043044,-0.0793210165797923,-0.0902491356904603,0.992755392750839,-0.0549408176093089,0.994775405573219,0.0860430068457492,-0.995333955458754,-0.0477177741911948,-0.0838649577420103,7.93828674722044,5.91390101212083
136.6,0.0541914276513375,0.0537888882247242,1.00000565694902,0.112280832079172,0.111446798658691,2.07194148802506,-0.0895551959443682,-0.0909211461380008,0.991823175805203,-0.0556455060318718,0.994725865690599,0.0861628097530772,-0.99442618858205,-0.0474741752012646,-0.0941422229986997,7.94860856635673,5.91403355620658
136.7,0.0541855834783232,0.0537891716205292,1.00000638092901,0.112268723363139,0.111447385834895,2.07194298806076,-0.0997795870627729,-0.0915906186772443,0.99078513946057,-0.0563514156506667,0.994676373189263,0.0862753184475046,-0.993412578921642,-0.0472236295658452,-0.104409658800704,7.95893062066647,5.91417050103399
136.8,0.0541798415958514,0.0537894368533957,1.0000070970732,0.112256826585926,0.111447935378766,2.07194447186122,-0.109993107462125,-0.0922574822982662,0.989641386195429,-0.057058471861677,0.994626933309064,0.0863805205183208,-0.992293226369925,-0.046966163311377,-0.114666178117932,7.96925291783039,5.91431184660459
136.9,0.0541742030414429,0.0537896831804441,1.00000780602044,0.112245143897203,0.11144844575111,2.07194594075011,-0.120194675666603,-0.0929216662529215,0.988392029450957,-0.0577665999332307,0.994577551285027,0.0864784043101789,-0.991068241784366,-0.0467018031842601,-0.124910694921549,7.97957546552924,5.91445759291786
137,0.0541686688526189,0.0537899098587951,1.00000850840958,0.112233677446641,0.111448915412733,2.07194739605109,-0.1303832113056,-0.0935831000619549,0.987037193621615,-0.0584757250134393,0.994528232346825,0.0865689589243918,-0.989737746978356,-0.0464305766483096,-0.135142124292589,7.98989827144377,5.91460779948581
137.1,0.0541632403581248,0.0537901161156339,1.00000920479285,0.112222429987307,0.111449342762417,2.07194883890831,-0.14055763604014,-0.0942417135749825,0.98557701392294,-0.0591857721948369,0.9944789817143,0.0866521742265595,-0.988301874591214,-0.0461525118594872,-0.145359383352268,8.00022134408566,5.91476383507363
137.2,0.054157920051603,0.0537903010584055,1.00000989537586,0.112211406685854,0.111449725950851,2.0719502697478,-0.150716876115643,-0.0948974371343521,0.984011635947093,-0.0598966666939182,0.994429804585101,0.0867280408621936,-0.986760767649839,-0.0458676375908805,-0.155561393825499,8.01054469529034,5.91492706844345
137.3,0.0541527107179201,0.05379046376462,1.00001058027758,0.112200613312329,0.1114500630667,2.07195168881606,-0.160859859994324,-0.0955502014200166,0.982341215897613,-0.0606083336877747,0.994380706146148,0.0867965502302867,-0.985114579797801,-0.0455759832903427,-0.165747079663325,8.02086833772418,5.91509755911135
137.4,0.0541476151419431,0.0537906033117873,1.00001125961698,0.112190055636781,0.11145035219863,2.0719530963596,-0.170985517637054,-0.0961999374028542,0.98056592068156,-0.0613206982641721,0.994331691577104,0.0868576944767036,-0.983363475385772,-0.0452775790993838,-0.175915366321752,8.03119228405356,5.91527530707223
137.5,0.0541426361085384,0.0537907187774174,1.00001193351305,0.112179739429258,0.111450591435306,2.07195449262491,-0.181092780605841,-0.0968465763513212,0.978685927895907,-0.0620336854286821,0.994282766049884,0.0869114664950937,-0.981507629458162,-0.0449724558504446,-0.186065180864663,8.04151654694484,5.91546031232915
137.6,0.0541377764025729,0.0537908092390201,1.00001260208474,0.112169670459808,0.111450778865394,2.07195587785851,-0.191180582166146,-0.0974900498380781,0.976701425813018,-0.06274722011182,0.994233934728154,0.0869578599277388,-0.979547227738843,-0.0446606450641106,-0.196195452066568,8.05184113906438,5.91565257488312
137.7,0.0541330388089133,0.0537908737741055,1.00001326545104,0.11215985449848,0.111450912577558,2.07195725230689,-0.201247857389141,-0.0981302897465954,0.974612613365192,-0.0634612271761953,0.994185202766842,0.0869968691663367,-0.977482466615934,-0.0443421789462652,-0.20630511051529,8.06216607307858,5.91585209473211
137.8,0.0541284261124263,0.0537909114601835,1.00001392373092,0.112150297315321,0.111450990660465,2.07195861621657,-0.211293543253803,-0.0987672282777315,0.972419700128287,-0.0641756314236667,0.99413657531164,0.0870284893527206,-0.975313553125674,-0.0440170903851833,-0.216393088714486,8.07249136165379,5.91605887187611
137.9,0.0541239410979786,0.0537909213747641,1.00001457704335,0.11214100468038,0.11145101120278,2.07195996983403,-0.221316578748904,-0.0994007979562876,0.970122906304419,-0.0648903576025073,0.994088057498513,0.0870527163795137,-0.973040704935358,-0.0436854129485648,-0.226458321186073,8.08281701745638,5.91627290631616
138,0.0541195865504369,0.0537909025953571,1.0000152255073,0.112131982363706,0.111450972293167,2.07196131340579,-0.231315904974875,-0.100030931637537,0.967722462703735,-0.0656053304145775,0.994039654453201,0.0870695468907196,-0.970664150325358,-0.0433471808805081,-0.236499744572512,8.09314305315273,5.91649423652627
138.1,0.0541153653263285,0.0537908542320966,1.00001586917008,0.112123236283822,0.111450872087888,2.07196264702988,-0.241290465763707,-0.100657562546233,0.965218610592328,-0.0663204745597072,0.993991371288224,0.0870789782825457,-0.968184128038519,-0.0430024290803212,-0.246516298259331,8.1034694819464,5.91672374741308
138.2,0.0541112805688227,0.0537907755256118,1.00001650779239,0.112114772953154,0.111450709013579,2.07196397021045,-0.251239209324077,-0.101280624379092,0.962611601230524,-0.0670357148545117,0.993943213094915,0.0870810087016791,-0.965600886822375,-0.0426511930423815,-0.256506926027162,8.11379631918977,5.9169623238863
138.3,0.0541073354927495,0.0537906657491562,1.00001714106324,0.112106599032604,0.111450481564473,2.07196528230316,-0.261161086767084,-0.101900051210994,0.959901696176141,-0.0677509761278791,0.993895184950558,0.0870756370393968,-0.962914685728884,-0.0422935089025953,-0.266470574571285,8.12412358077244,5.91721000441893
138.4,0.0541035333129388,0.0537905241759831,1.00001776867165,0.112098721183073,0.111450188234802,2.07196658266372,-0.271055051683337,-0.102515777468321,0.957089167385677,-0.0684661831907359,0.993847291920434,0.0870628629308317,-0.96012579421461,-0.0419294134526808,-0.276406193076925,8.13445128258398,5.91746678901098
138.5,0.0540998772442206,0.0537903500793458,1.00001839030665,0.112091146065465,0.111449827518797,2.07196787064778,-0.280920060240742,-0.10312773793515,0.954174297192456,-0.0691812608430114,0.993799539057349,0.0870426867552456,-0.957234492119099,-0.0415589441369687,-0.286312733317453,8.14477944051396,5.9177326776655
138.6,0.0540963705014247,0.0537901427324977,1.00001900565726,0.11208388034068,0.11144939791069,2.07196914561102,-0.290755071282098,-0.103735867759415,0.951157378283921,-0.0698961338806025,0.993751931401161,0.0870151096362428,-0.954241069642408,-0.0411821390491504,-0.2961891497524,8.15510807045199,5.91800767037637
138.7,0.054093016299381,0.0537899014086922,1.0000196144125,0.112076930669621,0.111448897904714,2.07197040690914,-0.30055904642254,-0.104340102459049,0.94803871367809,-0.0706107271023439,0.993704473978307,0.0869801334419233,-0.95114582732179,-0.040799036928971,-0.306034399625299,8.16543718828762,5.91829176714971
138.8,0.0540898178529195,0.0537896253811824,1.00002021626141,0.112070303713188,0.1114483259951,2.07197165389779,-0.310330950146817,-0.104940377928091,0.944818616699144,-0.0713249653169828,0.993657171801334,0.0869377607849755,-0.947949076007517,-0.0404096771588679,-0.315847443061379,8.17576680991046,5.91858496798043
138.9,0.0540867783768701,0.053789313923222,1.00002081089299,0.112064006132285,0.11144768067608,2.07197288593266,-0.320069749906358,-0.105536630442767,0.941497410952185,-0.0720387733501532,0.993610029868428,0.0868879950227091,-0.944651136837874,-0.0400140997605572,-0.325627243165042,8.18609695121008,5.91888727287362
139,0.0540839010860628,0.053788966308064,1.00002139799627,0.112058044587812,0.111446960441887,2.07197410236944,-0.329774416216191,-0.106128796667555,0.938075430297141,-0.0727520760513568,0.993563053162946,0.0868308402570277,-0.941252341213284,-0.0396123453915643,-0.335372766117184,8.19642762807606,5.91919868311778
139.1,0.0540811889818813,0.053788581799888,1.00002197726941,0.112052425298427,0.111446163767951,2.07197530258269,-0.339443922768509,-0.106716813662229,0.934553018815577,-0.0734647983021878,0.993516246652866,0.0867663013342214,-0.937753030763402,-0.0392044553409845,-0.345082981289242,8.20675885641604,5.91951922845746
139.2,0.0540786442119253,0.0537881596265774,1.00002254844703,0.112047152713804,0.111445289054502,2.07197648602261,-0.34907724657925,-0.107300618890871,0.930930530762788,-0.0741768650270398,0.993469615290074,0.0866943838443578,-0.934153557299553,-0.0387904715236688,-0.354756861390392,8.21709065220987,5.91984893863415
139.3,0.0540762687103483,0.0537876990069418,1.00002311127292,0.112042230841375,0.111444334682968,2.07197765215832,-0.358673368032846,-0.107880150224669,0.927208330555478,-0.0748882011963336,0.993423164010153,0.0866150941212511,-0.93045428280252,-0.0383704364786041,-0.364393382512484,8.22742303145548,5.9201878149384
139.4,0.0540740644113039,0.0537871991597906,1.00002366549083,0.112037663688569,0.111443299034776,2.07197880045891,-0.3682312709612,-0.108455345946805,0.923386792748228,-0.0755987318322452,0.993376897731999,0.0865284392422869,-0.926655579399194,-0.037944393365934,-0.373991524209354,8.23775601015078,5.92053585737326
139.5,0.0540720332489457,0.0537866593039334,1.00002421084453,0.112033455262817,0.111442180491355,2.07197993039347,-0.377749942739448,-0.109026144758365,0.919466302003217,-0.0763083820156827,0.993330821357353,0.086434427028094,-0.922757829332535,-0.0375123859632292,-0.383550269592987,8.24808960429366,5.9208930659367
139.6,0.0540701771574271,0.0537860786581798,1.00002474707779,0.112029609571549,0.111440977434134,2.07198104143113,-0.387228374381508,-0.109592485784215,0.915447253059122,-0.0770170768932632,0.993284939770345,0.0863330660421546,-0.91876142493069,-0.0370744586617061,-0.393068605429471,8.25842382988207,5.92125944062972
139.7,0.0540684980709018,0.0537854564413392,1.00002527393437,0.112026130622195,0.111439688244541,2.07198213304096,-0.396665560635363,-0.110154308578841,0.91133005069917,-0.0777247416842867,0.993239257837029,0.0862243655903554,-0.91466676857528,-0.036630656462394,-0.402545522234678,8.26875870291389,5.92163498145031
139.8,0.0540669979235233,0.0537847918722211,1.00002579115805,0.112023022422186,0.111438311304003,2.07198320469209,-0.406060500078157,-0.110711553132168,0.907115109718353,-0.0784313016877123,0.993193780404922,0.0861083357204772,-0.910474272668837,-0.0361810249722476,-0.411980014369762,8.27909423938706,5.92201968840252
139.9,0.0540656786494451,0.0537840841696352,1.00002629849257,0.112020288978953,0.111436844993948,2.0719842558536,-0.415412195210983,-0.111264159875343,0.90280285488983,-0.0791366822891292,0.993148512302549,0.0859849872216248,-0.906184359601434,-0.0357256104002118,-0.421371080136345,8.28943045529948,5.9224135614833
140,0.0540645421828209,0.0537833325523909,1.00002679568173,0.112017934299924,0.111435287695806,2.07198528599461,-0.424719652553492,-0.11181206968648,0.898393720930454,-0.0798408089677292,0.993103458338981,0.0858543316235954,-0.901797461716443,-0.0352644595532301,-0.430717721871528,8.29976736664906,5.92281645898648
140.1,0.0540635897556139,0.0537825365049928,1.00002728250376,0.112015960937643,0.111433638341506,2.07198629465567,-0.433981880969881,-0.112355223792892,0.893888153337034,-0.0805436071688972,0.993058623311941,0.0857163812232873,-0.897314022142787,-0.0347976199220955,-0.440018944266825,8.31010498745513,5.92322512166893
140.2,0.0540628197910272,0.0537816965747256,1.00002775887492,0.112014365625096,0.111431898064983,2.07198728166326,-0.443197886530519,-0.112893563473758,0.889286611110883,-0.081245001910326,0.993014012032673,0.085571149176369,-0.892734497507222,-0.0343251399555765,-0.449273749208161,8.32044332382264,5.92363629028751
140.3,0.0540622300100734,0.0537808135745693,1.00002822474595,0.112013143640382,0.111430068550675,2.0719882469153,-0.452366678042669,-0.11342703038964,0.884589564359442,-0.0819449181964892,0.992969629299178,0.0854186494345535,-0.888059355549172,-0.0338470688013022,-0.45848114132988,8.33078237987795,5.92404982313604
140.4,0.0540618181337653,0.0537798883175036,1.00002868006756,0.112012290261599,0.111428151483018,2.07198919030972,-0.461487268941124,-0.113955566694096,0.879797493418054,-0.0826432811613626,0.992925479887052,0.0852588967202279,-0.883289074247014,-0.033363456213259,-0.467640129913333,8.34112215974741,5.92446572021351
140.5,0.0540615818831156,0.0537789216165085,1.00002912479052,0.112011800766845,0.11142614854645,2.07199011174444,-0.470558677392588,-0.114479115039903,0.874910888805379,-0.0833400160762344,0.992881568548988,0.0850919065253164,-0.878424141773751,-0.0328743525469462,-0.476749728991709,8.35146266755739,5.92488398152094
140.6,0.0540615189791371,0.0537779142845636,1.00002955886553,0.112011670434219,0.111424061425408,2.07199101111739,-0.479579926399653,-0.114997618585249,0.869930251177774,-0.0840350483575064,0.99283790001427,0.0849176951100646,-0.873465056451633,-0.0323798087544689,-0.485808957454439,8.36180390743423,5.9253046070573
140.7,0.0540616271428425,0.0537768671346489,1.00002998224336,0.11201189454182,0.111421891804329,2.0719918883265,-0.488550043904348,-0.115511020999867,0.864856091282606,-0.084728303574486,0.992794478988271,0.0847362795017457,-0.868412326705724,-0.031879876379567,-0.49481683915119,8.37214588350432,5.92572759682362
140.8,0.0540619040952445,0.0537757809797443,1.00003039487472,0.112012468367746,0.11141964136765,2.07199274326971,-0.497468062891269,-0.116019266471129,0.859688929910528,-0.0854197074571678,0.992751310151955,0.0845476774932884,-0.863266471016418,-0.031374607552581,-0.503772402995422,8.38248859989399,5.92615295081887
140.9,0.054062347557356,0.0537746566328294,1.00003079671036,0.112013387190096,0.111417311799809,2.07199357584493,-0.506333021490256,-0.116522299710084,0.85442929784671,-0.086109185904004,0.992708398161381,0.0843519076418271,-0.858028017870919,-0.0308640549853566,-0.512674683067501,8.39283206072962,5.9265806690451
141,0.0540629552501897,0.0537734949068842,1.00003118770101,0.112014646286967,0.111414904785242,2.0719943859501,-0.515143963078642,-0.117020065957456,0.849077735821016,-0.0867966649896639,0.992665747647205,0.0841489892671734,-0.852697505713663,-0.0303482719660853,-0.521522718717383,8.40317627013756,5.92701070070502
141.1,0.0540637241280876,0.0537722970564581,1.00003156781653,0.112016239347971,0.111412422923287,2.07199517352275,-0.523899935784678,-0.117512510956013,0.843634794833418,-0.0874820709258657,0.992623363217088,0.0839389424648537,-0.847275483270543,-0.0298273123899746,-0.530315554065934,8.41352123153494,5.92744187753663
141.2,0.0540646480787094,0.0537710661023789,1.00003193710325,0.112018153708768,0.111409872472888,2.07199593865891,-0.532599990825032,-0.117999580858714,0.838101037280317,-0.0881653299295888,0.99258124946374,0.0837217881522396,-0.84176251067126,-0.0293012308644117,-0.539052236335448,8.42386694550203,5.92787303126979
141.3,0.054065720223044,0.0537698055070437,1.00003229562663,0.11202037511653,0.111407260607889,2.07199668149418,-0.54124318445716,-0.118481222340597,0.832477035858257,-0.0888463683738188,0.992539410955468,0.083497548029608,-0.836159158357699,-0.0287700826006978,-0.547731817810224,8.43421341190986,5.92830411111535
141.4,0.0540669336820804,0.0537685187328501,1.00003264345213,0.112022889318428,0.111404594502134,2.07199740216419,-0.549828578689413,-0.118957382639095,0.826763373143753,-0.089525112842756,0.992497852232744,0.0832662445645366,-0.830466006665458,-0.0282339233732278,-0.556353356549669,8.44456063062948,5.92873511706924
141.5,0.0540682815768076,0.0537672092421953,1.00003298064521,0.112025682061637,0.111401881329466,2.07199810080455,-0.558355241384656,-0.119428009559984,0.82096064153577,-0.0902014901398041,0.992456577807701,0.0830279009898813,-0.82468364576657,-0.0276928095137895,-0.56491591649235,8.45490860153191,5.92916604913351
141.6,0.0540697570282144,0.0537658804974765,1.00003330727131,0.112028739093327,0.11139912826373,2.0719987775509,-0.566822246363302,-0.119893051483276,0.815069443197135,-0.0908754272955391,0.992415592163631,0.0827825413016722,-0.818812675611164,-0.0271467979058002,-0.573418567559465,8.4652573244882,5.92959690730815
141.7,0.05407135315729,0.0537645359610913,1.00003362339591,0.112032046160671,0.11139634247877,2.07199943253886,-0.575228673505767,-0.120352457369052,0.809090389994855,-0.0915468515756577,0.992374899754493,0.0825301902569252,-0.812853705868024,-0.0265959459784804,-0.581860385757726,8.47560679936938,5.93002769159011
141.8,0.0540730630850232,0.0537631790954368,1.00003392908444,0.112035589010841,0.111393531148431,2.07200006590403,-0.58357360885436,-0.120806176763238,0.803024103439335,-0.0922156904889078,0.992334505004419,0.0822708733713701,-0.806807355864057,-0.0260403117009639,-0.590240453281681,8.4859570260465,5.93045840198447
141.9,0.054074879932403,0.0537618133629104,1.00003422440238,0.11203935339101,0.111390701446555,2.07200067778205,-0.591856144714554,-0.12125415980332,0.796871214622549,-0.0928818717949962,0.992294412307223,0.0820046169170964,-0.800674254522701,-0.0254799535763479,-0.598557858615409,8.49630800439057,5.93088903848819
142,0.0540767968204184,0.0537604422259094,1.00003450941517,0.112043325048349,0.111387860546988,2.07200126830854,-0.600075379755677,-0.121696357224001,0.790632364155103,-0.0935453235124762,0.992254626025915,0.0817314479201147,-0.794455040301228,-0.0249149306356788,-0.606811696633637,8.50665973427266,5.93131984908173
142.1,0.0540788069137004,0.0537590691967849,1.00003478421131,0.112047489820455,0.111385015727074,2.07200183766685,-0.608230421827522,-0.122132720507754,0.784308199973001,-0.0942059741470849,0.992215150479062,0.0814513940630271,-0.78815035900424,-0.0243453022406085,-0.615001071430205,8.51701221902624,5.93175653730979
142.2,0.0540809035514487,0.0537576979877028,1.00003504897144,0.112051833906617,0.111382174678159,2.07200238623124,-0.616320396032631,-0.122563202309348,0.777899370660408,-0.0948637533530992,0.992175989901722,0.0811644833797422,-0.781760857125722,-0.0237711274914735,-0.623125104424337,8.52736547583464,5.93220480671299
142.3,0.0540830801165049,0.0537563323607829,1.00003530389924,0.112056343596547,0.111379345195093,2.07200291442373,-0.624344436357956,-0.122987755998226,0.771406531384967,-0.09551859126525,0.992137148485943,0.0808707445055627,-0.775287187764358,-0.0231924657745311,-0.631182925957071,8.53771952534364,5.93266490527689
142.4,0.0540853299917108,0.0537549760781448,1.00003554919837,0.112061005179959,0.111376535072722,2.0720034226663,-0.63230168299578,-0.123406335514115,0.764830345917107,-0.0961704182827209,0.992098630393737,0.0805702067652661,-0.768730012636446,-0.0226093769451705,-0.639173672600899,8.54807438819901,5.93313683299742
142.5,0.0540876465599081,0.0537536329019083,1.00003578507251,0.112065804946565,0.111373752105895,2.07200391138096,-0.64019128242419,-0.123818895371489,0.758171486576127,-0.0968191650755174,0.992060439756688,0.0802629001709126,-0.762090002022169,-0.0220219213228632,-0.647096487240581,8.55843008504651,5.93362058987559
142.6,0.0540900232039385,0.053752306594193,1.00003601172535,0.112070729186077,0.11137100408946,2.07200438098971,-0.648012387487135,-0.124225390663979,0.751430634175641,-0.0974647625908184,0.992022580675567,0.0799488554196021,-0.755367834711235,-0.0214301596860769,-0.654950519153539,8.56878663653194,5.93411617591244
142.7,0.0540924533066438,0.0537510009171187,1.00003622936054,0.11207576418821,0.111368298818263,2.07200483191455,-0.655764157474104,-0.124625777068758,0.744608477968312,-0.0981071420593156,0.991985057219941,0.0796281038911771,-0.748564197947799,-0.0208341532671498,-0.662734924089873,8.57914406330105,5.93462359110591
142.8,0.0540949302508656,0.0537497196328051,1.00003643818177,0.112080896242675,0.111365644087153,2.07200526457748,-0.663445758199416,-0.125020010850878,0.737705715589929,-0.0987462350015373,0.991947873427796,0.0793006776458738,-0.741679787374729,-0.0202339637471261,-0.670448864351977,8.58950238599964,5.93514283545906
142.9,0.0540974474194457,0.0537484665033718,1.00003663839272,0.112086111639185,0.111363047690978,2.0720056794005,-0.671056362081083,-0.125408048867574,0.730723053002799,-0.099381973234157,0.99191103330515,0.0789666094219209,-0.734715306977191,-0.0196296532505536,-0.678091508873747,8.59986162527347,5.93567390896782
143,0.0540999981952258,0.0537472452909386,1.00003683019705,0.112091396667453,0.111360517424586,2.07200607680561,-0.678595148219306,-0.125789848572528,0.723661204438457,-0.100014288876289,0.991874540825677,0.0786259326330839,-0.727671469025541,-0.0190212843402421,-0.685662033299394,8.61022180176833,5.9362169847073
143.1,0.0541025765344534,0.0537460594196412,1.00003701379204,0.112096738805249,0.111358060382545,2.07200645720153,-0.686061304207231,-0.126165368106931,0.716520890665385,-0.100643114502004,0.991838399921938,0.0782786812844103,-0.72054899234737,-0.0184089198687099,-0.693159621801831,8.62058293854649,5.93677604329586
143.2,0.0541051786869997,0.053744910961679,1.0000371893493,0.112102130282568,0.111355680858306,2.07200682094385,-0.69345403126767,-0.126534566552295,0.709302833764282,-0.101268383578512,0.991802614460518,0.0779248897123161,-0.713348597115052,-0.0177926225358729,-0.700583472241019,8.63094506833636,5.93735506536003
143.3,0.0541078014761417,0.0537438016512678,1.00003735703407,0.112107564517465,0.111353382445044,2.0720071683749,-0.700772538883777,-0.126897403653003,0.702007761846344,-0.101890030021333,0.991767188268017,0.0775645928062759,-0.706071009551191,-0.0171724553013921,-0.707932790772037,8.64130822628281,5.93795422396778
143.4,0.0541104417251562,0.0537427332226229,1.00003751701154,0.112113034927991,0.111351168735931,2.07200749983699,-0.708016043097891,-0.127253839730064,0.694636410642259,-0.102507988051695,0.991732125139285,0.0771978260853934,-0.698716963513552,-0.0165484815216497,-0.715206790136761,8.65167244753076,5.93857351911911
143.5,0.0541130962573204,0.05374170740996,1.00003766944694,0.1121185349322,0.111349043324139,2.07200781567244,-0.715183766577082,-0.127603835684651,0.687189523452725,-0.103122192201825,0.991697428837104,0.0768246256962404,-0.691287200445739,-0.0159207649452608,-0.72240468972969,8.66203776722511,5.93921295081606
143.6,0.054115761895911,0.0537407259474947,1.00003781450549,0.112124057948144,0.111347009802842,2.07200811622356,-0.722274938678472,-0.127947353001607,0.679667851098529,-0.103732577320221,0.99166310309187,0.0764450284106636,-0.683782469327428,-0.0152893697085605,-0.72952571566354,8.67240422051075,5.93987251905659
143.7,0.0541184354642052,0.0537397905694425,1.0000379523524,0.112129597393878,0.111345071765212,2.07200840183268,-0.729288795514355,-0.12828435375293,0.67207215187018,-0.104339078576928,0.991629151601283,0.0760590716235567,-0.676203526624151,-0.0146543603310641,-0.736569100834639,8.68277184253258,5.94055222384274
143.8,0.0541211137854798,0.0537389030100188,1.00003808315289,0.112135146687453,0.111343232804422,2.0720086728421,-0.736224580017092,-0.128614800601243,0.664403191477102,-0.104941631468805,0.991595578030027,0.0756667933506,-0.668551136236654,-0.0140158017109021,-0.743534084988092,8.69314066843552,5.94125206517145
143.9,0.0541237936830119,0.0537380650034394,1.00003820707217,0.112140699246923,0.111341496513644,2.07200892959416,-0.743081542003789,-0.128938656803227,0.656661742996386,-0.105540171824781,0.99156238600946,0.0752682322259656,-0.660826069449796,-0.0133737591202288,-0.750419914782735,8.70351073336444,5.9419720430468
144,0.0541264719800784,0.0537372782839197,1.00003832427547,0.11214624849034,0.111339866486053,2.07200917243116,-0.749858938240768,-0.129255886213045,0.648848586821076,-0.106134635811111,0.991529579137303,0.0748634274999882,-0.653029104880992,-0.0127282982006033,-0.757225843855878,8.71388207246426,5.94271203502709
144.1,0.0541291457663852,0.0537365442743187,1.00003843492287,0.112151788387781,0.111338345669711,2.07200940168479,-0.756556031410756,-0.129566453235109,0.640964511913165,-0.106724959839678,0.991497160982635,0.0744524191050472,-0.645161029730739,-0.0120794850655468,-0.76395113178614,8.72425471917031,5.94346922504006
144.2,0.0541318131973539,0.0537358631520694,1.00003853915391,0.112157315117407,0.111336934432248,2.0720096176442,-0.763172086994227,-0.129870322684458,0.633010319756883,-0.107311080288087,0.991465135100995,0.074035247865929,-0.637222643728454,-0.0114273866216425,-0.770595040961671,8.73462870007973,5.94424079701444
144.3,0.054134472694835,0.0537352347832479,1.00003863710304,0.112162825409404,0.111335632496182,2.07200982058792,-0.769706376817317,-0.130167459957736,0.62498682054497,-0.107892933805953,0.991433505017203,0.0736119553065106,-0.629214755327228,-0.0107720702492386,-0.777156840142993,8.74500404008006,5.94502662850958
144.4,0.0541371226806791,0.0537346590339307,1.00003872890468,0.112168315993957,0.111334439584033,2.07201001079446,-0.776158180246225,-0.130457831089684,0.616894831834603,-0.108470457419083,0.991402274219581,0.0731825835806311,-0.621138180362601,-0.010113603690908,-0.783635805662439,8.75538076405886,5.94582671952647
144.5,0.0541397615767368,0.053734135770194,1.00003881469325,0.112173783601251,0.111333355418321,2.07201018854235,-0.782526784257434,-0.13074140275675,0.608735178484797,-0.109043588535312,0.991371446159614,0.0727471754691319,-0.612993741990129,-0.00945205504599483,-0.790031221494661,8.7657588969037,5.94664107006616
144.6,0.0541423878048585,0.0537336648581141,1.00003889460317,0.112179224961472,0.111332379721565,2.0720103541101,-0.788811483507499,-0.131018142280663,0.600508692593223,-0.109612264950311,0.991341024251608,0.0723057743768512,-0.60478227062238,-0.00878749276513095,-0.79634237932672,8.77613846350214,5.94746968012659
144.7,0.0541449997868947,0.0537332461637674,1.00003896876889,0.112184636804804,0.111331512216285,2.07201050777625,-0.795011580402485,-0.131288017631975,0.5922162134324,-0.110176424853395,0.991311011872357,0.0718584243295679,-0.596504603865275,-0.00811998564471478,-0.802568578627809,8.78651948874173,5.94831254970878
144.8,0.0541475959446961,0.0537328795532302,1.00003903732481,0.112190015861434,0.111330752625,2.0720106498193,-0.801126385166953,-0.131550997433552,0.583858587385309,-0.110736006833301,0.99128141236081,0.0714051699709018,-0.588161586453881,-0.00744960282136072,-0.808709126718537,8.79690199751005,5.94916967881478
144.9,0.0541501747001132,0.0537325648925787,1.00003910040537,0.112195358861545,0.111330100670229,2.07201078051779,-0.807155215912573,-0.131807050964042,0.575436667880393,-0.11129094988396,0.991252229017736,0.0709460565591627,-0.57975407018757,-0.00677641376631299,-0.814763338839822,8.80728601469464,5.9500410674405
145,0.0541527344749965,0.0537323020478894,1.00003915814499,0.112200662535323,0.111329556074493,2.07201090015023,-0.813097398706311,-0.132056148161298,0.566951315325956,-0.111841193410241,0.991223465105397,0.0704811299641531,-0.571282913864578,-0.00610048827982666,-0.820730538221373,8.81767156518308,5.95092636471633
145.1,0.054155273657991,0.0537320906569221,1.00003921066386,0.112205923544153,0.111329118087256,2.07201100896564,-0.818952264897627,-0.132298259513222,0.558403401089946,-0.112386676977563,0.991195123860482,0.0700104368872641,-0.562748987255408,-0.00542189680617094,-0.826610053397632,8.8280586689638,5.95181750056538
145.2,0.0541577905049196,0.0537319294441718,1.00003925802521,0.112211138274224,0.111328784065759,2.07201110709504,-0.824719143300603,-0.132533355750177,0.549793819797127,-0.112927339567826,0.991167208531954,0.0695340255494121,-0.554153183381321,-0.0047407113991686,-0.832401210356988,8.83844732642883,5.95270640491489
145.3,0.0541602832383999,0.053731816905817,1.00003930027803,0.112216303042924,0.111328550894192,2.07201119463992,-0.830397369079393,-0.132761408232857,0.541123477507723,-0.113463120386808,0.99113972233804,0.0690519450541556,-0.545496406714207,-0.00405700476980161,-0.838103341464635,8.84883753307109,5.95359272689419
145.4,0.0541627500810492,0.0537317515380364,1.00003933747132,0.11222141416764,0.111328415456742,2.0720112717018,-0.835986286656071,-0.132982389075427,0.532393287634982,-0.113993959132191,0.991112668452148,0.0685642451648844,-0.536779569101099,-0.00337084996014706,-0.843715788382667,8.85922928438347,5.95447646649819
145.5,0.0541651892554849,0.0537317318370083,1.00003936965407,0.112226467965761,0.111328374637595,2.0720113383822,-0.841485249793773,-0.133196271149427,0.523604170849888,-0.114519796000838,0.991086050002474,0.0680709762998914,-0.528003589669083,-0.00268232033549695,-0.849237902153561,8.86962257585889,5.95535762373097
145.6,0.0541675989843245,0.0537317562989115,1.00003939687527,0.112231460754675,0.111328425320941,2.0720113947826,-0.846893621678838,-0.133403028087587,0.514757054984935,-0.115040571696026,0.991059870071596,0.0675721895273636,-0.519169394729266,-0.00199148957643191,-0.85466904328267,8.88001740299026,5.95623619858947
145.7,0.0541699774901855,0.0537318234199245,1.0000394191839,0.112236388851769,0.111328564390965,2.07201144100453,-0.852210775001966,-0.133602634287563,0.505852874936944,-0.115556227434634,0.991034131696088,0.0670679365602911,-0.51027791767979,-0.00129843167084853,-0.860008581819724,8.89041376127049,5.95711219107777
145.8,0.0541723229956852,0.0537319316962258,1.00003943662897,0.112241248574433,0.111328788731857,2.07201147714949,-0.857436092038392,-0.133795064915587,0.496892572568924,-0.11606670495427,0.991008837866127,0.0665582697512935,-0.501330098907884,-0.000603220905939277,-0.865255897439336,8.90081164619248,5.95798560119077
145.9,0.054174633723441,0.053732079623994,1.00003944925947,0.112246036240055,0.111329095227804,2.072011503319,-0.862568964727018,-0.133980295910035,0.487877096611042,-0.116571946520355,0.990983991525113,0.0660432420873689,-0.492326885691017,9.40681398688969e-05,-0.87041037952047,8.91121105324915,5.95885642893255
146,0.0541769078960705,0.0537322656994077,1.00003945712439,0.112250748166022,0.111329480762992,2.07201151961455,-0.867608794748559,-0.134158303984904,0.47880740256062,-0.117071894933153,0.990959595569287,0.0655229071845589,-0.483269232097093,0.00079336060502392,-0.875471427224919,8.92161197793341,5.95972438059796
146.1,0.0541791435001565,0.053732488321638,1.00003946029848,0.112255380180675,0.111329942020618,2.07201152619104,-0.872554991671406,-0.134329066567331,0.469684456187834,-0.117566493340838,0.990935652856711,0.0649973194907485,-0.474158102485712,0.00149458107621148,-0.880438447635356,8.93201441163729,5.96058270101862
146.2,0.0541813375781444,0.0537327455018261,1.00003945895956,0.11225992615617,0.111330474879905,2.0720115234169,-0.877406967534185,-0.134492561626271,0.460509244412824,-0.118055684682058,0.99091216623349,0.06446653492087,-0.464994482372336,0.00219765276078406,-0.885310850315089,8.94241832934936,5.9614246350231
146.3,0.0541834869364447,0.0537330351541059,1.00003945331122,0.112264379475613,0.111331075019086,2.07201151171394,-0.882164143245457,-0.13464876791386,0.451282764651265,-0.118539412305463,0.99088913850279,0.0639306102542,-0.455779367789158,0.00290249831670985,-0.890088053734706,8.95282370195734,5.96224988890524
146.4,0.0541855883814684,0.0537333551926113,1.00003944355705,0.112268733522111,0.111331738116392,2.07201149150397,-0.886825950675647,-0.134797665040578,0.442006021121708,-0.119017620175947,0.990866572414717,0.0633896029232208,-0.446513761597434,0.00360904013799199,-0.894769487372805,8.9632305003489,5.9630584626691
146.5,0.054187638719626,0.053733703531476,1.00003942990061,0.112272981678773,0.111332459850055,2.0720114632088,-0.891391832741804,-0.134939233478675,0.432680024717336,-0.11949025288262,0.990844470665905,0.0628435710065044,-0.43719867335944,0.00431720036479474,-0.899354591801118,8.97363869541175,5.96385035631367
146.6,0.0541896347573285,0.0537340780848339,1.00003941254551,0.112277117328705,0.111333235898306,2.07201142725025,-0.895861243490764,-0.135073454565468,0.423305792876654,-0.119957255646703,0.990822835899111,0.0622925732214954,-0.427835119209368,0.00502690089361335,-0.903842818768016,8.9840482580336,5.96462556983793
146.7,0.0541915733009865,0.0537344767668189,1.00003939169532,0.112281133855015,0.111334061939379,2.07201138405011,-0.900233648180711,-0.135200310506515,0.413884349453067,-0.120418574329321,0.990801670702822,0.0617366689171909,-0.418424121723092,0.0057380633874907,-0.908233631280421,8.99445915910214,5.96538410324289
146.8,0.0541934511570107,0.0537348974915647,1.00003936755362,0.112285024640811,0.111334933651503,2.07201133403022,-0.904508523361151,-0.135319784378659,0.404416724583373,-0.120874155439222,0.990780977610869,0.0611759180667184,-0.408966709786854,0.00645060928627855,-0.912526503684113,9.00487136950506,5.96612595652857
146.9,0.054195265131812,0.0537353381732053,1.00003934032401,0.112288783069198,0.111335846712912,2.07201127761236,-0.908685356951225,-0.135431860132943,0.394903954555226,-0.121323946140394,0.990760759102046,0.0606103812598159,-0.399463918464919,0.00716445981693886,-0.916720921742372,9.01528486013008,5.96685112969394
147,0.0541970120318011,0.0537357967258744,1.00003931021005,0.112292402523286,0.111336796801837,2.07201121521837,-0.912763648316413,-0.135536522597395,0.385347081673544,-0.121767894259594,0.99074101759974,0.0600401196952109,-0.389916788866157,0.00787953600388775,-0.920816382713008,9.02569960186489,5.96755939671809
147.1,0.0541986886002229,0.0537362711097708,1.00003927745501,0.112295876255306,0.111337779691953,2.07201114735222,-0.916742907153032,-0.135633757451362,0.375747157040785,-0.122205948161967,0.990721755477331,0.0594651953477865,-0.380326370921662,0.00859575846222022,-0.924812394228158,9.03611556244131,5.96824555907856
147.2,0.0542002913276595,0.0537367594693533,1.00003924246079,0.112299196993991,0.111338791538709,2.07201107484666,-0.9206226502328,-0.135723551161105,0.366105249263861,-0.122638056377521,0.990702975073947,0.0588856714963317,-0.370693732083885,0.00931304675436309,-0.92870847102515,9.04653269696769,5.96890441825589
147.3,0.0542018166415272,0.0537372599951452,1.00003920566897,0.112302357337198,0.111339828592997,2.07201099861658,-0.924402405474516,-0.135805891098912,0.356422435735684,-0.123064168029741,0.99068467867476,0.0583016122095718,-0.361019948617906,0.0100313200486248,-0.932504139035322,9.0569509573965,5.96953574822717
147.4,0.0542032609692422,0.0537377708776704,1.00003916752112,0.112305349882784,0.111340887105708,2.07201091957691,-0.928081713272422,-0.135880765578376,0.346699799589155,-0.123484232978999,0.990666868504551,0.0577130821649201,-0.3513061025586,0.0107504973476117,-0.936198936717974,9.06737029568022,5.97013954899239
147.5,0.0542046207382208,0.0537382903074523,1.00003912845881,0.112308167228607,0.111341963327736,2.07201083864255,-0.931660126571625,-0.135948163856664,0.336938429539501,-0.123898201830431,0.990649546727348,0.0571201466392163,-0.341553281553156,0.0114704975001684,-0.939792415136114,9.07779066377131,5.97071582055358
147.6,0.0542058923758793,0.0537388164750146,1.00003908892362,0.112310801972525,0.11134305350997,2.07201075672842,-0.935137210941386,-0.136008076136637,0.327139419725561,-0.124306025941681,0.99063271544607,0.0565228714993538,-0.33176257870253,0.012191239213352,-0.943284138030048,9.08821201362224,5.97126456290667
147.7,0.0542070723096339,0.0537393475708809,1.00003904935712,0.112313246712394,0.111344153903305,2.07201067474942,-0.938512544646248,-0.136060493568789,0.317303869550059,-0.124707657430519,0.990616376702182,0.0559213231928026,-0.321935092401894,0.0129126410644357,-0.946673681888815,9.0986342971855,5.97178577605473
147.8,0.0542081569669008,0.0537398817855747,1.00003901020089,0.112315494046073,0.111345260758631,2.07201059362046,-0.941785718715016,-0.136105408253043,0.307432883518847,-0.125103049182335,0.990600532475362,0.0553155687380234,-0.312071926180044,0.0136346215129438,-0.949960636019449,9.10905746641354,5.97227945999773
147.9,0.0542091427750965,0.0537404173096196,1.00003897189651,0.112317536571418,0.111346370326841,2.07201051425647,-0.944956337007535,-0.136142813240366,0.29752757107922,-0.125492154857504,0.99058518468318,0.05470567571478,-0.302174188537873,0.01435709891271,-0.953144602614047,9.11948147325885,5.97274561473366
148,0.0542100261616371,0.0537409523335393,1.00003893488554,0.112319366886288,0.111347478858826,2.07201043757234,-0.948024016279295,-0.136172702534228,0.287589046457266,-0.125874928898613,0.990570335180779,0.0540917122543483,-0.292242992785873,0.0150799915239631,-0.956225196814638,9.12990626967389,5.97318396104544
148.1,0.0542108038350622,0.0537414851852848,1.00003889956575,0.112320978171007,0.111348582890219,2.07201036439221,-0.950988385154688,-0.136195071084938,0.277618432228569,-0.126251326398011,0.990555985765853,0.0534737472614458,-0.282279460612391,0.015803217254939,-0.959202045682124,9.1403318037125,5.9735880768924
148.2,0.0542114736284053,0.053742014742517,1.00003886615961,0.112322365935772,0.111349680095612,2.07201029517704,-0.953849081230958,-0.136209914792419,0.267616870445604,-0.126621302705464,0.99054213819266,0.0528518511112439,-0.272284733204101,0.0165266928620335,-0.962074785288033,9.15075800783398,5.97395154023697
148.3,0.0542120336558229,0.0537425400203242,1.00003883484579,0.112323526273249,0.111350768434337,2.07201023029701,-0.956605754951239,-0.136217230567461,0.257585511414561,-0.126984813887891,0.990528794153274,0.0522260949633355,-0.262259960032078,0.0172503347733614,-0.964843064603866,9.16118481059901,5.97427407185798
148.4,0.0542124820314719,0.0537430600337948,1.00003880580297,0.112324455276103,0.111351845865726,2.07201017012231,-0.959258070833506,-0.136217016345124,0.247525509794068,-0.127341816881285,0.99051595527164,0.0515965505211705,-0.252206294953465,0.0179740593729585,-0.967506546735216,9.17161214056824,5.97455567175951
148.5,0.0542128168695088,0.053743573798017,1.00003877920979,0.112325149036999,0.111352910349111,2.07201011502312,-0.961805707530193,-0.136209271085351,0.237438024403721,-0.127692269498124,0.990503623103284,0.050963290020237,-0.24212489602014,0.0186977830147184,-0.970064908981647,9.18203992630234,5.97479633993546
148.6,0.0542130362840903,0.0537440803280792,1.00003875524493,0.112325603648602,0.111353959843825,2.07201006536961,-0.964248357884995,-0.136193994773368,0.227324218031783,-0.128036130434601,0.990491799135035,0.050326386216136,-0.232016925286548,0.0194214220363343,-0.972517842893724,9.19246809636199,5.97499607639091
148.7,0.0542131383893732,0.0537445786390698,1.00003873408706,0.112325815203577,0.1113549923092,2.07201002153198,-0.966585728986846,-0.136171188419891,0.21718525724202,-0.128373359277689,0.990480484784768,0.0496859123725482,-0.221883548616677,0.020144892773249,-0.974865054327226,9.20289657930785,5.97515488112281
148.8,0.0542131212995142,0.053745067746077,1.00003871591483,0.112325779794589,0.111356005704568,2.0720099838804,-0.968817542221061,-0.136140854061117,0.207022312179756,-0.128703916512022,0.990469681401154,0.0490419422490965,-0.211725935490221,0.0208681115726079,-0.9771062634945,9.2133253037006,5.97527275413319
148.9,0.0542129831286699,0.0537455466641893,1.00003870090692,0.112325493514304,0.11135699798926,2.07200995278506,-0.97094353331763,-0.136102994758523,0.19683655637721,-0.129027763526599,0.990459390263425,0.048394550089111,-0.201545258808043,0.0215909948072097,-0.97924120501296,9.22375419810089,5.97534969542206
149,0.054212721990997,0.0537460144084949,1.00003868924198,0.112324952455386,0.111357967122611,2.07200992861613,-0.972963452396655,-0.136057614598445,0.186629166558079,-0.12934486262131,0.99044961258116,0.0477438106072908,-0.191342694696862,0.0223134588894572,-0.981269627950713,9.23418319106939,5.97538584102149
149.1,0.054212336566339,0.053746470174948,1.00003868099131,0.112324153882564,0.111358911438692,2.07200991152132,-0.974877064349737,-0.136004718681149,0.176401320576975,-0.129655177069177,0.99044034949243,0.0470897988578695,-0.181119420449602,0.023035420416735,-0.983191296209555,9.24461221306617,5.97538431973114
149.2,0.0542118277972859,0.0537469138829665,1.00003867579664,0.112323099748818,0.111359830770543,2.07200990075834,-0.976684149740786,-0.135944313078113,0.16615419160177,-0.12995867128024,0.990431602059443,0.0464325898592626,-0.170876608709888,0.0237567965787481,-0.985005989429569,9.25504120214892,5.9753482603446
149.3,0.0542111971921147,0.0537473456328338,1.00003867319236,0.112321793179193,0.111360725325945,2.07200989536244,-0.978384503553549,-0.13587640484285,0.155888953467709,-0.13025531062226,0.99042337127461,0.0457722589319607,-0.16061543282317,0.0244775047751554,-0.986713501731383,9.26547009827471,5.975277798898
149.4,0.0542104462591022,0.0537477655248337,1.00003867271282,0.112320237298731,0.111361595312679,2.07200989436887,-0.979977934846005,-0.135801002017344,0.14560678234905,-0.130545061367787,0.990415658062209,0.0451088818048352,-0.150337068507534,0.0251974624969921,-0.988313641369112,9.27589884140061,5.97517293539337
149.5,0.0542095765065253,0.0537481736592498,1.00003867389239,0.112318435232477,0.111362440938525,2.07200989681287,-0.981464266779695,-0.135718113630717,0.135308856573084,-0.130827890699439,0.990408463278249,0.0444425346031485,-0.140042693667792,0.0259165873397009,-0.989806230759805,9.2863273714837,5.97503366982564
149.6,0.0542085894426609,0.0537485701363656,1.00003867626545,0.112316390105474,0.111363262411263,2.07200990172967,-0.982843336646385,-0.135627749697719,0.124996356433834,-0.131103766715002,0.990401787710342,0.0437732938364953,-0.129733488209249,0.026634797016137,-0.991191106510228,9.29675562848107,5.97486000220091
149.7,0.0542074865757858,0.0537489550564648,1.00003867936635,0.112314105042766,0.111364059938675,2.07200990815452,-0.984114995892095,-0.135529921217026,0.114670464005375,-0.131372658432361,0.990395632077583,0.0431012363866707,-0.119410633851075,0.0273520093695542,-0.992468119440989,9.30718355234979,5.97465193251408
149.8,0.0542062694141768,0.0537493285198311,1.00003868272946,0.112311583169397,0.11136483372854,2.07200991512266,-0.985279110138471,-0.135424640169359,0.10433236295485,-0.131634535794258,0.990389997030446,0.0424264394954713,-0.109075313939374,0.028068142386562,-0.993637134607999,9.31761108304694,5.97440946076618
149.9,0.0542049394661109,0.053749690626748,1.00003868588916,0.11230882761041,0.11136558398864,2.07200992166933,-0.986335559201491,-0.135311919515415,0.0939832383552299,-0.131889369672875,0.9903848831507,0.0417489807524306,-0.0987287132599921,0.0287831142100541,-0.994698031321263,9.32803816052959,5.97413258696026
150,0.054203498239865,0.0537500414774992,1.00003868837981,0.11230584149085,0.111366310926755,2.07200992682977,-0.987284237107523,-0.135191773193619,0.0836242764978116,-0.132137131874244,0.990380290951322,0.0410689380824906,-0.0883720178510473,0.0294968431521082,-0.995650703161,9.33846472475483,5.97382175002915
150.1,0.0542019477549824,0.0537503812111744,1.00003868964725,0.112302628995068,0.11136701483107,2.07200992945582,-0.988125052569254,-0.135064216040532,0.0732566586076998,-0.132377795281862,0.990376220874201,0.0403863893316603,-0.0780064087195537,0.0302092481252258,-0.996495058455578,9.34889072180844,5.97348704551853
150.2,0.0542002920760732,0.053750710122088,1.00003868878322,0.112299198544651,0.111367696311383,2.07200992766562,-0.988857929876495,-0.134929263521982,0.062881542329914,-0.132611334245389,0.990372673285823,0.0397014110372686,-0.0676330433296547,0.0309202499037114,-0.997231021176067,9.35931612229107,5.97313856897307
150.3,0.0541985357790139,0.0537510285433604,1.00003868479096,0.112295559620494,0.111368356057895,2.07200991939393,-0.989482806627242,-0.134786931901124,0.0525000797881072,-0.132837724107369,0.990369648488252,0.0390140796025084,-0.0572530736559212,0.0316297698685613,-0.997858528657751,9.36974090293206,5.97277675932559
150.4,0.054196683439681,0.0537513368081122,1.00003867667367,0.112291721703491,0.111368994760811,2.07200990257548,-0.989999633141832,-0.134637238304483,0.0421134235224424,-0.133056941058381,0.990367146721969,0.038324471685495,-0.0468676521198286,0.0323377295976023,-0.998377531011815,9.38016504046077,5.97240161658018
150.5,0.0541947396339511,0.0537516352494639,1.00003866343458,0.112287694274538,0.111369613110331,2.07200987514502,-0.990408372464575,-0.134480200719436,0.0317227263414245,-0.133268962139784,0.990365168165863,0.037632664189326,-0.0364779314415922,0.0330440508754902,-0.998787991126986,9.39058851160654,5.97201314073479
150.6,0.0541927089377008,0.0537519242005359,1.00003864407692,0.112283486814529,0.111370211796659,2.07200983503729,-0.990709000363585,-0.134315837991562,0.0213291411737843,-0.133473765246329,0.990363712937232,0.0369387342521131,-0.0260850644920516,0.0337486557036715,-0.999089884669363,9.40101129309874,5.97161133178841
150.7,0.0541905959268066,0.0537522039944488,1.00003861760389,0.112279108804358,0.111370791509995,2.07200978018704,-0.990901505328798,-0.134144169821884,0.0109338209203775,-0.133671329128663,0.990362781091791,0.0362427592369825,-0.0156902041445641,0.0344514663103135,-0.999283200080423,9.4114333616667,5.97119618974307
150.8,0.054188405177145,0.0537524749643231,1.00003858301872,0.112274569724922,0.111371352940544,2.072009708529,-0.990985888568184,-0.133965216763986,0.000537918306185855,-0.133861633395698,0.990362372623694,0.0355448167220495,-0.00529450312699748,0.035152405160194,-0.999367938573222,9.42185469403979,5.97076771459877
150.9,0.0541861412645927,0.0537527374432792,1.00003853932464,0.112269879057115,0.111371896778506,2.07200961799793,-0.99096216400215,-0.133779000221007,-0.00985741426759675,-0.134044658516865,0.990362487465556,0.0348449844903672,0.00510088612619774,0.035851394964555,-0.999344114126772,9.43227526694734,5.97032590635348
151,0.0541838087650262,0.0537529917644376,1.00003848552486,0.112265046281831,0.111372423714085,2.07200950652856,-0.990830358256143,-0.133585542442519,-0.020251024871386,-0.134220385824239,0.990363125488494,0.0341433405198487,0.0154948116218274,0.0365483586909169,-0.999211753478613,9.44269505711872,5.96987111538626
151.1,0.0541814125339538,0.0537532381389641,1.00003842057247,0.112260081459343,0.1113729341848,2.07200937195178,-0.990590510513465,-0.133384866425364,-0.0306417670730828,-0.134388797591905,0.990364286502836,0.0334399626424959,0.0258861268341812,0.037243219898624,-0.998970895977009,9.45311404617544,5.96941140034942
151.2,0.0541789585454113,0.0537534762902054,1.00003834322006,0.112254996967433,0.111373427617446,2.07200921168302,-0.990242671684654,-0.13317699559549,-0.0410285147062163,-0.134549877242384,0.990365970262142,0.0327349275359693,0.03627370547516,0.0379359037177805,-0.998621592746831,9.46353223530775,5.96895481989832
151.3,0.0541764530530659,0.0537537058195537,1.00003825217008,0.112249805763261,0.111373903186135,2.07200902303385,-0.989786904099364,-0.132961954045208,-0.0514101473434682,-0.134703609067934,0.990368176464699,0.0320283116954493,0.0466564269685361,0.0386263358664476,-0.998163906380141,9.47394963059805,5.96850172441101
151.4,0.0541739023105853,0.0537539263284009,1.00003814612498,0.112244520803987,0.11137436006498,2.07200880331584,-0.989223281530088,-0.132739766619412,-0.0617855455318527,-0.134849978147515,0.9903709047534,0.0313201917546419,0.0570331716850769,0.0393144423304811,-0.997597910960014,9.48436623812873,5.96805211388647
151.5,0.0541713125716369,0.053754137418139,1.00003802378721,0.11223915504677,0.111374797428092,2.07200854984058,-0.988551889178239,-0.132510458912596,-0.0721535909079181,-0.134988970347903,0.990374154715816,0.0306106444777794,0.0674028210577793,0.040000149371036,-0.996923692046562,9.49478206398223,5.9676059883247
151.6,0.0541686900898881,0.0537543386901601,1.00003788385922,0.112233721448771,0.111375214449584,2.07200825991962,-0.987772823659111,-0.132274057265799,-0.0825131663127216,-0.13512057232472,0.99037792588427,0.0298997467516164,0.0777642576968809,0.0406833835320362,-0.996141346661827,9.50519711424093,5.96716334772367
151.7,0.0541660411190064,0.0537545297458563,1.00003772504347,0.112228232967149,0.111375610303568,2.07200793086454,-0.98688619298571,-0.132030588763481,-0.0928631559066372,-0.135244771523386,0.99038221773591,0.0291875755774171,0.0881163655047059,0.0413640716476136,-0.995250983273552,9.51561139498725,5.96672419208745
151.8,0.0541633719126592,0.0537547101866195,1.00003754604241,0.112222702559063,0.111375984164156,2.07200755998692,-0.985892116551476,-0.131780081230322,-0.103202445283922,-0.135361556179991,0.990387029692796,0.0284742080629394,0.0984580297902732,0.0420421408495104,-0.994252721777822,9.52602491230359,5.96628852141399
151.9,0.0541606887245141,0.0537548796138418,1.00003734555849,0.112217143181674,0.111376335205461,2.07200714459832,-0.98479072511188,-0.131522563227957,-0.113529921587064,-0.135470915322088,0.99039236112199,0.0277597214144125,0.10878813738369,0.0427175185744475,-0.99314669348059,9.53643767227237,5.96585633570127
152,0.0541579978082384,0.0537550376289152,1.00003712229417,0.112211567792142,0.111376662601596,2.07200668201032,-0.983582160764912,-0.131258064051633,-0.123844473620925,-0.135572838769411,0.990398211335647,0.02704419292851,0.119105576750333,0.0433901325714593,-0.991933041078077,9.54684968097598,5.96542788261832
152.1,0.0541553058698504,0.0537551838974894,1.00003687489717,0.112205990284864,0.111376965659809,2.0720061694211,-0.982266576475716,-0.130986613635485,-0.134144995385534,-0.135667317164653,0.99040457959332,0.0263276997461812,0.129409241524794,0.0440599111311822,-0.99061191817941,9.5572609479549,5.96500885847546
152.2,0.0541526214247705,0.0537553183422448,1.00003660179633,0.112200428303194,0.1113772442199,2.07200560357535,-0.980844134406651,-0.13070824225671,-0.144430396406809,-0.135754342044651,0.99041146511004,0.0256103181278068,0.139698040845571,0.0447267837514021,-0.989183487629653,9.56767149658188,5.96460495958609
152.3,0.0541499534407703,0.0537554409501195,1.00003630136578,0.112194900427726,0.111377498254805,2.07200498110435,-0.979315006763189,-0.130422980774037,-0.154699591513454,-0.135833905715706,0.990418867052225,0.0248921241561059,0.14997088912996,0.0453906804641838,-0.987647922359262,9.57808135368772,5.96421643361923
152.4,0.054147310885621,0.0537555517080515,1.00003597197963,0.11218942523905,0.111377727737461,2.07200429863938,-0.977679376157119,-0.130130860711428,-0.164951497500111,-0.135906001218742,0.990426784535919,0.0241731939671208,0.160226702736334,0.0460515316177831,-0.986005405748822,9.58849054610322,5.96384328056878
152.5,0.0541447027270939,0.0537556506029788,1.000035612012,0.11218402131776,0.111377932640805,2.07200355281174,-0.97593743558552,-0.129831914255054,-0.175185033218104,-0.1359706223295,0.990435216626893,0.0234536037437366,0.170464400054933,0.0467092678823808,-0.984256131607928,9.59889910065919,5.96348550043982
152.6,0.0541421379329603,0.0537557376218395,1.00003521983702,0.112178707244448,0.111378112937772,2.07200274025272,-0.974089388409089,-0.129526174250225,-0.185399119665947,-0.13602776355869,0.990444162340754,0.0227334297092049,0.180682901598432,0.0473638202557892,-0.982400304153428,9.60930704418643,5.9631430932293
152.7,0.0541396254709917,0.0537558127515716,1.00003479382879,0.112173501599706,0.111378268601301,2.0720018575936,-0.972135448329825,-0.129213674198289,-0.195592680079669,-0.136077420152099,0.990453620643049,0.022012748120669,0.190881130092313,0.0480151200691344,-0.980438137987006,9.61971440351576,5.96281605893927
152.8,0.0541371743089592,0.0537558759791132,1.00003433236145,0.112168422964127,0.111378399604326,2.07200090146567,-0.970075839368076,-0.128894448253484,-0.205764640022899,-0.13611958809064,0.990463590449379,0.0212916352626935,0.201058010565005,0.0486630989925122,-0.978369858072134,9.63012120547798,5.96250439756665
152.9,0.0541347934146343,0.0537559272914024,1.0000338338091,0.112163489918303,0.111378505919786,2.07199986850022,-0.967910795838933,-0.128568531219756,-0.215913927476757,-0.136154264090367,0.99047407062551,0.020570167440795,0.211212470437838,0.0493076890406187,-0.97619569971037,9.6405274769039,5.96220810911553
153,0.0541324917557882,0.0537559666753771,1.00003329654588,0.112158721042825,0.111378587520615,2.07199875532855,-0.965640562328001,-0.128235958547534,-0.226039472929526,-0.136181445602435,0.990485059987495,0.019848420974977,0.221343439614762,0.049948822578355,-0.973915908517025,9.65093324462431,5.96192714472954
153.1,0.0541302780228256,0.0537559941913683,1.00003271900084,0.112154134343604,0.111378644531817,2.0719975586958,-0.963265393825666,-0.127896766352923,-0.236140208804749,-0.136201130811974,0.990496557301018,0.0191264722406028,0.231449849910135,0.0505864322847223,-0.971530740555995,9.6613385347879,5.96166038075279
153.2,0.0541281597966843,0.0537560101932784,1.00003209982291,0.112149745527808,0.11137867768665,2.0719962758026,-0.960785556233913,-0.12755099148521,-0.246215067580014,-0.136213318638753,0.990508561278947,0.0184043978040044,0.24153063316629,0.0512204510352092,-0.969040462848709,9.67174337081477,5.96140669353348
153.3,0.0541261443809356,0.0537560151084027,1.00003143771592,0.112145569727925,0.111378687870443,2.07199490396344,-0.958201325958281,-0.127198671462141,-0.25626298388581,-0.136218008747023,0.990521070583304,0.0176822742739923,0.251584723353363,0.0518508120357929,-0.966445352964378,9.6821477754429,5.96116603421118
153.4,0.0541242390791507,0.0537560093640363,1.00003073138375,0.112141622076441,0.111378675968519,2.07199344049279,-0.955512989734589,-0.1268398444448,-0.266282895263075,-0.136215201547318,0.990534083826108,0.0169601782477959,0.261611057327267,0.0524774488708461,-0.963745698845975,9.69255177141027,5.96093840279097
153.5,0.0541224511949006,0.0537559933874747,1.00002997953026,0.112137917705843,0.111378642866205,2.07199188270515,-0.952720844600297,-0.126474549234043,-0.276273742256013,-0.136204898196177,0.990547599569509,0.0162381863043084,0.271608574922563,0.0531002955088747,-0.960941798781489,9.70295538145485,5.96072379927285
153.6,0.0541207880317567,0.053755967606013,1.00002918085929,0.112134471748617,0.111378589448828,2.07199022791499,-0.949825197865161,-0.126102825266874,-0.286234468504617,-0.136187100595815,0.990561616325934,0.0155163749973384,0.281576219045063,0.0537192863082249,-0.95803396137445,9.71335862831462,5.96052222365275
153.7,0.0541192568932901,0.0537559324469465,1.00002833407471,0.11213129933725,0.111378516601711,2.07198847343682,-0.946826367081173,-0.125724712612785,-0.296164020836935,-0.136161811393744,0.990576132558232,0.0147948208488656,0.291512935764165,0.0543343560227596,-0.955022505513744,9.72376153472755,5.96033367593576
153.8,0.0541178650830719,0.0537558883375706,1.00002743788038,0.112128415604229,0.111378425210182,2.0719866165851,-0.943724680011792,-0.125340251970056,-0.306061349361077,-0.13612903398233,0.990591146679821,0.0140736003423022,0.301417674404933,0.0549454398075048,-0.951907760342714,9.73416412343162,5.96015815611781
153.9,0.0541166199046734,0.0537558357051804,1.00002649098015,0.11212583568204,0.111378316159566,2.07198465467434,-0.940520474600461,-0.124949484662,-0.31592540755695,-0.136088772498313,0.990606657054841,0.0133527899157592,0.311289387639905,0.0555524732242648,-0.948690065227543,9.74456641716481,5.95999566420194
154,0.0541155286616657,0.0537557749770712,1.00002549207789,0.112123574703169,0.111378190335189,2.07198258501901,-0.937214098938415,-0.124552452633182,-0.325755152367715,-0.136041031822265,0.990622661998312,0.012632465955319,0.321127031580631,0.0561553922472075,-0.945369769724934,9.75496843866509,5.95984594948616
154.1,0.054114597859658,0.0537557066830678,1.00002444003753,0.112121646146782,0.11137804883481,2.07198040526527,-0.93380591239582,-0.124149198582325,-0.335549541000992,-0.135985817597831,0.990639159770654,0.011912705030427,0.330929562576176,0.056754133067637,-0.941947234717997,9.76537020717003,5.9597032459037
154.2,0.0541138308124109,0.0537556317631132,1.00002333436333,0.112120056878758,0.111377893605926,2.07197811438598,-0.930296289353057,-0.123739766385281,-0.345307521248595,-0.135923136310702,0.990656148559631,0.0111935846117369,0.340695927523936,0.0573486315086417,-0.938422836163257,9.77577172791552,5.95956178738372
154.3,0.0541132300357231,0.0537555512596798,1.00002217471962,0.112118812111655,0.111377726808466,2.07197571168566,-0.926685616148212,-0.123324200709512,-0.355028041629628,-0.135852995263504,0.990673626495123,0.0104751823342312,0.35042507402003,0.0579388236535829,-0.934796962025282,9.78617300263707,5.95942132322828
154.4,0.0541127980453931,0.0537554662152401,1.00002096077074,0.112117917058031,0.11137755060236,2.07197319646883,-0.922974289938584,-0.122902546876663,-0.364710054815599,-0.135775402560078,0.990691591654638,0.00975757574647223,0.360115953787132,0.0585246460564183,-0.931070011133403,9.79657403307017,5.95928185343536
154.5,0.0541125373572196,0.0537553776722666,1.00001969218101,0.112117376930444,0.111377367147538,2.07197056804003,-0.919162718656506,-0.122474850857615,-0.37435251774148,-0.135690367104484,0.990710042063527,0.00904084230234075,0.369767522785642,0.0591060357483935,-0.92724239313735,9.8069748209503,5.95914337800799
154.6,0.0541124504870011,0.0537552866732316,1.00001836861479,0.112117196941453,0.111377178603928,2.07196782570377,-0.915251320964049,-0.122041159267475,-0.383954391716275,-0.135597898599916,0.9907289756952,0.00832505935278971,0.379378741324354,0.0596829302446807,-0.923314528461758,9.81737536801297,5.95900589694313
154.7,0.0541125399505363,0.0537551942606078,1.00001698973639,0.112117382303614,0.111376987131462,2.07196496876457,-0.911240526206589,-0.121601519360495,-0.393514642533105,-0.135498007547537,0.990748390471355,0.00761030413760951,0.388948574170656,0.0602552675509644,-0.919286848259549,9.82777567599365,5.95886941024282
154.8,0.0541128082636237,0.0537551014768675,1.00001555521016,0.112117938229487,0.111376794890069,2.07196199652697,-0.907130774365274,-0.121155979024934,-0.403032240578802,-0.135390705245229,0.990768284262207,0.00689665377720637,0.398475990660239,0.0608229861699752,-0.915159794364191,9.83817574662786,5.95873391790705
154.9,0.054113257942062,0.0537550093644832,1.00001406470043,0.112118869931629,0.111376604039678,2.07195890829549,-0.902922516008365,-0.120704586777836,-0.412506160942981,-0.135276003786258,0.99078865488672,0.00618418526439612,0.407959964806284,0.061386025107968,-0.910933819240838,9.84857558165107,5.95859941993379
155,0.0541138915016498,0.0537549189659274,1.00001251787153,0.112120182622598,0.111376416740219,2.07195570337466,-0.89861621224148,-0.120247391759765,-0.421935383526611,-0.135153916057858,0.990809500112853,0.00547297545621214,0.417399475408152,0.0619443238811477,-0.906609385936362,9.85897518279878,5.95846564450826
155.1,0.0541147104241617,0.0537548312762727,1.00001091463536,0.112121879372528,0.111376235053413,2.0719523815819,-0.89421233628171,-0.119784443899458,-0.431318889733923,-0.135024455788318,0.990830817649936,0.00476310132455122,0.426793502739527,0.0624978223209178,-0.902186969660097,9.86937454801119,5.95832633980088
155.2,0.0541157120552764,0.0537547471009924,1.00000925589401,0.11212395468185,0.111376060648144,2.07194894478631,-0.889711378563665,-0.119315794435031,-0.440655652468774,-0.134887637712644,0.990852605123957,0.00405464072029343,0.436141018532591,0.0630464599910693,-0.897667062911383,9.87977366004726,5.95817525399327
155.3,0.0541168927066489,0.0537546671981597,1.00000754279713,0.112126400908573,0.111375895095087,2.0719453953699,-0.885113842301954,-0.118841495427067,-0.449944646740163,-0.13474347746254,0.990874860099039,0.00334767158061012,0.445440996594133,0.0635901768229025,-0.893050171023363,9.89017249787071,5.95801211526352
155.4,0.0541182486899338,0.0537545923258482,1.00000577649438,0.112129210410705,0.111375739964916,2.07194173571465,-0.880420241872317,-0.118361599586154,-0.459184853239845,-0.134591991521093,0.99089758008528,0.00264227165938617,0.454692416387031,0.0641289133273207,-0.888336810537298,9.9005710404452,5.95783692361367
155.5,0.0541197763167861,0.0537545232421313,1.00000395813541,0.112132375546254,0.111375596828306,2.07193796820257,-0.875631102744895,-0.117876160266134,-0.468375258469821,-0.134433197220554,0.990920762539073,0.00193851851745205,0.463894263157908,0.0646626106022292,-0.883527509135559,9.91096926673441,5.95764967903965
155.6,0.0541214718988604,0.0537544607050822,1.00000208886987,0.112135888673226,0.111375467255933,2.07193409521567,-0.870746961415991,-0.117385231457264,-0.477514854868981,-0.134267112739995,0.990944404863436,0.00123648951284613,0.473045528063932,0.0651912103398492,-0.878622805573097,9.92136715570204,5.95745038154553
155.7,0.0541233317478117,0.0537544054727745,1.00000016984742,0.112139742149631,0.11137535281847,2.07193011913593,-0.865768365338313,-0.116888867779285,-0.486602640938889,-0.134093757102855,0.990968504408355,0.00053626179110778,0.482145208298771,0.0657146548339481,-0.873623249607398,9.93176468631176,5.9572390311313
155.8,0.0541253521752947,0.0537543583032814,0.999998202217713,0.112143928333475,0.111375255086594,2.07192604234537,-0.86069587284971,-0.116387124474412,-0.495637621368732,-0.133913150174368,0.990993058471121,-0.000162087724400239,0.491192307217706,0.0662328869869866,-0.86852940192691,9.94216183752727,5.95701562779393
155.9,0.0541275294929642,0.0537543199546765,0.999996187130399,0.112148439582768,0.111375175630977,2.07192186722598,-0.855530053100429,-0.115880057400235,-0.50461880715932,-0.133725312658871,0.991018064296688,-0.000858482342132323,0.500185834461816,0.0667458503171765,-0.863341834078005,9.95255858831223,5.95678017153848
156,0.054129860012475,0.053754291185033,0.999994125735131,0.112153268255515,0.111375116022297,2.07191759615976,-0.850271485978877,-0.115367723022536,-0.513545215746256,-0.133530266097003,0.991043519078032,-0.00155284561197074,0.509124806081315,0.0672534889654544,-0.858061128390418,9.96295491763035,5.95653255180686
156.1,0.0541323396745524,0.0537542725732792,0.999992019351145,0.112158405941186,0.11137507746005,2.07191323188008,-0.844920762837228,-0.114850178485261,-0.52241586980916,-0.133328032893345,0.991069419952633,-0.00224510123216799,0.518008243343046,0.0677557476281908,-0.852687878705917,9.97335080290171,5.95627022594253
156.2,0.0541349629362034,0.0537542639817619,0.999989869976005,0.112163841155088,0.11137505965903,2.07190877852574,-0.839478488926867,-0.114327481840977,-0.531229793521566,-0.133118636413571,0.991095763990694,-0.00293517275360063,0.526835168974563,0.0682525713479218,-0.847222692823995,9.98374621537213,5.95599065127674
156.3,0.0541377238835052,0.0537542650936829,0.999987679776856,0.112169561643988,0.111375061962852,2.07190424058693,-0.833945281103702,-0.113799691822227,-0.539986016731946,-0.132902100904417,0.991122548206244,-0.00362298390199791,0.53560461135063,0.0687439057540976,-0.841666190197523,9.99414112474383,5.95569371726259
156.4,0.0541406166025353,0.0537542755922439,0.999985450920844,0.112175555154655,0.111375083715133,2.07189962255381,-0.82832176696886,-0.113266867757842,-0.548683576420794,-0.132678451461776,0.991149769561296,-0.00430845869130162,0.544315605952366,0.0692296971459289,-0.836019001069827,10.004535500719,5.95537942389803
156.5,0.0541436351793711,0.0537542951606466,0.999983185575116,0.112181809433856,0.111375124259489,2.07189492891657,-0.822608584781632,-0.112729069564834,-0.557321516827232,-0.132447714027094,0.991177424966274,-0.00499152143373646,0.552967195494052,0.0697098924993665,-0.830281766387273,10.0149293129999,5.95504777118407
156.6,0.0541467737000899,0.0537543234820927,0.999980885906816,0.112188312228358,0.111375182939536,2.07189016416536,-0.816806383370884,-0.112186357740204,-0.565898889574422,-0.132209915383641,0.991205511280436,-0.00567209674982837,0.561558430048759,0.0701844394739737,-0.824455137710292,10.0253225312887,5.95469875911972
156.7,0.0541500262507691,0.0537543602397838,0.999978554083092,0.11219505128493,0.11137525909889,2.07188533279037,-0.810915822044859,-0.111638793352672,-0.574414753793868,-0.131965083152653,0.991234025312315,-0.00635010957837594,0.570088367172865,0.0706532864196951,-0.818539777122818,10.0357151252876,5.95433238770495
156.8,0.0541533869174862,0.0537544051169218,0.999976192271087,0.112202014350338,0.111375352081168,2.07188043928178,-0.804937570499468,-0.111086438034317,-0.582868176248508,-0.131713245789354,0.991262963820161,-0.00702548518636802,0.578556072029364,0.0711163823835173,-0.81253635714018,10.046107064699,5.95394865694079
156.9,0.0541568497863184,0.0537544577967082,0.999973802637949,0.112209189171352,0.111375461229986,2.07187548812975,-0.798872308725028,-0.110529353972136,-0.59125823145462,-0.131454432578847,0.99129232351239,-0.00769814917884883,0.586960617509997,0.0715736771160232,-0.806445560615455,10.0564983192249,5.95354756682623
157,0.0541604089433432,0.0537545179623448,0.999971387350824,0.112216563494738,0.111375585888959,2.07187048382445,-0.792720726911487,-0.109967603899529,-0.599584001802516,-0.131188673631888,0.99132210104805,-0.0083680275087287,0.595301084356168,0.0720251210778366,-0.800268080644289,10.0668888585676,5.95312915111585
157.1,0.0541640589510271,0.0537545851931393,0.99996894857319,0.112224126054309,0.111375725186444,2.07186543084848,-0.786483525067284,-0.1094012510619,-0.607844578049217,-0.130915999868005,0.991352293038656,-0.00903504651672946,0.603576561652538,0.0724706654660343,-0.794004620182156,10.0772786529006,5.95269418617339
157.2,0.0541677962773932,0.0537546586528241,0.999966488453864,0.112231869532056,0.111375877389752,2.07186033365402,-0.780161412036102,-0.108830359128947,-0.616039060532448,-0.13063644297095,0.991382896052959,-0.00969913303059893,0.611786148043362,0.0729102622784465,-0.787655891056973,10.0876676742827,5.95224344835646
157.3,0.0541716178668536,0.0537547374012373,0.999964009137997,0.112239787597018,0.111376040550933,2.07185519668567,-0.773755106199134,-0.10825499226048,-0.624166558124873,-0.130350035417344,0.991413906613541,-0.0103602142822263,0.619928950685047,0.0733438642557094,-0.781222614674317,10.0980558952439,5.95177697142067
157.4,0.0541755206638207,0.0537548204982173,0.999961512770737,0.112247873918229,0.111376212722039,2.07185002438804,-0.767265335653402,-0.107675215123144,-0.632226187968243,-0.130056810483947,0.991445321195953,-0.0110182178865749,0.628004084979879,0.0737714248665286,-0.774705522196497,10.1084432883143,5.95129475536806
157.5,0.0541795016127066,0.0537549070036024,0.999959001497236,0.112256122164728,0.111376391955122,2.07184482120572,-0.760692838111621,-0.107091092881689,-0.640217075585377,-0.129756802242908,0.9914771362292,-0.0116730718510024,0.636010674688234,0.0741928983134447,-0.768105354441999,10.118829826024,5.95079680019558
157.6,0.0541835576579236,0.0537549959772309,0.999956477462644,0.11226452600555,0.111376576302231,2.07183959158331,-0.754038360800718,-0.106502691190181,-0.648138354990826,-0.129450045556915,0.991509348096233,-0.0123247045845161,0.643947852039494,0.0746082395384849,-0.761422861783576,10.1292154809029,5.95028310590424
157.7,0.0541876857438839,0.0537550864789411,0.99995394281211,0.112273079109733,0.111376763815418,2.07183433996542,-0.747302660358996,-0.105910076183136,-0.655989168800255,-0.129136576074219,0.991541953134445,-0.0129730449069666,0.65181475784167,0.0750174042287046,-0.754658804044976,10.1396002254813,5.94975367249608
157.8,0.0541918828149997,0.0537551775685712,0.999951399690784,0.112281775146313,0.111376952546735,2.07182907079664,-0.740486502731969,-0.105313314466598,-0.663768668338478,-0.128816430223546,0.991574947636176,-0.013618022058174,0.659610541589686,0.0754203488216157,-0.747813950396345,10.149984032289,5.94920849996906
157.9,0.0541961458156832,0.0537552683059596,0.999948850243817,0.112290607784327,0.111377140548231,2.07182378852158,-0.733590663066909,-0.104712473109143,-0.67147601374615,-0.128489645208909,0.991608327849225,-0.0142595657069872,0.667334361572324,0.0758170305105002,-0.740889079248323,10.1603668738562,5.94864758832318
158,0.0542004716903467,0.0537553577509446,0.999946296616359,0.112299570692811,0.111377325871958,2.07181849758484,-0.726615925606062,-0.10410761963283,-0.679110374085121,-0.12815625900429,0.991642089977365,-0.0148976059602765,0.674985384977832,0.0762074072496123,-0.733884978144818,10.1707487227129,5.94807109299038
158.1,0.054204858181144,0.0537554450059683,0.999943740840941,0.112308659193668,0.111377506658239,2.07181320219767,-0.719563082095981,-0.103498821876394,-0.686670929015297,-0.127816310276474,0.991676230188044,-0.0155320735041236,0.682562789574586,0.0765914378388854,-0.726802442165635,10.1811295535594,5.94748258888357
158.2,0.0542093062211956,0.0537555293438881,0.999941184499616,0.112317875220256,0.111377681400485,2.07180790563798,-0.712432927100416,-0.102886147596472,-0.694156873491785,-0.127469838153311,0.991710744635071,-0.0161629000034443,0.690065768419433,0.0769690821571215,-0.719642269219637,10.191509349777,5.94688565091874
158.3,0.0542138175413633,0.0537556100801652,0.99993862906182,0.112327222358801,0.111377848680381,2.07180261095034,-0.705226262114942,-0.102269664830389,-0.70156741292542,-0.127116882414432,0.991745629438703,-0.0167900177029993,0.697493525008385,0.0773403009091077,-0.712405264176695,10.2018880969169,5.94628043452375
158.4,0.0542183938725094,0.0537556865302609,0.999936075996988,0.112336704195528,0.11137800707961,2.07179732117932,-0.697943896914838,-0.101649442013726,-0.708901761669152,-0.126757483554992,0.991780880679116,-0.0174133593015191,0.704845271759792,0.0777050555476016,-0.705092240221241,10.2122657805307,5.94566693970165
158.5,0.0542230369454957,0.0537557580096363,0.999933526774555,0.112346324316659,0.111378155179856,2.07179203936948,-0.690586649452234,-0.101025547971826,-0.716159143106705,-0.126391682780335,0.991816494396906,-0.0180328579595023,0.712120230103241,0.0780633082774781,-0.697704018748984,10.2226423861697,5.9450451664504
158.6,0.0542277484911844,0.0537558238337527,0.999930982863956,0.112356086308421,0.111378291562802,2.07178676856539,-0.683155345752313,-0.100398051911257,-0.723338789739955,-0.126019522000563,0.991852466593591,-0.0186484473069462,0.719317630567184,0.078415022059774,-0.690241429262673,10.2330178993854,5.94441511477203
158.7,0.0542325302404374,0.0537558833180714,0.999928445734627,0.112365993757038,0.111378414810132,2.0717815118116,-0.675650819808515,-0.0997670234112316,-0.730439943275109,-0.125641043825021,0.991888793232115,-0.0192600614510139,0.726436712865367,0.0787601606156338,-0.68270530926686,10.2433923057292,5.94377678466453
158.8,0.0542373839241168,0.0537559357780535,0.999925916856002,0.112376050248734,0.111378523503531,2.0717762721527,-0.668073913476832,-0.0991325324149889,-0.737461854707579,-0.125256291556697,0.991925470237367,-0.01986763498363,0.733476725981959,0.0790986884301524,-0.67509650416175,10.2537655907525,5.94313017612889
158.9,0.0542423112730846,0.0537559805291603,0.999923397697516,0.112386259369734,0.111378616224681,2.07177105263325,-0.660425476369141,-0.0984946492211304,-0.744403784405614,-0.124865309186536,0.991962493496687,-0.0204711029890098,0.740436928255435,0.079430570756116,-0.667415867136086,10.2641377400066,5.94247528916512
159,0.0542473140182029,0.053756016886853,0.999920889728604,0.112396624706262,0.111378691555267,2.0717658562978,-0.652706365745629,-0.0978534444749211,-0.751265002192652,-0.124468141387666,0.991999858860396,-0.0210704010511184,0.747316587461186,0.0797557736176421,-0.659664259059121,10.2745087390432,5.94181230126649
159.1,0.0542523940437485,0.0537560442538984,0.999918394359884,0.112407150162409,0.111378748257863,2.07176068606907,-0.644917444536478,-0.0972089890051419,-0.75804478903897,-0.124064833412427,0.992037562151367,-0.0216654654027696,0.754114982507897,0.0800742638890307,-0.651842546493971,10.2848785758917,5.94114529482099
159.2,0.0542575538476579,0.0537560623822858,0.999915912766706,0.112417840913722,0.111378785818608,2.0717555443823,-0.637059575490215,-0.0965613533459309,-0.764742441817001,-0.123655430783365,0.992075599193355,-0.0222562333499313,0.760831408206843,0.0803860095112853,-0.643951595821335,10.2952472484953,5.94047835220846
159.3,0.0542627960812824,0.0537560711113103,0.999913446065599,0.112428702453615,0.111378803904534,2.07175043355085,-0.629133626446386,-0.0959106081808924,-0.771357268269893,-0.123239979558402,0.992113965785467,-0.0228426428391676,0.767465170227851,0.0806909792467814,-0.635992278534363,10.3056147572749,5.9398116509293
159.4,0.0542681233959732,0.0537560702802667,0.999910995373096,0.112439740275502,0.11137880218267,2.0717453558881,-0.621140472072949,-0.0952568244880875,-0.777888585429456,-0.12281852641956,0.99215265769376,-0.0234246323202115,0.774015583513098,0.0809891426035305,-0.627965472983366,10.315981102652,5.93914519097637
159.5,0.0542735384430817,0.0537560597284501,0.999908561805728,0.112450959872797,0.111378780320047,2.07174031370743,-0.613080993766935,-0.0946000735321772,-0.784335719682238,-0.122391118667454,0.992191670651715,-0.0240021407521814,0.780481972343421,0.0812804698378702,-0.619872064276056,10.3263462850475,5.93847897235681
159.6,0.0542790438739591,0.0537560392951552,0.999906146480025,0.112462366738914,0.111378737983695,2.07173530932221,-0.604956079554515,-0.0939404268565446,-0.790698006834494,-0.121957804215725,0.992231000360727,-0.0245751076097354,0.786863670403527,0.0815649319570692,-0.611712944177192,10.3367103048829,5.93781299506451
159.7,0.0542846423399568,0.0537560088196772,0.99990375051252,0.112473966367265,0.111378674840645,2.07173034504581,-0.596766623990429,-0.0932779562753937,-0.796974792176109,-0.121518631585417,0.992270642490585,-0.0251434728891649,0.793160020846156,0.0818425007218508,-0.603489011007591,10.3470731625791,5.93714725910455
159.8,0.0542903364924261,0.0537559681413109,0.999901375019744,0.112485764251265,0.111378590557927,2.07172542319162,-0.588513528056842,-0.0926127338658281,-0.803165430543413,-0.121073649899288,0.992310592679969,-0.0257071771144257,0.799370376355137,0.0821131486488312,-0.595201169542552,10.3574348585576,5.93648176447287
159.9,0.0542961289827182,0.0537559170993513,0.999899021118228,0.112497765884328,0.111378484802572,2.071720546073,-0.580197699061603,-0.0919448319599099,-0.809269286380921,-0.120622908876068,0.992350846536936,-0.0262661613431055,0.805494099207373,0.0823768490128755,-0.58685033090969,10.3677953932394,5.9358165111715
160,0.0543020224621845,0.0537558555330934,0.999896689924503,0.112509976759867,0.111378357241609,2.07171571600333,-0.571820050535911,-0.0912743231366965,-0.815285733801988,-0.120166458824653,0.992391399639419,-0.0268203671723305,0.811530561333738,0.0826335758493698,-0.57843741248617,10.3781547670457,5.93515168346906
160.1,0.0543080192115531,0.0537557833318894,0.999894382592414,0.11252240160339,0.111378207645785,2.07171093537329,-0.563381500027808,-0.0906012800467692,-0.821214158109992,-0.119704350522762,0.992432247545906,-0.0273697368804647,0.817479145845532,0.0828833040175708,-0.569963335682911,10.3885129829707,5.93449151949385
160.2,0.0543141200290596,0.0537557005853214,0.999892100425064,0.112535042068786,0.111378036200708,2.07170620688282,-0.554882962567701,-0.0899257748967876,-0.827053960066273,-0.119236634853363,0.992473385827073,-0.0279142138308013,0.823339251318032,0.0831260093722665,-0.561429019382597,10.3988700542997,5.93384025738433
160.3,0.0543203253423166,0.0537556074330287,0.999889844762868,0.112547899042038,0.1113778431957,2.07170153330917,-0.546325356671164,-0.0892478799357482,-0.832804551251432,-0.11876336312591,0.992514810036726,-0.0284537420524082,0.829110287137452,0.0833616685577732,-0.552835385967754,10.409225996891,5.93319808140404
160.4,0.0543266355789365,0.0537555040146508,0.999887616946241,0.112560973409129,0.111377628920084,2.07169691742959,-0.537709606321205,-0.0885676676142431,-0.838465352607529,-0.118284587183741,0.992556515702204,-0.0289882661066923,0.8347916720384,0.0835902589448874,-0.544183363311356,10.4195808266029,5.93256499155298
160.5,0.0543330511665319,0.053755390469827,0.999885418315599,0.112574266056042,0.111377393663184,2.07169236202131,-0.529036640877215,-0.0878852105775102,-0.844035794484511,-0.117800359398776,0.992598498324822,-0.0295177310921469,0.840382834150527,0.0838117586324003,-0.535473884685399,10.4299345592938,5.93194098783217
160.6,0.0543395725327153,0.0537552669381968,0.999883250211356,0.112587777868761,0.111377137714322,2.07168786986159,-0.520307394983627,-0.0872005816584771,-0.8495153166858,-0.117310732666188,0.99264075338031,-0.0300420826490484,0.845883211044335,0.0840261464485504,-0.526707888669168,10.4402872108218,5.93132607024261
160.7,0.054346200105099,0.0537551335593994,0.999881113973929,0.112601509733267,0.111376861362822,2.07168344372768,-0.51152280847823,-0.0865138538707988,-0.854903368513053,-0.116815760399031,0.992683276319262,-0.0305612669641024,0.85129224977615,0.0842334019524152,-0.517886319057168,10.4506387970454,5.93072023878229
160.8,0.0543529343112957,0.0537549904730744,0.999879010943734,0.112615462535544,0.111376564898006,2.07167908639682,-0.50268382630017,-0.0858251004018863,-0.860199408810089,-0.116315496522839,0.992726062567576,-0.0310752307750405,0.856609406932276,0.0844335054352396,-0.509010124766739,10.4609893338227,5.93012349345323
160.9,0.0543597755789179,0.0537548378188611,0.999876942461185,0.112629637161576,0.111376248609197,2.07167480064625,-0.493791398397641,-0.0851343946059319,-0.865402906005973,-0.115809995470175,0.992769107526904,-0.0315839213751649,0.861834148672295,0.0846264379217046,-0.500080259745357,10.4713388370121,5.92953583425238
161,0.054366724335578,0.0537546757363989,0.999874909866698,0.112644034497346,0.111375912785719,2.07167058925323,-0.484846479635254,-0.0844418099969255,-0.870513338157288,-0.115299312175165,0.992812406575098,-0.0320872866178448,0.86696595077156,0.0848121811711327,-0.491097682877612,10.4816873224718,5.92895752192415
161.1,0.0543737802316934,0.0537545044767503,0.999872914512252,0.112658653818542,0.111375557947755,2.07166645501896,-0.475850026526724,-0.0837474199970344,-0.875530194738227,-0.114783501885591,0.992855955082029,-0.0325852750952272,0.872004300419096,0.0849907177401823,-0.482063354704142,10.4920348097008,5.92839455350669
161.2,0.0543809398089011,0.0537543247366706,0.99987095779608,0.112673487959679,0.111375185538933,2.07166240084047,-0.466802987475104,-0.0830512971907592,-0.88045298166299,-0.114262619595858,0.992899748456829,-0.0330778366502116,0.876948701263312,0.0851620311482651,-0.472978227620777,10.5023813327605,5.92785292604526
161.3,0.0543881988316428,0.0537541373243381,0.999869041127977,0.112688528144978,0.111374797233743,2.07165842963878,-0.457706311960781,-0.0823535140438724,-0.88528121561224,-0.113736720564024,0.992943782103413,-0.0335649218308625,0.881798667716504,0.0853261056582129,-0.463843255105216,10.512726929353,5.92733290027918
161.4,0.0543955530643604,0.0537539430479312,0.999867165917739,0.112703765598661,0.111374394706672,2.07165454433486,-0.448560953605935,-0.0816541431413173,-0.890014422247186,-0.113205860486127,0.992988051405648,-0.0340464817155977,0.88655372316162,0.08548292621028,-0.454659394794386,10.5230716371803,5.92683447620541
161.5,0.0544029982714955,0.0537537427156283,0.999865333575164,0.112719191544948,0.111373979632211,2.07165074784974,-0.439367870101375,-0.0809532571817901,-0.894652136237454,-0.112670095491763,0.993032551727706,-0.0345224679163684,0.891213399980307,0.0856324784227258,-0.445427608410977,10.5334154939446,5.92635765383005
161.6,0.0544105302174901,0.0537535371356078,0.999863545510045,0.112734797208059,0.111373553684847,2.07164704310439,-0.430128023133329,-0.0802509289723269,-0.899193901288534,-0.112129482139652,0.993077278414422,-0.0349928325818109,0.895777239580527,0.0857747485923667,-0.436148861689914,10.5437585373479,5.92590243314699
161.7,0.0544181446667859,0.053753327116048,0.999861803132181,0.112750573812216,0.111373118539069,2.07164343301983,-0.420842378310164,-0.0795472314228931,-0.903639270168798,-0.111584077413189,0.993122226791639,-0.0354575284003721,0.900244792423756,0.0859097236950995,-0.426824124304777,10.5541008050922,5.92546881416132
161.8,0.0544258373838247,0.0537531134651274,0.999860107851365,0.112766512581639,0.111372675869367,2.07163992051704,-0.411511905089022,-0.0788422375409749,-0.90798780473613,-0.111033938715983,0.993167392166576,-0.0359165086034092,0.904615618051788,0.0860373913863961,-0.417454369794119,10.5644423348797,5.92505679686897
161.9,0.0544336041330483,0.0537528969910242,0.999858461077395,0.11278260474055,0.111372227350229,2.07163650851704,-0.4021375767024,-0.0781360204261741,-0.912239075964126,-0.110479123867389,0.993212769828171,-0.0363697269682619,0.908889285113108,0.0861577400017687,-0.408040575487747,10.5747831644123,5.924666381273
162,0.0544414406788985,0.053752678501917,0.999856864220066,0.11279884151317,0.111371774656144,2.0716331999408,-0.392720370084645,-0.0774286532648044,-0.916392663967896,-0.109919691098022,0.993258355047448,-0.0368171378212994,0.91306537138887,0.0862707585572067,-0.398583722432903,10.5851233313923,5.92429772590955
162.1,0.0544493423724806,0.0537524588804225,0.999855318601995,0.112815213267314,0.111371319615832,2.07162999752871,-0.383261263768792,-0.0767202091727037,-0.920448158887205,-0.109355698924026,0.993304143087689,-0.0372586961348482,0.917143464681064,0.0863764367714242,-0.389084793282243,10.5954628757351,5.92395447715175
162.2,0.0544573029115534,0.0537522393069116,0.999853825197071,0.112831706945182,0.111370864674938,2.0716269032986,-0.373761231654032,-0.0760107607327545,-0.924405163316005,-0.108787205771159,0.993350129234608,-0.0376943578018094,0.92112316525694,0.086474765119168,-0.379544766035075,10.6058018462111,5.92364028137373
162.3,0.0544653155805396,0.0537520210361937,0.999852384892008,0.112848308632569,0.11137041243334,2.07162391908766,-0.364221248903924,-0.0753003804422701,-0.928263289456238,-0.108214270320829,0.993396308767798,-0.0381240793389701,0.925004082988717,0.0865657347439672,-0.369964619960396,10.6161402938038,5.92335529711164
162.4,0.0544733736638615,0.053751805323078,0.999850998573515,0.112865004415271,0.111369965490915,2.07162104673311,-0.354642293897155,-0.0745891408598839,-0.932022158237211,-0.107636951625623,0.993442676951289,-0.0385478177929628,0.928785836468293,0.0866493374333612,-0.360345337555867,10.626478269497,5.92309952436854
162.5,0.0544814704459415,0.0537515934223739,0.999849667128305,0.112881780379081,0.111369526447538,2.07161828807215,-0.345025348166905,-0.0738771146011342,-0.935681399334473,-0.107055309105564,0.993489229033842,-0.0389655307426177,0.932468053026279,0.0867255656190984,-0.350687904486923,10.6368158242744,5.92287296313933
162.6,0.0544895992112021,0.0537513865888908,0.999848391443089,0.112898622609795,0.111369097903088,2.07161564494197,-0.335371396340241,-0.0731643743340538,-0.939240651188556,-0.106469402544369,0.993535960249241,-0.0393771763013033,0.936050368750871,0.086794412377326,-0.34099330952591,10.6471530091198,5.92267561342911
162.7,0.0544977532440658,0.0537511860774379,0.999847172404577,0.112915517193208,0.11136868245744,2.07161311917979,-0.325681426077535,-0.0724509927747639,-0.942699561023582,-0.105879292085708,0.993582865816586,-0.0397827131192598,0.939532428506612,0.0868558714287708,-0.331262544491249,10.6574898750168,5.92250747523584
162.8,0.054505925828955,0.0537509931428247,0.999846010899482,0.112932450215115,0.111368282710472,2.07161071262281,-0.315956428011847,-0.0717370426830669,-0.946057784865746,-0.105285038229453,0.993629940940589,-0.0401821003859232,0.942913885953016,0.0869099371389119,-0.321496604186566,10.6678264729491,5.9223685485585
162.9,0.054514110250292,0.0537508090398604,0.999844907814514,0.112949407761311,0.11136790126206,2.07160842710823,-0.306197395688374,-0.0710225968580471,-0.949314987561661,-0.104686701827934,0.993677180811864,-0.0405752978322396,0.946194403563056,0.0869566045181444,-0.311696486339882,10.6781628539005,5.92225883340014
163,0.0545222997924994,0.0537506350233545,0.999843864036385,0.112966375917591,0.111367540712081,2.07160626447325,-0.296405325503819,-0.0703077281336672,-0.952470842796596,-0.104084344082186,0.993724580607224,-0.0409622657329734,0.949373652641549,0.086995869221935,-0.301863191542731,10.6884990688546,5.92217831661618
163.1,0.0545304878400578,0.053750472316578,0.999842880326071,0.112983340977062,0.111367203595068,2.07160422629457,-0.286581216820469,-0.0695925093870692,-0.955525033059265,-0.103478026548997,0.993772135489123,-0.0413429649023043,0.952451313289674,0.0870277275504694,-0.291997723364715,10.6988351686118,5.92212669598979
163.2,0.0545386681776804,0.0537503220166496,0.999841956941611,0.113000290062088,0.111366892184172,2.07160231310682,-0.276726072433904,-0.0688770135723053,-0.958477249514388,-0.102867811170086,0.9938198406034,-0.0417173566769108,0.95542707427641,0.0870521764483439,-0.282101088823183,10.7091712032384,5.92210366929805
163.3,0.0545468346901384,0.0537501851891498,0.999841094015311,0.113017210502345,0.111366608687202,2.07160052518413,-0.266840897995453,-0.0681613136778696,-0.961327192206008,-0.102253760236889,0.993867691082067,-0.042085402939951,0.958300633243241,0.0870692135080378,-0.272174297803254,10.7195072226173,5.92210922340044
163.4,0.0545549812622033,0.0537500628996591,0.999840291679474,0.113034089627507,0.111366355311966,2.07159886280063,-0.256926701776905,-0.0674454827095355,-0.964074570132476,-0.101635936376063,0.993915682044453,-0.0424470661303026,0.961071696779695,0.0870788369707995,-0.262218362821543,10.7298432766313,5.92214335829899
163.5,0.0545631017786465,0.0537499562137581,0.999839550066404,0.113050914767251,0.111366134266272,2.07159732623044,-0.246984494608654,-0.0667295936858762,-0.966719101264388,-0.101014402545649,0.993963808597502,-0.042802309244874,0.963739980441433,0.0870810457267606,-0.25223429896404,10.7401794151635,5.92220607399269
163.6,0.0545711901242392,0.0537498661970271,0.999838869308408,0.113067673251252,0.111365947757928,2.07159591574768,-0.237015289817853,-0.0660137196337865,-0.969260512562372,-0.100389222031231,0.994012065836071,-0.0431510958409037,0.966305208768184,0.0870758393150389,-0.242223123824002,10.7505156880966,5.92229737048153
163.7,0.0545792401837528,0.0537497939150467,0.999838249537788,0.113084352409186,0.111365797994741,2.07159463162648,-0.227020103166468,-0.0652979335840026,-0.971698539994759,-0.0997604584420802,0.994060448843231,-0.0434933900382539,0.968767115301563,0.0870632179238333,-0.232185857439756,10.7608521453136,5.92241724776348
163.8,0.0545872458419588,0.0537497404333974,0.99983769088685,0.113100939570729,0.11136568718452,2.07159347414097,-0.216999952789323,-0.0645823085666211,-0.974032928555106,-0.0991281757073042,0.994108952690568,-0.0438291565216944,0.971125442602743,0.0870431823905072,-0.222123522232472,10.7711888366974,5.92256570584262
163.9,0.0545952009836283,0.0537497068176597,0.999837193487897,0.113117422065557,0.111365617535072,2.07159244356528,-0.206955859132064,-0.0638669176066175,-0.976263432279597,-0.0984924380719831,0.994157572438482,-0.0441583605431797,0.973379942269999,0.0870157342016626,-0.212037142943871,10.7815258121309,5.92274274471588
164,0.0546030994935329,0.053749694133414,0.999836757473236,0.113133787223345,0.111365591254206,2.07159154017352,-0.196888844889038,-0.0631518337193588,-0.978389814264306,-0.0978533100932997,0.994206303136486,-0.0444809679241188,0.975530374956128,0.0869808754932049,-0.201927746573845,10.7918631214969,5.92294820535248
164.1,0.0546109358701058,0.0537497033359626,0.999836382882777,0.113150023645233,0.11136561032124,2.0715907640484,-0.186799937110449,-0.0624371300595857,-0.980411846259241,-0.0972108567750118,0.99425513981301,-0.0447969449904813,0.977576509957456,0.0869386090602699,-0.191796364496476,10.8022008124579,5.92317843002904
164.2,0.054618707066428,0.0537497349394947,0.999836069386869,0.11316612501822,0.111365675801539,2.0715901145069,-0.176690173682174,-0.0617228803764248,-0.982329307596084,-0.0965651439841033,0.994304077444032,-0.0451062583850885,0.979518124126089,0.0868889383996061,-0.181644038967143,10.8125389237943,5.92342976102321
164.3,0.0546264106492424,0.0537497893479212,0.999835816563464,0.113182086300768,0.111365788531978,2.07158959067456,-0.166560596809161,-0.0610091585464866,-0.984141986790537,-0.095916238041074,0.994353110984622,-0.0454088752916439,0.981355003487843,0.0868318677022077,-0.171471816578475,10.822877492066,5.92370203930216
164.4,0.054634044185292,0.0537498669651531,0.999835623990519,0.113197902451338,0.111365949349431,2.07158919167694,-0.156412250779013,-0.0602960384147447,-0.985849682029533,-0.0952642055782188,0.99440223537977,-0.0457047635073975,0.983086943734782,0.0867674018465686,-0.161280746014526,10.8332165538329,5.92399526486589
164.5,0.0546416052413198,0.0537499681951012,0.999835491245986,0.113213568428394,0.111366159090774,2.07158891663959,-0.146246181885457,-0.059583593789052,-0.987452201190066,-0.0946091135348166,0.994451445564755,-0.0459938914457789,0.984713750244243,0.0866955463985962,-0.151071877973919,10.8435561456548,5.9243094377144
164.6,0.0546490913840686,0.0537500934416766,0.999835417907822,0.113229079190397,0.111366418592881,2.07158876468807,-0.136063438351713,-0.0588718984346579,-0.988949361857627,-0.0939510291523048,0.994500736465514,-0.0462762281390036,0.986235238097449,0.0866163076114981,-0.140846265092895,10.8538963040918,5.92464455784871
164.7,0.0546565001802816,0.05375024310879,0.999835403553981,0.113244429695809,0.111366728692629,2.07158873494792,-0.125865070253675,-0.0581610260687189,-0.99034099134423,-0.0932900199694344,0.994550102999019,-0.0465517432406561,0.987651232097718,0.0865296924256364,-0.130604961868165,10.8642370657038,5.9250006252678
164.8,0.0546638291967014,0.0537504176003526,0.999835447762417,0.113259614903094,0.111367090226891,2.07158882654469,-0.115652129442973,-0.05745105035481,-0.991626926706024,-0.0926261538174098,0.994599540073643,-0.0468204070282473,0.988961566788265,0.086435708468354,-0.120349024579655,10.8745784670506,5.92537763997167
164.9,0.0546710760000713,0.0537506173202752,0.999835550111084,0.113274629770713,0.111367504032544,2.07158903860394,-0.105425669469873,-0.0567420448974316,-0.992807014760516,-0.0919594988150102,0.99464904258954,-0.0470821904057477,0.990166086469599,0.0863343640537694,-0.110079511213077,10.8849205446921,5.92577560196236
165,0.054678238157134,0.0537508426724686,0.999835710177938,0.113289469257129,0.111367970946462,2.07158937025122,-0.0951867455060248,-0.0560340832365127,-0.993881112103361,-0.0912901233636936,0.994698605439013,-0.0473370649060956,0.99126464521651,0.0862256681825422,-0.0997974813823538,10.8952633351882,5.92619423973652
165.1,0.0546853140866232,0.0537510938578323,0.999835927523784,0.113304130086069,0.111368491384894,2.07158982057655,-0.0849364180255865,-0.0553272391007454,-0.994849084789483,-0.0906180963894474,0.994748223488699,-0.0475850026040899,0.992257106550382,0.0861096305854773,-0.089504000026239,10.9056068713081,5.92662730880378
165.2,0.0546923056152352,0.0537513702652184,0.999836201640825,0.113318616042318,0.111369064081585,2.07159038852781,-0.0746757640296444,-0.0546215871748166,-0.99571080765506,-0.0899434880854618,0.994797891525231,-0.0478259758705895,0.993143342734376,0.0859862618762889,-0.0792001486799931,10.9159511706574,5.92706856466865
165.3,0.0546992154216569,0.0537516710804675,0.999836532004118,0.113332932675929,0.111369687349654,2.07159107301735,-0.0644058657284161,-0.0539172023100851,-0.996466165885639,-0.0892663691789856,0.994847604310032,-0.0480599576798664,0.993923236368571,0.085855573457073,-0.0688870141099385,10.9262962470508,5.92751773583391
165.4,0.0547060461845753,0.0537519954894204,0.999836918088717,0.113347085536953,0.11137035950222,2.07159187295752,-0.0541278066885349,-0.053214159257728,-0.997115055446252,-0.0885868106799143,0.994897356597955,-0.0482869217072565,0.994596680829295,0.0857175774791545,-0.0585656844445236,10.9366421143032,5.92797482229854
165.5,0.0547128005826773,0.0537523426779176,0.999837359369677,0.11336108017544,0.111371078852403,2.07159278726068,-0.0438426717308195,-0.0525125326615765,-0.997657383097509,-0.0879048838742014,0.994947143137783,-0.0485068423320662,0.995163580285456,0.0855722868423628,-0.0482372490716626,10.9469887862294,5.92843982406049
165.6,0.0547194812946498,0.0537527118317997,0.999837855322053,0.113374922141442,0.11137184371332,2.07159381483917,-0.0335515468278809,-0.0518123970509576,-0.998093066410788,-0.0872206603172443,0.994996958672723,-0.0487196946404196,0.995623849713977,0.085419715194244,-0.0379027985359107,10.9573362766442,5.92891274112182
165.7,0.0547260909991799,0.0537531021369073,0.999838405420901,0.11338861698501,0.11137265239809,2.07159495460535,-0.0232555190015127,-0.0511138268335361,-0.998422033782509,-0.0865342118272375,0.995046797940904,-0.0489254544280496,0.995977414914319,0.0852598769292078,-0.0275634244354231,10.9676845993623,5.92939357348251
165.8,0.0547326323749544,0.053753512779081,0.999839009141275,0.113402170256196,0.111373503219834,2.07159620547156,-0.0129556762199393,-0.0504168962881645,-0.998644224447502,-0.0858456104785019,0.995096655675875,-0.0491240982030297,0.99622421252209,0.0850927871876109,-0.0172202193187699,10.9780337681986,5.9298823211446
165.9,0.0547391081006603,0.0537539429441615,0.99983966595823,0.113415587505051,0.111374394491669,2.07159756635016,-0.00265310729486028,-0.0497216795577346,-0.998759588491465,-0.0851549285947827,0.995146526607101,-0.049315603188448,0.996364190021751,0.0849184618547756,-0.00687427658154772,10.9883837969679,5.93037898410098
166,0.0547455208549845,0.0537543918179893,0.999840375346822,0.113428874281625,0.111375324526714,2.0715990361535,0.00765109822165408,-0.0490282506420354,-0.998768086862503,-0.0844622387425228,0.99519640546046,-0.0494999473250231,0.996397305758402,0.0847369175599439,0.00347330963715922,10.9987346994851,5.93088337739499
166.1,0.0547518739900744,0.0537548584858691,0.999841136798053,0.113442037531333,0.111376291429786,2.07160061382697,0.0179558475696831,-0.0483366835629069,-0.998669691419637,-0.083767613897633,0.995246286946308,-0.0496771092303604,0.996323528980397,0.0845481717231513,0.0138214419769113,11.0090864869822,5.93139124681849
166.2,0.0547581735519189,0.0537553416309612,0.999841949866712,0.113455089781039,0.111377292472484,2.07160229844813,0.0282600371766509,-0.0476470528699191,-0.998464385269492,-0.0830711279628093,0.995296165722655,-0.0498470680859759,0.996142840157857,0.0843522427122865,0.0241690122190925,11.019439160361,5.9318983381745
166.3,0.0547644262599672,0.05375583983589,0.999842814123539,0.11346804495297,0.111378324718106,2.07160408912757,0.0385625604874745,-0.0469594331087859,-0.99815216303465,-0.08237285524581,0.995346036433078,-0.0500098037949992,0.995855231269738,0.0841491497227568,0.0345149091500233,11.0297927179409,5.93240446649519
166.4,0.0547706388336686,0.0537563516832799,0.999843729139269,0.113480916969353,0.11137938522995,2.07160598497591,0.0488623106556812,-0.0462738986398975,-0.997733030876523,-0.0816728702789146,0.995395893719742,-0.050165297031708,0.995460705833129,0.0839389127314643,0.0448580212634075,11.0401471580409,5.93290963177954
166.5,0.0547768179924724,0.0537568757557552,0.999844694484643,0.113493719752415,0.111380471071312,2.07160798510372,0.0591581806637704,-0.0455905236301131,-0.997207006501501,-0.0809712478109404,0.995445732223984,-0.0503135292440886,0.994959278909691,0.0837215524950927,0.0551972368812012,11.0505024789802,5.93341383403163
166.6,0.0547829704558278,0.0537574106359404,0.999845709730396,0.113506467224383,0.111381579305489,2.07161008862162,0.0694490634436292,-0.0449093820445721,-0.996574119165844,-0.0802680627992325,0.995495546586896,-0.0504544826563117,0.99435097711083,0.0834970905483074,0.0655314442745352,11.0608586790781,5.93391707324637
166.7,0.0547891029431842,0.0537579549064598,0.999846774447266,0.113519173307484,0.11138270699578,2.07161229464019,0.0797338519971082,-0.044230547638518,-0.99583440967929,-0.0795633904016207,0.995545331449909,-0.0505881402711265,0.993635838601599,0.0832655492018678,0.0758595317847981,11.0712157566537,5.93441934942783
166.8,0.0547952221739907,0.0537585071499378,0.999847888205992,0.113531851923944,0.11138385120548,2.07161460227005,0.0900114395166329,-0.0435540939491416,-0.994987930407406,-0.0788573059683517,0.995595081455375,-0.0507144858721695,0.992813913103335,0.0830269515406537,0.0861803879447559,11.0815737100262,5.93492066257397
166.9,0.0548013348676968,0.0537590659489987,0.999849050577311,0.113544516995992,0.111385008997889,2.07161701062179,0.100280719505901,-0.0428800942874411,-0.994034745272658,-0.0781498850339919,0.995644791247156,-0.0508335040261893,0.99188526189502,0.082781321421604,0.0964929015997567,11.0919325375148,5.93542101268377
167,0.0548074477437516,0.0537596298862669,0.99985026113196,0.113557182445853,0.111386177436302,2.071619518806,0.110540585900636,-0.0422086217301014,-0.992974929754216,-0.0774412033093053,0.995694455471203,-0.0509451800851868,0.990849957813367,0.0825286834715693,0.106795962028995,11.1022922374387,5.93592012630587
167.1,0.0548135667457958,0.0537601975884417,0.999851519311755,0.113569860588334,0.111387353675336,2.07162212566617,0.12078992941443,-0.0415397493573942,-0.991808571335911,-0.0767313369349096,0.995744068757869,-0.0510495001513838,0.989708085692058,0.0822690631820348,0.117088455275967,11.1126528042989,5.93641171391323
167.2,0.0548196947142362,0.0537607678585216,0.999852824042818,0.113582557308558,0.11138853523489,2.0716248289773,0.13102762637309,-0.0408735509749526,-0.990535771165147,-0.0760203632615016,0.995793625667863,-0.0511464509896999,0.988459743993969,0.082002487218074,0.12736925293581,11.1230142173236,5.93688948599713
167.3,0.0548258337136708,0.0537613395435801,0.999854174122351,0.113595276884228,0.111389719726181,2.07162762624727,0.14125255023855,-0.040210100352733,-0.989156643247534,-0.0753083600607016,0.99584312074803,-0.0512360201790927,0.987105044033346,0.081728983160491,0.137637223727735,11.1333764519229,5.93735316909399
167.4,0.0548319858086976,0.0537619114906907,0.999855568347552,0.113608023593045,0.111390904760424,2.07163051498397,0.151463575537346,-0.0395494709674438,-0.987671314067407,-0.0745954052541692,0.995892548550369,-0.0513181961570882,0.985644109605698,0.0814485794108555,0.147891237440034,11.143739483507,5.9378027632089
167.5,0.0548381530639148,0.0537624825469267,0.999857005515623,0.113620801712711,0.111392087948838,2.07163349269527,0.161659578005659,-0.0388917359929684,-0.986079922577519,-0.0738815769036668,0.995941903632734,-0.0513929682216748,0.984077076977845,0.0811613051882469,0.158130165075739,11.1541032874858,5.93823826833779
167.6,0.0548443375439204,0.0537630515593617,0.999858484423764,0.11363361552093,0.11139326690264,2.07163655688907,0.171839434734289,-0.0382369682908267,-0.984382620186951,-0.0731669532010977,0.995991180559536,-0.0514603265330753,0.982404094876171,0.0808671905258781,0.168352878998201,11.1644678392696,5.9386596844827
167.7,0.0548505413133125,0.053763617375069,0.999860003869174,0.113646469295402,0.111394439233047,2.07163970507325,0.182002024313459,-0.0375852404006787,-0.982579570747238,-0.0724516124585231,0.996040373902444,-0.0515202621153957,0.980625324473095,0.0805662662676029,0.178558253076509,11.1748331142683,5.93906701164463
167.8,0.0548567664366893,0.0537641788411222,0.999861562649056,0.113659367313831,0.111395602551276,2.07164293475569,0.192146226977534,-0.0369366245308661,-0.980670950536705,-0.0717356330981532,0.996089478241087,-0.0515727668581524,0.978740939371755,0.0802585640643042,0.188745162830815,11.185199087892,5.93946024982055
167.9,0.0548630149786487,0.0537647348045946,0.999863159560607,0.113672313853919,0.111396754468544,2.07164624344426,0.20227092474952,-0.0362911925489997,-0.978656948243022,-0.0710190936423215,0.996138488163752,-0.0516178335176761,0.976751125588907,0.0799441163701669,0.198912485577442,11.1955657355509,5.93983939901248
168,0.0548692890037888,0.0537652841125597,0.99986479340103,0.113685313193367,0.111397892596068,2.07164962864687,0.212375001585417,-0.0356490159725889,-0.976537764943978,-0.0703020727034371,0.99618739826808,-0.051655455718392,0.974656081536044,0.0796229564388325,0.209059100573845,11.2059330326551,5.94020414940386
168.1,0.0548755886003363,0.0537658258291782,0.999866462781961,0.113698365514975,0.111399014994856,2.07165308748691,0.222457339316446,-0.0350101662255571,-0.974313615036302,-0.0695846492733196,0.99623620314143,-0.0516856279429431,0.972456018938521,0.0792951184576081,0.219183884943755,11.2163009502886,5.94054737519654
168.2,0.054881905951031,0.0537663598869595,0.999868165572782,0.113711454621929,0.11140012152507,2.0716566155499,0.232516805267233,-0.0343747154149072,-0.971984729411149,-0.0688669036121325,0.996284897300939,-0.0517083455250145,0.970151165981466,0.0789606379799529,0.229285701243235,11.2266694422324,5.94086195059742
168.3,0.0548882312622416,0.0537668864355,0.999869899457313,0.113724560222513,0.111401212496665,2.07166020803688,0.24255226515737,-0.0337427355029444,-0.969551353187549,-0.0681489163406453,0.996333475255975,-0.0517236047269326,0.967741765074043,0.0786195515449596,0.239363410416556,11.2370384579412,5.94114756578589
168.4,0.0548945547403365,0.0537674056243964,0.999871662119374,0.113737662025011,0.111402288219594,2.07166386014887,0.252562587492277,-0.0331142980277538,-0.967013744817174,-0.0674307681290989,0.996381931529389,-0.0517314027577426,0.965228071964717,0.078271896539519,0.249415876205547,11.24740794687,5.94140422076601
168.5,0.0549008665916843,0.0537679176032453,0.999873451242783,0.113750739737704,0.111403349003811,2.07166756708692,0.262546643733141,-0.0324894740923925,-0.964372176049093,-0.0667125396851532,0.996430260658342,-0.051731737773868,0.962610355706409,0.0779177111929447,0.259441965320249,11.2577778584738,5.94163191553371
168.6,0.0549071570226534,0.0537684225216432,0.99987526451136,0.113763773068878,0.11140439515927,2.07167132405206,0.272503308466356,-0.0318683343541572,-0.961626931892187,-0.0659943117418272,0.996478457195124,-0.051724608879604,0.959888898619321,0.0775570345714502,0.269440547609061,11.2681481422073,5.94183065009306
168.7,0.0549134162396123,0.0537689205291868,0.999877099608925,0.113776741726815,0.111405426995924,2.07167512624533,0.282431459572427,-0.0312509490139285,-0.958778310575243,-0.0652761650454323,0.996526515707967,-0.0517100161274443,0.957063996251426,0.0771899065724782,0.279410496228367,11.2785187475255,5.94200042443897
168.8,0.0549196344489295,0.0537694117754725,0.999878954219297,0.113789625419798,0.111406444823726,2.07167896886777,0.292329978394379,-0.030637387805591,-0.955826623504698,-0.064558180343499,0.996574430781866,-0.0516879605182423,0.954135957336625,0.0768163679188813,0.289350687811647,11.2888896238833,5.94214123857756
168.9,0.0549258018569735,0.053769896410097,0.999880826026296,0.113802403856111,0.111407448952631,2.07168284712041,0.302197749905536,-0.0300277199855361,-0.952772195220086,-0.0638404383727044,0.99662219701939,-0.0516584440012054,0.951105103750585,0.0764364601529596,0.299260002637962,11.2992607207356,5.94225309250271
169,0.0549319086701128,0.0537703745826568,0.99988271271374,0.113815056744037,0.111408439692591,2.07168675620428,0.31203366287673,-0.0294220143222446,-0.949615363347157,-0.0631230198467964,0.996669809041487,-0.0516214694737231,0.947971770464265,0.0760502256303505,0.30913732479987,11.3096319875372,5.94233600034931
169.1,0.0549379444317728,0.0537708464774912,0.999884611952681,0.113827562418288,0.111409417425546,2.07169069129398,0.321836610228986,-0.0288203390745488,-0.946356478485747,-0.0624060054308883,0.996717261489198,-0.0515770407801127,0.94473630543262,0.0756577075062515,0.318981542557595,11.3200033739404,5.94239028709068
169.2,0.0549438960336057,0.0537713124179099,0.999886521363098,0.113839893719289,0.111410382821369,2.07169464745826,0.33160548975256,-0.0282227619477983,-0.94299590395399,-0.0616894756885691,0.996764549027132,-0.0515251627072333,0.94139906934054,0.0752589497055024,0.328791549061089,11.3303748303865,5.94241627770417
169.3,0.0549497497043209,0.0537717727619656,0.999888438552203,0.113852022113891,0.111411336621921,2.07169861973944,0.341339203703876,-0.0276293501190547,-0.939534015896605,-0.0609735111109279,0.996811666341519,-0.0514658409845834,0.937960435710169,0.0748539969369944,0.338566241945276,11.3407463075141,5.94241398631859
169.4,0.0549554916726277,0.0537722278677107,0.999890361127208,0.113863919068948,0.111412279569062,2.07170260317982,0.35103665878131,-0.0270401702386591,-0.935971203288391,-0.0602581921182441,0.996858608140088,-0.0513990822841035,0.934420790904341,0.0744428946943333,0.348304523305732,11.3511177559617,5.942383412938
169.5,0.0549611081672351,0.0537726780931976,0.999892286695323,0.113875556051313,0.11141321240465,2.07170659282172,0.360696766287641,-0.0264552884203292,-0.932307867876399,-0.0595435990480377,0.996905369152858,-0.0513248942191835,0.930780534069147,0.0740256892490779,0.358005299861822,11.361489126368,5.94232455755629
169.6,0.0549665854168524,0.0537731237964789,0.99989421286376,0.113886904527837,0.111414135870546,2.07171058370744,0.370318442291686,-0.0258747702313507,-0.928544424119888,-0.0588298121431345,0.99695194413292,-0.0512432853435048,0.927040077074267,0.073602427643843,0.367667483119013,11.3718603693717,5.94223742017753
169.7,0.054971909650189,0.0537735653356071,0.99989613723973,0.113897935965375,0.111415050708609,2.07171457087929,0.379900607789082,-0.0252986806828652,-0.924681299128079,-0.05811691153975,0.99699832785721,-0.0511542651497201,0.923199844451117,0.0731731576852703,0.377289989530334,11.3822314356112,5.94212200080072
169.8,0.0549770670959539,0.0537740030686346,0.999898057430445,0.113908621830778,0.111415957660699,2.07171854937959,0.389442188862238,-0.0247270842202532,-0.920718932595693,-0.0574049772555899,0.997044515127292,-0.0510578440679692,0.919260273328764,0.0727379279368636,0.386871740657001,11.3926022757251,5.94197829942584
169.9,0.0549820439828565,0.0537744373536139,0.999899971043116,0.1139189335909,0.111416857468675,2.07172251425065,0.398942116839329,-0.0241600447136204,-0.91665777673633,-0.0566940891779756,0.997090500770119,-0.050954033464232,0.915221813367686,0.072296787711697,0.39641166332808,11.4029728403522,5.94180631605391
170,0.0549868265396059,0.0537748685485975,0.999901875684955,0.113928842712592,0.111417750874397,2.07172646053477,0.408399328452428,-0.0235976254483799,-0.912498296213645,-0.0559843270519902,0.997136279638803,-0.0508428456385184,0.911084926691328,0.0718497870649898,0.405908689799287,11.413343080131,5.94160659309623
170.1,0.054991402217397,0.0537752969503328,0.999903769134967,0.113938323195613,0.111418638492705,2.07173038363022,0.417812772853543,-0.0230398887103213,-0.908240964925415,-0.0552757699516141,0.997181846646579,-0.0507242937336256,0.906850084686929,0.071396976453733,0.415361764798562,11.4237129532736,5.94139160611517
170.2,0.0549957633573671,0.0537757226103465,0.99990564985934,0.113947359171336,0.111419520430358,2.07173428035903,0.427181432084901,-0.0224868945873065,-0.90388625592699,-0.0545684947243732,0.997227196865888,-0.0505983914222585,0.902517757977874,0.0709384056969382,0.424769866082527,11.4340824482863,5.94117383065785
170.3,0.0549999035231391,0.0537761455188599,0.999907516496055,0.11395593730404,0.111420396667096,2.0717381478992,0.436504300177959,-0.0219387022267851,-0.899434649805507,-0.0538625775454174,0.997272325427208,-0.0504651530976927,0.898088424747983,0.0704741249084664,0.434131983447513,11.4444515612492,5.94095380914473
170.4,0.0550038162783359,0.0537765656660948,0.999909367683094,0.113964044258004,0.111421267182658,2.07174198342873,0.445780376341341,-0.0213953702417984,-0.894886637625788,-0.0531580944278739,0.997317227486077,-0.0503245939504873,0.893562573671128,0.0700041848156277,0.443447111888813,11.454820288242,5.94073154157579
170.5,0.0550074951865803,0.0537769830422725,0.999911202058438,0.113971666697507,0.111422131956785,2.07174578412561,0.455008665070573,-0.0208569567046112,-0.890242720873199,-0.052455121214454,0.997361898223627,-0.0501767299665967,0.888940703854353,0.0695286367533968,0.45271425171088,11.4651886253447,5.940507027948
170.6,0.0550109338114953,0.0537773976376146,0.999913018260069,0.113978791286827,0.111422990969215,2.07174954716784,0.464188176257134,-0.02032351914041,-0.885503411395363,-0.0517537335690852,0.997406332847107,-0.0500215779253943,0.884223324779852,0.0690475326585645,0.461932408636835,11.4755565686371,5.94028026826439
170.7,0.0550141257167039,0.0537778094423426,0.999914814925969,0.113985404690242,0.11142384419969,2.07175326973339,0.473317925296885,-0.0197951145210635,-0.880669231342705,-0.0510540069685649,0.997450526590413,-0.049859155397606,0.879410956245774,0.0685609250638209,0.471100593917357,11.4859241141991,5.94005126252294
170.8,0.0550170644658288,0.053778218446678,0.999916590694119,0.113991493572033,0.111424691627947,2.07175694900028,0.482396933197832,-0.0192717992589485,-0.875740713107852,-0.0503560166942381,0.997494474714605,-0.049689480743155,0.874504128305873,0.0680688670917737,0.480217824438896,11.4962912581107,5.93982001072467
170.9,0.055019743622493,0.0537786246408424,0.9999183442025,0.113997044596476,0.111425533233728,2.0717605821465,0.491424226687208,-0.018753629200842,-0.870718399263894,-0.0496598378237015,0.99753817250843,-0.0495125731089176,0.869503381208034,0.0675714124489016,0.489283122831206,11.5066579964517,5.93958651286956
171,0.0550221567503194,0.0537790280150572,0.999920074089096,0.114002044427852,0.111426368996771,2.07176416635003,0.500398838317892,-0.0182406596218777,-0.865602842501492,-0.0489655452225299,0.997581615288833,-0.0493284524263898,0.864409265331628,0.0670686154194421,0.498295517574214,11.517024325302,5.93935132883296
171.1,0.0550242987480564,0.0537794285679601,0.999921779143029,0.114006482496725,0.111427198914254,2.07176769910203,0.50931981328142,-0.0177329448386721,-0.86039460160227,-0.0482732130146675,0.99762479843394,-0.0491371392622805,0.859222337177183,0.0665605304740642,0.507254049839714,11.5273902485588,5.93912733576477
171.2,0.0550261698549549,0.0537798263318534,0.999923458757995,0.114010359298805,0.111428023053104,2.07177117914627,0.518186229304839,-0.0172305370927885,-0.855094228930547,-0.0475829130224438,0.997667717479368,-0.0489386543317965,0.853943146905654,0.0660472110766425,0.516157793471982,11.5377558013888,5.93892741081387
171.3,0.055027771645391,0.0537802213474555,0.999925112478834,0.11401367809609,0.111428841497689,2.0717746055397,0.526997176036002,-0.0167334877448136,-0.849702281295027,-0.0468947163455816,0.997710368018437,-0.0487330188617715,0.848572249150858,0.0655287107793867,0.525005834286292,11.548121026776,5.93875211385662
171.4,0.055029105693741,0.0537806136554847,0.999926739850383,0.114016442150578,0.111429654332372,2.07177797733926,0.535751748316818,-0.0162418476597768,-0.844219323730551,-0.046208693880658,0.997752745669613,-0.0485202547251368,0.843110206785161,0.0650050835961706,0.533797263313834,11.5584859677041,5.93860144489403
171.5,0.0550301735743813,0.0537810032966594,0.99992834041748,0.114018654724264,0.111430461641521,2.07178129360187,0.544449046244002,-0.0157556672037914,-0.838645929457098,-0.0455249163162915,0.997794846076795,-0.0483003844392466,0.837557590878616,0.0644763839986993,0.542531176862732,11.5688506671574,5.93847540392305
171.6,0.0550309768616882,0.053781390311698,0.999929913724965,0.114020319079147,0.1114312635095,2.07178455338448,0.553088175229601,-0.0152749962407137,-0.832982679838565,-0.0448434541283401,0.997836664909614,-0.0480734311641838,0.831914980657897,0.0639426669126667,0.551206676578818,11.5792151681196,5.93837399094572
171.7,0.0550315171300379,0.053781774741319,0.999931459317675,0.114021438477223,0.111432060020675,2.07178775574403,0.561668246061376,-0.0147998841288176,-0.827230164341286,-0.044164377575105,0.997878197863722,-0.0478394187010462,0.826182963464959,0.0634039877138972,0.559822869506271,11.5895795135747,5.93829720596305
171.8,0.0550317959538067,0.0537821566262407,0.999932976740449,0.114022016180489,0.111432851259412,2.07179089973744,0.570188374962952,-0.0143303797174882,-0.821388980492349,-0.0434877566925457,0.997919440661083,-0.0475983714902148,0.820362134715491,0.0628604022244779,0.568378868148016,11.5999437465068,5.93824504897402
171.9,0.0550318149073709,0.0537825360071814,0.999934465538126,0.114022055450943,0.111433637310076,2.07179398442167,0.578647683653808,-0.0138665313439298,-0.81545973383765,-0.0428136612895012,0.997960389050267,-0.0473503146096014,0.814453097857127,0.0623119667088768,0.57687379052597,11.6103079098997,5.9382175199766
172,0.0550315755651068,0.0537829129248597,0.999935925255543,0.114021559550582,0.111434418257033,2.07179700885363,0.587045299409094,-0.0134083868298912,-0.809443037899707,-0.0421421609429189,0.998001038806733,-0.0470952737728771,0.808456464327392,0.0617587378700466,0.585306760241116,11.6206720467374,5.93821484174295
172.1,0.0550310802859803,0.0537832873728034,0.999937355511438,0.114020533367017,0.111435194086874,2.0717999722434,0.595380357611243,-0.0129559933435056,-0.803339512290533,-0.0414733247927729,0.998041385745189,-0.0468332752480118,0.802372851672676,0.0612007726773601,0.593676909035843,11.6310362031143,5.93824213795736
172.2,0.055030334567316,0.0537836591557788,0.999938756220141,0.114018988290318,0.111435964395088,2.07180287441346,0.603652009131973,-0.0125093970053257,-0.797149776928712,-0.0408072209430027,0.998081425755317,-0.0465643455998485,0.796202877782944,0.0606381278470594,0.601983384207041,11.6414004375666,5.93830453230307
172.3,0.0550293446910281,0.0537840280313618,0.999940127369882,0.114016937336171,0.111436728679389,2.07180571533942,0.611859412639839,-0.0120686433146639,-0.790874457175458,-0.0401439170699607,0.998121154764543,-0.0462885118984701,0.789947166009418,0.0600708603237719,0.61022534088126,11.6517648117409,5.93840224755227
172.4,0.0550281169390306,0.0537843937571281,0.99994146894889,0.114014393520261,0.111437486437491,2.0718084949969,0.620001732113949,-0.0116337772855857,-0.784514185596266,-0.0394834806208716,0.998160568725999,-0.0460058017933839,0.783606346920292,0.0594990274429781,0.618401939517961,11.6621293872838,5.93853528370392
172.5,0.0550266575932378,0.0537847560906538,0.999942780945394,0.114011369858272,0.111438237167108,2.07181121336151,0.62807813688733,-0.0112048434445402,-0.77806960193001,-0.0388259788103693,0.998199663618731,-0.0457162435122146,0.777181058269923,0.0589226869281662,0.626512345953061,11.6724942258419,5.93870364075599
172.6,0.0550249729355638,0.0537851147895145,0.999944063347624,0.11400787936589,0.111438980365955,2.07181387040887,0.636087801690329,-0.0107818858279879,-0.771541353058122,-0.0381714786170298,0.998238435447916,-0.0454198658594061,0.770671944968127,0.0583418968879916,0.634555731442524,11.6828593890617,5.93890731871053
172.7,0.0550230692479228,0.0537854696112861,0.999945316143809,0.114003935058799,0.111439715531746,2.07181646611457,0.644029906694142,-0.0103649479800187,-0.7649300929738,-0.0375200467798986,0.998276880245064,-0.0451166982149249,0.764079659049479,0.057756715813435,0.642531272706067,11.69322493859,5.9391463175665
172.8,0.055020952812229,0.0537858203135445,0.999946539322179,0.113999549952684,0.111440442162194,2.07181900045425,0.651903637554416,-0.00995407294996408,-0.758236482751277,-0.036871749795013,0.998314994068235,-0.044806770532971,0.757404859642697,0.0571672025749656,0.650438151970945,11.7035909360732,5.93942063732594
172.9,0.0550186299103965,0.0537861666538655,0.999947732870961,0.113994737063231,0.111441159755015,2.0718214734035,0.659708185454948,-0.00954930329000217,-0.75146119051513,-0.0362266539119183,0.998352773002248,-0.0444901133406916,0.750648212940047,0.0565734164197023,0.658275557015842,11.7139574431581,5.93973027798581
173,0.0550161068243395,0.0537865083898249,0.999948896778387,0.113989509406125,0.111441867807922,2.07182388493794,0.667442747151508,-0.00915068105275368,-0.744604891409611,-0.0355848251301767,0.998390213158896,-0.0441667577369,0.743810392166782,0.0559754169685769,0.666042681214869,11.7243245214911,5.94007537075899
173.1,0.0550133905570265,0.0537868452018409,0.99995003108138,0.113983881491023,0.111442565658764,2.07182623513408,0.67510652636366,-0.00875824772007685,-0.737668266335259,-0.0349463290833461,0.998427310683677,-0.0438367353318954,0.736892076321079,0.0553732641067324,0.673738724935249,11.734692234551,5.94045893348401
173.2,0.055010490995643,0.0537871764617007,0.999951136011645,0.113977873803481,0.111443252005928,2.07182852447198,0.682698737760011,-0.00837204400313846,-0.730651998108605,-0.0343112307028127,0.998464061775094,-0.0435000780601601,0.729893946343265,0.0547670176547087,0.681362899539345,11.7450606531446,5.94088398400244
173.3,0.0550074187484291,0.0537875014640335,0.999952211849583,0.113971508323026,0.111443925387936,2.07183075353263,0.690218602775454,-0.00799211006209468,-0.723556774938536,-0.0336795945607756,0.998500462664399,-0.0431568183396544,0.72281668858219,0.0541567376762626,0.688914423184289,11.7554298499107,5.94135065352412
173.4,0.0550041844236245,0.053787819503469,0.999953258875593,0.113964807029186,0.111444584343309,2.07183292289699,0.697665348273789,-0.00761848557507849,-0.716383291608309,-0.033051484981161,0.998536509609127,-0.0428069891274922,0.715660995974039,0.0535424845815308,0.696392519478982,11.7657998974882,5.941858942046
173.5,0.0550007986294693,0.0537881298746364,0.999954277370076,0.11395779190149,0.11144522741057,2.07183503314603,0.705038206583764,-0.00725120973617265,-0.70913224945317,-0.0324269660368028,0.998572198893264,-0.0424506239190779,0.708427568020047,0.052924319124888,0.703796417520272,11.776170868516,5.94240884957419
173.6,0.0549972719742033,0.0537884318721653,0.999955267613432,0.113950484919466,0.11144585312824,2.07183708486071,0.712336415535357,-0.00689032125336187,-0.701804356338192,-0.0318061015466088,0.998607526827427,-0.0420877567472625,0.701117110764419,0.052302302402814,0.711125351929404,11.7865428356328,5.94300037610257
173.7,0.0549936150660664,0.053788724790685,0.999956229886061,0.113942908062641,0.11144646003484,2.07183907862202,0.719559218496427,-0.00653585834645897,-0.694400326636218,-0.0311889550727046,0.998642489749038,-0.041718422181513,0.693730336772354,0.0516764958517619,0.718378562888815,11.7969158714777,5.94363352163522
173.8,0.0549898385132985,0.053789007924825,0.999957164468363,0.113935083310544,0.111447046668893,2.07184101501091,0.726705864409638,-0.00618785874500897,-0.686920881205975,-0.0305755899175624,0.998677084022507,-0.0413426553270986,0.686267965108262,0.0510469612460334,0.725555296179217,11.8072900486894,5.94430828617214
173.9,0.0549859529241397,0.0537892805692147,0.999958071640739,0.113927032642703,0.11144761156892,2.07184289460836,0.733775607829745,-0.00584635968616717,-0.679366747370305,-0.0299660691211071,0.998711306039409,-0.0409604918242912,0.678730721314069,0.0504137606956549,0.732654803217043,11.8176654399069,5.94502466970925
174,0.0549819689068297,0.0537895420184836,0.999958951683588,0.113918778038645,0.111448153273442,2.07184471799533,0.740767708961207,-0.00551139791255307,-0.671738658894524,-0.0293604554578033,0.998745152218665,-0.0405719678475798,0.671119337387677,0.0497769566442566,0.739676341092211,11.8280421177689,5.94578244540228
174.1,0.0549778975031965,0.0537897916122029,0.999959804864528,0.113910342376263,0.111448670414099,2.07184648572632,0.747681431598221,-0.00518300976929073,-0.664037358326297,-0.0287588116167201,0.998778618996577,-0.040177120226361,0.66343455411791,0.0491366120629099,0.746619170499492,11.8384201517469,5.94657639570953
174.2,0.0549737514894203,0.0537900288697115,0.99996063140005,0.113901752126905,0.111449161994994,2.07184819824987,0.754516037065635,-0.00486123148315806,-0.656263604231742,-0.0281612007374489,0.998811702797491,-0.0397759868237305,0.655677128306147,0.0484927910440678,0.753482549653913,11.8487995986428,5.94740130309848
174.3,0.0549695440752692,0.0537902533552903,0.99996143149386,0.113893034660282,0.111449627113347,2.07184985598805,0.761270790901146,-0.00454609883393075,-0.648418164386328,-0.0275676858398721,0.998844400066145,-0.0393686061975332,0.647847825973181,0.0478455582253407,0.760265741001084,11.8591805120908,5.94825694071567
174.4,0.0549652884705115,0.0537904646332198,0.999962205349665,0.113884217346107,0.111450064866378,2.07185145936293,0.767944965054111,-0.00423764704824917,-0.640501813420958,-0.026978329634513,0.998876707278316,-0.0389550174812054,0.63994742001056,0.0471949785922605,0.766968013425269,11.8695629457254,5.94914330856416
174.5,0.0549609978849154,0.0537906622677809,0.999962953171173,0.113875327554092,0.111450474351308,2.07185300879657,0.774537837938148,-0.00393591079673309,-0.632515332785142,-0.0263931945183447,0.99890862094107,-0.0385352603822348,0.631976690143882,0.0465411174748735,0.773588642302208,11.8799469531809,5.95006040664192
174.6,0.0549566855282489,0.0537908458232544,0.999963675162091,0.113866392653947,0.111450854665358,2.07185450471105,0.781048694483815,-0.00364092419109511,-0.624459510709992,-0.0258123425705905,0.99894013759302,-0.0381093751806097,0.623936422895912,0.0458840405443188,0.780126909552017,11.8903325880917,5.95100823495099
174.7,0.0549523646102804,0.053791014863921,0.999964371526126,0.113857440015387,0.111451204905747,2.07185594752842,0.787476826191367,-0.00335272078125195,-0.61633514217099,-0.0252358355485164,0.998971253804581,-0.0376774027272558,0.615827411549486,0.0452238138093919,0.786582103692166,11.9007199040921,5.95198679349033
174.8,0.0549480483407779,0.0537911689540615,0.999965042466986,0.113848497008121,0.111451524169696,2.07185733767076,0.793821531183624,-0.00307133355243275,-0.60814302885053,-0.0246637348832096,0.999001966178224,-0.0372393844424582,0.60765045611017,0.0445605036130893,0.792953519890574,11.9111089548166,5.95299608225691
174.9,0.0549437499295098,0.0537913076579566,0.999965688188378,0.113839591001863,0.111451811554425,2.07185867556014,0.800082114258915,-0.00279679492228611,-0.599883979100248,-0.0240961016753508,0.999032271348735,-0.0367953623142716,0.599406363268723,0.0438941766291389,0.799240460018769,11.9214997938995,5.95403610125682
175,0.0549394825862441,0.0537914305398871,0.999966308894009,0.113830749366324,0.111452066157154,2.07185996161861,0.806257886944133,-0.00252913673798376,-0.591558807903105,-0.0235329966909731,0.99906216598347,-0.036345378896915,0.591095946363299,0.0432248998585103,0.805442232705175,11.9318924749751,5.95510620328841
175.1,0.0549352592932436,0.0537915372467992,0.999966904733196,0.11382199899984,0.111452287246382,2.07186119615556,0.812348162291131,-0.00226839049696889,-0.583168344156965,-0.0229744808407009,0.999091646757166,-0.0358894777080145,0.582720032650606,0.0425527412114315,0.811558148109591,11.9422870426413,5.95619150285502
175.2,0.054931092122749,0.0537916277563017,0.999967475637695,0.113813364915248,0.111452474775714,2.07186237902958,0.818352239769108,-0.002014587966281,-0.574713453035694,-0.0224206165926966,0.999120710278813,-0.0354277044636416,0.574279485630897,0.0418777712788772,0.817587502751985,11.9526835053497,5.95727711444881
175.3,0.0549269929194956,0.0537917021286688,0.999968021484869,0.113804871654005,0.111452628870036,2.07186350998659,0.824269422170267,-0.00176776042279508,-0.566195014723887,-0.0218714664582783,0.999149353173485,-0.0349601059490708,0.565775183823097,0.0412000616030298,0.823529596489311,11.9630818625152,5.95836239087727
175.4,0.0549229735282186,0.0537917604241746,0.999968542152083,0.113796543757572,0.111452749654229,2.07186458877249,0.830099021104614,-0.00152793841312576,-0.557613917119514,-0.0213270924928555,0.999177572108941,-0.0344867296258035,0.55720801348057,0.0405196840891902,0.829383738033456,11.973482113553,5.95944733214142
175.5,0.0549190457936533,0.0537918027030934,0.999969037516703,0.113788405767408,0.11145283725318,2.07186561513319,0.835840357086592,-0.00129515174935327,-0.548971055746389,-0.02078755628855,0.999205363796041,-0.0340076236272238,0.548578868503799,0.0398367109983579,0.83514924503823,11.983884257878,5.96053193823719
175.6,0.054915221560535,0.0537918290256994,0.999969507456092,0.113780482224974,0.111452891791771,2.0718665888146,0.841492759620858,-0.00106942950482406,-0.540267333665665,-0.0202529189668566,0.999232724989166,-0.033522836754174,0.539888650352084,0.0391512149397597,0.840825444185502,11.9942882949052,5.96161620916764
175.7,0.0549115126735989,0.0537918394522667,0.999969951847616,0.113772797671728,0.111452913394886,2.07186750956263,0.847055567287201,-0.00085080001002651,-0.531503661386356,-0.0197232411713437,0.999259652486625,-0.0330324184704483,0.531138267954264,0.0384632688633291,0.846411671270483,12.0046942240498,5.96270014493378
175.8,0.0549079309775802,0.0537918340430696,0.99997037056864,0.113765376649129,0.111452902187409,2.07186837712318,0.852528127824595,-0.000639290848542185,-0.522680956774878,-0.0191985830603957,0.999286143131062,-0.0325364188982066,0.522328637618468,0.0377729460521345,0.851907271286129,12.0151020447266,5.96378374553154
175.9,0.0549044883172143,0.0537918128583823,0.999970763496527,0.113758243698639,0.111452858294225,2.07186919124217,0.857909798214374,-0.00043492885307336,-0.513800144963648,-0.0186790042999968,0.999312193809862,-0.0320348888133073,0.513460682940898,0.0370803201147593,0.857311598506665,12.0255117563508,5.96486701096398
176,0.0549011965372363,0.053791775958479,0.999971130508643,0.113751423361715,0.111452781840217,2.0718699516655,0.863199944762517,-0.000237740101547073,-0.504862158258698,-0.0181645640565575,0.999337801455547,-0.0315278796405598,0.504535334713657,0.0363854649776325,0.86262401657022,12.0359233583374,5.96594938518158
176.1,0.0548980664038759,0.0537917234509653,0.99997147147965,0.11374493794523,0.111452673048337,2.07187065813347,0.868397939340451,-4.77500522443712e-05,-0.495867942772258,-0.0176553213674724,0.999362963027577,-0.0310154438329271,0.495553537548336,0.035688455397715,0.867843894703797,12.0463368423374,5.96701807903862
176.2,0.0548951043693395,0.0537916556327727,0.999971786273396,0.113738800817703,0.111452532533804,2.07187131036401,0.873503148504274,0.000135016086441212,-0.486818478823244,-0.0171513362350395,0.999387675459685,-0.0304976360500378,0.486516270250516,0.0349893685273734,0.872970596796698,12.0567521689463,5.96806030339138
176.3,0.054892315807328,0.053791572848164,0.999972074751028,0.113733023113063,0.111452361009909,2.0718719080694,0.878514946088363,0.000310533852777035,-0.477714761199701,-0.0166526684291462,0.999411935720834,-0.0299745120548245,0.477424526112295,0.0342882823638365,0.878003494047141,12.0671692909956,5.96907550218935
176.4,0.0548897060915422,0.0537914754414019,0.999972336773693,0.113727615965243,0.11145215918994,2.07187245096196,0.883432717288233,0.000478779685899577,-0.468557792374368,-0.0161593770922517,0.999435740834983,-0.0294461283298768,0.468279306137608,0.0335852752205714,0.882941969062315,12.0775881613168,5.97006367543456
176.5,0.054887280595683,0.0537913637567494,0.999972572202537,0.113722590508172,0.111451927787184,2.07187293875399,0.888255858762129,0.000639730930137203,-0.459348582363208,-0.0156715207300441,0.999459087881577,-0.0289125420697347,0.459081618900997,0.0328804257159698,0.887785415960398,12.0880087327415,5.97102482312497
176.6,0.0548850446934512,0.0537912381384694,0.999972780898707,0.113717957875781,0.11145166751493,2.0718733711578,0.892983778730737,0.000793365839180578,-0.450088148582497,-0.0151891572021976,0.999481973996031,-0.0283738111730521,0.449832480404941,0.0321738127619701,0.892533240470682,12.0984309581011,5.97195894526059
176.7,0.0548830037585476,0.0537910989308245,0.999972962723349,0.113713729202002,0.111451379086466,2.07187374788568,0.897615897074966,0.000939663580099337,-0.440777515704534,-0.0147123437132352,0.999504396370203,-0.0278299942346319,0.440532913935801,0.0314655155526213,0.897184860031777,12.1088547902271,5.97286604184345
176.8,0.0548811631646731,0.0537909464780777,0.999973117537609,0.113709915620764,0.111451063215082,2.07187406864996,0.90215164543184,0.00107860423720533,-0.431417715511918,-0.0142411368034931,0.999526352252858,-0.027281150537333,0.431183949918324,0.0307556135525844,0.901739703887899,12.1192801819511,5.97374611287151
176.9,0.0548795282855285,0.0537907811244918,0.999973245202634,0.113706528265998,0.111450720614065,2.07187433316292,0.906590467288402,0.00121016881575984,-0.422009786750538,-0.0137755923401961,0.999547838950121,-0.0267273400438526,0.421786625768853,0.0300441864855809,0.906197213183171,12.1297070861045,5.97459915834682
177,0.0548781044948146,0.0537906032143296,0.99997334557957,0.113703578271636,0.111450351996705,2.07187454113689,0.910931818073679,0.00133433924552562,-0.412554774981165,-0.0133157655086377,0.999568853825926,-0.0261686233883827,0.412341985747148,0.0293313143227829,0.910556841053977,12.140135455519,5.97542504186173
177.1,0.0548768961431724,0.0537904130452422,0.999973418566077,0.113701074651899,0.111449957979712,2.0718746923598,0.915175164482814,0.0014510983635197,-0.403053734168774,-0.0128617108858511,0.999589394298742,-0.0256050619714867,0.402851082544087,0.0286170774016894,0.914818051950246,12.1505652411213,5.97622062612934
177.2,0.0548759034890036,0.0537902107284337,0.999973464205869,0.113699017942178,0.111449538793494,2.07187478692225,0.919319982412578,0.00156042986620543,-0.393507731811677,-0.0124134826705158,0.999609457831577,-0.0250367182683734,0.393314982405866,0.0279015568077079,0.918980319562274,12.1609963862203,5.97698277385049
177.3,0.0548751257676503,0.0537899963284962,0.999973482579173,0.113697406558156,0.111449094571881,2.07187482499044,0.923365759600939,0.00166231839360092,-0.383917843677706,-0.0119711344119912,0.999629041944761,-0.0244636555218183,0.383734759876495,0.0271848339733471,0.923043129471408,12.1714288322201,5.97771134862672
177.4,0.0548745622144542,0.0537897699100221,0.999973473766216,0.113696238915513,0.111448625448705,2.07187480673061,0.92731199651769,0.00175674955568044,-0.374285151916789,-0.0115347189169116,0.999648144220252,-0.0238859376310591,0.374111495912493,0.0264669905354882,0.927005980044418,12.1818625205248,5.97840635045803
177.5,0.0548742120647573,0.0537895315376037,0.999973437847226,0.113695513429933,0.111448131557795,2.07187473230899,0.931158206450931,0.00184370993524288,-0.364610744894826,-0.011104288240421,0.999666762302057,-0.0233036291421614,0.364446277716975,0.0257481083226794,0.930868382520346,12.1922973925386,5.97906777933934
177.6,0.0548740745539015,0.0537892812758331,0.999973374902428,0.113695228517098,0.111447613032983,2.07187460189179,0.934903915591203,0.00192318709060066,-0.354895717026357,-0.0106798936775444,0.999684893896642,-0.0227167952382608,0.354740198572524,0.025028269342391,0.934629861094996,12.2027333896657,5.97969563527674
177.7,0.0548741489172287,0.0537890191893026,0.999973285012051,0.113695382592689,0.111447070008099,2.07187441564524,0.938548663113284,0.001995169558089,-0.345141168605981,-0.0102615857546934,0.999702536773319,-0.0221255017296798,0.344994357672799,0.024307555768227,0.938289953003072,12.2131704533102,5.98028991826515
177.8,0.0548744343900808,0.0537887453426045,0.999973168256321,0.113695974072389,0.111446502616974,2.07187417373557,0.942092001255621,0.00205964685439485,-0.335348205638579,-0.00984941422131053,0.999719688764641,-0.0215298150439208,0.33520985995295,0.0235860499270983,0.941848208597946,12.2236085248763,5.98085062830864
177.9,0.0548749302077997,0.0537884598003311,0.999973024715466,0.11369700137188,0.111445910993438,2.071873876329,0.945533495397352,0.00211660947870433,-0.325517939668431,-0.00944342804165549,0.99973634776677,-0.0209298022155435,0.325387815918925,0.0228638342863649,0.945304191429001,12.234047545768,5.98137776540416
178,0.0548756356057273,0.0537881626270746,0.999972854469713,0.113698462906844,0.111445295271322,2.07187352359175,0.948872724132957,0.00216604891466909,-0.315651487607141,-0.00904367538672958,0.999752511739836,-0.0203255308759184,0.315529341475561,0.0221409914409384,0.9486574783166,12.2444874573897,5.98187133422533
178.1,0.054876549158937,0.0537878539758688,0.999972657658271,0.113700355724933,0.1114446557677,2.07187311581227,0.952109279364351,0.00220795763242829,-0.305749971498592,-0.00865020362390914,0.999768178708388,-0.0197170692390552,0.305635557691774,0.0214176040958411,0.951907659444566,12.2549282012106,5.98233144222301
178.2,0.0548776668014274,0.0537875343535127,0.999972434656279,0.113702671401678,0.111443993532627,2.0718726537678,0.955242766425188,0.00224232909054791,-0.295814518157245,-0.00826305930216367,0.999783346761991,-0.0191044860794843,0.29570759043914,0.0206937550396724,0.955054338485008,12.265369718961,5.98275819684906
178.3,0.0548789838069287,0.053787204355247,0.999972185897858,0.11370540014458,0.111443309799397,2.07187213835783,0.958272804079368,0.0022691577360637,-0.28584625917621,-0.00788228815229973,0.999798014055223,-0.018487850732773,0.285746570399976,0.019969527145179,0.95809713259682,12.2758119524366,5.98315160277506
178.4,0.0548804954491711,0.0537868645763125,0.999971911817129,0.113708532161139,0.111442605801308,2.07187157048181,0.961199024564572,0.00228843900538249,-0.275846330813071,-0.00750793508200582,0.999812178807881,-0.0178672330886199,0.275753632953258,0.0192450033608033,0.961035672469406,12.2862548434328,5.98351165999899
178.5,0.0548821970018846,0.0537865156119497,0.999971612848214,0.113712057658857,0.111441882771657,2.07187095103921,0.964021073654509,0.00230016932533282,-0.265815873813215,-0.00714004416852921,0.999825839305287,-0.0172427035800792,0.265729917998105,0.0185202666976969,0.963869602385181,12.2966983337452,5.98383836852389
178.6,0.0548840837387994,0.0537861580573993,0.999971289425233,0.113715966845233,0.111441141943741,2.07187028092951,0.966738610718665,0.00230434611403197,-0.255756033232322,-0.00677865865150632,0.999838993898574,-0.0166143331726825,0.255676569776412,0.0177954002167213,0.966598580279577,12.3071423651693,5.98413172834774
178.7,0.0548861509336456,0.0537857925079018,0.999970941982308,0.11372024992777,0.111440384550855,2.07186956105217,0.969351308779556,0.00230096778156963,-0.245667958257952,-0.00642382092594403,0.999851641004966,-0.0159821933534562,0.245594736694568,0.017070487015432,0.969222277798536,12.3175868795006,5.98439173947257
178.8,0.0548883938601534,0.053785419558698,0.99997057095356,0.113724897113967,0.111439611826298,2.07186879230666,0.971858854567454,0.00229003373050744,-0.235552802030348,-0.00607557253535776,0.99986377910804,-0.0153463561198414,0.235485571144397,0.0163456102150554,0.971740380353464,12.3280318185347,5.98461840189634
178.9,0.054890807792053,0.0537850398050284,0.99997017677311,0.113729898611326,0.111438825003366,2.07186797559245,0.974260948572593,0.00227154435619474,-0.225411721462457,-0.00573395416506482,0.999875406757978,-0.0147068939685152,0.225350229323299,0.0156208529474562,0.974152587173658,12.3384771240672,5.98481171561905
179,0.0548933880030743,0.0537846538421338,0.99996975987508,0.113735244627347,0.111438025315356,2.07186711180902,0.976557305094825,0.00224550104690002,-0.215245877059195,-0.00539900563563562,0.999886522571812,-0.0140638798841167,0.215189871053635,0.0148962983421003,0.976458611356172,12.3489227378935,5.98497144139277
179.1,0.0548961289514766,0.0537842622366718,0.999969320815457,0.113740923679932,0.111437213936342,2.07186620210831,0.978747651607242,0.00221190619570893,-0.205056435998218,-0.005070766000397,0.999897125230341,-0.0134173875351748,0.205005662861978,0.014172029744579,0.978658179226761,12.3593685984687,5.98509207646707
179.2,0.0548990218336349,0.0537838654409688,0.999968860637698,0.113746917528589,0.111436391803514,2.07186524865232,0.980831727022549,0.00217076325544298,-0.19484458178983,-0.00474927383355853,0.999907213469736,-0.0127674918931185,0.194798787634879,0.0134481313971789,0.980751028598954,12.3698146308854,5.98516811809762
179.3,0.0549020570304533,0.0537834638787682,0.999968380507129,0.113753206243226,0.111435559794837,2.0718642538555,0.982809284263864,0.00212207673612712,-0.184611504395247,-0.00443456688185626,0.999916786093991,-0.0121142686132723,0.184570434743273,0.0127246877285912,0.982736911355674,12.3802607568959,5.98519932703242
179.4,0.0549052249228359,0.0537830579738133,0.999967881589073,0.113759769893753,0.111434718788278,2.07186322013233,0.984680091059465,0.00206585219715427,-0.174358396774639,-0.00412668194980877,0.999925841978763,-0.0114577938167792,0.174321796592417,0.0120017831076142,0.984615594247334,12.3907068982524,5.98518570327148
179.5,0.0549085158916869,0.0537826481498477,0.999967365048855,0.113766588550078,0.111433869661804,2.07186214989727,0.986443929983147,0.0020020962463535,-0.164086454681748,-0.00382565489335576,0.999934380071572,-0.0107981440775019,0.164054068416611,0.0112795018286219,0.986386858932364,12.4011529767071,5.98512724681479
179.6,0.0549119203179101,0.0537822348306147,0.999966832051799,0.113773642282111,0.111433013293382,2.07186104556481,0.988100598491502,0.00193081653884105,-0.153796876457975,-0.00353152061369436,0.99994239939198,-0.0101353964088339,0.153768448073366,0.0105579280970505,0.988050502014652,12.411598914012,5.98502395766336
179.7,0.0549154285824099,0.0537818184398577,0.999966283763229,0.113780911159759,0.111432150560978,2.0718599095494,0.989649908958125,0.00185202177565431,-0.143490862825883,-0.00324431305131208,0.999949899031758,-0.00946962825041575,0.143466135836995,0.00983714601490128,0.989606335077885,12.4220446319195,5.98487583581618
179.8,0.0549190310660901,0.0537813994013202,0.99996572134847,0.113788375252932,0.111431282342559,2.07185874426552,0.991091688704717,0.00176572170216933,-0.133169616682272,-0.00296406518022051,0.999956878155034,-0.00880091745476798,0.133148334191758,0.00911723956626805,0.991054184716785,12.4324900521817,5.98468288127427
179.9,0.0549227181498549,0.0537809781387456,0.999965145972846,0.113796014631538,0.11143040951609,2.07185755212764,0.992425780029086,0.00167192710630207,-0.122834342890786,-0.00269080900238889,0.999963335998429,-0.00812934227383701,0.122816247624541,0.00839829260288917,0.992393892565237,12.4429350965507,5.9844450940356
180,0.0549264802146084,0.0537805550758773,0.999964558801682,0.113803809365487,0.11142953295954,2.07185633555022,0.993652040230058,0.00157064981649373,-0.112486248074141,-0.00242457554237953,0.99996927187118,-0.00745498134545976,0.112471082417138,0.00768038882972771,0.993625315321294,12.4533796867789,5.98416237083543
180.1,0.0549303072353764,0.0537801306477689,0.9999639610954,0.113811738683736,0.111428653574308,2.07185509714478,0.994770341482319,0.00146190271501017,-0.102126541837089,-0.0021653948774828,0.999974685154532,-0.00677791377341429,0.102114047868917,0.00696361188946611,0.994748324621498,12.4638237431764,5.98383233650576
180.2,0.0549341875636709,0.0537797053347149,0.999963354494821,0.113819778451436,0.111427772355531,2.07185384031099,0.995780570533634,0.00134569979031951,-0.0917564408626698,-0.00191329623082489,0.999979575300272,-0.00609821939761992,0.0917463603923523,0.00624804564345769,0.995762806736822,12.4742671802859,5.98345261588265
180.3,0.0549381091451258,0.0537792796283201,0.999962740735864,0.113827903692787,0.11142689032178,2.07185256864553,0.996682629370448,0.00122205610220798,-0.0813771644264745,-0.00166830784694744,0.999983941833953,-0.00541597850420266,0.0813692390288752,0.00553377385815755,0.996668663241074,12.4847099112084,5.98302310569935
180.4,0.0549420599253749,0.0537788540201891,0.999962121554448,0.113836089431989,0.111426008491624,2.07185128574513,0.99747643540774,0.00109098776532384,-0.0709899327508113,-0.00143045694981192,0.999987784355811,-0.00473127171814795,0.0709839038034929,0.00482088009103375,0.997465811201549,12.4951518490446,5.9825438059528
180.5,0.0549460278500521,0.0537784290019266,0.999961498686491,0.113844310693242,0.111425127883634,2.07184999520647,0.998161921498821,0.000952511945958828,-0.0605959667863719,-0.00119976973826349,0.999991102540814,-0.00404417998878556,0.0605915755064797,0.00410944767570438,0.998154183188872,12.5055929068953,5.98201471664605
180.6,0.0549500008647911,0.0537780050651374,0.999960873867913,0.113852542500745,0.111424249516381,2.07184870062626,0.998739035941785,0.000806646858604301,-0.0501964879938696,-0.000976271381718866,0.999993896138693,-0.00335478457521305,0.0501934754750299,0.00339955970713186,0.998733727283471,12.5160329978614,5.98143583777503
180.7,0.0549539669152259,0.0537775827014262,0.999960248834633,0.1138607598787,0.111423374408435,2.0718474056012,0.999207742482636,0.000653411762281761,-0.0397927181255987,-0.000759986016076976,0.999996164973955,-0.00266316703165457,0.0397908253748249,0.00269129902687089,0.999204407078721,12.5264720350437,5.98080716934586
180.8,0.0549579139469902,0.0537771624023976,0.99995962532257,0.113868937851304,0.111422503578367,2.07184611372799,0.999568020315063,0.000492826956649642,-0.0293858790070451,-0.000550936739855022,0.999997908945884,-0.00196940919276349,0.029384846981643,0.00198474820837881,0.999566201680716,12.536909931543,5.98012871135444
180.9,0.0549618299057178,0.0537767446596564,0.999959005067643,0.113877051442759,0.111421638044746,2.07184482860335,0.999819864076895,0.000324913777887381,-0.0189771923185857,-0.000349145610550232,0.999999128028524,-0.00127359315887158,0.0189767619630505,0.00127998954239085,0.999819105704711,12.5473466004602,5.97940046379978
181,0.0549657027370426,0.0537763299648073,0.999958389805771,0.113885075677264,0.111420778826144,2.07184355382396,0.999963283843214,0.000149694594357025,-0.00856787937728411,-0.000154633641227392,0.999999822270645,-0.000575801281185207,0.00856779166018122,0.000577105022360795,0.999963129268205,12.557781954896,5.97862254920498
181.1,0.0549695204136452,0.0537759187672216,0.999957781316813,0.113892985635059,0.111419926853626,2.07184229307757,0.999998305113004,-3.28072284747648e-05,0.00184084078763529,3.25792327626096e-05,0.999999991795678,0.00012388396793701,-0.00184084483682208,-0.000123823784787184,0.99999829797753,12.5682159096619,5.97779778550586
181.2,0.0549732710163934,0.0537755113473376,0.999957181556388,0.113900756620538,0.111419082708241,2.0718410504161,0.999924968644055,-0.000222567433915582,0.0122477567710405,0.000212474237453826,0.999999636800916,0.000825380356957336,-0.0122479360254545,-0.000822716094769536,0.999924652762069,12.5786483864123,5.97692899064538
181.3,0.0549769426532016,0.0537751079433601,0.999956592524055,0.113908363994135,0.111418246883532,2.07183982998247,0.999743330196954,-0.00041956080408324,0.0226516598825774,0.000385033655862027,0.999998757556277,0.00152860556942096,-0.0226522730821466,-0.00151949157111458,0.999742249617159,12.5890793085121,5.97601628713952
181.4,0.0549805234319846,0.053774708793494,0.999956016219375,0.113915783116286,0.111417419873043,2.07183863591965,0.999453460482937,-0.000623761136768272,0.0330513426463441,0.000550240797833084,0.999997354404046,0.00223347710394241,-0.033052648362063,-0.00221407022329747,0.999451159551731,12.5995085993262,5.97505967499234
181.5,0.0549840014606568,0.0537743141359442,0.999955454641905,0.113922989347423,0.111416602170317,2.07183747237057,0.99905544514109,-0.00083514125061913,0.043445599006461,0.000708080002160544,0.999995427758771,0.00293991228844325,-0.0434478556047273,-0.00290637242016807,0.999051468565412,12.6099361822197,5.9740591542008
181.6,0.0549873648471328,0.0537739242089154,0.999954909791205,0.113929958047981,0.111415794268899,2.07183634347819,0.998549384712491,-0.00105367299052466,0.053833224532199,0.000858536638490368,0.999992978107134,0.00364782829441437,-0.0538366901392116,-0.00359631890329531,0.998543277622558,12.6203619805574,5.97301472476591
181.7,0.0549906016993272,0.0537735392506127,0.999954383666834,0.113936664578395,0.111414996662333,2.07183525338544,0.997935394611323,-0.00127932723319205,0.064213016622599,0.0010015971090123,0.999990006007813,0.00435714215119833,-0.0642179490888255,-0.00428383080022358,0.997926702623244,12.6307859177043,5.97192638668768
181.8,0.0549937001251545,0.0537731594992409,0.999953878268352,0.113943084299098,0.111414209844161,2.07183420623529,0.997213605092941,-0.00151207389292012,0.0745837747105993,0.00113724884993844,0.999986512091325,0.00506777076029264,-0.0745904315753193,-0.00496882963764233,0.997201874371203,12.6412079170255,5.9707941399661
181.9,0.0549966482325294,0.0537727851930047,0.999953395595318,0.113949192570525,0.111413434307929,2.07183320617066,0.996384161218937,-0.00175188192756429,0.0849443004665216,0.00126548033276761,0.999982497059861,0.00577963090966374,-0.084952938922454,-0.00565123735445926,0.996368938538733,12.6516279018858,5.96961798459914
182,0.0549994341293663,0.0537724165701092,0.999952937647291,0.11395496475311,0.111412670547178,2.07183225733451,0.995447222819175,-0.00199871934469393,0.0952933980009751,0.00138628106533674,0.999977961687098,0.00649263928807553,-0.0953042748589956,-0.00633097631478111,0.995428055628584,12.6620457956502,5.96839824158975
182.1,0.0550020462462383,0.053772053972692,0.99995250637035,0.113960376875812,0.111411919270796,2.07183136375898,0.994402963978374,-0.00225255331867807,0.105629878512522,0.00149964163984127,0.999972906815715,0.00720671280694604,-0.105643250167608,-0.0070079696115393,0.99437940045837,12.6724615261657,5.9671422939071
182.2,0.0550044743043528,0.0537716981586226,0.999952103496657,0.113965407641696,0.111411182049034,2.07183052903298,0.993251571205362,-0.00251335055354906,0.115952573783744,0.00160555384942747,0.999967333348533,0.00792176954102797,-0.11596869618529,-0.0076821419421633,0.993223160322122,12.6828750392072,5.96585752452239
182.3,0.0550067083475753,0.0537713499897031,0.999951730704893,0.11397003642235,0.111410460667486,2.07182975663463,0.991993244158906,-0.00278107699934889,0.126260322959401,0.00170401050217752,0.999961242252026,0.00863772782588414,-0.126279451579807,-0.00835341873182932,0.991959535719171,12.6932862850315,5.96454425443551
182.4,0.0550087384197717,0.0537710103277359,0.999951389673739,0.113974242589364,0.111409756911745,2.07182905004203,0.990628195982089,-0.00305569775355951,0.13655196826304,0.00179500536751954,0.999954634557941,0.00935450596373283,-0.136574358065495,-0.00902172585117883,0.990588740689931,12.7036952138956,5.96320248364647
182.5,0.0550105545648076,0.0537706800345231,0.999951082081877,0.113978005514325,0.111409072567406,2.07182841273329,0.989156653254419,-0.00333717706735076,0.146826355167382,0.00187853317603381,0.999947511363066,0.0100720222357656,-0.146852260573761,-0.00968698962693593,0.989111002767811,12.7141017760563,5.96183221215526
182.6,0.0550121468265489,0.053770359971867,0.999950809607989,0.113981304568824,0.111408409420061,2.07182784818653,0.987578855941641,-0.00362547835196914,0.157082332563912,0.00195458961908996,0.999939873828986,0.0107901949144526,-0.157112007422796,-0.0103491368524306,0.98752656292881,12.7245059217705,5.96043343996088
182.7,0.0550135052488611,0.0537700510015699,0.999950573930755,0.113984119124449,0.111407769255306,2.07182735987986,0.98589505734326,-0.00392056418526573,0.167318752931641,0.0020231713483158,0.999931723181832,0.0115089422758334,-0.167352450486467,-0.0110080947980258,0.985835675538825,12.7349076012952,5.95900616706433
182.8,0.0550146198756102,0.0537697539854341,0.999950376728857,0.11398642855279,0.111407153858732,2.07182695129137,0.984105524037784,-0.00422239631836299,0.177534472505056,0.00208427597489816,0.99992306071201,0.0122281826117927,-0.177572445362388,-0.0116637912214495,0.98403860829866,12.7453067648871,5.95755039346562
182.9,0.0550154807506618,0.0537694697852617,0.999950219680976,0.113988212225435,0.111406565015935,2.0718266258992,0.98221053582571,-0.00453093568245737,0.187728351441154,0.00213790206871584,0.999913887773931,0.0129478342423159,-0.187770851539094,-0.0123161543780249,0.98213564218677,12.7557033628033,5.95606611916373
183,0.0550160779178816,0.053769199262855,0.999950104465795,0.113989449513974,0.111406004512508,2.07182638718143,0.980210385670253,-0.00484614239575773,0.197899253985594,0.00218404915730548,0.999904205785723,0.0136678155277248,-0.197946532562339,-0.0129651130308024,0.980127071399747,12.7660973453005,5.95455369758495
183.1,0.0550164021315636,0.0537689433111306,0.999950032656889,0.113990121261953,0.111405474198511,2.07182623839842,0.978105378611225,-0.00516797592497919,0.208046053451225,0.00222271774125023,0.999894016223971,0.0143880452230091,-0.208098361016213,-0.0136105967663236,0.978013202261621,12.7764886675705,5.95302125747796
183.2,0.0550164469877144,0.0537687029474621,0.99995000540742,0.113990214200747,0.111404976181872,2.07182618193944,0.975895828228603,-0.00549639558108689,0.218167646734398,0.00225390931420337,0.999883320606599,0.0151084435175706,-0.218225233047905,-0.0142525369087921,0.975794349672538,12.7868773045437,5.95147692759856
183.3,0.0550162067927691,0.0537684792203375,0.999950023765444,0.11398971653369,0.111404512634982,2.07182621997597,0.973582058955988,-0.00583136010711062,0.228262939870491,0.00227762626190986,0.999872120504071,0.0158289310221234,-0.228326053917702,-0.0148908655891214,0.973470839431966,12.7972632360854,5.94992106136797
183.4,0.0550156758531626,0.0537682731782447,0.999950088779016,0.113988616464114,0.111404085730237,2.07182635467953,0.971164406945137,-0.00617282753646437,0.238330843331502,0.00229387183682135,0.999860417543573,0.0165494284368926,-0.238399733294516,-0.0155255154438318,0.971043009106861,12.8076464420609,5.9483536587882
183.5,0.0550148484753297,0.0537680858696718,0.999950201496194,0.113986902195354,0.111403697640029,2.0718265882216,0.968643220004405,-0.00652075519940569,0.248370272156569,0.00230265015627548,0.999848213408717,0.0172698565614935,-0.248445185386549,-0.0161564196227438,0.96851120796985,12.8180269023355,5.94677471985825
183.6,0.0550137189657054,0.0537679183431066,0.999950362965032,0.113984561930741,0.111403350536752,2.0718269227737,0.96601885753569,-0.00687509972958035,0.258380146081601,0.00230396620055832,0.999835509839235,0.0179901363047777,-0.258461329071077,-0.0167835117965853,0.965875796935914,12.8284045967744,5.9451842445771
183.7,0.0550122816307246,0.0537677716470371,0.999950574233589,0.113981583873609,0.111403046592799,2.07182736050731,0.963291690469894,-0.00723581707065065,0.268359389667985,0.00229782581085061,0.999822308630666,0.0187101886946439,-0.268447088023313,-0.0174067261645111,0.963137148497574,12.8387795052429,5.94358223294678
183.8,0.0550105307768223,0.0537676468299513,0.999950836349919,0.11397795622729,0.111402787980563,2.07182790359393,0.96046210120089,-0.00760286248300862,0.27830693243043,0.00228423568705813,0.999808611634037,0.0194299348878174,-0.278401390844402,-0.0180259974615363,0.960295646658579,12.8491516076063,5.94196868496627
183.9,0.0550084607104334,0.0537675449403371,0.999951150362078,0.113973667195119,0.111402576872439,2.07182855420507,0.957530483518031,-0.00797619055056946,0.288221708963822,0.00226320338552713,0.999794420755539,0.0201492961795877,-0.288323171188444,-0.0186412609658793,0.957351686866139,12.8595208837298,5.9403436006366
184,0.0550060657379927,0.0537674670266825,0.999951517318124,0.113968704980427,0.111402415440818,2.07182931451223,0.954497242537205,-0.00835575518764782,0.29810265906918,0.00223473731664496,0.999779737956186,0.0208681940135137,-0.298211367888612,-0.0192524525062173,0.954305675941676,12.8698873134788,5.93870771638288
184.1,0.0550033416832946,0.053767413951852,0.999951938021821,0.113963060930411,0.111402305473497,2.07183018618074,0.951362791470015,-0.00874151003175751,0.307948737631355,0.00219884670303174,0.999764565236184,0.021586550703626,-0.30806493484257,-0.0198595090691672,0.951158028836415,12.8802508870009,5.9370779700613
184.2,0.0550002904395703,0.053767385836217,0.999952412299765,0.113956738967711,0.111402247219876,2.07183116885133,0.948127541265074,-0.00913340965762851,0.317758943733566,0.00215554140010683,0.999748904584784,0.0223042915780285,-0.317882870151756,-0.0204623705750635,0.947909158229063,12.8906116355739,5.93547129952191
184.3,0.0549969154174106,0.0537673826145253,0.999952939734264,0.113949746158834,0.111402240544757,2.07183226165857,0.944791908616446,-0.00953140851213687,0.32753229102589,0.00210483190831232,0.999732758019046,0.0230213428424301,-0.327664186470739,-0.0210609780258592,0.944559482567966,12.9009696007578,5.93388844119392
184.4,0.0549932200274061,0.0537674042215247,0.999953519907623,0.113942089570282,0.111402285312943,2.07183346373702,0.941356318870252,-0.00993546054547344,0.337267797968911,0.00204672939527701,0.999716127597916,0.0237376308718897,-0.337407901243926,-0.0216552729000796,0.941109428989951,12.9113248241129,5.9323293950763
184.5,0.0549892076801475,0.0537674505919632,0.999954152402148,0.11393377626856,0.111402381389234,2.07183477422126,0.937821205973164,-0.0103455192156705,0.346964487893498,0.00198124569341505,0.999699015421968,0.0244530822157555,-0.347113036765463,-0.0222451971559338,0.937559433268607,12.9216773471992,5.93079416116804
184.6,0.0549848817862255,0.0537675216605885,0.999954836800146,0.113924813320174,0.111402528638435,2.07183619224584,0.934187012420783,-0.0107615374931274,0.356621389060044,0.00190839329750679,0.99968142363316,0.0251676236025719,-0.356778620238591,-0.0228306932343877,0.93390993976244,12.932027211577,5.92928273947423
184.7,0.0549802457562307,0.0537676173621486,0.999955572683921,0.113915207791626,0.111402726925346,2.07183771694534,0.930454189205858,-0.0111834678651383,0.366237534717263,0.00182818536226163,0.999663354414581,0.0258811819449589,-0.366403683834579,-0.0234117040622052,0.930161401362878,12.9423744588063,5.92779512998672
184.8,0.0549753030007538,0.0537677376313913,0.999956359635781,0.113904966749421,0.11140297611477,2.07183934745432,0.926623195766378,-0.0116112623404209,0.375811963160524,0.00174063569986358,0.999644809990202,0.0265936843444627,-0.375987264751169,-0.0239881730549553,0.926314279442145,12.9527191304474,5.92633133271264
184.9,0.0549700569303855,0.0537678824030645,0.999957197238031,0.113894097260064,0.111403276071509,2.07184108290736,0.922694499933531,-0.0120448724536449,0.385343717789698,0.00164575877749961,0.99962579262462,0.0273050580963754,-0.385528405270555,-0.0245600441199844,0.922369043800998,12.9630612680604,5.92489134764894
185,0.0549645109557165,0.0537680516119161,0.999958085072976,0.113882606390059,0.111403626660366,2.07184292243901,0.918668577879517,-0.0124842492699636,0.394831847166601,0.00154356971487066,0.999606304622809,0.0280152306945312,-0.39502615281695,-0.0251272616593588,0.918326172616321,12.9734009132053,5.92347574277856
