time_s,original_id,point_row,u_px,v_px,normal_u,normal_v,normal_residual_px
60.025179,1,1,215.350820902627,259.355700964036,-0.96435680917877,0.26460526183457,0.0200398312827723
60.075179,1,1,215.154137691981,259.410585798135,-0.964343837799938,0.264652531628335,-0.101227938138972
60.125179,1,1,214.572636772016,259.490554637127,-0.96444685673734,0.264276863401744,0.157586563247659
60.175179,1,1,214.477134664938,259.759851669017,-0.964440468080847,0.264300176935237,0.000870346058291699
60.225179,1,1,214.033684122313,259.596236419219,-0.964343837799938,0.264652531628335,0.0682835414490278
60.275179,1,1,213.956951690506,259.91932986337,-0.964842408411502,0.262829083114278,-0.0882770630560634
60.325179,1,1,213.453038770845,259.95139341754,-0.976110063187635,0.217276654392114,0.0646428194741519
60.375179,1,1,213.278820760494,259.953457233946,-0.964842408411502,0.262829083114278,-0.0452447636973062
60.425179,1,1,213.015471822289,260.151751128143,-0.964842408411502,0.262829083114278,-0.044885461882967
60.475179,1,1,212.485143413277,260.032210999159,-0.975213646269126,0.221265325187831,0.123666620946038
60.525179,1,1,212.25425271528,259.776808239284,-0.836395322050336,0.548126687228705,-0.0717835814025506
60.575179,1,1,211.954959308643,259.862194603802,-0.932380776314294,0.361477645172637,-0.0272014425828873
60.625179,1,1,211.723322448029,259.906973607578,-0.955599009577394,0.294670210395797,-0.0698569393276266
60.675179,1,1,211.414920881495,259.987696421503,-0.969689106123699,0.244342050136734,-0.0201900054087803
60.725179,1,1,211.186045853173,260.026147392917,-0.970719308696574,0.240216618333632,-0.0727764467429896
60.775179,1,1,210.829852788661,260.099963568236,-0.918480107354282,0.395467182449399,-0.109210759801889
60.825179,1,1,210.426110507948,260.098386740128,-0.936471422765586,0.350743887107671,0.0128178305647594
60.875179,1,1,210.042470834421,260.244601703408,-0.93141634860138,0.363955471944128,0.122636776638301
60.925179,1,1,209.749759832231,260.454497847189,-0.872711786360951,0.488235740136543,0.052732799827524
60.975179,1,1,209.544944925532,260.783858128574,-0.809237228574289,0.587482006438839,0.00671050220339564
60.025179,2,2,215.307093117673,254.936645874136,-0.994246844392003,0.10711308237813,0.0790959573824965
60.075179,2,2,215.04998655547,254.856685147387,-0.994846434751777,0.101393151946657,-0.0692512575957637
60.125179,2,2,214.636747064059,255.118340924647,-0.992440599003497,0.122725944484368,0.00452502986543421
60.175179,2,2,214.191599183547,254.945808843616,-0.994840448119608,0.101451874231956,0.022914631812301
60.225179,2,2,213.967750267661,255.045654287788,-0.992391573114184,0.123121751173197,-0.111732920363588
60.275179,2,2,213.391620044335,254.989547995664,-0.995687547395765,0.0927701889671809,0.0585051033377271
60.325179,2,2,213.099610365282,254.807714977634,-0.9960790129683,0.0884680729082372,-0.0435705099697336
60.375179,2,2,212.715128144483,254.930914045717,-0.994648489668773,0.103316900842164,-0.0220776221329887
60.425179,2,2,212.324028514449,255.042532200756,-0.996169063710774,0.0874482504433344,0.0071419493419139
60.475179,2,2,211.967392302031,255.178453336865,-0.99629327310887,0.0860215900690911,0.00703667946978981
60.525179,2,2,211.647799853301,255.093166182339,-0.995042289368448,0.0994527142334364,-0.0510528054215803
60.575179,2,2,211.208525861327,254.963565113624,-0.999994866911979,0.00320408328453254,0.0712708059052769
60.625179,2,2,210.84997718158,255.009920489114,-0.999996893061108,0.002492763151692,0.0839823415943615
60.675179,2,2,210.636936699053,255.056094012946,-0.997304899533298,0.0733685039160434,-0.109645867648359
60.725179,2,2,210.200043982912,254.999960828327,-0.999993036685064,0.00373183351516489,0.0476146412927175
60.775179,2,2,209.767420026009,255.081261040996,-0.997008666917169,0.0772898317506808,0.0525670548994395
60.825179,2,2,209.530503214609,255.285595087909,-0.997363351674887,0.0725695854737744,-0.0374306028500798
60.875179,2,2,209.112472128752,255.899611262463,-0.993923924438013,0.110069216540041,0.0519498616826359
60.925179,2,2,208.817245321633,256.610622203818,-0.997776928289941,0.0666423391868059,0.0856904808924854
60.975179,2,2,208.486435356199,257.685251936455,-0.997008666917169,0.0772898317506808,0.157056929456253
61.025179,2,2,208.604407971373,258.905698149411,-0.999413593538104,0.0342413354186564,-0.279367234814717
60.025179,3,3,215.109056492121,248.853337496419,-0.999794412578262,0.0202764044467423,0.123262686955335
60.075179,3,3,214.844513202368,248.965067432802,-0.999794971465022,0.0202488279477,-0.00445040845946343
60.125179,3,3,214.379572788021,248.827724565335,-0.999792999102624,0.0203459810621087,0.0654110350816667
60.175179,3,3,214.056712220717,248.848525137295,-0.999814609342668,0.0192547901824014,-0.000418385750147724
60.225179,3,3,213.758633605856,249.070127243898,-0.999817171740746,0.0191212732927347,-0.0853299733428602
60.275179,3,3,213.312338263759,249.034859836997,-0.99964214103325,0.0267505115924956,-0.0312045773033169
60.325179,3,3,212.951051723572,249.005383628205,-0.999632828480877,0.0270962769273022,-0.0548893969710278
60.375179,3,3,212.441852298264,249.025103128291,-0.999647472239608,0.0265505413308651,0.0739838484988504
60.425179,3,3,212.097259242125,249.038382641456,-0.999637314972982,0.026930252757941,0.0394866238223691
60.475179,3,3,211.718084753521,249.078355061078,-0.999618611635951,0.0276157793845056,0.0421739988660336
60.525179,3,3,211.393958728542,248.909637447883,-0.999964338026867,0.00844527527614057,0.0221925998600431
60.575179,3,3,211.01522005788,248.846794285648,-0.999963202587303,0.00857866372721184,0.0316194337128122
60.625179,3,3,210.753465827503,248.861245079289,-0.999952738452483,0.009722183982054,-0.0750196254021311
60.675179,3,3,210.497530868823,249.262425808641,-0.999926894111955,0.0120915851574193,-0.183481321304554
60.725179,3,3,210.082530021267,249.285727434068,-0.999946812687136,0.0103136703863033,-0.125983999820161
60.775179,3,3,209.68079649787,249.752471156335,-0.9999404090808,0.0109168808422079,-0.0791642784934315
60.825179,3,3,209.275037822917,250.479082770411,-0.999738699926995,0.0228589559753071,-0.0364041638771863
60.875179,3,3,209.001220062334,251.698138397693,-0.998666580970566,0.0516242196314863,-0.0954465257384511
60.925179,3,3,208.548276424831,252.952546244138,-0.997008666917169,0.0772898317506808,0.0876048556463641
60.975179,3,3,208.276978752498,254.523172204045,-0.997008666917169,0.0772898317506808,0.121248644737621
61.025179,3,3,207.882371383256,256.310819227709,-0.997008666917169,0.0772898317506808,0.297275587111608
61.075179,3,3,207.604699999988,258.353904868731,-0.997008666917169,0.0772898317506808,0.379149072828256
61.125179,3,3,207.88229377514,259.642670490036,-0.999627427530264,0.0272948004064139,-0.496352560097823
60.025179,4,4,215.136480305843,242.878713847605,-0.999782249822152,-0.0208675092082144,-0.0363946274451247
60.075179,4,4,214.803632522608,242.785687609094,-0.999887996834091,-0.014966421987536,-0.0905843969853935
60.125179,4,4,214.384963522779,242.899977414563,-0.99982348015445,-0.0187885212788094,-0.0252445859546949
60.175179,4,4,214.086388265029,242.935578940058,-0.999861371185833,-0.0166504777825399,-0.09832132508255
60.225179,4,4,213.680562900373,242.747724214361,-0.999862344897827,-0.0165919033090829,-0.050289664826429
60.275179,4,4,213.232418907403,242.879797251735,-0.999839459543532,0.0179180116000265,-0.107777131388494
60.325179,4,4,212.980263124404,242.854870430462,-0.999846288949999,0.0175327828057668,-0.215517847938047
60.375179,4,4,212.513600710717,242.834676114562,-0.999839459543532,0.0179180116000265,-0.109574153720826
60.425179,4,4,212.056789546315,242.652411859622,-0.999839459543532,0.0179180116000265,-0.0121660097871993
60.475179,4,4,211.693562783177,242.701189239644,-0.999839459543532,0.0179180116000265,-0.00164015836496292
60.525179,4,4,211.317958343718,242.757145866605,-0.999999997591772,-6.94006838311521e-05,0.116039938610389
60.575179,4,4,210.984597349453,243.104530834585,-0.999999997591772,-6.94006838311521e-05,0.10379096735066
60.625179,4,4,210.481602726603,243.435108039277,-0.999999997591772,-6.94006838311521e-05,0.26378359497346
60.675179,4,4,210.126382047376,244.154650921452,-0.999999997591772,-6.94006838311521e-05,0.278602142940166
60.725179,4,4,209.970713082825,244.987030130604,-0.999998699912544,0.00161250526281946,0.0905909924747653
60.775179,4,4,209.778340476282,245.839083582734,-0.999922726827865,0.0124314268339321,-0.0815069510706869
60.825179,4,4,209.452747885351,246.9741911197,-0.999924060552254,0.0123236816208347,-0.0759204997518059
60.875179,4,4,209.058015074213,248.541216744165,-0.9999404090808,0.0109168808422079,0.00714157108376422
60.925179,4,4,208.716267370841,249.979578538436,-0.9999404090808,0.0109168808422079,0.0359510321071125
60.975179,4,4,208.403103201669,251.574171614801,-0.99901837972647,0.0442975955182455,0.116820415576243
61.025179,4,4,208.046338629304,253.494907197732,-0.997008666917169,0.0772898317506808,0.363668452203017
61.075179,4,4,207.667319416552,255.124673647187,-0.997008666917169,0.0772898317506808,0.537721659725372
61.125179,4,4,207.233920547337,256.699266598689,-0.997008666917169,0.0772898317506808,0.764537110884503
61.175179,4,4,207.248214195824,258.204537388013,-0.998689448465315,0.0511799328257194,0.325986443071013
61.225179,4,4,207.103910264661,259.337677493483,-0.99906255364668,0.0432898822009711,0.13719657328637
61.275179,4,4,206.859482988509,259.963074758352,-0.998459297280705,-0.0554890230020375,-0.866171661720479
61.325179,4,4,206.897001682165,260.364868531533,-0.995829247935862,-0.0912365549300079,-1.57591334436081
60.025179,5,5,215.07750135373,236.711514875839,-0.999965884484769,-0.00826013720182651,0.730668845829603
60.075179,5,5,214.648647096771,236.661669963382,-0.999986491936482,-0.00519768646297391,0.704382392183583
60.125179,5,5,214.334411870678,236.700322078909,-0.999983558848646,-0.00573428569186213,0.598901414623273
60.175179,5,5,213.957791850919,236.739678292954,-0.99999428357053,-0.00338124625888231,0.529784927950009
60.225179,5,5,213.663240037046,236.68124573448,-0.999936364720829,-0.0112812458927312,0.483034270934944
60.275179,5,5,213.383821239044,236.737306559097,-0.999501079081404,0.0315846943171597,-0.0898978680523106
60.325179,5,5,212.856297349396,236.729717402473,-0.999500532951019,0.0316019719421025,0.0150496840601803
60.375179,5,5,212.445006532454,236.633993286071,-0.999487087234707,0.0320244039926021,-0.00103284818441118
60.425179,5,5,212.082381108706,237.041641282153,-0.999487087234707,0.0320244039926021,-0.0430319985390766
60.475179,5,5,211.533576499968,236.96043532421,-0.999473837832339,0.0324352815417816,0.0833068389142712
60.525179,5,5,211.28742333032,237.48002677666,-0.998919541241211,0.0464731118653354,-0.210548631703425
60.575179,5,5,211.142329955571,238.268805204256,-0.999573895624983,0.0291895047079495,-0.275763282550394
60.625179,5,5,210.915261377301,239.078480032548,-0.999752999414471,0.0222247646054575,-0.370653085247491
60.675179,5,5,210.519986436385,240.22322415752,-0.999971961593331,0.00748839283068289,-0.236850226636178
60.725179,5,5,210.126237812451,241.163884529057,-0.999999682749169,0.000796556062754215,-0.1875329489724
60.775179,5,5,209.855457380383,242.393184508289,-0.999980577360619,-0.00623256781138147,-0.268770830261618
60.825179,5,5,209.458961919794,243.779267001652,-0.999994493018588,0.00331872452869947,-0.320689548185964
60.875179,5,5,209.149759922584,245.283314965377,-0.999942722384381,0.0107028944922395,-0.424870568296856
60.925179,5,5,208.758128979048,246.562276485368,-0.999946165237964,0.0103762529793395,-0.409385782376612
60.975179,5,5,208.320178048091,247.982759958911,-0.999936443591289,0.0112742528801244,-0.345934120034133
61.025179,5,5,207.881381590952,249.30024242157,-0.9999404090808,0.0109168808422079,-0.278066875362749
61.075179,5,5,207.518054028482,250.574934062159,-0.999658789912193,0.026120944686009,-0.268395664836129
61.125179,5,5,207.243740113685,251.926666647163,-0.999063137747395,0.04327639996961,-0.303873443856278
61.175179,5,5,206.988941373157,253.108014894323,-0.99867546696468,0.0514520328352293,-0.35490409174057
61.225179,5,5,206.632207568478,254.103415217719,-0.998067589354024,0.0621376462464338,-0.285754041741344
61.275179,5,5,206.275654064747,255.243249593622,-0.999323867042868,0.0367669519880157,-0.368132286862764
61.325179,5,5,205.985466892967,256.259999491766,-0.998697514921881,0.0510222861978986,-0.331200867415835
61.375179,5,5,205.686391993371,257.307568906924,-0.997997762841949,0.0632492321096843,-0.270112890015036
61.425179,5,5,205.437110018975,258.157768253275,-0.996045918496392,0.0888399023337965,-0.148970452426063
61.475179,5,5,205.397137885536,258.756253734757,-0.998504972146488,0.0546609604630377,-0.70177300879912
61.525179,5,5,205.245465180721,259.787142654872,-0.965208417467612,0.261481760070695,0.989123037436803
61.575179,5,5,205.193328989547,260.488817475142,-0.943071086671819,0.33259122881344,1.53107520313259
61.625179,5,5,204.923935250154,261.153289403743,-0.958632950321098,0.284645159029038,1.12306375091075
61.675179,5,5,204.90105969669,261.481508998599,-0.98779673730562,0.155748533759943,-0.483105849944224
61.725179,5,5,205.192324353715,262.020554253343,-0.956061581733058,0.29316591195786,0.443658744836584
61.825179,5,5,205.742842140921,262.808490483708,-0.917867640079918,0.396886627759266,0.658629933857473
60.025179,6,6,340.270469304333,232.529187890941,0.845636368947125,0.533759432248202,-1.26773090302175
60.075179,6,6,340.598356970838,233.264784696474,0.912030679752022,0.410121980867966,-0.764155161212595
60.125179,6,6,341.045047201524,233.307765038934,0.793140360833912,0.609038888755268,-0.0653823200178493
60.175179,6,6,341.131886632704,232.997763976479,0.856700543566978,0.515814093111117,-0.261152161993056
60.225179,6,6,341.311553941605,232.990922076332,0.856700543566978,0.515814093111117,-0.0961337189232128
60.275179,6,6,341.491531642127,233.254358251106,0.912030679752022,0.410121980867966,0.11884038914452
60.325179,6,6,341.734042387798,233.697145755004,0.912030679752022,0.410121980867966,0.538816226552941
60.375179,6,6,341.66652528609,233.711993768561,0.912030679752022,0.410121980867966,0.500142281500106
60.425179,6,6,341.447434508752,233.609847943133,0.912030679752022,0.410121980867966,0.27485864691639
60.475179,6,6,341.551092827645,233.69545301965,0.912030679752022,0.410121980867966,0.420544149037618
61.075179,6,6,343.434523537049,235.04194861238,-0.362838849310681,0.931851903164286,1.33811776133079
61.125179,6,6,344.413118423453,235.173822838285,-0.362838849310681,0.931851903164286,1.08368672604297
61.175179,6,6,344.661912100397,234.844069078996,-0.362838849310681,0.931851903164286,0.66410716811083
61.225179,6,6,344.719400864274,233.710796177637,-0.362838849310681,0.931851903164286,-0.434599502631973
61.275179,6,6,344.609218336446,233.325715302695,-0.362838849310681,0.931851903164286,-0.775042770140634
61.325179,6,6,344.471641179841,233.295196866787,-0.362838849310681,0.931851903164286,-0.77492423612181
61.475179,6,6,344.594094054661,232.648764097154,-0.362838849310681,0.931851903164286,-1.48447729395607
61.525179,6,6,343.115109660303,232.790490584391,-0.949194268169184,-0.314690707321915,-1.80749590943175
61.575179,6,6,342.355420937136,232.860903743956,-0.949194268169184,-0.314690707321915,-1.11798701107714
61.675179,6,6,341.797039873094,232.787393055301,-0.80285199326419,-0.596178393529753,-0.430436014060948
61.725179,6,6,341.847809587779,233.148944051514,-0.741839253770188,-0.670577752065852,-0.65501488777537
61.775179,6,6,341.617038553136,233.01737359808,-0.998995918128514,0.044801289742226,-0.522162702983038
61.825179,6,6,340.282521312487,233.160040838956,-0.949194268169184,-0.314690707321915,0.714689230659022
61.925179,6,6,338.834291178181,233.571301143463,-0.949194268169184,-0.314690707321915,1.946583637242
61.975179,6,6,338.050263672042,234.276165058001,-0.974037037177848,-0.226388714837554,2.64396564850087
60.525179,7,7,325.382592948407,214.080687584647,0.866751864816648,-0.498739616269716,0.584268602968596
60.575179,7,7,325.495634256481,214.508478911729,0.866751864816648,-0.498739616269716,0.187270815116149
60.675179,7,7,326.160925224542,214.828041948072,0.866751864816648,-0.498739616269716,0.037949299034862
60.725179,7,7,326.614774839647,214.591301524053,0.866751864816648,-0.498739616269716,0.264450202369729
60.875179,7,7,327.102375866647,214.598997748029,0.866751864816648,-0.498739616269716,-0.178095357898432
61.275179,7,7,328.489884934332,215.046378076216,-0.6812395935014,0.732060527720248,0.419346413846527
61.325179,7,7,329.347431542386,215.17795100795,-0.6812395935014,0.732060527720248,0.179014168120617
61.375179,7,7,330.016377043293,215.016190163898,-0.6812395935014,0.732060527720248,-0.146700285084526
61.425179,7,7,330.004802056197,215.138382759773,-0.6812395935014,0.732060527720248,0.199918428203605
61.475179,7,7,330.371167428893,215.589445051687,-0.6812395935014,0.732060527720248,0.530677459568505
61.525179,7,7,330.87445651657,216.735508935788,-0.0388062645085468,0.999246753227096,-0.342522341605791
61.575179,7,7,331.445014899643,217.334190368844,0.649073541124337,0.760725665540682,-1.20241568449966
61.625179,7,7,332.269300003879,217.699598721036,0.780460306052472,0.625205334811278,-0.861098194937922
61.675179,7,7,333.318518606635,217.66278457362,0.816974517189729,0.576673771089522,-0.354802647579385
61.725179,7,7,333.911283968468,218.058770934177,0.83593310544866,0.548831343141915,0.0747693869786417
61.775179,7,7,334.100562082148,219.402342750961,0.83593310544866,0.548831343141916,0.720447952559418
61.825179,7,7,333.963720322509,219.811788316567,0.83593310544866,0.548831343141916,0.580323651786358
61.875179,7,7,333.893403904933,220.296425861985,0.83593310544866,0.548831343141916,0.536576485393123
61.925179,7,7,333.884373492044,220.704778869148,0.83593310544866,0.548831343141916,0.501701084460854
61.975179,7,7,334.09101909583,221.134871859863,0.83593310544866,0.548831343141915,0.658565569439275
60.025179,8,8,214.671699083518,230.883973063519,-0.998598988318652,0.0529155981631606,0.584452887107344
60.075179,8,8,214.354070941669,230.734984163121,-0.998598988318652,0.0529155981631606,0.446737986233538
60.125179,8,8,214.175694432848,230.662318304873,-0.998728776744221,0.0504066513764939,0.217678783233761
60.175179,8,8,213.818191836286,230.576706029626,-0.998657815655468,0.0517935056763829,0.104600087480593
60.225179,8,8,213.397671405442,230.627181953063,-0.998654293816687,0.0518613675243426,0.0854578192721503
60.275179,8,8,213.235195058044,230.897396314632,-0.99966372040763,0.0259315657216339,0.25957638462931
60.325179,8,8,212.883173376069,231.028192699678,-0.999662275796694,0.0259871958659287,0.181616736310614
60.375179,8,8,212.443606900059,231.328795603548,-0.999620061781352,0.0275632379129643,0.172333742770333
60.425179,8,8,212.063507214136,231.791726001257,-0.999609590117362,0.02794042493235,0.130635753107461
60.475179,8,8,211.695180125586,232.323426723617,-0.999554368722544,0.0298506945928541,0.0569113443078498
60.525179,8,8,211.227940231248,233.212699114138,-0.999557922422455,0.0297314601475539,0.128174012164338
60.575179,8,8,210.938513076776,234.044362229587,-0.99941698165541,0.0341423018964821,-0.0444675736551569
60.625179,8,8,210.600231376394,235.179334893364,-0.999338317707093,0.036372060188522,-0.118543228285027
60.675179,8,8,210.239481682386,236.313247077164,-0.999152617076164,0.0411588118129217,-0.196240891095391
60.725179,8,8,209.974878271454,237.573316930427,-0.999220298418765,0.0394815808689761,-0.277260132023144
60.775179,8,8,209.54378721462,238.827969855787,-0.999848169823065,-0.0174251915762144,0.390537322221047
60.825179,8,8,209.151320715482,239.688423812683,-0.999817112701576,-0.0191243600960766,0.382293722794921
60.875179,8,8,208.875716035828,240.860909792683,-0.999864539069105,-0.0164591467618174,0.211979830790506
60.925179,8,8,208.486660867254,241.823735037266,-0.999918064338644,-0.0128009612630731,0.157673850534313
60.975179,8,8,208.113279750245,242.869902199045,-0.999954373322284,-0.00955255325230204,0.0980799788201803
61.025179,8,8,207.802461718312,243.883509890512,-0.999996853444514,-0.00250860540353657,-0.0399517909828672
61.075179,8,8,207.463762116935,244.815547774464,-0.999999723238402,-0.00074399134312518,-0.106545427141956
61.125179,8,8,207.06054204239,245.851306965326,-0.99999008158875,0.00445384374720015,-0.119662008754388
61.175179,8,8,206.778018294772,246.933693279011,-0.999935744874185,0.0113360541154875,-0.248007335630557
61.225179,8,8,206.431968121215,247.904925286726,-0.9999404090808,0.0109168808422079,-0.277661703072848
61.275179,8,8,206.114919448235,249.062181584269,-0.999650378095109,0.0264409072141171,-0.365095403473435
61.325179,8,8,205.833106059426,249.997783141193,-0.999725293339589,0.0234379576130977,-0.44019852857691
61.375179,8,8,205.408731028975,251.003594094133,-0.999685243066439,0.0250881405288249,-0.375433672544753
61.425179,8,8,205.257829148196,252.205985862333,-0.999741515771398,0.0227354710333487,-0.575836911481172
61.475179,8,8,204.917241646225,253.244774601313,-0.999741515771398,0.0227354710333487,-0.588761100249487
61.525179,8,8,204.72933210437,254.103021599696,-0.998635446240925,0.0522230362118998,-0.69198887335086
61.575179,8,8,204.326132835577,255.123643231905,-0.992924684047399,0.118745828597782,-0.409634087348671
61.625179,8,8,204.016018830704,256.161876057174,-0.987589210639568,0.157059068596232,-0.209632104435791
61.675179,8,8,203.789077589991,257.140429312832,-0.972460886870915,0.233066135477108,0.151569705712221
61.725179,8,8,203.558028206626,258.272001015662,-0.950827325346169,0.309721483554259,0.704079823843325
61.775179,8,8,203.288929606344,259.165390193158,-0.997197192134015,0.074818179609212,-0.699557394943746
61.825179,8,8,203.11506799233,259.952868458254,-0.998356496230228,0.057308868728164,-0.956859368832776
61.875179,8,8,203.138709971555,260.653071862891,-0.998419355202474,-0.0562031240864428,-2.15068455303809
61.925179,8,8,203.052974042135,260.992318781988,-0.997875682375406,0.0651469302716406,-1.49336878553264
61.975179,8,8,202.641350448559,261.392416602932,-0.95721166719572,0.28938870776931,0.432149990955627
62.025179,8,8,202.364185808977,261.60625768389,-0.91500117540704,0.403451173010732,1.36887975960166
62.075179,8,8,202.293461275989,261.696342925769,-0.906043895888628,0.423183717459637,1.26428267353529
62.125179,8,8,202.279906826685,262.021195466251,-0.82460433484849,0.565709899992106,2.38569034325848
62.175179,8,8,202.297468823059,262.473302570641,-0.780305888717851,0.625398049271218,2.87814264443135
60.775179,9,9,334.052666005932,197.377006753765,0.69231790586529,0.721592625529322,0.349829967503806
60.825179,9,9,334.034060435851,197.70434322011,0.69231790586529,0.721592625529322,0.188011735530313
60.875179,9,9,334.432926870607,197.799515569809,0.69231790586529,0.721592625529322,0.147191258700695
60.925179,9,9,334.741729961329,197.800167582723,0.69231790586529,0.721592625529322,-0.0246655669481066
60.975179,9,9,334.901454547546,197.991172227212,0.69231790586529,0.721592625529322,-0.162834719511388
61.025179,9,9,335.245160547752,198.163148882942,0.854350901942688,0.519696581044859,-0.154801747294572
61.075179,9,9,335.782727078798,198.216161940482,0.794356329941088,0.607452073074514,-0.179573295078589
61.125179,9,9,336.281807056682,198.352224010908,0.959813278600398,0.280639395349894,-0.298235403115361
61.175179,9,9,337.258921836371,198.424404481203,0.851746286998098,0.523954447051415,0.143231328780576
61.225179,9,9,337.918946321855,198.176352174423,0.995090031365839,0.0989738827991182,-0.0639790546595946
61.375179,9,9,339.91867639461,197.658731328904,0.818816034153494,-0.574056009648139,-0.150192701640887
61.425179,9,9,340.771582604449,197.511267802103,0.884664952424419,-0.466227328619742,0.0161743378975996
61.475179,9,9,341.143290385628,197.45952265742,0.857392894144636,-0.514662437982689,-0.285844189768544
61.875179,9,9,347.007717359189,196.895492037471,0.85818614599722,-0.513338620034027,-0.14715283675468
61.925179,9,9,348.194020427506,196.747321627734,0.875545845429313,-0.483135045873791,0.319949114337726
61.975179,9,9,348.743599396125,195.673869851785,0.923384394991477,-0.383876619613938,0.631027224706364
62.025179,9,9,349.19546522682,195.367080353446,0.976785744463164,-0.21421860193163,0.377067101895781
62.075179,9,9,349.733384994678,195.811811429766,0.956444832401789,-0.291913142170602,0.118195340795185
62.125179,9,9,350.082156342644,195.661962186041,0.986186011055745,-0.165641636063999,-0.228439966887935
62.175179,9,9,350.349048896324,195.446025768032,0.976785744463164,-0.21421860193163,-0.609812840916492
60.025179,10,10,214.390282810491,284.271984389401,-0.999899833583573,0.0141535437097465,1.3491712996761
60.075179,10,10,214.595888480871,284.090120968476,-0.99996190874782,0.00872817583553081,0.756659740752896
60.125179,10,10,214.585513008724,284.125395648705,-0.999875957386096,0.0157502330534246,0.356243146835008
60.175179,10,10,214.361810962419,284.329934578732,-0.999918218681335,0.0127888994501792,0.198185135038018
60.225179,10,10,214.104995132998,284.308657662015,-0.999938373511588,0.0111017646795288,0.0700593000320295
60.275179,10,10,213.636801341713,284.021423982086,-0.999081577432571,0.0428485896482598,0.0428253630495538
60.325179,10,10,213.595548137184,284.208204433594,-0.998736713629325,0.0502491477429775,-0.323953941406232
60.375179,10,10,213.244752657875,284.570083081214,-0.977799378219078,0.209543255568829,-0.858417203372078
60.425179,10,10,212.91272162019,285.21315301522,-0.25787467817115,0.966178373985946,-2.79726245255854
60.475179,10,10,212.36010760412,285.679049620841,-0.999091462692301,0.0426174749998094,-0.159308729532898
60.525179,10,10,212.028765234764,286.554580086024,-0.999743965470251,-0.0226274944662015,-0.0438424364009509
60.575179,10,10,211.6111562317,287.494708960001,-0.999960268190213,-0.00891414835853325,-0.0280645345648499
60.625179,10,10,211.338812921319,287.99750446031,-0.999851295855489,-0.0172448884049789,-0.115808340999768
60.675179,10,10,210.967181399608,288.689228531662,-0.999992422172193,-0.00389301916139449,-0.122535841594782
60.725179,10,10,210.61253922272,289.298402974092,-0.999992422172193,-0.00389301916139449,-0.130006882667349
60.775179,10,10,210.482501360993,289.891841187114,-0.999994932123469,0.00318366571395753,-0.357955864702079
60.825179,10,10,210.10342901807,289.900745083464,-0.999982131001954,0.00597809976423513,-0.334959855580857
60.875179,10,10,209.628758364346,290.490868432696,-0.99996664097415,0.00816804376068186,-0.210006083842583
60.925179,10,10,209.210318999695,291.242668401365,-0.999608974900099,0.02796242656089,-0.120614283538908
60.975179,10,10,209.186261958407,291.418471115946,-0.999786853889677,0.0206457450672278,-0.450877953510349
61.025179,10,10,208.965137697402,292.72937258454,-0.991209025899633,0.132305203885188,-0.3410160335574
61.125179,10,10,208.129634765777,294.402218100554,-0.988347514588246,0.152214291074252,0.0330338249074775
61.175179,10,10,207.640719024814,295.527737279073,-0.98670240011156,0.162537299147264,0.360344592788756
61.225179,10,10,207.046497693876,296.115457085468,-0.98670240011156,0.162537299147264,0.674882404305192
61.275179,10,10,206.840893672631,296.872645437514,-0.999805001909557,-0.0197473582190182,-0.238368744024929
61.375179,10,10,206.018765160971,298.008381074573,-0.999947515668516,-0.0102452871293299,-0.0283476648907886
61.425179,10,10,205.800103526991,297.993366332064,-0.999931706562582,-0.0116868392151931,-0.135506388268917
61.475179,10,10,205.632769638618,298.650490111484,-0.999969187823463,0.00785005755932918,-0.18153632368061
61.525179,10,10,205.28733206236,299.107552074968,-0.999543003608625,0.0302288593408418,-0.0190560354019348
61.575179,10,10,205.125757956154,299.804353822704,-0.999560388923606,0.0296484214569588,-0.159191757308399
61.625179,10,10,204.50055671125,301.022766308216,-0.998301441064228,0.0582600443621931,0.393465019084484
61.675179,10,10,204.336563671974,301.377017464772,-0.999943565882938,0.0106237963701897,-0.0924379598909745
61.775179,10,10,203.517122820102,302.770571534164,-0.999408763083588,0.0343820341418731,0.331062452681544
61.825179,10,10,202.96684514015,302.961958187871,-0.999408763083588,0.0343820341418731,0.583150963090151
61.925179,10,10,202.486877155745,303.605767705824,-0.99984646224223,0.0175228976398324,0.344579459158121
61.975179,10,10,202.266997600406,304.002968483653,-0.999699626881071,0.0245082845961718,0.34011425922953
62.275179,10,10,200.320578786614,307.053921433913,-0.992401513887393,-0.123041599607653,-0.819387234641786
60.525179,11,11,322.287459044781,213.376850267192,0.866751864816648,-0.498739616269716,0.0534714617704859
60.575179,11,11,322.371688707498,214.114454900919,0.866751864816648,-0.498739616269716,-0.334528444888742
60.625179,11,11,322.57721668449,214.406565302764,0.949289144964867,-0.314404388092584,-0.333230662438974
60.675179,11,11,323.081213953924,214.819250443046,0.89569204240663,-0.444674898290246,-0.208879918428639
60.725179,11,11,323.551665031579,214.913105560156,0.903404491232293,-0.428789371628217,0.0909353140551702
60.775179,11,11,323.777788030166,214.778609634011,0.909015418240631,-0.416762485596786,0.265523447049945
60.825179,11,11,323.782971681401,214.641784292855,0.879510119028903,-0.475880185052671,0.168144158258004
60.875179,11,11,324.079828951695,214.741511121839,0.912506700681291,-0.409061757210014,0.358264776965435
60.925179,11,11,324.254858035175,214.688971774068,0.881586041409851,-0.472023359158536,0.363633312525344
60.975179,11,11,324.935458724271,214.712629638984,0.888218902324209,-0.459420484473621,0.868682605040804
61.025179,11,11,323.904140356604,215.138211205261,0.964075822970242,-0.265627196582448,-0.0994963297168007
61.075179,11,11,323.383156223604,214.979525469742,0.964075822970242,-0.265627196582448,-0.672797099598302
61.275179,11,11,323.803221048601,215.035831446808,0.994416181269825,0.105529419730893,-0.348124198633537
61.325179,11,11,324.568042821804,214.522325122617,-0.660668229981814,0.750678020120942,0.334381840698337
61.375179,11,11,325.109601776025,214.255912407115,-0.627615413177566,0.778523534096403,-0.109676364938309
61.425179,11,11,325.381265365821,214.708218621983,-0.524517748095513,0.851399513702476,0.288202309881626
61.475179,11,11,325.502175778809,215.090907161643,-0.611703206384213,0.791087344924233,0.48441387649983
61.525179,11,11,326.238837597634,214.928250791856,-0.6812395935014,0.732060527720248,-0.168522808279871
61.575179,11,11,326.342186222695,214.943557765361,-0.6812395935014,0.732060527720248,-0.137467486886398
61.625179,11,11,326.284689799464,214.76885921106,-0.6812395935014,0.732060527720248,-0.135129638247572
61.675179,11,11,326.164035643424,214.578731907038,-0.6812395935014,0.732060527720248,-0.100259024623199
61.725179,11,11,325.880924677631,214.481662308454,-0.6812395935014,0.732060527720248,0.114207370620208
61.775179,11,11,325.833008204682,214.381862265991,0.866864050669714,0.498544599465781,0.523141098882956
61.825179,11,11,325.494419677121,214.158275816185,0.866864050669714,0.498544599465781,0.00850246601488333
61.875179,11,11,325.740884357221,214.41406957243,0.866864050669714,0.498544599465781,0.239321071456924
61.925179,11,11,325.816488204955,214.270875315308,0.866864050669714,0.498544599465781,0.122419351606934
61.975179,11,11,325.898667748973,214.224574631667,0.866864050669714,0.498544599465781,0.0588326488553515
62.025179,11,11,325.810502794053,214.281731692765,0.866864050669714,0.498544599465781,-0.10152932135218
62.075179,11,11,325.781556429152,213.946089766481,0.866864050669714,0.498544599465781,-0.40706968892452
62.125179,11,11,326.093922048942,213.55419064267,0.866864050669714,0.498544599465781,-0.44546769022045
62.175179,11,11,325.248875711884,214.062087368857,0.866864050669714,0.498544599465781,-1.03927506583565
62.225179,11,11,325.656226875051,214.547795836028,0.899808629716661,0.436284803640265,-0.641569904937937
62.275179,11,11,327.08894917187,215.41487207854,0.99273324719739,0.12033577983678,0.410181081164467
62.325179,11,11,327.954293176365,215.859050654497,0.99273324719739,0.12033577983678,1.18505443919196
60.375179,12,12,216.78882333935,285.433880071922,-0.99888634259561,0.0471812947677978,0.529660999450063
60.525179,12,12,215.640751597462,285.984488393568,-0.999917171003939,0.0128705528816665,0.142521030209627
60.575179,12,12,215.239968072377,286.457012059226,-0.999869363962342,0.0161633848417143,0.0563649119630083
60.775179,12,12,213.456690540324,286.30494191289,-0.999999646726865,0.000840562992734102,-0.135695600715356
60.875179,12,12,212.172367628961,286.931826795885,-0.999669320126929,-0.0257147894598253,0.177404424311853
60.925179,12,12,212.080961979759,287.279382588269,-0.999996505437977,0.00264369284013927,-0.204825572668344
60.975179,12,12,211.412689987263,287.573455225737,-0.999974390568989,0.00715668961030979,-0.0125935382868354
61.075179,12,12,211.321430787779,288.147386594038,-0.999018715333966,0.0442900261060145,-0.853457824075237
61.125179,12,12,210.880534389676,288.934992712381,-0.998187226794279,0.0601852163304735,-0.844195869516772
61.325179,12,12,209.067585936144,290.056072021305,-0.999271765650341,0.0381567605287594,-0.912883897652735
61.375179,12,12,208.439169328644,290.254471670737,-0.998948142543453,0.0458542092831744,-0.739093687991211
61.475179,12,12,207.289172766269,290.814338743063,-0.999555245178602,0.0298213318942225,-0.518466789728515
61.525179,12,12,206.440049333857,290.840537775074,-0.999841472045197,0.0178053581399969,-0.140007765284857
61.575179,12,12,205.607518883494,291.195882556967,-0.99999597724399,0.00283645832656166,0.229034946626836
61.625179,12,12,204.731469405194,291.236242823273,-0.999999665320048,-0.000818144114358072,0.652900853813527
61.675179,12,12,203.959087323866,291.556464948431,-0.999999665320048,-0.000818144114358072,0.978624619020866
61.725179,12,12,203.623841666101,291.666401538911,-0.999999497398004,0.00100259849339983,0.870903637860883
61.775179,12,12,203.04271880976,291.65869083194,-0.999989870619809,0.00450096187249886,1.01118154261797
61.875179,12,12,202.303437867568,292.181237783249,-0.999989870619809,0.00450096187249886,0.874070499329243
61.925179,12,12,202.183761539963,292.019557122338,-0.999989870619809,0.00450096187249887,0.557322113611288
62.075179,12,12,201.009908799232,291.93507723197,-0.998623479420219,0.0524513712943367,0.393865336875791
62.125179,12,12,201.327661816787,291.764118071153,-0.998623479420219,0.0524513712943367,-0.370053602539477
62.275179,12,12,200.467356941546,291.691761549106,-0.999990288911517,0.00440704920119317,-0.706837892311089
62.425179,12,12,199.571152932516,292.130954333276,-0.999998867354843,0.00150508771550021,-1.03896784435688
60.775179,13,13,332.921745768031,221.430970237592,0.605530556613202,-0.795822056120403,-0.503775487639841
60.825179,13,13,333.216687246999,221.32808938497,0.605530556613202,-0.795822056120403,-0.164180836817175
60.875179,13,13,333.059643453883,221.35182086825,0.605530556613202,-0.795822056120403,-0.199420554073909
60.925179,13,13,332.661655030206,221.311219935133,0.605530556613202,-0.795822056120403,-0.329747186462385
60.975179,13,13,332.535669521112,221.560283397546,0.605530556613202,-0.795822056120403,-0.526275937290835
61.125179,13,13,333.023702998583,221.562147571705,0.605530556613201,-0.795822056120403,-0.000674490742096245
61.175179,13,13,333.001425806035,221.296833456354,0.605530556613201,-0.795822056120403,0.273379303483467
61.225179,13,13,333.012697901034,221.100102486398,0.605530556613201,-0.795822056120403,0.512770584702259
61.525179,13,13,332.934537899529,220.777391688922,0.830824695693427,0.556534208316007,0.90668138483077
61.575179,13,13,332.920960753357,220.891617996086,0.835933105448661,0.548831343141915,1.02136182851986
61.625179,13,13,332.803286551961,221.013758076162,0.83593310544866,0.548831343141915,1.04258820682522
61.675179,13,13,331.260095100675,221.036177668886,0.822311758073191,0.569037232994975,-0.187408758508313
61.725179,13,13,330.581641068482,220.86371882417,0.719483713406204,0.694509313215611,-0.783483106767051
61.775179,13,13,330.022779922944,221.304014943281,-0.301869664985443,-0.953349204311608,0.381204016002291
61.825179,13,13,329.59687462551,221.839348066515,-0.337284262424246,-0.941402850176763,0.0607711270188134
61.875179,13,13,329.354708873299,222.095407953905,-0.379539624944716,-0.925175482325826,-0.0175628477044724
61.925179,13,13,329.17616994962,221.707217166608,-0.379539624944716,-0.925175482325826,0.406263400961238
62.175179,13,13,326.756202802314,221.960403395468,-0.379539624944716,-0.925175482325826,1.07796191984326
62.275179,13,13,325.202485732284,221.396348165003,-0.080739448032184,0.996735241441506,0.183666443058913
62.325179,13,13,324.398140877831,221.199795953458,-0.080739448032184,0.996735241441506,0.018613917019245
62.425179,13,13,324.341816273489,221.048226670353,-0.080739448032184,0.996735241441506,-0.195738825547833
60.825179,14,14,370.862378019301,226.695715397318,-0.999983245304153,-0.00578870546618243,-4.50625467116103
61.275179,14,14,367.893945130847,226.964951472804,0.999642787069379,-0.0267263589021128,-0.0122323476782285
61.325179,14,14,367.386782137511,226.831751235062,0.999804133561403,-0.0197912736713206,-0.690252598602943
61.375179,14,14,367.209250354219,226.600419884462,0.99945631184505,-0.0329709070710771,-1.02849028265253
61.425179,14,14,367.50772163446,226.365918653839,0.997795486584204,-0.0663638979580917,-0.870386422396296
61.475179,14,14,367.827501530361,226.361090498799,0.99694654216964,-0.0780870799556333,-0.715360907105593
61.525179,14,14,368.356316479102,226.263439824302,0.99440948794542,-0.10559247266793,-0.332555806355635
61.575179,14,14,368.702078846892,225.900282614441,0.991073998048398,-0.13331290407295,-0.0936277345177506
61.625179,14,14,368.90034278238,225.818580656501,0.994246020291559,-0.107120731580763,-0.0879224158204884
61.675179,14,14,369.157052146454,225.737793627025,0.993555813550602,-0.113343925112031,0.0110688706917086
61.725179,14,14,369.477873132367,225.392766327442,0.990543801249267,-0.137196857859987,0.231312603881715
62.025179,14,14,370.785090358249,225.32842738805,0.999962697321003,0.00863735876896547,0.327426636481874
62.075179,14,14,370.907963174398,225.883284910442,0.999962697321003,0.00863735876896547,0.289590240730573
62.125179,14,14,370.80518165468,226.15526685713,0.999962697321003,0.00863735876896547,0.0240990867612817
62.175179,14,14,371.089104135121,226.552862390082,0.999962697321003,0.00863735876896547,0.146822538630781
62.225179,14,14,371.412366556407,226.635993687186,0.999962697321003,0.00863735876896547,0.306613966556125
62.275179,14,14,371.349910915575,226.578560138016,0.999962697321003,0.00863735876896547,0.0799388152467772
62.325179,14,14,371.626439710288,226.604441766062,0.999962697321003,0.00863735876896547,0.193411819769924
62.375179,14,14,371.639913008712,226.759464422994,0.999962697321003,0.00863735876896547,0.0454168369259353
62.425179,14,14,371.805076431664,226.655854429587,0.999962697321003,0.00863735876896547,0.0473401703041981
62.475179,14,14,371.941831067745,226.814902506588,0.999962697321003,0.00863735876896547,0.0235976733418239
61.025179,15,15,364.390399253448,256.641066453472,0.888551673186875,-0.458776551358943,-0.207812624933074
61.075179,15,15,364.339530662442,256.47294156074,0.874550117785727,-0.484935141519946,-0.446553960703032
61.125179,15,15,365.026556569794,256.802556812992,0.888551673186875,-0.458776551358943,-0.295925545033349
61.175179,15,15,365.549111990066,257.275315045306,0.888551673186875,-0.458776551358943,-0.338214588438207
61.225179,15,15,366.204493997766,258.039482974781,0.888551673186875,-0.458776551358943,-0.39620696676465
61.275179,15,15,366.897590654552,258.525975497251,0.843505891492016,-0.537119922380709,-0.472242603469235
61.325179,15,15,367.771397326527,258.184679534576,0.752239817701323,-0.658889411559088,-0.141255419861954
61.375179,15,15,368.200077946899,258.499695701954,0.63508316067856,-0.772443770783693,-0.669987860052844
61.425179,15,15,368.650273416412,258.36015544921,0.437535980826906,-0.899200903848432,-1.04485405718864
61.475179,15,15,368.816775535145,258.29514569687,0.783158316569181,-0.62182236304955,-0.0933257952771323
61.525179,15,15,369.331153586814,258.145071610436,0.867695941805781,-0.497095315381044,0.493328970933431
61.575179,15,15,369.539128280214,257.705531461286,0.882854155528396,-0.469647250674633,0.667953131661731
61.625179,15,15,369.464247662873,257.476807648305,0.890646752737466,-0.454695900397405,0.44783265856202
61.675179,15,15,369.66664350437,257.187872386577,0.898562066461226,-0.438846456880914,0.4933171227002
61.725179,15,15,369.791685170079,256.59100931203,0.918161161504273,-0.39620711945285,0.611958341587226
61.825179,15,15,370.326489040266,255.094276018318,0.996723553549603,-0.0808836064938438,0.871194445479999
61.875179,15,15,370.460462441373,254.187405244928,0.996723553549603,-0.0808836064938438,0.777284946927801
61.925179,15,15,370.413643059098,253.340116734135,0.996723553549603,-0.0808836064938438,0.498611980617151
61.975179,15,15,370.699403601899,252.72548784699,0.996795262650178,-0.0799950270839494,0.530100138404795
62.025179,15,15,370.815591895819,251.779605186856,0.997775961169226,-0.0666568174519889,0.36782667261015
62.075179,15,15,370.859360654469,251.429836926174,0.997775961169226,-0.0666568174519889,0.135589680558659
62.125179,15,15,371.103613700821,250.753256375577,0.997775961169226,-0.0666568174519889,0.125482114770578
62.175179,15,15,371.403969534592,249.992639855871,0.998119474428615,-0.061298570671301,0.146876757988428
62.225179,15,15,371.438972458798,249.409902101489,0.998017064775435,-0.0629439307401862,-0.0703069202865917
62.275179,15,15,371.432889662208,248.6209228712,0.998351102785097,-0.0574027487824482,-0.363096021145037
62.325179,15,15,371.498993411597,247.803363367636,0.998505852329229,-0.0546448795796982,-0.56872032421648
62.375179,15,15,371.747340209188,246.885489578635,0.998678323531207,-0.0513965573642704,-0.59524577313227
62.425179,15,15,371.889082968245,246.118627874699,0.99890776245091,-0.0467256044938525,-0.753977477597897
62.475179,15,15,372.112974820763,245.627511334318,0.998835628661511,-0.0482429986253267,-0.788228092225504
61.225179,16,16,366.827958819384,229.540999588616,0.998366303001168,-0.0571377723732788,-0.0450151676965481
61.275179,16,16,366.98660751284,230.212428928441,0.999683807033275,0.0251452968854568,-0.536622970916072
61.325179,16,16,367.080230540083,230.767069572521,0.999683807033275,0.0251452968854568,-0.63187042949886
61.375179,16,16,367.195478785891,231.400349337659,0.999683807033275,0.0251452968854568,-0.7032212338163
61.425179,16,16,367.656666232508,231.914118277904,0.999683807033275,0.0251452968854568,-0.431439318695249
61.475179,16,16,368.406723475301,232.192619115058,0.999683807033275,0.0251452968854568,0.123520358076286
61.525179,16,16,368.71432896052,232.47638909884,0.999683807033275,0.0251452968854568,0.236622999755872
61.575179,16,16,368.929029035073,232.725699578685,0.999683807033275,0.0251452968854568,0.256312562453393
61.625179,16,16,369.262871719294,232.913655762366,0.999683807033275,0.0251452968854568,0.393900846791358
61.675179,16,16,369.383920621182,233.345334639963,0.999807393626106,0.0196258923509825,0.333372485511501
61.725179,16,16,369.626722444809,233.505157250967,0.999795151406273,0.0202399413168138,0.378050983795166
61.775179,16,16,369.867255154487,234.09982384424,0.995727873455706,0.0923363526644737,0.383304867837578
61.825179,16,16,370.176742787103,234.498099163519,0.995727873455706,0.0923363526644737,0.532341672755607
61.875179,16,16,370.297040891796,234.749877088829,0.995727873455706,0.0923363526644737,0.479847686016357
61.925179,16,16,370.193703471762,235.081944125199,0.995727873455706,0.0923363526644737,0.212471583279338
61.975179,16,16,370.456608450797,235.417268232757,0.995727873455706,0.0923363526644737,0.3104652547185
62.025179,16,16,370.660257026397,235.633325663303,0.999084324682045,-0.0427844852092651,0.189645353775663
62.075179,16,16,370.635489832657,236.032048823005,0.999084324682045,-0.0427844852092651,-0.0523946942223734
62.125179,16,16,370.729378955644,236.371810824042,0.999084324682045,-0.0427844852092651,-0.172964727154898
62.175179,16,16,371.092827677793,236.692369580389,0.999084324682045,-0.0427844852092651,-0.022993618836588
62.225179,16,16,371.180163961082,236.766260982717,0.999084324682045,-0.0427844852092651,-0.137914790698311
62.275179,16,16,371.314837482723,236.737966801568,0.999084324682045,-0.0427844852092651,-0.20074931631728
62.325179,16,16,371.677333808729,236.903718379561,0.999084324682045,-0.0427844852092651,-0.0438440205519606
62.375179,16,16,371.731429593203,236.97115856447,0.999084324682045,-0.0427844852092651,-0.190415933603269
62.425179,16,16,371.781549860522,237.121474283648,0.999084324682045,-0.0427844852092651,-0.344063838264535
62.475179,16,16,371.970887187979,237.292911426719,0.999084265244647,-0.0427858731424625,-0.35908159847081
61.275179,17,17,367.040078987539,237.16580095409,0.999958967805832,-0.00905884676411866,-0.549179238121283
61.325179,17,17,367.292823959787,237.440890309639,0.999945520379873,-0.0104382121181836,-0.487420076949848
61.375179,17,17,367.499353007015,237.666885200683,0.99990472376379,-0.0138037456821707,-0.465888478914417
61.425179,17,17,368.011718917552,237.356497447994,0.999974229256905,-0.00717919369146953,-0.163699094549674
61.475179,17,17,368.349021062302,237.737890077676,0.999895918135133,-0.0144275048674161,-0.00047369864861075
61.525179,17,17,368.629078434386,238.089094820101,0.999811351362814,-0.0194232254289524,0.0947773908290905
61.575179,17,17,368.976824654753,238.331953342159,0.999811351362814,-0.0194232254289524,0.245782819247069
61.625179,17,17,369.12160191341,238.558646392623,0.999885860235176,-0.0151084910484529,0.186157229847641
61.675179,17,17,369.467226982547,239.051629866645,0.999811351362814,-0.0194232254289524,0.339114673264821
61.725179,17,17,369.706816239392,239.484128264418,0.999811351362814,-0.0194232254289524,0.379230175761895
61.775179,17,17,370.046413703307,239.49128047045,0.999890063549541,0.0148277043029128,0.497763813098853
61.825179,17,17,370.120280884117,239.890385081815,0.999987255652251,0.00504861694715452,0.392861623765066
61.875179,17,17,370.27029248526,240.04508765266,0.999997563813889,0.00220734371755699,0.355250759690603
61.925179,17,17,370.373062252006,240.507885513038,0.99988304426403,-0.015293717445302,0.265714757768173
61.975179,17,17,370.383391513545,240.942991233935,0.999001459164791,-0.0446775624516294,0.0587607315446602
62.025179,17,17,370.35377152284,241.454412751249,0.99908401797144,-0.0427916467788117,-0.181111275275632
62.075179,17,17,370.905034162331,241.552987205606,0.999084013730025,-0.0427917458057437,0.176015877504924
62.125179,17,17,370.849207993686,241.974468122148,0.999083969528101,-0.0427927778015521,-0.0868423655286673
62.175179,17,17,370.969466671526,242.694952513724,0.999083969528101,-0.0427927778015521,-0.186197304352977
62.225179,17,17,371.235591378268,242.887138728343,0.999083969528101,-0.0427927778015521,-0.116832423391571
62.275179,17,17,371.291592956411,243.15317967234,0.999083969528101,-0.0427927778015521,-0.260172010223538
62.325179,17,17,371.745082798726,242.886261767222,0.999083969528101,-0.0427927778015521,0.0168125253430537
62.375179,17,17,371.863910773574,242.831680635381,0.999083969528101,-0.0427927778015521,-0.0492450166652009
62.425179,17,17,371.806685334601,242.242235259219,0.999083969528101,-0.0427927778015521,-0.267900155747333
62.475179,17,17,372.028291718925,241.735101034135,0.999083969528101,-0.0427927778015521,-0.211088503411874
60.175179,18,18,351.146005729324,195.493727921316,0.988848665891244,-0.148923859623323,0.712418955019042
60.525179,18,18,352.276198050847,195.049386628508,0.997214903876992,-0.0745817369441158,0.432591572571878
60.675179,18,18,352.925485748,195.750018289926,0.997214903876992,-0.0745817369441158,0.479083378783303
60.725179,18,18,353.162655738587,195.837975231683,0.997214903876992,-0.0745817369441158,0.526088325985809
60.825179,18,18,353.364392781296,195.044447550583,0.997214903876992,-0.0745817369441158,0.420544439777343
60.975179,18,18,353.842502708919,194.999532914827,0.997214903876992,-0.0745817369441158,0.351881927153118
61.525179,18,18,354.867365399077,195.168031373536,0.998290788835917,0.0584422871332276,-0.873561487894475
61.575179,18,18,354.65467572554,195.841568067344,0.999941515678583,0.0108150461125839,-1.17961304999131
61.625179,18,18,354.463456843333,196.21150422994,0.945429755937131,-0.325825991272422,-1.26607991647075
61.675179,18,18,354.622236352794,196.444972391672,0.945429755937131,-0.325825991272422,-1.3727800831035
61.725179,18,18,354.734776655012,196.685366573484,0.945429755937131,-0.325825991272422,-1.52535714474014
61.775179,18,18,355.163441806429,196.670485918605,0.956807191814905,-0.2907232321148,-1.31248534634977
61.825179,18,18,355.772855260461,196.624588051321,0.953382972516949,-0.301762999247335,-0.893681453491799
61.875179,18,18,356.137295430835,196.75128888721,0.952958452485129,-0.303100953210558,-0.765269984904906
61.925179,18,18,356.61987883616,196.519850085444,0.960618058669241,-0.277872174494926,-0.421669739784573
61.975179,18,18,356.853171458478,196.333479573434,0.96293916396462,-0.269718680300641,-0.329894271626045
62.025179,18,18,357.739678652018,195.850316554013,0.982069415738317,-0.188519661232987,0.422780555694132
62.075179,18,18,358.348453436933,195.493913775291,0.98077980566575,-0.19511784336204,0.911659240604425
62.125179,18,18,358.798494266486,195.329056965221,0.98161912975594,-0.190850423361311,1.1994546207694
62.175179,18,18,359.125330894643,195.653550241801,0.980874937240586,-0.194639044113141,1.27890422916111
62.225179,18,18,359.293829199938,195.538928345597,0.980962848868533,-0.194195492068514,1.28481156444891
62.525179,18,18,360.78298797753,195.200990590249,0.940394297223459,-0.340086115196719,1.81070989276071
60.525179,19,19,321.500801534005,209.323109364197,0.909015418240631,-0.416762485596786,1.28653256656858
60.575179,19,19,321.797257777571,209.706143901398,0.866751864816648,-0.498739616269716,0.613873718646825
60.625179,19,19,321.711478736604,209.56188899324,0.866751864816648,-0.498739616269716,0.369114012701983
60.675179,19,19,321.81236957489,209.673361036297,0.866751864816648,-0.498739616269716,0.15734436996172
60.725179,19,19,321.53907591162,209.463787015408,0.866751864816648,-0.498739616269716,-0.219890034084
60.775179,19,19,321.655045794444,209.479256572237,0.889652088052104,-0.456638984564975,-0.126971478503056
60.825179,19,19,322.024430703038,210.029978433183,0.882436520681707,-0.470431490195081,-0.3907514779249
60.875179,19,19,322.320475376492,209.765695004628,0.866751864816648,-0.498739616269716,-0.435297554550019
60.925179,19,19,322.368836828794,209.740115957914,0.89569204240663,-0.444674898290246,-0.29842545549073
60.975179,19,19,322.256525127979,209.45528383875,0.866751864816648,-0.498739616269716,-0.836809252423553
61.225179,19,19,322.257178558305,209.329458908476,0.964075822970242,-0.265627196582448,-0.892212154286766
61.375179,19,19,322.786881426258,209.777250885787,0.964075822970242,-0.265627196582448,-1.33498417629768
61.525179,19,19,323.510722634378,208.171343230684,0.438864506381154,0.898553251086894,3.44209269106034
61.575179,19,19,323.377770411979,207.215384080442,0.438864506381153,0.898553251086894,2.43345370006758
61.625179,19,19,323.115610171519,206.222131433602,0.435855962477169,0.900016433168362,1.34027612664208
61.675179,19,19,323.089845353705,205.06903059724,0.274602627503992,0.961557796998134,0.464840303184871
61.725179,19,19,323.095445915782,204.251709446285,0.320414408030512,0.947277471032884,-0.435992304235203
61.775179,19,19,323.15304249318,203.977898250225,0.36981030326832,0.929107280994285,-0.82033923001824
61.825179,19,19,323.527009451458,203.809205427095,0.38850519479657,0.921446533237865,-0.940316100326434
61.875179,19,19,323.874006736965,203.437547048738,0.340498799149706,0.940244950945023,-1.15572433889311
61.925179,19,19,324.19196901579,203.195060823762,0.336396660829116,0.941720386623875,-1.33227775162064
61.975179,19,19,324.935569193109,203.275077764816,0.429807061988723,0.902920754808871,-1.15369061093369
62.025179,19,19,326.190852026074,203.602787714373,-0.476822242242805,-0.878999743630534,0.412233850428445
62.075179,19,19,327.230153013155,203.616427908663,-0.943289907368178,0.331970105065703,-0.561615265491772
62.125179,19,19,327.674979691136,203.746643276621,-0.999005633313859,-0.0445841295437713,-0.63974479999552
62.175179,19,19,328.254090897235,203.745825036706,-0.247673528955868,0.968843549317715,-0.297548217867256
62.225179,19,19,328.794365152755,203.537978160291,-0.00902044639242101,0.999959314945804,-0.247363118705023
62.275179,19,19,329.272538908867,203.368870620673,-0.191558591128357,0.98148117973037,-0.61613651567436
62.325179,19,19,329.908884987378,203.180747292116,-0.188444713647326,0.982083799835013,-0.819371963367054
62.375179,19,19,329.605302715481,203.598737672471,-0.198816289066824,0.980036776453668,-0.264848265770878
62.425179,19,19,329.412758805619,203.8314209153,-0.190781417805618,0.981632543582413,0.107948331181756
62.475179,19,19,329.253144651647,203.920122209478,-0.194925458229862,0.980818059445215,0.324181976865358
62.525179,19,19,329.103517671365,203.935589590276,-0.198816289066824,0.980036776453668,0.470666392760748
61.375179,20,20,205.177083020977,238.866593277966,-0.999993361012366,-0.00364388956918408,0.495608908728432
61.425179,20,20,204.99901992382,239.128700427951,-0.999986842124098,0.00512987121413969,0.249971266162224
61.475179,20,20,204.7744811695,239.91081910814,-0.999843710690942,0.0176792022378899,0.034339099617762
61.525179,20,20,204.349835401891,240.749572777023,-0.999339562093168,0.036337854029033,-0.00267908446978887
61.575179,20,20,203.892393269101,241.19651089488,-0.998829447033385,0.0483708149505683,0.0425593016710024
61.625179,20,20,203.606636564601,242.153076399715,-0.999082552687125,0.0428258440217855,0.0571334891543324
61.675179,20,20,203.285067402132,242.692515790703,-0.999342442220621,0.0362585600448396,0.0912899903563207
61.725179,20,20,203.002079105087,243.553636291129,-0.999342442220621,0.0362585600448396,0.0638576900571048
61.775179,20,20,202.7342244177,244.734650008809,-0.999759697735529,0.0219213773236211,0.0873097367538156
61.825179,20,20,202.393770522297,245.509652011142,-0.999796394755371,0.0201784299231509,0.116216575101424
61.875179,20,20,202.160877451835,246.555483328931,-0.999796394755371,0.0201784299231509,0.0396478611124698
61.925179,20,20,201.978604690343,247.538574884949,-0.999838280169032,0.0179837011939043,-0.0831311250255144
61.975179,20,20,201.740457319302,248.190312473915,-0.999850423809341,0.0172953753437582,-0.157151447942308
62.025179,20,20,201.416521466119,248.859719313135,-0.999846844610802,0.0175010663053275,-0.143079028143636
62.075179,20,20,201.247674991673,249.536785946388,-0.999843408774033,0.0176962688474591,-0.280770172072109
62.125179,20,20,200.946444162066,250.328548177092,-0.999997601390633,0.00219025409040881,-0.294878691569582
62.175179,20,20,200.617783130858,251.09530892584,-0.999939488538627,0.011000875470122,-0.261370372880036
62.225179,20,20,200.344992946951,251.89233938773,-0.999953147027412,0.00968006972984109,-0.291052141135961
62.275179,20,20,200.060773414885,252.512090092652,-0.999601495500008,0.028228535104536,-0.257671285984083
62.325179,20,20,199.760836808238,253.010402724982,-0.999633218791981,0.0270818737827231,-0.252058963902606
62.375179,20,20,199.548609816461,253.707756450773,-0.999728724476983,0.0232911454339425,-0.335868241443569
62.425179,20,20,199.275569869903,254.463228640357,-0.999633218791981,0.0270818737827231,-0.327739318490799
62.475179,20,20,199.063648701326,255.272582916895,-0.999150725119117,0.0412047144625803,-0.322309049995216
62.525179,20,20,198.78308414918,256.133724905428,-0.994866169340822,0.101199333501357,0.0273196439072976
62.575179,20,20,198.539615125512,257.001560917069,-0.991031723185267,0.133626807342094,0.259392394188389
62.625179,20,20,198.197132040647,258.052173487458,-0.98759950717819,0.156994310156118,0.605212712780124
62.675179,20,20,197.870819422158,258.922494643306,-0.982640422366706,0.185520350180191,0.987812330079114
60.475179,21,21,335.04492040819,200.543568530679,0.814123560146268,0.580691681372109,-1.50352702952544
60.775179,21,21,335.66602034889,201.734120276334,0.69231790586529,0.721592625529322,0.100847418727281
60.825179,21,21,335.314543370462,202.102383410174,0.69231790586529,0.721592625529321,0.192914398122791
60.875179,21,21,334.912247456617,202.528456036941,0.69231790586529,0.721592625529321,0.291228128440003
60.925179,21,21,333.989375743169,203.136639483983,0.69231790586529,0.721592625529321,0.160260729788691
60.975179,21,21,333.894803154977,203.585246654621,0.69231790586529,0.721592625529322,0.487301866653959
61.025179,21,21,333.571753878611,203.526405541698,0.69231790586529,0.721592625529321,0.289703139766275
61.075179,21,21,333.312318794335,203.320188232225,0.69231790586529,0.721592625529322,0.0295079638366975
61.125179,21,21,333.142883810663,203.252150007668,0.69231790586529,0.721592625529322,-0.0689633215331088
61.175179,21,21,333.891752629507,202.509398805842,0.69231790586529,0.721592625529322,-0.0188398281595805
61.225179,21,21,334.203866125884,202.341788424516,0.69231790586529,0.721592625529321,0.143630356523471
62.025179,21,21,334.372230906114,201.551296238272,0.0117256970084789,0.999931251651665,-1.35787767988593
62.075179,21,21,334.109232278227,201.704122406845,0.0117256970084789,0.999931251651665,-1.23625689322273
62.125179,21,21,334.490935241183,201.588719294978,0.0117256970084789,0.999931251651665,-1.37525436049268
62.175179,21,21,334.395851623757,201.9524243318,0.0117256970084789,0.999931251651665,-1.04073352085842
62.275179,21,21,334.203359104153,202.083663757501,0.377040303628109,0.926196852423945,0.173388060058249
62.325179,21,21,333.98555131075,203.103807079336,-0.127555957014794,0.991831375703572,-0.371043822255397
62.375179,21,21,333.357423310051,203.291196162412,0.0374855536077113,0.999297169650111,0.233371147313948
62.425179,21,21,333.185942497107,203.875073406722,-0.0975141508095768,0.99523413847792,0.478191802345052
62.475179,21,21,333.271834368468,204.411364978026,-0.297382868017869,0.954758309631012,0.423003916746226
62.525179,21,21,333.284515674685,204.735268463279,-0.450483247469864,0.89278488100382,0.177149989382144
62.575179,21,21,333.572051384366,204.904251571387,-0.510722688661815,0.859745506115645,-0.113685073617782
62.625179,21,21,333.381994801375,205.025646224213,-0.25883125517838,0.965922554526389,0.922384206163939
62.675179,21,21,333.087636653613,205.401027960939,-0.264504064280677,0.964384570583231,1.28492909497884
62.725179,21,21,333.514643719627,204.977682336237,-0.14483722482256,0.989455495869167,1.13836050803019
60.775179,22,22,285.548259536514,214.767260687521,0.749285190708153,0.662247463555314,-0.976661381202871
60.825179,22,22,285.770885958478,214.960204148162,0.749285190708153,0.662247463555314,-0.858884489229557
60.925179,22,22,286.350870729876,215.191422971349,0.749285190708153,0.662247463555314,-0.629409140289334
60.975179,22,22,286.687474470038,215.431293313681,0.749285190708153,0.662247463555314,-0.399750671557933
61.025179,22,22,287.421186554485,215.104179901331,0.736552184461114,0.676380720870696,-0.276976951309824
61.075179,22,22,288.35981733448,215.200818906699,0.700328393373401,0.713820804848829,0.203618110179802
61.125179,22,22,288.248904425767,215.296911252629,0.729784377382747,0.683677381904709,0.0847638201295562
61.175179,22,22,288.535462338689,215.459396166321,0.639393493781168,0.768879678565061,0.0506262712924981
61.225179,22,22,288.787221367591,215.743328721239,0.707704620448234,0.706508436040378,0.380525060069498
61.275179,22,22,289.326106231453,215.039129623946,0.584084218791102,0.811693061051521,-0.213303835087831
61.325179,22,22,289.660637710404,215.301011741041,0.361389165958003,0.932415074271206,-0.384424851215662
61.375179,22,22,289.990361411904,215.433978002137,0.708917199287003,0.705291715926872,0.475887373471753
61.425179,22,22,290.125019633408,215.382149525804,0.361389165958003,0.932415074271206,-0.308344076778694
61.475179,22,22,289.862490692552,215.464226662826,0.229618010852355,0.973280827455369,-0.547495005460899
61.575179,22,22,290.078272950488,216.609746366556,0.945762968585323,0.324857518387179,0.571078005463787
61.625179,22,22,289.874826163811,217.427223193171,0.945762968585323,0.324857518387179,0.38098255186143
61.725179,22,22,290.280892768402,217.879086403587,0.945762968585323,0.324857518387179,0.378917668767745
61.975179,22,22,290.453142526079,220.644439496251,0.945762968585323,0.324857518387179,0.0708011207424231
62.075179,22,22,290.593222684095,221.971852209235,0.894473590781277,0.447120783899438,0.907674095416572
62.125179,22,22,290.829857209174,222.365930467113,0.894473590781277,0.447120783899438,1.0299363437933
62.175179,22,22,290.993273690851,222.794406061467,0.956920607129344,0.290349705788051,-0.115015386557675
62.225179,22,22,291.120271154448,222.644304927964,0.894473590781277,0.447120783899438,0.877293256433998
62.725179,22,22,291.270780253569,225.819931397611,-0.990362844358529,0.138497063196607,6.86735739773058
60.825179,23,23,471.949969624681,237.637819630714,-0.999715716412047,0.0238429519721858,0.125226491081609
61.375179,23,23,470.461215200525,236.896058956614,-0.998979708340411,0.0451612923210502,0.599070985148737
61.425179,23,23,470.731387915766,236.080576043916,-0.999231631361602,0.0391937097814266,0.160177691724417
61.475179,23,23,470.392968029296,235.999038728374,-0.999057722507923,0.0434012338221097,0.391081328228833
61.525179,23,23,470.587054841062,235.788569585746,-0.999243011988201,0.0389024805475041,0.0549983748206562
61.575179,23,23,470.719783719817,235.183882135454,-0.999383971869802,0.0350952528091669,-0.233473897686399
61.625179,23,23,470.608395013284,234.921960059061,-0.999124317284132,0.0418401554910733,-0.241828349871489
61.675179,23,23,470.6542750327,234.331296223439,-0.999325290619187,0.0367282388480178,-0.449915863501364
61.725179,23,23,470.18271422928,233.764605047493,-0.999433193207832,0.0336644072337116,-0.135073288342761
61.775179,23,23,470.110873946669,233.48721558361,-0.996795086114377,0.0799972268158806,-0.154818176644099
61.825179,23,23,469.862191776152,232.699087435638,-0.999732065975124,0.023147273297547,-0.127028327015602
61.875179,23,23,469.695729532486,232.210135446895,-0.999272102676381,0.0381479332693631,-0.112863331002142
61.925179,23,23,469.549044449545,231.801654354277,-0.999735124106557,0.0230148132220837,-0.119644089010025
61.975179,23,23,469.635299087548,231.225303656707,-0.999751895131538,0.0222743839622853,-0.36513876820551
62.025179,23,23,469.370085968842,230.853748149491,-0.999985296752246,0.00542275569443706,-0.239105154671601
62.075179,23,23,469.004343791822,230.354752967207,-0.999993552278364,0.00359101680562245,-0.026760546979883
62.125179,23,23,468.782573949038,229.786433937394,-0.999995873136825,0.0028729269604026,0.0381097736811496
62.175179,23,23,468.637862957857,229.150764181821,-0.999999706090959,-0.000766692895092033,0.0313151768525837
62.225179,23,23,468.439987563859,229.178776006994,-0.999999706090959,-0.000766692895092033,0.0672116227195056
62.275179,23,23,468.410779387343,229.146570696253,-0.999999706090959,-0.000766692895092033,-0.0681452379613738
62.325179,23,23,468.264372731118,228.989379700682,-0.999999706090959,-0.000766692895092033,-0.0888257107494289
62.375179,23,23,467.972663304322,229.14771041252,-0.999999706090959,-0.000766692895092033,0.0329511783306123
62.425179,23,23,467.623461175178,229.038455128185,-0.999999706090959,-0.000766692895092033,0.209836877116607
62.475179,23,23,467.342945001016,229.26197431771,-0.999999706090959,-0.000766692895092033,0.315206898320865
62.525179,23,23,467.337156916365,229.603160427675,-0.99998613127276,0.0052666177133764,0.133658371952305
62.725179,23,23,466.484088299794,229.068667714125,-0.99998613127276,0.0052666177133764,0.250205632712546
61.075179,24,24,350.350265068548,213.723892088275,0.998606007390284,0.0527829707769018,-0.265381787284951
61.175179,24,24,350.8963390293,213.037371269963,0.999651953615461,-0.0263812742829635,-0.535130619921522
61.525179,24,24,352.461104806034,212.917761658194,0.991533916793908,-0.129847956654431,-0.532095906481746
61.575179,24,24,352.740419982845,212.056643375125,0.991533916793908,-0.129847956654431,-0.267106690668304
61.625179,24,24,352.821327469562,211.674458248672,0.991533916793908,-0.129847956654431,-0.261098185664828
61.675179,24,24,352.879202596953,211.298334588364,0.991533916793908,-0.129847956654431,-0.278774326856918
61.725179,24,24,353.091627329086,211.933667475572,0.991533916793908,-0.129847956654431,-0.274601014114826
61.775179,24,24,353.19301706677,210.968800196075,0.991533916793908,-0.129847956654431,-0.172792037497617
61.825179,24,24,353.413300594924,210.494835825214,0.999755511909763,-0.0221114541821332,0.473014840698633
61.875179,24,24,353.461100842516,210.14187054846,0.994598258825454,-0.10379934268277,0.0624061149576061
61.925179,24,24,353.946296983119,209.225298667629,0.906295156687596,0.422645346555012,2.16384345097472
61.975179,24,24,353.782312854002,209.110822897708,0.959502911896321,0.281698707953163,1.44662765924529
62.125179,24,24,353.97819436913,208.623889035535,0.997545062220002,0.070027486321385,0.593944436168203
62.175179,24,24,354.226030835353,208.485326494597,0.988339934332939,0.152263502530195,0.922470786545099
62.225179,24,24,354.458227956988,207.848102231924,0.926583937836604,0.376088029779216,1.34948319228421
62.275179,24,24,353.670287075734,206.709632790749,0.738496319631085,0.674257507107888,0.405607348548152
62.325179,24,24,353.961570937063,205.438187802093,0.628916575718659,0.777472791026359,-0.337750334879925
62.375179,24,24,353.958199544272,205.017408938672,0.605610345974014,0.795761339127025,-0.736372880793866
62.425179,24,24,354.059911190137,204.83559573753,0.642000725979219,0.76670402884174,-0.859932860369493
62.475179,24,24,354.152921988739,204.806601948655,0.577620306828204,0.816305568485045,-0.912637976266737
62.575179,24,24,354.641531557642,204.016452013083,0.84233098240934,0.538960588608588,-0.930792741478862
62.625179,24,24,354.94059445319,204.131098678726,0.861982212154447,0.50693852283026,-0.657285008668765
62.675179,24,24,355.620719874499,204.239176485121,0.924613415460647,0.380906854690484,0.109073868154307
62.725179,24,24,355.855474060655,204.051520224143,0.855082697409725,0.518491639846304,-0.122593702033988
62.775179,24,24,356.264656278378,202.577409286831,0.891991341387927,0.452052482449733,-0.389632315485826
62.825179,24,24,356.43594633525,202.096000104472,0.891991341387927,0.452052482449733,-0.554094780903765
60.025179,25,25,214.789254685376,224.773900139916,-0.999723732100736,0.0235044564833128,0.329815799791176
60.075179,25,25,214.314118851297,224.963086297005,-0.999723319046157,0.0235220185217022,0.393217473842958
60.125179,25,25,213.897515613009,225.000220503885,-0.999731461003293,0.0231733873272869,0.405025300749751
60.175179,25,25,213.59211245048,224.848409949234,-0.999735300843138,0.0230071347212273,0.299487481236016
60.225179,25,25,213.278149109378,225.270889910819,-0.999701153365155,0.0244459395478742,0.181568870646913
60.275179,25,25,212.890461890522,225.724864183372,-0.999698696378401,0.0245462106917776,0.171157216461245
60.325179,25,25,212.444579471945,226.085165838065,-0.999682448581744,0.0251992459730179,0.206685008328872
60.375179,25,25,212.034400044664,226.648020735315,-0.999688126199569,0.0249729921233766,0.233492280680191
60.425179,25,25,211.675023009408,227.317520865721,-0.999682448581744,0.0251992459730179,0.204656108794623
60.475179,25,25,211.221846855325,228.189122487511,-0.99967727273357,0.0254037473607944,0.277746515754344
60.525179,25,25,210.965231731436,229.166445673722,-0.999561515292131,0.029610422943612,0.0804988737472875
60.575179,25,25,210.703028244699,230.168666558725,-0.999463321101128,0.0327577437181326,-0.0810200136609752
60.625179,25,25,210.378572828267,231.011430525822,-0.999508059454267,0.0313630209955148,-0.0953680002949193
60.675179,25,25,210.030667740591,232.065995349335,-0.999557922422455,0.0297314601475539,-0.0752859482690701
60.725179,25,25,209.832301480346,232.770826213129,-0.999546319237256,0.0301190255362601,-0.248976488399663
60.775179,25,25,209.437329469943,233.453409898043,-0.999593965288195,0.0284939389945271,-0.191096285429771
60.825179,25,25,209.05422852981,234.272736263166,-0.999708174553832,0.0241571051710561,-0.0981107374206738
60.875179,25,25,208.895458431459,234.819147085276,-0.999852236454224,0.0171902663587798,-0.197786335256434
60.925179,25,25,208.487288570945,235.56721637427,-0.999927564995236,0.012035977845552,-0.0754907717018313
60.975179,25,25,208.155394410535,236.189986781713,-0.999989986058765,0.00447524102045056,0.000503134192785124
61.025179,25,25,207.783473256352,236.872587058133,-0.999995249738851,-0.00308228806785803,0.111954295892049
61.075179,25,25,207.275925404457,237.533230023069,-0.999972941408395,-0.00735638845099049,0.310581160667463
61.125179,25,25,206.988801132559,238.345133823107,-0.999817112701576,-0.0191243600960766,0.379755941384672
61.175179,25,25,206.69343036271,239.200475408266,-0.999846718063604,-0.0175082945325879,0.283989122023575
61.225179,25,25,206.382369839191,239.872544780212,-0.999858851107316,-0.0168011268180814,0.222046690658654
61.275179,25,25,206.057000745555,240.812899429861,-0.999846693098061,0.0175097201825868,-0.183571124340823
61.325179,25,25,205.768505375995,241.741964732659,-0.999778607730838,0.0210412814198034,-0.267302787514303
61.375179,25,25,205.465100118974,242.608121863281,-0.999670689508701,0.0256614991222038,-0.339548777980536
61.425179,25,25,205.068140133811,243.55949269401,-0.999670689508701,0.0256614991222038,-0.267794573023295
61.475179,25,25,204.742696818125,244.511105757702,-0.999670689508701,0.0256614991222038,-0.264778240822519
61.525179,25,25,204.450733747799,245.314061130843,-0.999342442220621,0.0362585600448396,-0.369973357895057
61.575179,25,25,204.209653915252,246.059901495138,-0.999435485298139,0.0335962903737057,-0.427878820742902
61.625179,25,25,203.993017239568,246.917967002547,-0.99965451858606,0.0262839013556278,-0.480622404136011
61.675179,25,25,203.705945476973,247.836960255117,-0.999686402947513,0.0250418801583036,-0.498998941565045
61.725179,25,25,203.401012527153,248.841212125816,-0.999779154525525,0.0210152843479846,-0.485114125180475
61.775179,25,25,203.011215878174,250.033442017093,-0.999858603112893,0.0168158788392232,-0.386513923979794
61.825179,25,25,202.679693958596,250.959299646639,-0.99988361431906,0.0152564024676218,-0.361333232609771
61.875179,25,25,202.392694665529,251.843972062043,-0.999895963752679,0.0144243430041726,-0.381830832156519
61.925179,25,25,202.075064342899,253.099547882735,-0.999917805094603,0.012821195528926,-0.364516430441526
61.975179,25,25,201.814936632357,254.135141994015,-0.999953659422421,0.00962699370046825,-0.408269004797453
62.025179,25,25,201.597983578462,254.9692926763,-0.999999347517139,0.00114235077623348,-0.504504658060675
62.075179,25,25,201.34345963637,256.15862235454,-0.999999347517139,0.00114235077623348,-0.556650088526297
62.125179,25,25,201.099821298896,257.126980366069,-0.999999084345986,0.0013532579905436,-0.616287795989753
62.175179,25,25,200.877684312911,258.445007652352,-0.992443869134726,0.122699497215333,-0.202848723215446
62.225179,25,25,200.759298098724,259.350365889592,-0.991502276634426,0.130089336337572,-0.255151370906734
62.275179,25,25,200.60674238892,260.33615973572,-0.939789904555705,0.341752739996592,0.94058956587742
62.325179,25,25,200.449850537479,261.132578679824,-0.85034300102197,0.526228829135149,2.27522994343981
62.375179,25,25,200.357799389572,261.702460609075,-0.677447603129631,0.735571033289048,3.93601988134632
62.425179,25,25,200.199324943137,262.184951821398,-0.588193066753807,0.808720542723351,4.72074008873327
62.475179,25,25,200.117512873516,262.436480279389,-0.486220505897035,0.873836151486782,5.29946574686873
62.525179,25,25,199.954209985512,262.537202657552,-0.94059803938967,0.339522205895739,0.661642292802464
62.575179,25,25,199.648294489579,262.598148550529,-0.952310772183044,0.305129797273447,0.398217667326695
62.625179,25,25,199.384774239506,262.632532200051,-0.96186104335242,0.273538540759788,0.120442931162335
62.675179,25,25,198.820194404395,262.381663551673,-0.982640422366706,0.185520350180191,-0.29384622561987
62.725179,25,25,198.489124061595,262.108616460952,-0.977147911575961,0.212560482928361,-0.145729127867414
62.775179,25,25,198.268146277702,261.993219146833,-0.971850022929266,0.235600367003928,-0.110481737915678
62.825179,25,25,197.948052380816,261.997711718497,-0.97778681026733,0.209601893281621,-0.238413092494541
62.875179,25,25,197.776207647714,262.074615223728,-0.982640422366706,0.185520350180192,-0.474635366829294
62.925179,25,25,197.549468589322,262.23979065038,-0.982640422366706,0.185520350180192,-0.500168298804466
62.975179,25,25,197.693200164709,262.765686196027,-0.939803202935656,0.341716168408639,0.149232530639644
63.025179,25,25,197.649974845089,263.133714553313,-0.953780826437352,0.300503136623368,-0.243534980135096
61.075179,26,26,309.001160898442,218.166202012199,0.967484473869106,-0.252930411026864,-0.338810511422821
61.775179,26,26,311.279970709854,216.710995265537,0.81448235072699,-0.580188331797733,-1.10348494879097
61.825179,26,26,311.165957267004,216.038082373107,0.814482350726991,-0.580188331797732,-0.865324204091704
61.875179,26,26,311.161482283001,215.2549620144,0.798706586077804,-0.6017206904835,-0.617896362182019
61.925179,26,26,310.203073505726,214.111443749688,0.880511991724763,-0.474023873268943,-0.173749852717814
61.975179,26,26,309.045032364207,213.446369864158,0.866837544555588,0.498590685180578,1.78193632358661
62.025179,26,26,308.970776640208,211.951699373176,0.505794757593293,-0.862653848998045,-0.989847767463506
62.075179,26,26,308.799746545026,211.287795548622,0.298219068014639,-0.954497452837083,-0.605922105960599
62.125179,26,26,308.789453853783,211.047510457072,0.301321547264354,-0.953522587647621,-0.400159217256891
62.175179,26,26,309.020251602841,210.461107416076,0.293280376247522,-0.956026475003758,0.206819454131661
62.225179,26,26,309.166147174118,210.019803398015,0.306042848753062,-0.952017738662001,0.649031926551934
62.275179,26,26,309.479263937652,209.699682486291,0.920475940798974,-0.390799235426893,0.701368919101551
62.325179,26,26,309.734705119319,209.541064880996,0.918710656220105,-0.394931298009698,0.919673006292371
62.375179,26,26,309.836208830017,209.373660810774,0.923552067342422,-0.383473048476079,0.982958479993143
62.425179,26,26,310.009608676869,209.546127709134,0.923552067342422,-0.383473048476079,0.991365750734387
62.575179,26,26,309.828479996156,208.621137325084,0.923552067342422,-0.38347304847608,0.913808368223558
62.625179,26,26,309.624423840841,208.126533102555,0.923552067342422,-0.38347304847608,0.823965229597449
62.675179,26,26,309.484607278045,207.343009686732,0.923552067342422,-0.38347304847608,0.902881705434724
62.775179,26,26,309.82163070368,205.696617150455,0.978445108360377,0.206507069916866,-1.30705148037102
62.825179,26,26,310.012861420265,205.197666527837,0.978445108360377,0.206507069916866,-1.32610572319395
62.975179,26,26,310.734386528434,204.623473563167,0.978445108360377,0.206507069916866,-1.05571967011076
63.075179,26,26,311.149231062536,204.496649396247,0.978445108360377,0.206507069916866,-0.893694690483311
60.025179,27,27,218.745032200965,242.830980604839,-0.999906777193156,0.0136541906825938,-0.0331260755403747
60.075179,27,27,218.411260564857,242.882532268775,-0.999908575469614,0.0135218601652046,-0.0866998094529678
60.125179,27,27,217.955733066835,242.68822934195,-0.99989903925002,0.0142095498481302,-0.0165249240183835
60.175179,27,27,217.62042886512,242.755071848832,-0.999907536221034,0.0135984928717213,-0.0655507806679484
60.225179,27,27,217.294882416452,242.797898782997,-0.999921764145892,0.0125086205221204,-0.1239392280389
60.275179,27,27,216.801751199938,242.764151210867,-0.99992596349782,0.012168299920571,-0.0106119861198549
60.325179,27,27,216.510619804842,242.985499075443,-0.999918626376243,0.0127569834148891,-0.0906527717653108
60.375179,27,27,216.115648685354,242.829660293425,-0.999929826863706,0.0118465753835756,-0.0741048513187979
60.425179,27,27,215.739699552621,242.783376845112,-0.999947743443201,0.0102230319793177,-0.0745403621412782
60.475179,27,27,215.356701436724,242.848476597618,-0.999948457182043,0.0101529788363863,-0.0595866411035089
60.525179,27,27,214.977118780668,242.774910544959,-0.999561011993379,0.0296274079657931,0.00380777944308383
60.575179,27,27,214.66726145469,242.791525938876,-0.9996467100706,0.026579222054565,-0.0598941479935365
60.625179,27,27,214.257097397292,242.954067331089,-0.999561011993379,0.0296274079657931,-0.0014919511361184
60.675179,27,27,213.931874184682,242.749986643563,-0.999561011993379,0.0296274079657931,-0.0439471747365741
60.725179,27,27,213.604425777941,243.000115508247,-0.999561011993379,0.0296274079657931,-0.0682510908111507
60.775179,27,27,213.316632212365,242.818106431741,-0.999561011993379,0.0296274079657931,-0.142506446503581
60.825179,27,27,212.874687436231,242.903727632114,-0.999561011993379,0.0296274079657931,-0.05224074240788
60.875179,27,27,212.45772051313,242.742486088791,-0.999632797836108,0.0270974074471101,0.00435158109466751
60.925179,27,27,212.216045693206,242.731473472695,-0.999712344552281,0.02398391439658,-0.10731013666481
60.975179,27,27,211.735867827745,242.91249332314,-0.999983538571175,0.00573782072493108,0.00540651540226339
61.025179,27,27,211.458527146447,243.012978628934,-0.999997334802124,0.002308763445774,-0.0618927270915053
61.075179,27,27,211.174974199174,242.91821843379,-0.9999860601771,0.00528009957117018,-0.112531098439205
61.125179,27,27,210.743867428123,242.73360766167,-0.999999322863524,0.0011637321397607,-0.0209260723567077
61.175179,27,27,210.31602466795,242.926811641756,-0.999998557522558,0.00169851488169103,0.0756679771352898
61.225179,27,27,209.999385012875,242.900600320268,-0.999999834636634,-0.000575088432585997,0.061346501181312
61.275179,27,27,209.664124874239,243.041657560623,-0.999549342581912,0.0300185233492259,0.0911797626123921
61.325179,27,27,209.458775596411,242.680295494849,-0.999548915760135,0.0300327321890536,-0.0423139059044133
61.375179,27,27,209.163111984936,242.717143153371,-0.999539376646704,0.0303485507515283,-0.0708320204768943
61.425179,27,27,208.879828935261,242.921397266475,-0.999543387423574,0.0302161655046926,-0.103970747909777
61.475179,27,27,208.490971274043,243.037730636714,-0.999541506231067,0.030278330887445,-0.0314528416356574
61.525179,27,27,208.279854925856,242.963654862257,-0.999530803650211,0.0306296025825112,-0.139615514654974
61.575179,27,27,207.853659493643,243.12184779143,-0.999485244166343,0.0320818748477221,-0.0230536759114967
61.625179,27,27,207.365617434007,242.946209538553,-0.999399114404765,0.034661363605208,0.146510873084146
61.675179,27,27,206.913795597871,242.82348738014,-0.999363220602076,0.0356812739100891,0.28411054370202
61.725179,27,27,206.412175417798,243.143460338612,-0.999345415822324,0.0361765099879333,0.490321469551914
61.775179,27,27,205.987227720554,242.994615505133,-0.99934547612635,0.036174844101934,0.606194909583444
61.825179,27,27,205.52978869358,243.159384989105,-0.999420724359142,0.0340325685402688,0.770534813518859
61.875179,27,27,205.388408869398,243.509623474231,-0.999402872951362,0.0345528224109549,0.626177705775699
61.925179,27,27,205.286693532881,243.743600094498,-0.999345857007737,0.0361643205586824,0.440743227224558
61.975179,27,27,205.306752421359,243.778425722245,-0.999346347251339,0.0361507708825959,0.13036779184599
62.025179,27,27,205.309618246174,243.948691890737,-0.999518503690174,0.0310283866959957,-0.152063857725171
62.075179,27,27,205.125892449141,244.093567827192,-0.999587165726243,0.0287314829999532,-0.247529954531779
62.125179,27,27,204.826346148221,244.058437474463,-0.999510420571588,0.0312876839795969,-0.232500023786958
62.175179,27,27,204.263222220475,244.062032169035,-0.999587165726243,0.0287314829999532,0.0539339257637428
62.225179,27,27,204.110811770062,244.027634367463,-0.999587165726243,0.0287314829999532,-0.0700417720033243
62.275179,27,27,203.784232747062,243.97336147996,-0.999525450486629,0.0308037956995659,-0.0199631444758508
62.325179,27,27,203.209750957862,244.077250531389,-0.999811463897646,0.0194174318293315,0.302869350161901
62.375179,27,27,203.105883646112,243.89468943537,-0.984352593911912,0.176210019178508,-0.117009196783183
62.425179,27,27,203.179715337378,244.055024567715,-0.992906728936824,0.118895868860006,-0.351087069203669
62.475179,27,27,203.081942339162,244.22454745156,-0.967522255664239,0.252785847694019,-0.705916148877113
62.525179,27,27,202.736036386123,244.05977798923,-0.999434411564042,0.0336282170451617,-0.28967927978448
62.575179,27,27,202.169511653327,244.040071498388,-0.999470641131278,0.0325336366954498,0.0244454033410678
62.625179,27,27,201.916055101268,243.968183670593,-0.999434411564042,0.0336282170451617,0.0227544927617176
62.675179,27,27,201.899962363215,244.170269829973,-0.999494831662226,0.0317817790643885,-0.197390680760892
62.725179,27,27,201.403750261526,244.251846148057,-0.999460280919578,0.0328503708374649,0.0552932072067351
62.825179,27,27,200.969538016171,244.29267672024,-0.999255978317725,0.0385679892694129,-0.000717429610645803
62.875179,27,27,200.932069111373,244.28902954258,-0.999231968704037,0.0391851083940611,-0.199249690356309
62.925179,27,27,200.634038633034,244.08212017152,-0.999609188546353,0.0279547880281937,-0.107067768455033
63.025179,27,27,200.078114316702,244.037910914033,-0.999596728163867,0.0283968491930421,-0.00243223229468768
63.075179,27,27,199.8432003013,244.027335436141,-0.999596728163867,0.0283968491930421,0.0130829855009174
63.125179,27,27,199.484964822786,244.393801585598,-0.999311333690237,0.0371060420718676,0.138042471655638
63.175179,27,27,199.398159602289,244.242691732361,-0.999768537705856,0.0215144373269218,0.0607980751691775
60.025179,28,28,218.243303514271,290.851475997819,-0.999569677328041,0.029333601318562,1.93638781274097
60.075179,28,28,218.512173704995,290.491358359049,-0.999426931173646,0.0338498042066528,1.20162934983
60.125179,28,28,218.502144606795,290.515551278899,-0.999583294860296,0.0288658385680177,0.719168219470314
60.325179,28,28,217.54076317848,290.905135563213,-0.998305722153292,0.0581866403566536,-0.0762825621361527
60.475179,28,28,216.485156465376,291.480418906773,-0.999545227005758,0.0301552511182987,-0.48112374669244
60.525179,28,28,215.732240546051,291.626401431098,-0.999338466669249,0.0363679671572932,-0.160270451805195
60.625179,28,28,214.798249573605,291.807075953255,-0.998369428661321,0.0570831316105479,-0.0688325306086474
60.675179,28,28,214.738384581409,292.276414119714,-0.999638835962166,0.0268737350624433,-0.532209421864005
60.925179,28,28,212.938937667324,293.060893906097,-0.998615233145441,0.0526081374872435,-0.852938734676892
61.225179,28,28,210.619028863165,293.782143769644,-0.998757222640867,0.0498398457331198,-1.1148935953851
61.425179,28,28,208.970467817182,293.969829495345,-0.999175953399406,0.0405883499096417,-1.15946894006829
61.525179,28,28,208.427147362882,294.547151756192,-0.999334914608858,0.0364654417730857,-1.42384904095037
61.725179,28,28,206.780809361632,295.268929191895,-0.999997631684676,0.00217637888239128,-1.39837448275554
61.875179,28,28,205.006751169042,295.468112678772,-0.999991716930741,0.0040701437208054,-0.782849854426139
61.925179,28,28,204.08494603713,295.676584563513,-0.999809853041709,0.0195001989917269,-0.238558894127527
62.025179,28,28,202.70441532697,295.970042370711,-0.999418288400857,0.0341040292326503,0.384353203923294
62.125179,28,28,201.370399839014,296.284989809091,-0.998282742451068,0.058579570879051,0.963023814943717
62.175179,28,28,201.107874127555,296.0432082836,-0.998520842757767,0.0543702729284927,0.83308168264291
62.325179,28,28,200.314266889612,296.051419068104,-0.999962274205267,0.0086862055139017,0.571939211168213
62.375179,28,28,199.964772197485,296.056449235287,-0.999472398539595,0.0324796021759786,0.522328596916927
62.475179,28,28,199.390858314655,295.633193077368,-0.999999711018681,0.000760238485267676,0.450428166191469
62.525179,28,28,199.071561317954,295.774381368074,-0.999699526213588,-0.0245123905062015,0.494782031822706
62.575179,28,28,199.094678086687,295.942082670087,-0.999699526213588,-0.0245123905062015,0.131168987020308
62.625179,28,28,198.684111279856,295.718837666025,-0.999699526213588,-0.0245123905062015,0.213761152198287
62.675179,28,28,198.322232551006,296.051955587055,-0.999699526213588,-0.0245123905062015,0.237136075406405
63.025179,28,28,196.383771287102,296.808995478814,-0.996141614005282,-0.0877603831290152,0.214383845507968
63.125179,28,28,196.090330860454,297.331592840585,-0.996555485866934,-0.0829286656622384,-0.130679963159293
63.325179,28,28,195.062528248177,297.978526782308,-0.996925572753642,-0.0783543386789947,-0.287351990724045
60.975179,29,29,207.691039673623,226.064870623897,-0.999325828347043,0.0367136050871767,0.0187014040043024
61.025179,29,29,206.835042067356,226.557747442435,-0.999372387638383,0.0354235913757801,0.541084510269971
61.075179,29,29,206.91479251399,226.916072845723,-0.999325828347043,0.0367136050871767,0.0960079047073621
61.125179,29,29,206.655397908916,227.418354932089,-0.999345370959734,0.0361777492576731,0.0186115764819561
61.175179,29,29,206.219422310847,228.092018493458,-0.999356227269169,0.0358766082333933,0.123548219901023
61.225179,29,29,206.034821885242,228.494766250098,-0.999361431734833,0.0357313414372475,-0.031653077652698
61.275179,29,29,205.631669240574,229.002938449507,-0.999569275089504,0.0293473047662672,0.0994381065640019
61.325179,29,29,205.330850767252,229.601628222875,-0.999569275089504,0.0293473047662672,0.0682593657979705
61.375179,29,29,204.950876989186,230.027951674846,-0.999569275089504,0.0293473047662672,0.113834399940249
61.425179,29,29,204.738952359609,230.87205765968,-0.999788470401611,0.0205673151385001,0.0803367094556635
61.475179,29,29,204.328577887641,231.282454688259,-0.999649173226602,0.0264864204333349,0.110679216452096
61.525179,29,29,204.037449134803,232.114459097103,-0.999221698326585,0.0394461353409436,-0.0111865808446537
61.575179,29,29,203.594261816645,232.562690464994,-0.998018382606013,0.0629230321939331,-0.056131086147727
61.625179,29,29,203.454239180648,233.340232916347,-0.999305732924905,0.0372565718151568,-0.0371816950804313
61.675179,29,29,203.274615131817,233.706476822944,-0.999305732924905,0.0372565718151568,-0.175227517108933
61.725179,29,29,203.037128009502,234.229212873028,-0.999305732924905,0.0372565718151568,-0.246777407772229
61.775179,29,29,202.516288788829,234.601909433976,-0.999794741953666,0.0202601570033847,0.0587551416793318
61.825179,29,29,202.186131008449,235.084992415069,-0.999830228456341,0.0184259128658591,0.0880965698532668
61.875179,29,29,201.865942326323,235.302822077352,-0.999830228456341,0.0184259128658591,0.0950637537353693
61.925179,29,29,201.417936736364,236.210263353646,-0.999923620941737,0.0123592994447461,0.27278588617074
61.975179,29,29,200.934009690832,237.478905006295,-0.999951878247277,0.00981025941265008,0.470496768777317
62.125179,29,29,200.382371279337,239.917595202419,-0.999977469771063,0.0067126708739905,0.137836053753046
62.175179,29,29,200.308251274787,240.82836829277,-0.999981885352962,0.00601905025203847,-0.079172755656609
62.225179,29,29,200.102509594111,241.717778404778,-0.999981885352962,0.00601905025203847,-0.162564971622348
62.375179,29,29,199.349223017739,244.023168413196,-0.999972222525853,-0.0074534674283006,-0.287804103287972
62.425179,29,29,199.170191923952,244.936911842174,-0.999929285373299,0.0118921929366614,-0.341091160974634
62.475179,29,29,198.84293920797,245.501798265581,-0.999929285373299,0.0118921929366614,-0.286742333191267
62.525179,29,29,198.619076671965,246.522422443977,-0.999929285373299,0.0118921929366614,-0.327145634744554
62.575179,29,29,198.498735958855,247.301551687175,-0.999929285373299,0.0118921929366614,-0.470700058198793
62.625179,29,29,198.138721228598,247.974634112098,-0.99992234616654,0.0124620077356356,-0.369575156031492
62.675179,29,29,197.919858019002,248.424128777169,-0.999929285373299,0.0118921929366614,-0.415013948757105
62.725179,29,29,197.524947131928,249.163259723368,-0.999929285373299,0.0118921929366614,-0.274640540408707
62.775179,29,29,197.347802041428,249.543928550011,-0.99950634293814,0.0314176769737367,-0.22673521609228
62.825179,29,29,197.085889913773,250.40339074259,-0.999345569202104,0.0361722727530705,-0.162960219309642
62.875179,29,29,196.831047515337,251.211459025495,-0.999347665882396,0.0361143004280562,-0.135935966396095
62.925179,29,29,196.519262153654,252.027641695911,-0.999326717954004,0.0366893824325054,-0.0429734994810129
62.975179,29,29,196.436193138843,252.854013545383,-0.999356199658719,0.0358773773244757,-0.186779118505405
63.025179,29,29,196.20670353376,253.655324390813,-0.996886747295197,0.0788467695419582,0.250985598825088
63.075179,29,29,195.960669834846,254.097530107774,-0.995030147063321,0.0995741253295584,0.495275133789994
63.125179,29,29,195.854668025855,254.202168818443,-0.996886747295197,0.0788467695419582,0.152800607979681
63.175179,29,29,195.620548169421,254.128816208373,-0.996886747295197,0.0788467695419582,0.139589671763189
63.225179,29,29,195.282474054817,254.225762613577,-0.996886747295197,0.0788467695419582,0.247006688113701
63.275179,29,29,195.112914413216,254.060478538771,-0.996886747295197,0.0788467695419582,0.169353940791499
63.375179,29,29,194.542075453969,254.268072780577,-0.996886747295197,0.0788467695419582,0.29837326481708
63.425179,29,29,194.377414283148,254.846813007583,-0.997311562980838,0.07327787077091,0.22964823787152
62.275179,30,30,339.858673283162,201.549301649456,0.742676324054933,0.669650563867643,-1.08085616957478
62.325179,30,30,340.549271455966,201.401052766066,0.787462193463008,0.616362956273678,-0.510510221302366
62.375179,30,30,340.775236265209,201.811756334607,0.787462193463008,0.616362956273678,-0.230782779375607
62.425179,30,30,340.69857688704,202.43844147397,0.787462193463008,0.616362956273678,-0.0565420661431126
62.475179,30,30,340.77326149449,202.467989570144,0.787462193463008,0.616362956273678,-0.13147621982545
62.525179,30,30,340.902534932817,202.238780262918,0.787462193463008,0.616362956273678,-0.323206290783496
62.575179,30,30,341.783465252976,201.859322493536,0.787462193463008,0.616362956273678,-0.0159313305009925
62.625179,30,30,342.220040745511,201.915347135105,0.787462193463008,0.616362956273678,0.209562808858878
62.675179,30,30,342.096767160377,202.342695236753,0.787462193463008,0.616362956273678,0.222788929498158
62.725179,30,30,342.787985928497,201.629079685608,0.787462193463008,0.616362956273678,0.173876570438749
62.775179,30,30,342.417567654674,201.628327592897,0.879981049034667,0.475008792907928,0.375617760565123
62.825179,30,30,342.288358645616,202.175708274174,0.879981049034667,0.475008792907928,0.343114717652976
62.875179,30,30,342.158231201715,203.011145282911,0.879981049034667,0.475008792907928,0.446308631969369
62.975179,30,30,342.519695704259,202.800074129369,0.879981049034667,0.475008792907928,0.30491007202903
63.025179,30,30,342.595517797849,202.53119050006,0.879981049034667,0.475008792907928,0.0638391529655837
63.075179,30,30,342.626896088955,203.01853342313,0.822269050638539,0.569098944263646,-0.0664335482275527
63.125179,30,30,342.587544410026,203.976985254352,0.472714282876274,0.881215754945842,-0.171838047405893
63.175179,30,30,342.42147136501,204.936615095666,-0.00581625318775719,0.999983085456377,0.387871644923992
63.225179,30,30,342.476799870763,205.42593756872,0.17896977602249,0.983854572216067,0.934063408975868
63.275179,30,30,342.49840686168,205.929051257453,0.985269224396545,-0.171010395757187,-0.248648366976931
63.425179,30,30,342.985100363868,206.300968065419,0.977279108334934,-0.21195646820061,-0.592648566376049
61.175179,31,31,293.845643350041,212.269307569002,0.289685381513793,0.957121925220193,2.57648772341671
61.225179,31,31,294.118138788932,211.967132954957,0.584084218791102,0.811693061051521,0.543499507287669
61.275179,31,31,294.773551033076,211.284132996726,0.584084218791102,0.811693061051521,0.348078666450276
61.325179,31,31,295.179357581265,210.952269966461,0.584084218791102,0.811693061051521,0.291190486118121
61.375179,31,31,295.639390003001,210.544297490468,0.584084218791102,0.811693061051521,0.203504707371647
61.425179,31,31,295.555533859669,210.789777744799,0.774245846708316,0.632884957045847,-0.667975030659307
61.475179,31,31,295.599912564227,210.659747293217,0.584084218791102,0.811693061051521,0.221606437759106
61.775179,31,31,297.138478197444,209.84514503599,0.992168728953534,0.124904816907629,-1.30036187193516
61.825179,31,31,297.692494291631,209.73172367647,0.987654898569422,0.156645463808642,-0.752582774880345
61.875179,31,31,298.310501589217,209.319179780992,0.992168728953534,0.124904816907629,-0.271016402726778
61.925179,31,31,299.234966645215,208.186195406808,0.992168728953534,0.124904816907629,0.468508598972734
61.975179,31,31,299.746860507012,207.126115113078,0.992168728953534,0.124904816907629,0.80627492848943
62.025179,31,31,299.134150840089,207.039072517236,0.992168728953534,0.124904816907629,0.148255652060493
62.075179,31,31,299.310474946895,207.274249441849,0.992168728953534,0.124904816907629,0.311809844437137
62.125179,31,31,299.584515460238,206.844182660944,0.992168728953534,0.124904816907628,0.48769348181388
62.175179,31,31,299.686711541158,206.205350208562,0.992168728953534,0.124904816907629,0.46547144417017
62.375179,31,31,301.423902560657,205.306231615387,0.256200192155842,0.966623743521392,-2.58979288026781
63.125179,31,31,305.740500154649,199.406870722331,0.850780365219078,0.525521426925385,-0.0584764822994206
63.425179,31,31,306.505145240544,198.269248446522,0.850780365219078,0.525521426925385,-0.42995590592608
63.475179,31,31,306.300482778662,198.567516088162,0.850780365219078,0.525521426925385,-0.52226113653516
62.075179,32,32,204.369544758035,218.431297506919,-0.998881462419559,0.0472845009972856,-0.280224314952926
62.125179,32,32,204.050951503801,218.216544337941,-0.99972298335047,-0.0235362817971731,-0.271539610580712
62.175179,32,32,203.756893299702,218.127471320284,-0.999349340981674,-0.0360679175929663,-0.230586019592034
62.225179,32,32,203.335723759002,218.191631637321,-0.998881462419559,0.0472845009972856,-0.0287625293771189
62.275179,32,32,202.995001953715,217.758968065826,-0.999929391819912,0.0118832392326502,0.0468351280090938
62.325179,32,32,202.757676856961,217.508985489532,-0.999892015843341,0.0146954636789718,0.0354683743885739
62.375179,32,32,202.447317557532,218.211053083941,-0.998881462419559,0.0472845009972856,0.118099108275758
62.475179,32,32,202.025407097236,217.928399588353,-0.999797577099422,0.0201197620792425,0.057594664183225
62.525179,32,32,201.823582368252,218.230001640611,-0.996427453242107,-0.0844531256108878,0.0477845432152834
62.575179,32,32,201.101834598218,218.678811373149,-0.998823025906144,-0.0485032258689485,0.519404078486125
62.725179,32,32,200.596796331744,218.877093123929,-0.999906750600695,0.0136561379298345,0.376725468777653
62.875179,32,32,199.802524270526,219.394325738896,-0.245532234683955,-0.969388426654199,-0.281612051894522
62.925179,32,32,199.907866825764,219.166351804631,-0.426609352681757,-0.904435990109003,-0.00632861555137873
62.975179,32,32,199.742855968738,218.946717199323,-0.999997800225641,0.00209750896989657,0.193482570718122
63.075179,32,32,199.626327358109,219.279387780074,0.469190449102944,-0.883097006262946,0.0553023270633761
63.125179,32,32,199.357747274852,218.961295168223,-0.999437860000224,-0.0335255723019463,0.0139675924227719
63.175179,32,32,199.45731399377,219.317489828975,0.23021977105508,-0.9731386627893,0.207653529742135
63.275179,32,32,199.207262156374,219.327693148827,-0.999048875425976,0.0436044092964497,-0.40932734087998
63.325179,32,32,198.515837531543,219.515174522595,-0.999048875425976,0.0436044092964497,0.111150992000695
63.475179,32,32,198.287912264111,219.737514396039,-0.999048875425976,0.0436044092964497,-0.164708877734345
60.025179,33,33,218.866706915064,284.533731972547,-0.999106012154661,0.0422750100698922,1.2416757047005
60.175179,33,33,217.937744869408,284.250544367297,-0.999053225095213,0.0435046368431493,0.7635985523061
60.275179,33,33,217.323842170736,284.327806597024,-0.99888634259561,0.0471812947677978,0.472186246650441
60.325179,33,33,217.269547034131,284.383696662197,-0.998965773146868,0.0454684954785278,0.0626944402799919
60.425179,33,33,216.438011806308,284.306827437545,-0.99888634259561,0.0471812947677978,-0.0159385204632247
60.625179,33,33,214.901439380573,284.596218598701,-0.999998647051966,0.00164496025395355,-0.398363367440881
60.725179,33,33,214.234607665747,284.933555790638,-0.999998647051966,0.00164496025395355,-0.597423775664499
60.825179,33,33,213.314723564089,285.120159436963,-0.99997765201465,-0.00668546716895062,-0.555248212488325
61.025179,33,33,211.995285134772,285.557582879173,-0.997725605252226,0.0674063544784864,-0.769127586288996
61.225179,33,33,210.731244937881,285.80475864123,-0.996709188922034,0.0810604263397414,-1.17934493010087
61.575179,33,33,207.817210647593,286.39283007638,-0.999300986446493,0.0373836660463512,-1.15245908213096
61.625179,33,33,207.257289488415,286.476107805224,-0.999835140850755,0.0181573984907002,-0.988150510976853
61.725179,33,33,206.225911396281,286.552104539312,-0.999995366328983,0.00304422741651767,-0.727081654843253
61.875179,33,33,204.428508041611,286.565827529224,-0.999992499292871,-0.00387315865883214,-0.0564400715443941
61.975179,33,33,203.018751370728,286.927098018988,-0.999931172598851,-0.0117324364514495,0.622001859951886
62.325179,33,33,200.278635032332,288.085133825632,-0.999922055085366,-0.0124853415595249,0.865568689460219
62.425179,33,33,199.378993264875,288.906308631961,-0.999922055085366,-0.012485341559525,1.07176679707733
62.525179,33,33,199.086420204448,289.551481644334,-0.999922055085366,-0.0124853415595249,0.685153206830339
62.575179,33,33,198.827886185149,289.76759956656,-0.999922055085366,-0.0124853415595249,0.609980228162804
62.625179,33,33,198.433733283266,289.864522819912,-0.999551788936793,-0.0299369543082952,0.6989709748266
62.725179,33,33,197.971627430681,290.147108432776,-0.999898316255144,-0.01426033485331,0.489852854383824
63.025179,33,33,195.994252649575,291.254424472853,-0.99317358382213,-0.116645756021836,0.788802187777517
63.125179,33,33,195.743331064099,292.178945321662,-0.99317358382213,-0.116645756021836,0.391010528338772
63.225179,33,33,195.45791846436,292.120596279525,-0.99317358382213,-0.116645756021836,0.155575401939793
63.275179,33,33,195.471361564037,291.840142248805,-0.99317358382213,-0.116645756021836,-0.082804819037081
63.325179,33,33,195.214754331516,292.574843667433,-0.99317358382213,-0.116645756021836,-0.167949982793238
63.425179,33,33,195.1261845355,293.253444643103,-0.99317358382213,-0.116645756021836,-0.657311126814609
63.475179,33,33,194.915992002176,293.623621655749,-0.994448510664446,-0.105224330063279,-0.757762868952461
63.525179,33,33,194.610356529853,293.747060596607,-0.99607418466278,-0.0885224189026643,-0.744588204266719
62.025179,34,34,353.369601529043,274.204034156687,0.991507904271234,0.130046436966437,-0.456309379718963
62.175179,34,34,354.020681705716,273.941277917325,0.983343529785805,0.18175671219626,-0.214492467531433
62.275179,34,34,354.505456432989,273.690624177508,0.98562665450032,0.168938148262926,-0.0576545823662743
62.325179,34,34,354.492620327298,273.416239919099,0.975969603264065,0.217906708259714,-0.242338259778392
62.375179,34,34,354.672401086119,273.375064812325,0.986352398696767,0.164647944369599,-0.217819550295342
62.425179,34,34,354.775969523489,273.667864155814,0.98562665450032,0.168938148262926,-0.20143979400529
62.475179,34,34,355.004145022352,273.567918778502,0.959200614496541,0.282726336144085,-0.0884767687086696
62.525179,34,34,355.290186709982,273.996054508035,0.974790815823826,0.223120741719634,0.129730357813036
62.575179,34,34,355.532922495338,273.872680920623,0.988218405913118,0.153050260419691,0.160222004034454
62.625179,34,34,355.73574793889,273.692048104927,0.976799560103643,0.214155596194283,0.222866613852475
62.675179,34,34,355.721273890675,273.820047876311,0.989394200040876,0.145255350763667,0.0585405364669395
62.725179,34,34,356.317845846336,273.650907614055,0.988218405913118,0.153050260419691,0.489080673119363
62.775179,34,34,356.371560988181,273.759239179995,0.98720509256294,0.159455652824843,0.423895502514214
62.825179,34,34,356.371228092266,273.812175358789,0.98720509256294,0.159455652824843,0.293845415386552
62.875179,34,34,356.540794849043,273.475104788443,0.986400151639565,0.164361616095252,0.270396722153732
62.925179,34,34,356.724297063583,273.87145713877,0.991277504381337,0.13179115792612,0.356278392922141
62.975179,34,34,356.787803504884,273.543369834373,0.984361376869972,0.176160948358749,0.25235128114984
63.275179,34,34,357.58421837207,273.116006826982,0.969386918447109,0.24553818917557,0.127476585410713
63.325179,34,34,357.526615565358,273.218210942079,0.946312216347561,0.323254062915483,-0.026559143627879
63.375179,34,34,357.496589993503,273.456046311554,0.946312216347561,0.323254062915483,-0.110647359601126
63.425179,34,34,357.461750099078,273.629408963477,0.931859315193696,0.36281981297434,-0.190846033834933
63.475179,34,34,357.283812370281,273.598205139138,0.91969724614336,0.392628291691161,-0.472101647044445
63.525179,34,34,357.274024925664,274.291245186535,0.910309299717342,0.413928712277999,-0.30150797773713
63.575179,34,34,357.349988230277,274.690320609252,0.915388989210249,0.402570488775118,-0.217952453968171
60.775179,35,35,338.568534008135,201.960561616617,0.69231790586529,0.721592625529322,-1.6055362262307
60.875179,35,35,338.876893411714,202.643398851614,0.69231790586529,0.721592625529322,-0.647806709683363
60.925179,35,35,338.89125523459,202.491907125286,0.69231790586529,0.721592625529322,-0.621850145076147
60.975179,35,35,338.274654629868,202.957132701163,0.69231790586529,0.721592625529322,-0.587991090074545
61.025179,35,35,338.510424128721,202.987549339955,0.69231790586529,0.721592625529322,-0.278067985856807
61.075179,35,35,337.936899880401,203.324645569648,0.69231790586529,0.721592625529322,-0.307430350161698
61.775179,35,35,335.588856382643,206.961006351885,0.230983824182661,-0.97295759052795,0.306518016299267
61.825179,35,35,335.314381660157,207.399270372711,0.230983824182661,-0.97295759052795,-0.0851024447723331
61.875179,35,35,335.387025887371,207.380141782515,0.230983824182661,-0.97295759052795,0.0483927004762175
61.925179,35,35,335.423088223538,207.213504525984,0.230983824182661,-0.97295759052795,0.316868818085393
62.325179,35,35,333.845713865264,206.831929557872,-0.581453395509847,0.813579712658858,-2.3705468194823
62.375179,35,35,332.111370451162,207.35483158022,0.0117256970084789,0.999931251651665,0.250159222623899
62.425179,35,35,330.726826925219,208.365822431546,0.985095856920373,0.172006257671967,1.23093744069229
62.475179,35,35,330.659399934217,208.327171385229,0.289539108106578,0.957166184566111,1.39809455417791
62.575179,35,35,329.400620233852,209.00214790703,-0.938035592172897,0.346538926842054,0.240113391017197
62.675179,35,35,327.543575566732,209.69841552861,-0.868453754322883,-0.495770185269838,-0.206253582967827
62.725179,35,35,326.989069405217,209.965703014156,-0.868453754322883,-0.495770185269838,-0.0190810207506691
62.775179,35,35,326.793282341016,210.071214446657,-0.828224310039473,-0.560396727559716,-0.283659325684261
62.825179,35,35,326.747602689303,210.110646903041,-0.827834571881518,-0.560972300205405,-0.419109360073034
62.875179,35,35,326.768812711859,210.10414727325,-0.826479451210809,-0.562966887770746,-0.588000376616318
63.225179,35,35,324.288237735889,210.142196594398,-0.298317263227669,-0.954466767603961,-1.49687741422461
63.675179,35,35,320.331732547323,211.887224821035,-0.722180914874575,-0.691704218717019,0.541504406471285
63.725179,35,35,319.687635689121,212.670470946716,0.812917514021891,-0.582378841817307,-6.16613733370835
61.025179,36,36,345.490759287599,236.142330930388,-0.362838849310681,0.931851903164286,-2.55155563004485
61.325179,36,36,345.556349182528,237.066544131573,-0.362838849310681,0.931851903164286,-1.1584291452512
61.375179,36,36,345.384285884385,237.342981698791,-0.362838849310681,0.931851903164286,-0.744373308345055
61.425179,36,36,345.338046858159,237.215044946943,-0.362838849310681,0.931851903164286,-0.752393575968844
61.475179,36,36,345.174325027832,237.975835847945,-0.362838849310681,0.931851903164286,0.110767797477113
61.525179,36,36,345.013559126281,238.004479431767,0.327068967041804,-0.945000471321685,-0.251059798164868
61.575179,36,36,344.984101354613,238.290510943529,0.214777561629022,-0.976662991528138,-0.478611444286488
61.625179,36,36,345.219006945757,237.999110440693,0.222859177843838,-0.974850648484561,-0.22057252772706
61.675179,36,36,345.835158210499,238.391640734084,0.327068967041804,-0.945000471321685,-0.614932326428755
61.725179,36,36,345.5240639896,238.167211221797,0.194206540430191,-0.980960661624174,-0.414801669914474
61.775179,36,36,346.190893055048,238.207446359804,0.251606829732063,-0.967829532114091,-0.438753499495189
61.825179,36,36,346.602912843156,238.569512374164,0.251606829732063,-0.967829532114091,-0.760751491245572
61.875179,36,36,346.758248214327,238.683681519755,0.259562580241098,-0.965726289866121,-0.912389258305158
61.975179,36,36,347.736666877741,238.6394515791,-0.695466704566926,0.718558322503344,0.682833408533326
62.075179,36,36,348.319216205159,238.212311016185,-0.695466704566926,0.718558322503344,0.297540637257988
62.125179,36,36,348.41980557977,237.877228775531,-0.695466704566926,0.718558322503344,0.150835067994393
62.175179,36,36,348.581546942737,237.68150570749,-0.695466704566926,0.718558322503345,0.0621565838216706
62.775179,36,36,350.594816412125,235.737540022542,0.969279507969858,-0.245961857672507,-0.294665621555326
62.825179,36,36,350.600692639132,235.213599156483,0.969279507969858,-0.245961857672507,-0.374711879227917
62.875179,36,36,351.04321274382,234.77585501201,0.969279507969858,-0.245961857672507,-0.0530343316314734
62.925179,36,36,351.277883486014,234.445407883671,0.969279507969858,-0.245961857672507,0.0404906267257099
62.975179,36,36,351.624502803096,234.589341043844,0.969279507969858,-0.245961857672507,0.125555682280206
63.025179,36,36,351.92560705206,234.549974798607,0.969279507969858,-0.245961857672507,0.21130626943503
63.075179,36,36,352.264836266351,234.526062650325,0.969279507969858,-0.245961857672507,0.329934715753274
63.425179,36,36,353.933732857617,234.024980520463,0.986110691588382,-0.166089445586053,0.302984784730419
63.525179,36,36,354.193009199916,233.546247684757,0.983414255616505,-0.181373652580068,0.253921185617854
63.725179,36,36,355.067676788996,234.026175871974,0.983414255616505,-0.181373652580068,0.148279584448705
60.025179,37,37,218.740915293763,254.342548929201,-0.999901536099788,-0.0140327511659235,1.08890695859008
60.075179,37,37,218.56084193716,254.422676300125,-0.999854165120752,-0.0170777191300568,0.828311373686841
60.125179,37,37,218.144976220373,254.220427677851,-0.999788333202897,-0.0205739833618464,0.811243599273733
60.175179,37,37,217.78512816313,254.572452669496,-0.999901536099788,-0.0140327511659235,0.743743331763517
60.225179,37,37,217.481018169793,254.818783953243,-0.99987575168505,-0.0157632862137038,0.613411991622973
60.275179,37,37,217.123231825437,254.880888234663,-0.909413903974126,0.415892235150572,1.07682333163171
60.325179,37,37,216.713799469024,254.852782207097,-0.754886575405002,0.655855363836653,1.16571392701656
60.375179,37,37,216.406919694461,254.879363742657,-0.721680898936888,0.692225888066637,0.999307833548045
60.425179,37,37,216.05611053724,254.918567600732,-0.721680898936888,0.692225888066637,0.851305442920517
60.475179,37,37,215.700378390734,255.102363995717,-0.721680898936888,0.692225888066637,0.808409047069244
60.525179,37,37,215.365764708001,255.008020997274,-0.999402573226948,-0.0345614905256473,0.190529182564721
60.575179,37,37,214.917873537248,255.036397455683,-0.994954120138645,-0.100330946467854,0.197869725988184
60.625179,37,37,214.576884628537,255.17655723443,-0.995964558517928,-0.0897474132005376,0.133853464584599
60.675179,37,37,214.291969976716,255.416584794319,-0.995964558517928,-0.0897474132005376,0.0023940730162964
60.725179,37,37,213.851820146231,255.222901534234,-0.994954120138645,-0.100330946467854,0.0657345927478034
60.775179,37,37,213.577076174738,255.5589825998,-0.979393567022242,-0.201960988498891,-0.105324813185246
60.825179,37,37,213.282527026607,255.591686803853,-0.982708443666268,-0.185159700656005,-0.182380078574208
60.875179,37,37,212.855178598982,255.673455298244,-0.969593435833255,-0.244721411382543,-0.137699211556351
60.925179,37,37,212.503786568146,255.474587867143,-0.993618899736236,-0.112789547773506,-0.146778667428832
60.975179,37,37,212.189577154106,255.450923301228,-0.979393567022242,-0.201960988498891,-0.150779051426271
61.025179,37,37,211.728269897373,255.345980620915,-0.999863041408496,-0.0165498768984087,-0.193691991033877
61.075179,37,37,211.345351035138,255.478961908584,-0.999585600848449,-0.0287858745992853,-0.191559333183758
61.125179,37,37,211.173419975402,255.726674252411,-0.998688984454692,-0.0511889864019124,-0.392518272641637
61.175179,37,37,210.818042266688,255.482856280919,-0.996848595873858,-0.0793276553562361,-0.366729226642866
61.225179,37,37,210.423523975365,255.611424637495,-0.999760508341326,-0.021884377100897,-0.431024984791382
61.275179,37,37,210.064512991827,255.422528379922,-0.999659968718584,-0.0260757922518312,-0.43984803142318
61.325179,37,37,209.814591641081,255.617302226093,-0.999965656841597,-0.00828764968821449,-0.6008788767177
61.375179,37,37,209.328891530206,255.613894586977,-0.999831486697878,-0.0183575109290525,-0.47290148010886
61.425179,37,37,209.219540958491,255.345872099595,-0.999436511931412,-0.0335657357788148,-0.695348005891444
61.475179,37,37,208.883546754238,255.550124928664,-0.999798772367951,-0.0200602784511409,-0.764306245347427
61.575179,37,37,208.205522742327,255.489068265719,-0.996439338924949,-0.0843127739005793,-0.638902854645166
61.625179,37,37,207.979908581933,255.763516474393,-0.99724779508231,-0.0741406447467968,-0.81332552159283
61.675179,37,37,207.60538010597,255.625223498529,-0.990943760121262,-0.134277564308919,-0.594780580268113
61.725179,37,37,207.004828845216,255.630251967033,-0.999884917599662,-0.0151707467422714,-0.710322747087463
61.775179,37,37,206.314107914641,255.815603707544,-0.963021327330224,-0.269425171628662,0.429366202498178
61.825179,37,37,205.696653937693,255.852915170958,-0.990197240867553,-0.139676140332863,0.294786974671679
61.875179,37,37,204.95950032396,256.222342884728,-0.991346615143121,-0.131270288505349,0.624555777333221
61.925179,37,37,204.379909492148,256.537287385949,-0.982087763179309,-0.188424057416939,0.998944027549749
61.975179,37,37,204.038010030807,256.952601443041,-0.977776554464476,-0.209649730597435,1.00589492894918
62.075179,37,37,204.097810367991,257.313937917491,-0.995734006521271,-0.0922701915956434,-0.0435775626805069
62.125179,37,37,204.470699077718,257.123370639858,-0.995983608600726,-0.0895357548618172,-0.725658830904771
62.175179,37,37,204.590176211907,256.894131863277,-0.974171175895278,-0.225810805885836,-0.634901580878428
62.225179,37,37,204.459073798801,256.775736629039,-0.989531916167798,-0.144314195023517,-1.09695624624104
62.275179,37,37,204.230962894489,257.213752010328,-0.993359308144018,-0.115053400313236,-1.34404750783876
62.325179,37,37,203.925422312037,256.85720039924,-0.990804898543098,-0.13529838514558,-1.21591155057207
62.375179,37,37,203.370050147755,256.554651124535,-0.999089677629686,-0.0426593020783282,-1.3550679606351
62.425179,37,37,203.279777171572,257.120390703466,-0.993845055702346,-0.110779083115907,-1.3081866739119
62.475179,37,37,202.871394603042,256.479199915166,-0.999636160539358,-0.0269730706841276,-1.55472866722753
62.525179,37,37,202.452503059987,256.784805538543,-0.999865224644643,-0.016417446400604,-1.50543212350958
62.575179,37,37,201.776314284347,256.911479063067,-0.999420310621798,0.0340447164275037,-1.38769999554492
62.625179,37,37,201.018669105852,257.211546768565,-0.998354769626229,0.0573389393393312,-1.04578346078418
62.675179,37,37,199.980694513541,257.702619501696,-0.991717787565574,0.128436092380777,-0.61596933168991
62.725179,37,37,199.20699160649,258.108922146474,-0.991989306944856,0.126321870264276,-0.110414486673941
63.075179,37,37,195.24974005102,258.273108019654,-0.969163864265766,0.246417134553277,0.964713656592031
63.125179,37,37,195.373052157956,257.812506138726,-0.977085636232087,0.212846563206782,0.636728457457495
63.175179,37,37,195.292832630797,257.827560949752,-0.97621534510995,0.216803136443783,0.38671916858808
63.225179,37,37,195.184674970924,257.912420578344,-0.97457698033731,0.224052916509942,0.15972879660475
63.275179,37,37,195.006201952599,258.330447456714,-0.996130937313075,0.0878814868318334,0.983714249390433
63.325179,37,37,194.778120304627,258.212741314202,-0.998065525551989,0.0621707865852727,1.08877885033197
63.375179,37,37,194.696319868076,258.558972032707,-0.995067943736294,0.0991957022679076,0.688675388395034
63.425179,37,37,194.61604385688,258.77802778287,-0.993101482510312,0.117258029302135,0.404180848900679
63.475179,37,37,194.416939311729,258.701176499903,-0.99600592093845,0.0892872076814505,0.50307823237342
63.525179,37,37,194.101610149572,258.735043652982,-0.997425610459676,0.0717087972228205,0.672704223266294
63.575179,37,37,193.866525981082,258.784334175328,-0.998211395377465,0.0597830255053665,0.733413323510298
63.625179,37,37,193.603068351491,258.683239520433,-0.998426154949904,0.0560821995997859,0.763996652824864
63.675179,37,37,193.436803761769,258.649663469671,-0.999097432478014,0.0424772929438903,0.778374672361311
63.725179,37,37,193.147542445358,258.66352012007,-0.999097432478014,0.0424772929438903,0.825700244546056
63.775179,37,37,193.018611648492,258.689906040484,-0.995250697619947,0.097344999291224,0.301305971904309
62.125179,38,38,338.0580815289,207.347958012877,0.230983824182661,-0.97295759052795,1.07733763963382
62.175179,38,38,338.071930354449,207.748004696466,0.230983824182661,-0.97295759052795,0.63679853435175
62.225179,38,38,338.076042400401,207.950706758274,0.230983824182661,-0.97295759052795,0.385745713358443
62.275179,38,38,338.226631154008,208.407068742781,-0.581453395509846,0.813579712658858,0.354734516318081
62.325179,38,38,338.341228803172,208.684664147979,-0.581453395509846,0.813579712658858,0.621311399298478
62.375179,38,38,338.638879604656,208.24286127395,-0.581453395509846,0.813579712658858,0.196579109296832
62.425179,38,38,338.695020612829,208.682633896359,-0.581453395509846,0.813579712658858,0.629917651154894
62.475179,38,38,338.821622737616,209.15759582027,-0.581453395509846,0.813579712658858,1.05132447644797
62.525179,38,38,339.009127265162,209.261717464846,0.871880381271341,0.489718899731408,-0.236988895402582
62.575179,38,38,339.31065428115,209.633440365268,0.984863727387681,0.173330431477114,-0.385959038372555
62.625179,38,38,339.72023684978,210.16299883559,0.991343703061611,0.13129227852426,-0.123070764290091
62.675179,38,38,340.611834624203,210.558541296529,0.991343703061611,0.13129227852426,0.656128317265205
62.725179,38,38,341.11836677623,210.924112636925,0.991343703061611,0.13129227852426,1.04922659546363
62.775179,38,38,340.99115460906,210.417458919279,0.991343703061611,0.13129227852426,0.699121684552767
62.825179,38,38,341.083583102066,210.045187182078,0.991343703061611,0.13129227852426,0.583976277600286
62.875179,38,38,340.835784894373,209.887142009318,0.991343703061611,0.13129227852426,0.159257527664021
62.925179,38,38,340.8875486052,209.848088683915,0.991343703061611,0.13129227852426,0.0467174515597205
62.975179,38,38,341.164447935824,210.206055318153,0.991343703061611,0.13129227852426,0.20908215410953
63.275179,38,38,341.959872040321,209.62383034515,0.977279108334934,-0.21195646820061,-0.567126073248548
63.325179,38,38,342.195211368661,209.136647984698,0.977279108334934,-0.21195646820061,-0.401122556108683
63.375179,38,38,342.065150610978,209.009835594965,0.977279108334934,-0.21195646820061,-0.669010771541296
63.425179,38,38,342.244928412176,208.820495636365,0.977279108334934,-0.21195646820061,-0.62125284555046
63.475179,38,38,342.789317690295,207.76692471603,0.977279108334934,-0.21195646820061,-0.034388724481216
63.525179,38,38,343.236492438164,206.927159792437,0.991760831965955,-0.128103287148289,0.327196135416812
63.575179,38,38,343.443850635606,206.788889885375,0.916174176641351,-0.400780336413281,0.678626806195792
63.625179,38,38,343.582704333994,207.000889569364,-0.326871682591127,-0.945068729310226,0.804117118422865
63.675179,38,38,343.755043732016,206.978298299703,0.931446646910367,-0.363877924528863,0.529114892471059
63.725179,38,38,344.034284440597,206.528802997202,0.978847320692137,0.204592088737139,0.036182269053557
63.825179,38,38,344.246554146826,206.351861388488,0.978847320692137,0.204592088737139,-0.114703880801366
63.875179,38,38,344.238109493148,206.859956395015,0.978847320692137,0.204592088737139,-0.180700092312036
60.075179,39,39,281.084047809997,230.261077596468,0.887743629649205,-0.460338188745247,-1.39942315177751
60.125179,39,39,281.527142260774,230.199166952134,0.938186649549854,-0.346129759781531,-0.00888726860369093
60.225179,39,39,282.244899590009,230.317713371788,0.922777802815303,-0.385332488419237,-0.305534147071057
60.275179,39,39,282.161102701648,230.024066960908,0.958442660067965,-0.28528523859787,0.481741199201147
60.375179,39,39,282.42694346374,229.943030225304,0.952576756366926,-0.304298411480354,0.0337066422745527
60.475179,39,39,282.791731766273,229.400074218066,0.972796800765272,-0.231660062205061,0.659312246361759
60.525179,39,39,282.775567330079,229.380990045569,0.942301421662128,-0.334765635532581,-0.569635160981794
60.575179,39,39,282.588379087701,228.635238727602,0.942301421662128,-0.334765635532581,-0.775355110961214
60.725179,39,39,283.114306007668,228.137314930794,0.942301421662128,-0.334765635532581,-0.967252626066827
60.875179,39,39,283.856937004217,227.560494941094,0.95659979388146,-0.291404931917682,-0.647285990282265
60.925179,39,39,284.407718297819,227.533008268899,0.965867025327964,-0.259038393648724,-0.186015549102662
61.575179,39,39,287.202654069524,224.139466150437,0.999514564990837,0.0311550055557314,0.185723163105763
61.625179,39,39,287.528025060928,223.003120812272,0.999243118434874,-0.0388997462787069,-0.0412592405701555
61.675179,39,39,288.071599202571,222.157149554802,0.993119565835088,0.117104773410511,0.424506390797497
61.725179,39,39,288.556659487826,221.398995683017,0.978855928429181,0.204550901682311,0.535215786280534
61.775179,39,39,289.292762814928,220.433460486797,0.945762968585323,0.324857518387179,0.675966605334489
61.825179,39,39,289.588556198088,219.705976831888,0.920978967591867,0.389612296075751,0.317945646927521
61.875179,39,39,290.210815567059,219.25039322424,0.932529813582824,0.361092989102785,0.435303160661724
61.925179,39,39,290.664588869041,218.78103827032,0.917160505097413,0.398518014510585,0.279256015139171
61.975179,39,39,290.916542197508,218.800179656914,0.939261689192224,0.343201805379531,0.300843380707491
62.025179,39,39,291.307040252708,219.219345698078,0.894473590781277,0.447120783899438,0.309015474773407
62.075179,39,39,291.603347944606,218.97623625352,0.850226749106123,0.526416636424451,-0.00349997303690752
62.125179,39,39,291.797213221237,219.204955641443,0.894473590781277,0.447120783899438,0.0962212080278448
62.175179,39,39,292.182666375831,219.459695400403,0.894473590781277,0.447120783899438,0.22935919008068
62.225179,39,39,292.532141627349,219.687665072739,0.65617298680796,0.754610503096479,-0.0143848866693335
62.275179,39,39,292.744763458313,219.975142371844,-0.0507554547758748,0.998711111288191,-0.280632926538825
62.325179,39,39,292.913030351306,220.036643369858,-0.529335847281178,0.848412376608874,-0.27003127816553
62.375179,39,39,292.994218818353,219.928627068258,-0.716088168714887,0.698009838488369,-0.122615266135393
62.425179,39,39,293.297498824033,219.880718639996,-0.403434647411235,0.915008461856049,-0.167963556977761
62.475179,39,39,293.4290781432,219.897388110928,-0.0522858914113569,0.99863215728281,-0.175006574152665
62.525179,39,39,294.047971949081,220.153691135419,0.760154058847407,0.649742877466012,-0.0833198656756969
62.575179,39,39,294.731557444531,219.898755393128,0.769623823190014,0.638497588702093,-0.00776650837286383
62.625179,39,39,295.354802316779,219.764170604529,0.866158852078221,0.499768789508247,0.1601346015366
62.675179,39,39,295.921611507843,219.738471082157,0.87423341803322,0.485505850421962,0.312581687836554
62.725179,39,39,296.372692293636,219.613776625873,0.825452382988899,0.564471756085234,0.259847790974742
62.775179,39,39,296.934211879631,219.386493519716,-0.0468644634375098,0.998901257415724,-0.512844653542311
62.825179,39,39,297.53424118412,218.895310975639,-0.246159555886525,0.969229319122028,-1.1149122677466
62.875179,39,39,297.712013578882,219.118304411356,-0.517113465597773,0.855916855598405,-0.891901464883033
62.925179,39,39,297.966014163465,219.443227388483,-0.189351115092389,0.981909443489199,-0.384223799064096
62.975179,39,39,298.344623303455,219.04275361752,-0.517113465597773,0.855916855598405,-0.779209656175752
63.075179,39,39,299.362673865867,218.652517415972,0.914053625773769,0.405593354494161,0.136101703271716
63.125179,39,39,299.320209630682,218.701626780844,0.914053625773769,0.405593354494161,-0.25638486848921
63.225179,39,39,300.120483253292,218.824956761158,0.914053625773769,0.405593354494161,-0.227919943703274
63.275179,39,39,300.488740238374,218.412391421682,0.914053625773769,0.405593354494161,-0.438082762985966
63.625179,39,39,302.957413112867,217.126412538733,0.999622339210198,-0.0274805194989447,-0.610671258266088
63.775179,39,39,303.848285176316,216.029891963971,0.953070509075011,-0.302748418214694,-0.203083110998684
63.825179,39,39,303.957014406301,215.33765446411,0.987072544295692,-0.160274116118697,-0.903632760658751
63.925179,39,39,304.335613467119,215.260245666703,0.966853145350476,-0.255333106599775,-1.07256811682672
60.025179,40,40,218.319702418843,224.720310990053,-0.999777573144018,0.0210903826010218,0.104837934521161
60.075179,40,40,217.919333273632,224.827311748434,-0.999777573144018,0.0210903826010218,0.115047661060024
60.125179,40,40,217.588498010717,224.965227816977,-0.999781656162518,0.0208959326408974,0.0577258132286347
60.175179,40,40,217.187684165518,224.866616193824,-0.999777573144018,0.0210903826010218,0.0692634218438924
60.225179,40,40,216.806151908739,224.837667127966,-0.999783052671526,0.0208290083970437,0.0633216856632395
60.275179,40,40,216.470916184364,224.760192976585,-0.999965670116384,0.00828604783301221,-0.0340931868694637
60.325179,40,40,216.056059397547,224.620749620304,-0.999973026870078,0.00734476223541434,-0.00356176679084308
60.375179,40,40,215.747843455268,224.85855537965,-0.99998913645062,0.00466122094986832,-0.0808661569235448
60.425179,40,40,215.417438877819,224.93221785206,-0.999996873288413,0.00250068258640145,-0.132790688004123
60.475179,40,40,215.0711181935,224.705307641992,-0.999998179194085,0.00190829990172843,-0.161300481521624
60.525179,40,40,214.663306146941,225.029003579178,-0.999631886127168,0.0271310198451973,-0.0352257418793514
60.575179,40,40,214.365128587672,224.751604024634,-0.999529740068362,0.0306642906142166,-0.104193840468804
60.625179,40,40,213.91758082606,224.817243970544,-0.999590819120952,0.0286040963693083,-0.0295072309799795
60.675179,40,40,213.567192931072,224.880338283429,-0.999596582290368,0.0284019836176164,-0.0438896738684331
60.725179,40,40,213.167117423267,225.022260420848,-0.999702989462266,0.0243707377854965,-0.0154684159059509
60.775179,40,40,212.556951413949,224.77244830017,-0.999546081141054,0.0301269260888202,0.242996136352713
60.825179,40,40,212.195353651881,224.786240204485,-0.999621528824511,0.0275099820164987,0.239467643579638
60.875179,40,40,211.724745050851,224.875118443371,-0.99966420226168,0.0259129835510964,0.352313719485747
60.925179,40,40,211.614425745782,224.827104740362,-0.999692602520467,0.024793153608533,0.105325306505635
60.975179,40,40,211.251730167709,224.833320624581,-0.999744717930264,0.0225942242738311,0.1123489469173
61.025179,40,40,211.092224112334,224.737194678992,-0.999981719795503,0.00604649277091665,-0.111993851282814
61.075179,40,40,210.660780672867,224.973937912024,-0.999985395841524,0.00540445220810009,-0.0242383474137063
61.125179,40,40,210.408414920371,224.952222057388,-0.999982921465488,0.00584437997969551,-0.112226957837018
61.175179,40,40,210.167061261639,224.744759780729,-0.999984324467231,0.00559918028078679,-0.211115706533629
61.225179,40,40,209.645424209477,224.779466808255,-0.999978271568369,0.00659214617087332,-0.0236935985148653
61.275179,40,40,209.462980163182,224.933566658156,-0.999937406222805,0.0111885493433706,-0.166137333919149
61.325179,40,40,209.164961897719,224.825853158367,-0.999941431724449,0.0108228055908941,-0.201273137630384
61.375179,40,40,208.82425756113,224.88790837172,-0.999954460086164,0.00954346654983423,-0.190416545067598
61.425179,40,40,208.428654476015,224.918143012778,-0.999954460086164,0.00954346654983423,-0.120470157531042
61.475179,40,40,208.165075931352,224.912969298609,-0.999948755456698,0.0101235596802996,-0.179513100398153
61.525179,40,40,207.750373554448,224.920824227475,-0.999736983649136,0.0229338946567766,-0.071502154040882
61.575179,40,40,207.406484458798,224.611793075322,-0.999715677016416,0.0238446037419357,-0.0534453987576599
61.625179,40,40,207.159007290153,224.34259979987,-0.999709989386126,0.0240818836803131,-0.12899935938005
61.675179,40,40,206.759082216021,224.319922495643,-0.999715533093278,0.0238506371408287,-0.0436401096489652
61.725179,40,40,206.403092194864,224.462283031225,-0.999718676413129,0.0237185166226933,0.00455933285310063
61.775179,40,40,206.237099983696,224.188641863396,-0.999708129346653,0.0241589759347331,-0.144317753266652
61.825179,40,40,205.898724470174,224.061219622377,-0.999709192969604,0.0241149226012333,-0.114561058000405
61.875179,40,40,205.629323044769,223.870391176514,-0.999708129346653,0.0241589759347331,-0.152481420718873
61.925179,40,40,205.201660319914,223.311201207428,-0.999731428441306,0.0231747920531435,-0.0368042623308536
61.975179,40,40,205.065382064841,223.749810207986,-0.999718676413129,0.0237185166226933,-0.187739545187866
62.025179,40,40,204.718225253652,223.584045648187,-0.999728658862605,0.0232939616376729,-0.137931887535979
62.075179,40,40,204.190082652843,223.72828300158,-0.999780328143856,0.0209593763400656,0.105610934300967
62.125179,40,40,203.771469217145,223.485192648149,-0.999835423480099,0.0181418288596211,0.236055120759354
62.175179,40,40,203.594949241693,223.439519840438,-0.999746482521914,0.0225160095279048,0.119229456765258
62.225179,40,40,203.399406833815,223.459011741722,-0.999680054408758,0.0252940470724216,0.0279107205076868
62.275179,40,40,203.210091057754,223.270742770117,-0.999172339351827,0.0406772205810227,-0.100865030906682
62.325179,40,40,202.977679273604,223.489977921309,-0.999139325559057,0.0414802136131475,-0.139056253856306
62.375179,40,40,202.500799170504,223.331996584138,-0.999317250401869,0.0369463536664718,0.0669886062751621
62.425179,40,40,202.381380859579,223.819333479723,-0.999517132130106,0.0310725373667517,-0.0550957813321569
62.475179,40,40,202.147494246173,223.66589125553,-0.999172339351827,0.0406772205810227,-0.115123071186486
62.525179,40,40,201.895611684983,223.816015293111,-0.999895256457989,0.0144732896333759,-0.0647787790704755
62.575179,40,40,201.520394476824,223.691900912238,-0.999609983223871,0.0279263574275822,0.0163291201165524
62.625179,40,40,200.951898826042,223.493427513767,-0.999880525600711,0.0154575070579128,0.355691469952055
62.675179,40,40,200.410680338682,223.638743745237,-0.999700428879692,0.0244755489777054,0.621420314699625
62.725179,40,40,200.458928362498,223.333468183186,-0.999763308072085,0.0217560987486356,0.323323955667423
62.775179,40,40,200.160845165948,223.798618145046,-0.999712228069434,0.0239887692149429,0.377938868916161
62.875179,40,40,199.676499252228,223.569176587273,-0.999378648123353,0.0352465271358587,0.335300246013346
62.925179,40,40,199.15272915207,223.778020476726,-0.99907904554908,0.0429075837671991,0.603501607492851
62.975179,40,40,199.402996081132,224.214879882321,-0.998888925671413,0.0471265760586302,0.124420192486562
63.025179,40,40,199.237587533594,224.52627424597,-0.999135001130808,0.0415842459994173,0.0852767886441132
63.075179,40,40,199.290987686606,224.176595417365,-0.999135001130808,0.0415842459994173,-0.211873490646971
63.125179,40,40,199.073858704036,224.729132442996,-0.999096804990204,0.0424920493547532,-0.200093486938309
63.175179,40,40,198.682843925629,224.377939182701,-0.999231002576386,0.0392097371859295,-0.0369920672654667
63.225179,40,40,198.688355056363,224.502302017216,-0.999159864303764,0.0409825031505309,-0.261580646794443
63.275179,40,40,198.445541731155,224.986188292544,-0.999277183043338,0.0380146215155613,-0.206846877681906
63.375179,40,40,197.800602498592,225.355611462041,-0.999343553713433,0.0362279126007383,0.0363771639493648
63.425179,40,40,197.83898286225,225.341390084868,-0.999185381845259,0.0403555783844554,-0.217236241676884
63.525179,40,40,197.434503903015,225.3931182522,-0.999311065310405,0.0371132691659486,-0.200904731548469
63.775179,40,40,196.432892172433,225.647366662257,-0.999846276200425,0.0175335098637691,-0.0643550784218594
63.825179,40,40,196.154124509456,226.312150477131,-0.999846276200425,0.0175335098637691,0.0528556735754606
63.975179,40,40,195.728450272004,226.860485993567,-0.999871573205685,0.0160261378749843,-0.00547541218903371
60.025179,41,41,218.82530234216,249.019421772687,-0.999982131045411,0.00597809249496905,-0.0180800268495914
60.075179,41,41,218.413331503924,249.28493478543,-0.999999943889892,0.000334992853939295,-0.0111095161053756
60.125179,41,41,217.99573829459,249.53984906131,-0.999993549704249,0.00359173355013122,0.0361795746134481
60.175179,41,41,217.635355038897,249.831988278505,-0.999992458076562,0.003883785523989,0.0178532293166411
60.225179,41,41,217.351814587888,250.150077435398,-0.99999854813043,-0.00170403551396082,-0.0987509667941376
60.275179,41,41,216.999149852022,250.163515888999,-0.99900309429271,0.0446409855804057,0.0605430800516048
60.325179,41,41,216.620764786079,250.191664471017,-0.996691049498607,0.0812831584608156,0.199207755286355
60.375179,41,41,216.280856044735,250.30722937364,-0.992455289251587,0.122607091297969,0.320645464094211
60.425179,41,41,215.796158134941,250.242270851072,-0.998342556209506,0.0575511986067204,0.178594446044457
60.475179,41,41,215.663148012549,250.232514927913,-0.994751723290851,0.102318175364308,0.087815052821941
60.525179,41,41,215.207176153242,250.249073256961,-0.999653046289626,0.0263398375824854,-0.0807927721258325
60.575179,41,41,214.715646962285,249.978130410355,-0.999638022475617,0.02690397779209,0.0396426498938062
60.625179,41,41,214.440973000282,250.157862366021,-0.999666100009314,0.0258396689639659,-0.0469452695284265
60.675179,41,41,214.043701872951,250.286323166644,-0.999644868856884,0.0266483802153879,-0.0045888381883543
60.725179,41,41,213.677774317552,249.914009730639,-0.999641038395761,0.0267916844383566,-0.00637451926637792
60.775179,41,41,213.355433752147,249.916322371188,-0.999638022475617,0.02690397779209,-0.0393447366188907
60.825179,41,41,212.982163122564,250.134209700382,-0.999646129666037,0.0266010421546351,-0.013982225541369
60.875179,41,41,212.637919714628,250.054729641568,-0.999646129666037,0.0266010421546351,-0.0223554850321523
60.925179,41,41,212.419763770945,250.156772458657,-0.998508703654335,0.0545927534251479,-0.096629636680832
60.975179,41,41,212.082821542523,250.246940662879,-0.999676954014359,0.0254162863647207,-0.15751566810859
61.025179,41,41,211.671963143759,250.170013631161,-0.999767305894592,0.0215716031919333,-0.0972420016145393
61.075179,41,41,211.367799416213,250.231888646043,-0.99979004621353,0.0204905708155486,-0.132641611601236
61.125179,41,41,211.019647210682,250.079703543203,-0.999732885086505,0.0231118687390977,-0.121013095749743
61.175179,41,41,210.728037383051,250.028990293466,-0.999744060447674,0.0226232977171144,-0.165255043909013
61.225179,41,41,210.356497348146,250.012513662012,-0.999761076053863,0.0218584264671883,-0.126152195926416
61.275179,41,41,210.054931263693,250.102539305412,-0.999583973939855,0.0288423134059559,-0.146149045230334
61.325179,41,41,209.614281924823,249.777390217443,-0.999568784865231,0.0293639970550016,-0.041773440912825
61.375179,41,41,209.368676406861,250.036248162971,-0.999577585218143,0.02906288233237,-0.112937140591402
61.425179,41,41,209.044614310635,249.871806452461,-0.999768618471863,0.0215106838306658,-0.115313985151022
61.475179,41,41,208.704467351873,250.096238183957,-0.999839630406906,0.0179084747475171,-0.0881636124829076
61.525179,41,41,208.431638463508,250.088880752349,-0.999773027199475,0.0213047901749316,-0.129813243639593
61.575179,41,41,207.976210571783,250.210026918307,-0.999893062790205,0.0146240549788186,0.017103645536191
61.625179,41,41,207.417554002981,250.457768088834,-0.999861693113175,0.0166311348036049,0.271419259082831
61.675179,41,41,207.323956841339,250.516645059803,-0.999675443968642,0.0254756104166054,0.0596605619018225
61.725179,41,41,207.015170085598,250.891111550545,-0.999780930932685,0.0209306030341474,0.0737330804685709
61.775179,41,41,206.692726210937,250.995435331559,-0.999804331847581,0.019781254227494,0.0981411070169754
61.825179,41,41,206.511128728883,251.201251965429,-0.999421421304836,0.0340120954517787,-0.011782053123123
61.875179,41,41,206.169990546556,250.847636237364,-0.999780930932685,0.0209306030341474,0.0264045594292504
61.925179,41,41,205.967459105535,250.945541449979,-0.999780930932685,0.0209306030341474,-0.0602393152206978
61.975179,41,41,205.47810201634,251.097677285759,-0.999891756965636,0.0147130673951512,0.146985510211372
62.025179,41,41,205.358710290208,251.012159672472,-0.999992287616644,0.0039274301052282,-0.0113839856348379
62.075179,41,41,205.170116945946,251.07733913926,-0.999992287616644,0.0039274301052282,-0.102012298827129
62.125179,41,41,205.016816716071,251.378270673445,-0.999967627266586,0.00804639166547572,-0.226633795683952
62.175179,41,41,204.578584658656,251.522861793309,-0.999992287616644,0.0039274301052282,-0.0584162570053521
62.225179,41,41,204.403605279609,251.243458098089,-0.999992287616644,0.0039274301052282,-0.154694971439581
62.275179,41,41,203.972941215071,251.182251715453,-0.999981101002852,0.00614797829564403,0.00578398135902723
62.325179,41,41,203.597199796124,251.23976127366,-0.999987634041668,0.004973104035451,0.119365070939314
62.375179,41,41,203.179848742619,250.953479303591,-0.99995212431819,0.00978514545315136,0.265531765900972
62.425179,41,41,203.250140237258,251.477675881473,-0.999962663719737,0.00864124797285933,-0.0562321176275785
62.475179,41,41,202.965807436901,251.637855666939,-0.999915321802317,0.013013424797841,-0.0319073681802603
62.525179,41,41,202.768076282216,251.736232226739,-0.999965691117439,-0.00828351302428088,-0.052377518300547
62.575179,41,41,202.360459131552,251.77934373271,-0.999996294534349,0.00272230005158177,0.0909705556688377
62.625179,41,41,202.088309699719,251.691171234427,-0.999998400507223,-0.00178857009797124,0.127321885214441
62.675179,41,41,202.027484859427,251.816655831284,-0.999993240735049,-0.00367674913681423,-0.048515515363122
62.725179,41,41,201.863819146484,251.70016775037,-0.999998400507223,-0.00178857009797124,-0.124979528387656
62.775179,41,41,201.25224879748,251.541237937081,-0.999722918158034,-0.0235390507367071,0.30800360419394
62.825179,41,41,201.07238306205,251.870505934047,-0.999331686163704,-0.036553810050488,0.283822151557227
62.875179,41,41,200.965864917939,251.953763060325,-0.999331686163704,-0.036553810050488,0.166240088505141
62.925179,41,41,200.796663824482,251.637845897767,-0.999331686163704,-0.036553810050488,0.129343105694774
62.975179,41,41,200.457360372722,251.606186987894,-0.999870346743613,0.0161024750522437,0.0947602471673462
63.025179,41,41,200.328481105757,251.594118746098,-0.996502232107218,0.0835661498774023,-0.212665685017939
63.075179,41,41,200.040464987888,251.957733781717,-0.994627672952367,0.103517110650171,-0.180289002305984
63.225179,41,41,199.203768923742,251.557235967802,-0.997967634190829,0.063722846040958,0.10473516285615
63.475179,41,41,198.227890976271,251.325969918705,-0.997748881162229,0.0670609434732271,0.0464991109101288
63.625179,41,41,197.702582774811,251.335538097294,-0.997321203255166,0.0731465483646867,-0.0180858006407343
63.975179,41,41,196.408693438033,251.533203870182,-0.994080895301459,0.108642411592569,-0.10228984323279
60.025179,42,42,215.252619826736,278.582278648149,-0.999997627930457,0.00217810317919637,0.873079520047516
60.075179,42,42,215.094168485555,278.644532230233,-0.999997627930457,0.00217810317919637,0.630480358192545
60.125179,42,42,214.864857722662,278.769512415331,-0.999984094142983,0.00564016498317256,0.482030646310966
60.175179,42,42,214.412033511992,278.757949155702,-0.999997627930457,0.00217810317919637,0.517532023980019
60.225179,42,42,214.255944976942,278.892935807637,-0.999997627930457,0.00217810317919637,0.279809026294319
60.325179,42,42,213.937571679303,279.931171195737,-0.999354137256928,0.0359347790790619,0.0336405814515133
60.375179,42,42,213.810331806482,280.615373121419,-0.998911225863872,0.0466515041894251,-0.135020300622518
60.425179,42,42,213.705261600076,281.118726452825,-0.998911225863872,0.0466515041894251,-0.399867618549702
60.475179,42,42,213.21491658066,281.493190391557,-0.998533034445922,0.0541459058490876,-0.22864680042356
60.525179,42,42,212.849123538829,281.909331429172,-0.999592736109006,-0.0285370271421317,-0.849949687458164
60.575179,42,42,212.012469803335,282.252101648786,-0.999317879491337,-0.0369293342606932,-0.457582032544741
60.625179,42,42,211.642407747292,282.761324464662,-0.999341864252461,-0.0362744862460622,-0.467295218192681
60.675179,42,42,211.308972769705,282.963729790391,-0.999400811747204,-0.0346123890974084,-0.491772862088758
60.725179,42,42,210.431198579283,283.207415402619,-0.999188551387813,-0.0402770254056167,-0.0292574752246289
60.775179,42,42,210.000714404906,283.506160466138,-0.999375658268645,-0.0353311995283544,0.0712201000820015
60.825179,42,42,209.847004251065,283.21022281662,-0.999188551387813,-0.0402770254056167,-0.157802999908733
60.875179,42,42,209.408972366841,282.909004084125,-0.99939131718012,-0.0348854575000111,-0.0222887984015555
60.925179,42,42,209.011043876221,283.135213275617,-0.999188551387813,-0.0402770254056167,-0.0210670400616536
60.975179,42,42,208.803258067312,283.30761055653,-0.999316335411479,-0.0369710938406269,-0.144059074435199
61.025179,42,42,208.49256641332,282.675265402242,-0.999931092243417,-0.0117392829800962,-9.62065494726633e-05
61.075179,42,42,208.33376513941,281.966582913187,-0.999836992740581,0.0180551363182721,-0.025193247129675
61.125179,42,42,207.716284602494,281.580266319802,-0.999931092243417,-0.0117392829800962,0.0964535457354589
61.175179,42,42,207.298456546251,281.333269679046,-0.999931092243417,-0.0117392829800962,0.17502971491149
61.225179,42,42,207.155161917379,281.415346731318,-0.999931092243417,-0.0117392829800962,-0.0219799735597836
61.275179,42,42,206.676737481383,281.206559895338,-0.961919478414005,-0.273332978339109,-0.827010587794742
61.325179,42,42,206.373407142272,280.64826862029,-0.961919478414005,-0.273332978339109,-0.647729056321502
61.375179,42,42,206.145531507792,280.08549241502,-0.973945072682077,-0.22678402809348,-0.440921404450764
61.425179,42,42,205.897252942046,279.678510651684,-0.975134521498022,-0.221613774352642,-0.372851245899995
61.475179,42,42,205.542556069484,279.367542530067,-0.961919478414005,-0.273332978339109,-0.276858537890933
61.525179,42,42,205.102979618793,279.324325009675,-0.987272412088649,-0.159038310883449,-0.0189955285671871
61.575179,42,42,204.954611277754,279.004297160199,-0.992282882719749,-0.123994679972106,-0.101376214225933
61.625179,42,42,204.927500627191,279.264144603947,-0.994210697538689,-0.107448075364955,-0.39436751923524
61.675179,42,42,204.65196886957,279.142623051242,-0.994210697538689,-0.107448075364955,-0.398224125900398
61.725179,42,42,204.305453695665,279.915721352018,-0.997748466522065,-0.0670671123045213,-0.410319879220133
61.825179,42,42,203.542967809017,280.991935488409,-0.999870365152839,-0.0161013319054318,-0.255606412940572
61.875179,42,42,203.059950221263,281.654481578147,-0.999870365152839,-0.0161013319054318,-0.0833417228328759
61.925179,42,42,202.762832929355,282.212726179142,-0.999870365152839,-0.0161013319054318,-0.092159897416038
62.275179,42,42,200.548633798012,284.09601076268,-0.999475735061906,-0.032376766707969,0.0665067215457669
62.325179,42,42,200.11486976655,284.115605791877,-0.999659900969539,-0.0260783893975694,0.2445662040184
62.375179,42,42,199.88777998094,284.041162079763,-0.999440179572267,-0.0334563515128854,0.195298054116733
62.425179,42,42,199.789217767373,284.268383346838,-0.999682813526295,-0.0251847640479712,0.0398919148445607
62.475179,42,42,199.473150604085,283.798218358262,-0.99935143758899,-0.0360097790720764,0.0974711322890792
62.525179,42,42,199.312440642774,283.971643747921,-0.997689759398369,-0.067934851082672,-0.0329442229183668
62.575179,42,42,198.850106095217,283.437425562505,-0.989780591718421,-0.142598668498457,0.202646041223427
62.625179,42,42,198.564461427092,283.411896673605,-0.998280243950631,-0.0586221335151595,0.270145669449256
62.675179,42,42,198.499731276815,282.853517030663,-0.992144631915501,-0.125096080519157,0.181292654171462
62.725179,42,42,198.337913643357,282.765297367631,-0.995295964672768,-0.0968810750668268,0.104085962894015
62.775179,42,42,197.740952789796,282.297634776028,-0.990146589484262,-0.140034750446751,0.596659294569182
62.825179,42,42,197.639374920844,281.824738251372,-0.990321835802767,-0.138789990749468,0.553093946139634
62.875179,42,42,197.253515234329,281.408274825433,-0.991940740968734,-0.126702669294689,0.752112254609487
62.925179,42,42,197.241202794698,280.966360061854,-0.992868305662706,-0.119216305975602,0.588848105516796
62.975179,42,42,197.23145903648,280.879049501525,-0.990146589484262,-0.140034750446751,0.491941936895305
63.025179,42,42,197.17710073256,280.763380544589,-0.986010764318036,-0.166681650606663,0.487124073628968
63.075179,42,42,196.888441105931,280.722892847209,-0.985128831164518,-0.171817304158893,0.620011248370031
63.125179,42,42,196.92222935734,280.678429188246,-0.985815989418487,-0.167829779857002,0.39694460694523
63.175179,42,42,196.582651665986,280.494544570268,-0.987977956538518,-0.154594816840587,0.516727204065002
63.225179,42,42,196.540120061041,280.830989773556,-0.984560543010963,-0.175044386216635,0.44015845958391
63.275179,42,42,196.146109469315,281.277369940038,-0.978627629555471,-0.205640372180756,0.738099280043626
63.325179,42,42,196.141016175384,281.549810170109,-0.978627629555471,-0.205640372180756,0.533186684185424
63.375179,42,42,195.875677734117,281.987131441123,-0.978627629555471,-0.205640372180756,0.552837281569263
63.425179,42,42,195.715759805426,282.350233904099,-0.978627629555471,-0.205640372180756,0.488395408878619
63.475179,42,42,195.436123279373,282.430334028122,-0.978627629555471,-0.205640372180756,0.603149128141514
63.525179,42,42,195.235998717519,282.302917463777,-0.999435966777369,-0.0335819640846841,-0.186001171575597
63.575179,42,42,195.103908777562,282.561947536695,-0.999435966777369,-0.0335819640846841,-0.238605764465853
63.625179,42,42,194.766142944603,282.275732263337,-0.999435966777369,-0.0335819640846841,-0.0633321249811352
63.675179,42,42,194.483445182179,282.68010185009,-0.999982908846341,-0.00584653873758959,-0.109438446460863
63.725179,42,42,194.469137452365,282.836917478281,-0.999946234952811,-0.010369532472453,-0.241707956028006
63.775179,42,42,194.419534995433,282.924827148623,-0.999628325812512,0.0272618824235207,-0.564489569117803
63.825179,42,42,194.3911455374,283.00566323355,-0.99924851370074,0.0387609064246737,-0.767293070738131
63.875179,42,42,194.001274927167,282.954485826198,-0.999995930036976,-0.00285305266058452,-0.301583221204697
63.925179,42,42,194.18676900196,283.088710082905,-0.9958028023821,0.0915247440201588,-1.2032874644255
63.975179,42,42,194.197303177216,282.905026372433,-0.996857506681093,0.0792156005692958,-1.32255105453801
62.025179,44,43,354.900952433989,249.12895311076,0.957294480166165,0.289114645501387,0.0466800527463587
62.075179,44,43,355.186080009978,249.159822082671,0.96083017815176,0.277137815450827,0.211788641650629
62.125179,44,43,354.738101154439,249.661179699302,0.939743432882121,0.341880505959211,-1.32870403308997
62.175179,44,43,354.617719759337,249.624578211298,0.952871843368815,0.3033731202907,-1.18767382776921
62.475179,44,43,355.629243003349,250.505729272949,0.939743432882121,0.341880505959211,-2.25792057362788
62.775179,44,43,356.436911731117,252.385688596327,0.999477895564739,0.0323100027465305,0.601109861196933
62.825179,44,43,356.893725120309,253.696331636148,0.999477895564739,0.0323100027465305,0.771399008346494
62.875179,44,43,357.121732903989,254.414839650938,0.999477895564739,0.0323100027465305,0.693597232014328
62.925179,44,43,357.352631930104,255.589566633448,0.999477895564739,0.0323100027465305,0.633165650650988
62.975179,44,43,357.540065590491,256.307296554675,0.999477895564739,0.0323100027465305,0.514278791444635
63.025179,44,43,357.796393137519,257.183376159987,0.999477895564739,0.0323100027465305,0.469132062942915
63.075179,44,43,357.972705082193,258.176538716938,0.999379458089361,-0.0352235538952925,0.63046488106979
63.125179,44,43,358.093989596467,258.878819242584,0.999049907135025,-0.0435807647190576,0.422489247205429
63.175179,44,43,358.223412387771,259.458025762284,0.999049907135025,-0.0435807647190576,0.192927359160564
63.225179,44,43,358.144096864066,260.410705553943,0.991041390161542,-0.1335550934509,-0.0954045660378673
63.525179,44,43,359.525386740607,265.032376983216,0.851533750963608,0.52429979112131,0.80647003315547
63.575179,44,43,360.104442983025,266.226164312808,0.998567425564907,0.0535079115708442,-0.477214021590483
63.625179,44,43,360.462183983434,267.231140159486,0.991355722861068,-0.131201489132589,-1.38666168302153
63.675179,44,43,360.606214910069,268.329091552319,0.991771635586299,-0.128019618990516,-1.70447336605936
63.725179,44,43,360.362893874894,268.929535533965,0.950365836040084,0.311134661662491,0.856642968867092
63.775179,44,43,359.736095137028,269.234938605173,0.943108087040477,0.332486294693257,0.233454097155743
63.825179,44,43,359.587678334794,269.948005710382,0.946773416377521,0.321900758061918,-0.0654740008901977
63.875179,44,43,359.407530148261,270.560441171354,0.878397609973806,0.477930579469764,1.29473900500254
63.975179,44,43,359.554899833379,271.500108999069,0.859280852411218,0.511504072984224,1.74848165494065
64.025179,44,43,359.697756886178,271.104621777264,0.991943941238558,0.126677612229294,-2.85914059287738
62.975179,45,44,195.34264109922,223.526369575032,-0.999406232305055,0.0344555195841745,0.168338161350363
63.025179,45,44,195.246458070145,223.529665586394,-0.999316318993713,0.0369715376046944,0.0179612151573543
63.075179,45,44,195.11907707255,223.428300704847,-0.999316318993713,0.0369715376046944,-0.103576852281127
63.125179,45,44,194.747520411483,223.583740861306,-0.999316318993713,0.0369715376046944,0.0318149461473073
63.175179,45,44,194.651707448634,223.601952829923,-0.999316318993713,0.0369715376046944,-0.109970282722654
63.225179,45,44,194.313745193606,223.871238828622,-0.999316318993713,0.0369715376046944,0.00298765298715797
63.275179,45,44,194.171023527111,224.075418687082,-0.999384256569131,0.0350871446795844,-0.0794211250643713
63.325179,45,44,193.858512414094,224.092685074717,-0.999054287322672,0.0434802366850567,0.0113186128726802
63.375179,45,44,193.644463605982,224.01662865152,-0.998665187061399,0.051651177640211,0.000963027240221397
63.425179,45,44,193.48156036924,223.96227720797,-0.99929631751348,0.0375082631429114,-0.065500509822584
63.475179,45,44,193.267926097018,224.172840129133,-0.999384256569131,0.0350871446795844,-0.0621833053337646
63.525179,45,44,193.002735254235,223.981686117123,-0.996611494759361,0.0822528328601023,-0.010001460218374
63.575179,45,44,192.790329845064,223.933540598975,-0.996611494759361,0.0822528328601023,-0.0156233878300335
63.625179,45,44,192.67347383512,224.064458389219,-0.996611494759361,0.0822528328601023,-0.0980494524923439
63.675179,45,44,192.273671639349,223.9575588811,-0.996611494759361,0.0822528328601023,0.0856701525151167
63.725179,45,44,192.104749128832,224.107951428818,-0.996611494759361,0.0822528328601023,0.0642012856539881
63.775179,45,44,191.882324048586,223.991307354734,-0.999495877542102,0.0317488704735108,0.093556994465603
63.825179,45,44,191.598463020254,224.097390989554,-0.999495877542102,0.0317488704735108,0.190081955078642
63.875179,45,44,191.471883245642,223.984463817504,-0.999495877542102,0.0317488704735108,0.126264155251473
63.925179,45,44,191.439539724784,224.015877647637,-0.999495877542102,0.0317488704735108,-0.0233204468676512
63.975179,45,44,191.363174576852,224.03038796552,-0.998974350252737,0.0452796591983965,-0.13400556789334
64.025179,45,44,191.088815431939,224.11495426646,-0.999571468398684,0.0292725052446641,-0.0222567216837742
64.075179,45,44,190.960091472513,224.20108819225,-0.999577185981922,0.029076610264309,-0.0619658184664667
64.125179,45,44,190.698524522687,223.964436154109,-0.999557577984567,0.0297430377336604,0.0249091328072026
64.225179,45,44,190.429203352793,223.906211448026,-0.999536856683846,0.0304314332652344,-0.0307230493061344
60.875179,46,45,325.184293151511,207.828226816883,0.847015089367442,-0.53156884632554,0.388759352812422
60.925179,46,45,324.667724151036,206.921721144527,0.833543666960355,-0.55245357747985,-0.00293120812489334
61.075179,46,45,324.978545169719,206.047271202105,0.833543666960355,-0.55245357747985,-0.275934658656558
61.125179,46,45,325.415718610487,205.891640428447,0.833543666960355,-0.55245357747985,-0.166395192176304
61.175179,46,45,325.517286511892,205.778615855117,0.833543666960355,-0.55245357747985,-0.36133969978281
61.525179,46,45,326.013687439939,203.655184284655,0.438864506381153,0.898553251086894,0.0941001718091892
61.575179,46,45,326.106257230775,203.045158140788,0.438864506381153,0.898553251086894,-0.531456583367971
61.625179,46,45,326.239446367767,202.622375659354,0.438864506381153,0.898553251086894,-0.971116482608494
61.675179,46,45,326.291525350402,202.520698133314,0.438864506381153,0.898553251086894,-1.15801607648211
61.725179,46,45,326.580450802693,202.531258314016,0.438864506381153,0.898553251086894,-1.14028910773671
61.775179,46,45,326.745167036939,202.560322691058,0.438864506381153,0.898553251086894,-1.16060990851376
61.825179,46,45,326.952169121856,203.368383404833,0.438864506381153,0.898553251086894,-0.462562254485583
61.875179,46,45,327.050746379583,203.967699364442,0.438864506381153,0.898553251086894,0.000179099798806259
61.925179,46,45,327.089784173342,204.292315062704,0.438864506381153,0.898553251086894,0.189808468708939
61.975179,46,45,327.065878664312,204.794565743282,0.438864506381154,0.898553251086894,0.511284148434136
62.025179,46,45,328.247333871302,203.844325959008,0.00415980764756609,0.999991347962739,1.36588611555068
62.075179,46,45,329.440896841241,203.150561294112,0.0117256970084789,0.999931251651665,0.720558590512547
62.175179,46,45,330.786952792095,201.928686951814,0.0117256970084789,0.999931251651665,-0.374875455283539
62.625179,46,45,335.592310707809,200.988974188855,0.377040303628109,0.926196852423945,-0.74072913038874
62.725179,46,45,336.693368880886,201.612697106463,0.377040303628109,0.926196852423945,0.0639140249847864
63.175179,46,45,342.099870624464,201.700597127782,0.832460161597088,0.554084902658203,1.94360468377231
63.525179,46,45,345.228284385243,201.922600266724,0.978847320692137,0.204592088737139,2.35456124233641
63.575179,46,45,345.362611272844,201.810374070952,0.978847320692137,0.204592088737139,2.07046105178569
63.625179,46,45,345.372111522209,201.979443994968,0.978847320692137,0.204592088737139,1.72134371268364
63.675179,46,45,345.358346814526,202.121439368072,0.978847320692137,0.204592088737139,1.34354873246224
63.725179,46,45,345.500865774263,202.500147632414,0.978847320692137,0.204592088737139,1.16681199021733
63.775179,46,45,345.505374185897,202.80284920447,0.978847320692137,0.204592088737139,0.839100830642535
63.825179,46,45,345.613063479106,203.113594602788,0.978847320692137,0.204592088737139,0.613717346657413
63.875179,46,45,345.702666122633,203.240890927029,0.978847320692137,0.204592088737139,0.332797678725488
63.925179,46,45,345.859299124138,203.049822150293,0.978847320692137,0.204592088737139,0.0520721335916332
63.975179,46,45,345.777864463803,203.424670179476,0.978847320692137,0.204592088737139,-0.346170050712667
64.025179,46,45,345.746491102645,203.869709074485,0.967530442500715,0.252754511006967,-0.471212122255981
64.075179,46,45,345.936529427947,203.997162727014,0.967530442500715,0.252754511006967,-0.642716597593183
64.125179,46,45,346.05987490498,204.263734229053,0.967530442500715,0.252754511006967,-0.843789852572324
64.175179,46,45,346.044734741798,204.753614414752,0.967530442500715,0.252754511006967,-1.1225979066797
64.225179,46,45,346.256109242073,205.112733695083,0.967530442500715,0.252754511006967,-1.21546843791993
64.275179,46,45,346.453582069044,205.128772955942,0.967530442500715,0.252754511006967,-1.40866006028409
64.375179,46,45,346.848926513631,204.801941436362,0.967530442500715,0.252754511006967,-1.88577632346073
61.725179,47,46,202.576745415385,219.449327142482,-0.998400508395959,0.056536933368285,-0.188795443101627
61.825179,47,46,201.761084818786,219.941904170297,-0.999733793474536,-0.023072541797837,0.275303826614679
61.875179,47,46,201.384920655909,220.520289510554,-0.99993444468272,0.0114501675560165,0.226706358219491
61.925179,47,46,201.195154449419,220.861133934978,-0.999878696854134,0.0155753515940801,0.097376376360178
61.975179,47,46,200.952182377065,221.367827213751,-0.999669438292372,0.02571019533596,0.0156030393247135
62.025179,47,46,200.611089790467,221.787869814373,-0.999346445668825,0.0361480501422539,0.0391790565979623
62.075179,47,46,200.36332035512,222.335621345515,-0.999411646121232,0.0342981281887196,0.0037543341957987
62.125179,47,46,199.936836171032,222.575167086339,-0.999596201360481,0.0284153871291161,0.143981766495458
62.175179,47,46,199.698321000976,222.578966885365,-0.999634237439007,0.0270442478123406,0.0856546030676397
62.225179,47,46,199.448063991045,222.682124655199,-0.999637050588739,0.0269400647780758,0.0429994517138887
62.275179,47,46,199.240021007965,222.858111320367,-0.999656019950809,0.0262267378090969,-0.0359737834292661
62.325179,47,46,198.911310539304,223.20257161176,-0.999674830463756,0.0254996732775157,0.0129634470657372
62.375179,47,46,198.617028823072,223.11091079088,-0.999656019950809,0.0262267378090969,0.0173744316592346
62.425179,47,46,198.361652564899,223.54769861422,-0.999689101334923,0.0249339261283708,0.0021446714157816
62.475179,47,46,198.132958134634,224.033608079872,-0.999713596806393,0.0239316602103836,-0.0365188458055384
62.525179,47,46,197.913239926938,224.184910075348,-0.999598972673934,0.0283177299446154,-0.0929589037123029
62.575179,47,46,197.63246204507,224.426534366604,-0.999576515630963,0.0290996460298754,-0.0799536485918891
62.625179,47,46,197.409198328886,224.868850552263,-0.999548407960902,0.0300496279981209,-0.115050195935199
62.675179,47,46,197.073196265961,225.209016106905,-0.999528719299201,0.0306975454409347,-0.0367694902335671
62.725179,47,46,196.785868942157,225.54468533083,-0.999397276172621,0.0347143252670524,-0.00277823767846283
62.775179,47,46,196.608165161757,226.180908421425,-0.999465608389373,0.03268788226332,-0.0664813696920402
62.825179,47,46,196.360847055574,225.962092905173,-0.999460589961798,0.0328409669957367,-0.0846075047286445
62.875179,47,46,196.000281524443,226.386056707856,-0.999502078850432,0.0315530406405614,0.0337291316081202
62.925179,47,46,195.77570822498,226.749426319511,-0.999494311590162,0.0317981304310189,0.0184782463539088
62.975179,47,46,195.403282724683,227.034744996024,-0.99954063554187,0.030307060242709,0.1498484593305
63.025179,47,46,195.1972534783,227.410441436645,-0.999538463195789,0.0303786206434699,0.1227424431228
63.075179,47,46,195.09331015134,227.303265763261,-0.999485260227744,0.0320813744636854,-0.0154951411556597
63.125179,47,46,194.872478387294,227.693793661448,-0.999546165015746,0.0301241431797678,-0.0232038828288388
63.175179,47,46,194.65776665254,227.865080762893,-0.999561537314376,0.0296096795275007,-0.038444634589044
63.225179,47,46,194.540899024713,227.986399077189,-0.99956531762412,0.0294817876491812,-0.148854234028945
63.275179,47,46,194.232174388446,228.331812416155,-0.999243691141804,0.0388850319956483,-0.0389264948138501
63.325179,47,46,194.030939332752,228.345923282469,-0.999293242665159,0.0375900939577396,-0.0640724116290791
63.375179,47,46,193.817007300508,228.211241758199,-0.999426017937952,0.0338767570568479,-0.0820330126966176
63.425179,47,46,193.71624083969,228.259431268288,-0.999266693173775,0.0382893707645849,-0.189494573680432
63.475179,47,46,193.389884402762,228.272707194091,-0.99934538562876,0.0361773440499109,-0.0794879553106063
63.525179,47,46,193.156658467514,228.364014044113,-0.998364268814554,0.0571733045606204,-0.0218724532508571
63.575179,47,46,192.873599612916,228.258804986751,-0.998203581516391,0.059913352834318,0.0503445174030199
63.625179,47,46,192.78204100939,228.089482267887,-0.99805032140638,0.062414388890875,-0.07024215593027
63.675179,47,46,192.634800203961,228.283203701134,-0.99824822205146,0.0591649150349927,-0.11558942287256
63.725179,47,46,192.339157566818,228.086050650564,-0.998170453917877,0.0604627565148931,-0.0278510557229755
63.775179,47,46,192.120085502628,228.178966595893,-0.99929209049513,0.0376207107039757,-0.0147837809918979
63.825179,47,46,191.973352823494,228.104855713926,-0.999281478425459,0.0379015418661129,-0.0580202865686238
63.875179,47,46,191.810665854483,228.119063416567,-0.999275094487336,0.0380694830188998,-0.0782513784198392
63.925179,47,46,191.72255932312,228.070349468639,-0.9992959406904,0.0375183011300973,-0.171857677485362
63.975179,47,46,191.664664682414,228.286422756704,-0.99923653700151,0.0390684414998845,-0.280699909693556
64.025179,47,46,191.299436538208,228.437646078684,-0.999601027382116,0.028245106773019,-0.0879259285947488
64.075179,47,46,190.944677674852,228.500857198168,-0.999601027382116,0.028245106773019,0.101557877064007
64.125179,47,46,190.863716466352,228.302826885082,-0.999601027382116,0.028245106773019,0.0139536389160019
64.175179,47,46,190.556586613038,228.357288481661,-0.999601027382116,0.028245106773019,0.163566172600237
64.225179,47,46,190.519518251977,228.229320950918,-0.999601027382116,0.028245106773019,0.0421065702561314
64.275179,47,46,190.339563434663,228.090155567388,-0.999785960799655,0.0206889484486632,0.0690340097270264
64.325179,47,46,190.09478058962,228.178137259195,-0.999707043264951,0.024203876682229,0.16863968709429
64.375179,47,46,189.951856954922,228.282904169547,-0.999601027382116,0.028245106773019,0.170842618559044
64.425179,47,46,189.694968863058,228.607181893025,-0.999601027382116,0.028245106773019,0.298304494576305
61.775179,48,47,359.204605082205,224.566181062887,0.993011041451245,-0.118021487687259,-0.246401769533663
61.825179,48,47,359.299685621174,224.581671449455,0.993011041451245,-0.118021487687259,-0.314087288858175
61.875179,48,47,359.446795403217,224.471080808446,0.993011041451245,-0.118021487687259,-0.315160696304884
61.925179,48,47,359.920278936051,225.08147767494,0.993011041451245,-0.118021487687259,-0.0771617093274735
61.975179,48,47,360.267542932578,225.165513856744,0.993011041451245,-0.118021487687259,0.097698873608048
62.025179,48,47,360.759248179559,225.202032251156,0.99416081396284,-0.107908646459601,0.399413909939701
62.075179,48,47,360.949557615233,225.392214451556,0.99416081396284,-0.107908646459601,0.408303224140283
62.125179,48,47,361.137545349247,225.405699764993,0.993973303617647,-0.109622405079536,0.437364140238576
62.175179,48,47,361.107161548058,225.439186482784,0.993011041451245,-0.118021487687259,0.2597970812602
62.275179,48,47,361.440461274188,225.845188946778,0.999707894102208,0.0241687084828294,0.0198984897434784
62.375179,48,47,361.48989214018,226.028685664497,0.999707894102208,0.0241687084828294,-0.238869567219355
62.525179,48,47,362.06775552231,226.743153742028,0.998896298927021,-0.0469700328922535,-0.083555688874924
62.575179,48,47,362.245048380508,226.961519335004,0.998896298927021,-0.0469700328922535,-0.074291198150981
62.625179,48,47,362.352977432078,227.375461836674,0.998896298927021,-0.0469700328922535,-0.143344979642645
62.675179,48,47,362.402029561134,227.494778455113,0.998896298927021,-0.0469700328922535,-0.257211499937371
62.725179,48,47,362.644709633045,227.552593721469,0.998896298927021,-0.0469700328922535,-0.174609074793265
62.775179,48,47,362.867188637473,227.556442814422,0.998896298927021,-0.0469700328922535,-0.109479270203624
62.825179,48,47,363.109576181702,227.421418616734,0.998896298927021,-0.0469700328922535,-0.0177632964926523
62.875179,48,47,363.276763714784,227.51418692988,0.998896298927021,-0.0469700328922535,-0.0116816842146674
62.925179,48,47,363.383429853551,227.595966345099,0.998896298927021,-0.0469700328922535,-0.0653511008330233
62.975179,48,47,363.437141725474,227.338947329646,0.998896298927021,-0.0469700328922535,-0.155810208421625
63.025179,48,47,363.66961588038,227.293173465297,0.988694500980606,0.149943935291529,0.0112206145242312
63.075179,48,47,363.858859207957,227.493719594002,0.988694500980606,0.149943935291529,0.08004368888657
63.125179,48,47,364.057422527039,227.469323660723,0.988694500980606,0.149943935291529,0.124574812300909
63.175179,48,47,364.269791341631,227.440716719339,0.988694500980606,0.149943935291529,0.182350995961552
63.225179,48,47,364.478004050245,227.483215323087,0.988694500980606,0.149943935291529,0.246911889146801
63.275179,48,47,364.496259742261,227.490724027473,0.999982415502112,-0.00593031926306621,-0.00515584890038119
63.325179,48,47,364.716815669782,227.459961803212,0.999981754811537,-0.00604069896940976,0.0618721701289293
63.375179,48,47,364.827715058527,227.685029322249,0.999973734127547,-0.00724783105558045,0.0167591925349071
63.425179,48,47,364.969202170925,227.611550398159,0.999991135301101,0.00421061981371101,0.017121792494954
63.475179,48,47,365.14856603634,227.346611050514,0.9999532628123,0.00966810172867092,0.0469908295108311
63.525179,48,47,365.304212472289,227.580022804201,0.999977180945519,-0.00675555980303279,0.0357316076291616
63.575179,48,47,365.417751105063,227.673517688725,0.99997760635796,-0.00669229277635204,-0.00369504496067897
63.625179,48,47,365.601236017478,227.484780122945,0.999982035742962,-0.005994012959773,0.0296081133297539
63.675179,48,47,365.74387576699,227.50740194715,0.999979878592043,-0.00634369064842978,0.0198900382120408
63.725179,48,47,365.940110166942,227.656199235532,0.999977180945519,-0.00675555980303279,0.0630798436346406
63.775179,48,47,366.099245497433,227.55720688575,0.999939145261977,-0.0110320339351371,0.0665712972573918
63.825179,48,47,366.219561033133,227.239753340544,0.999939145261977,-0.0110320339351371,0.0392156345853068
63.875179,48,47,366.395273454784,227.207381234125,0.999991641456455,0.00408864491307586,0.0776632168749812
63.925179,48,47,366.473436249943,226.895465670771,0.999874008726127,-0.0158734581595822,-0.00747734659457031
63.975179,48,47,366.508014912939,226.554225820472,0.999846006837319,-0.0175488635377896,-0.118391178367367
64.025179,48,47,366.734282032505,226.575210953874,0.999891118689308,-0.0147563805265503,-0.0417592821632312
64.225179,48,47,367.312050432305,226.052882515546,0.999663978272231,-0.0259216231153888,-0.0529321111824859
64.325179,48,47,367.643871870727,226.138329386989,0.99997636263859,-0.00687562099704571,-0.0190745362607982
64.375179,48,47,367.644142733811,225.791468370312,0.99997636263859,-0.00687562099704571,-0.164029035443844
64.425179,48,47,367.997743008179,225.994434584017,0.99997636263859,-0.00687562099704571,0.0408975117405595
60.775179,49,48,379.639353812701,199.807076936043,-0.133125538662195,-0.991099183208169,0.138120138598124
60.825179,49,48,379.631969338168,199.699526042831,-0.133125538662195,-0.991099183208169,0.232817099918817
60.875179,49,48,379.628853494954,199.703667868484,-0.133125538662195,-0.991099183208169,0.21626034477569
61.075179,49,48,380.109263422682,199.57683367737,-0.679118980411565,-0.734028208207802,0.0878266472175589
61.125179,49,48,380.166653374465,199.690069864805,-0.474831763913164,-0.880076585291935,0.0267564993174899
61.275179,49,48,380.739674118846,199.687905576001,-0.465632867437221,0.884977984337572,-0.350666398093848
61.325179,49,48,380.513982222995,199.737524015084,-0.818566351681672,0.574411984462857,-0.301598133880841
61.375179,49,48,380.218474433873,199.762552539998,-0.8989076780015,0.43813809059468,-0.0182011952262153
61.425179,49,48,380.099658098955,199.778936910491,-0.89331140692329,0.449438238538658,0.131908290678702
61.475179,49,48,379.872108937139,199.786525074439,-0.94242206528211,0.334425852573335,0.380122843369364
61.525179,49,48,380.921948083711,199.790201153601,-0.118166969978695,0.992993739761764,0.0438432303090262
61.575179,49,48,381.432833754054,199.802717806549,-0.118166969978695,0.992993739761764,0.0159347763694072
62.075179,49,48,382.404547339499,199.797677844905,0.694066939394654,-0.719910469183035,1.06760242452962
62.125179,49,48,380.958610712922,199.801615869225,0.694066939394654,-0.719910469183035,0.0357609472219866
62.175179,49,48,380.591789517373,199.796756155406,0.694066939394655,-0.719910469183035,-0.240139461307961
62.225179,49,48,380.173414904443,199.798409010682,0.694066939394654,-0.719910469183035,-0.555880516141726
62.325179,49,48,380.900050432184,199.788828974345,0.694066939394654,-0.719910469183035,-0.0911036355611202
62.375179,49,48,381.335802347347,199.780482190035,0.694066939394654,-0.719910469183035,0.195064176602262
62.425179,49,48,381.299977166746,199.785874853121,0.694066939394654,-0.719910469183035,0.144664691165205
62.475179,49,48,380.766202462661,199.791701386535,0.701128797214846,-0.71303464832788,-0.247629437412738
62.525179,49,48,380.603735105548,199.79236101117,0.836370083611074,-0.548165197034987,-0.324891840265067
62.575179,49,48,381.200983668113,199.792980939552,0.836370083611074,-0.548165197034987,0.155003729558135
62.625179,49,48,381.493958710005,199.795641287607,0.836370083611074,-0.548165197034987,0.380013928946121
62.775179,49,48,381.293649533059,199.792121064558,0.836370083611074,-0.548165197034987,0.163019487107322
62.975179,49,48,381.60407740756,199.791314392181,0.836370083611074,-0.548165197034987,0.364623699571518
63.075179,49,48,381.705439274106,199.783595432288,-0.789745454704223,0.613434688270903,-0.349776809320084
63.125179,49,48,381.721000686401,199.783004017026,-0.789745454704223,0.613434688270903,-0.350451857731953
63.225179,49,48,380.83397381559,199.791094280359,-0.789745454704223,0.613434688270903,0.376924668562283
63.275179,49,48,380.546343904471,199.790599369238,-0.789745454704223,0.613434688270903,0.613687160027454
63.325179,49,48,380.175078279079,199.794443173942,-0.789745454704223,0.613434688270903,0.918474320448002
63.375179,49,48,380.468835310468,199.798581099995,-0.789745454704223,0.613434688270903,0.697555926958283
63.475179,49,48,381.169767897022,199.778123094798,-0.789745454704223,0.613434688270903,0.146460727468587
63.525179,49,48,381.487368965263,199.785143080032,-0.809390816294199,0.587270386192434,-0.124316486287538
63.575179,49,48,381.65112731386,199.77929623108,-0.809390816294199,0.587270386192434,-0.254838206109181
63.775179,49,48,381.025888174981,199.788203139184,-0.809390816294199,0.587270386192433,0.271321440192115
63.925179,49,48,380.618192651551,199.79794000513,-0.809390816294199,0.587270386192433,0.610882993421938
63.975179,49,48,380.403277246505,199.790996780987,-0.809390816294199,0.587270386192433,0.780656720716756
64.075179,49,48,381.15647135092,199.783238882788,-0.887414260799001,0.46097280801644,0.0329880741028869
64.125179,49,48,381.479286935589,199.793650417251,-0.887414260799001,0.46097280801644,-0.252914196796872
64.175179,49,48,381.643015381994,199.792269153987,-0.887414260799001,0.46097280801644,-0.403807610172357
64.225179,49,48,381.71835284104,199.788990278533,-0.887414260799001,0.46097280801644,-0.477866547568605
64.325179,49,48,381.785081279527,199.788755601846,-0.887414260799001,0.46097280801644,-0.550760936923183
64.425179,49,48,381.795700949642,199.790964500114,-0.887414260799001,0.46097280801644,-0.57564574547033
64.475179,49,48,380.784179042601,199.790278671568,-0.887414260799001,0.46097280801644,0.31234951093156
62.125179,50,49,291.757225114981,261.437365722091,-0.800350922018811,-0.599531818691584,-0.567681326495393
62.225179,50,49,291.652818937373,261.534381024558,-0.770188801987919,-0.637815968201185,-0.540332487168852
62.275179,50,49,291.653536309852,261.973056079532,-0.72685824461062,-0.686787516078713,-0.935330131060497
62.325179,50,49,291.791716878786,261.950108238212,-0.770188801987919,-0.637815968201185,-0.781883073070778
62.375179,50,49,291.361193748919,262.26321471079,-0.72685824461062,-0.686787516078713,-0.785981232395986
62.525179,50,49,291.810497276698,262.157915157558,0.999431371689949,0.0337184412739976,-1.13578091511294
62.575179,50,49,292.566537602075,262.059210850935,0.999431371689949,0.0337184412739976,-0.430365116554319
62.625179,50,49,292.698573063441,261.973935020025,0.999431371689949,0.0337184412739976,-0.350134398552033
62.675179,50,49,293.023463049007,261.392670304372,0.999431371689949,0.0337184412739976,-0.0958738574601486
62.725179,50,49,292.894408486728,261.408170775291,0.999431371689949,0.0337184412739976,-0.277171991626152
62.775179,50,49,292.858404166658,261.297993039473,0.999431371689949,0.0337184412739976,-0.371707833453029
62.825179,50,49,293.140082372696,260.949222343558,0.999431371689949,0.0337184412739976,-0.15878720279494
62.875179,50,49,293.393189601483,261.155261887557,0.999431371689949,0.0337184412739976,0.0422826030014021
62.925179,50,49,293.406029890254,261.101244008456,0.999431371689949,0.0337184412739976,-0.00755301277008829
62.975179,50,49,293.649381195975,260.864449242078,0.999431371689949,0.0337184412739976,0.164819106155149
63.275179,50,49,294.653517213599,260.643917040362,0.953726601836862,-0.300675188448784,0.668139508361338
63.525179,50,49,295.247521651997,260.138006707111,0.994562122713814,-0.104145014585394,0.998991736693803
63.625179,50,49,295.199908453721,260.283450169636,0.994562122713814,-0.104145014585394,0.775552469668273
63.825179,50,49,295.460566811952,258.989908702474,0.973546317534644,0.228489753850659,0.104561203636639
63.875179,50,49,295.278005954062,258.070361985417,0.973546317534644,0.228489753850659,-0.390139645159291
63.925179,50,49,295.051459412294,257.731304791796,0.973546317534644,0.228489753850659,-0.796954598355842
63.975179,50,49,294.973836176264,257.221784051928,0.973546317534644,0.228489753850659,-1.09966403392237
64.025179,50,49,295.337945207334,256.59675924049,0.973546317534644,0.228489753850659,-1.00064825588185
64.075179,50,49,296.089131918164,255.761765768512,0.973546317534644,0.228489753850659,-0.574701310854245
64.125179,50,49,296.585262343517,255.034467890363,0.973546317534644,0.228489753850659,-0.37438842864402
64.175179,50,49,296.968758869006,254.356880645886,0.973546317534644,0.228489753850659,-0.274304823306402
64.225179,50,49,297.307282652395,253.659284618498,0.973546317534644,0.228489753850659,-0.224510359710319
64.625179,50,49,298.665433909695,248.7682560642,0.998437574476254,-0.055878527843662,2.72577933028016
63.525179,51,50,463.020272872388,248.392350712148,-0.999997427637315,-0.00226819724723945,-0.130604155877728
63.575179,51,50,462.643116810508,248.68553561341,-0.999958294556193,-0.00913286090276977,-0.00350882608717437
63.625179,51,50,462.38092178922,248.77789730492,-0.999965061115811,-0.00835921932070436,-0.00357399845380465
63.675179,51,50,462.019195956708,248.86991404538,-0.999975565084892,-0.00699065327074693,0.0935795519287453
63.725179,51,50,461.880922836728,249.056500900566,-0.999914937982814,-0.0130428830718249,-0.0298401720158783
63.775179,51,50,461.553520889701,249.05904656931,-0.999924022811852,-0.0123267434370584,0.0302373352270825
63.825179,51,50,461.163710692863,248.980212374542,-0.999975565084892,-0.00699065327074693,0.149021374976226
63.875179,51,50,461.101505184223,248.954871968222,-0.999945622499953,-0.0104284247698866,-0.0570430244365734
63.925179,51,50,460.769860808733,248.924846852077,-0.999991298985018,-0.00417156496483302,-0.000889753049874395
63.975179,51,50,460.570582441588,248.969885466548,-0.999998094709612,-0.00195206996455924,-0.0767619493807118
64.025179,51,50,460.150403240169,249.253324528258,-0.996069762520072,0.0885721637604503,0.0619470691732314
64.075179,51,50,459.918246669433,248.980584274575,-0.995469067272318,0.0950859406220552,-0.00325122209573392
64.125179,51,50,459.674705289816,249.050140932864,-0.979492923342373,0.201478567401625,-0.0389785342852063
64.175179,51,50,459.446336720767,249.011393095551,-0.994910346925702,0.100764088742858,-0.0768962694163305
64.225179,51,50,459.016199905586,248.987454439256,-0.972013998666684,0.234922937143235,0.0641635748090581
64.275179,51,50,458.76768606598,248.917316777002,-0.999992450330672,0.00388577941464931,0.0423895059667787
64.325179,51,50,458.723684613532,249.119163090106,-0.999997305488772,0.00232142525114842,-0.199899948051379
64.375179,51,50,457.964467159688,249.099397516893,-0.999997305488772,0.00232142525114842,0.270577348099419
64.425179,51,50,457.861181845761,249.298035174713,-0.999997305488772,0.00232142525114842,0.0838067922105573
64.475179,51,50,457.736955463546,249.347034165397,-0.999997305488772,0.00232142525114842,-0.0841814895379045
64.525179,51,50,457.459744414628,249.48574101774,-0.999997305488772,0.00232142525114842,-0.100775547700527
64.575179,51,50,456.951639816209,249.454294171814,-0.999997305488772,0.00232142525114842,0.111343081011765
64.625179,51,50,456.652647131196,249.442316458245,-0.999997305488772,0.00232142525114842,0.112623311685982
64.675179,51,50,456.547278004424,249.571645230271,-0.999997305488772,0.00232142525114842,-0.0811507514970251
64.725179,51,50,456.209356232916,249.678671029312,-0.999994703530857,-0.00325467513499738,-0.0511217780738037
64.775179,51,50,455.590758013022,249.519470217684,-0.999878976990619,-0.0155573574939363,0.250639800682098
64.825179,51,50,455.900166562694,249.800872773662,-0.999983337109493,0.00577282455671024,-0.337144528134305
60.025179,52,51,218.049624720014,219.272953016884,-0.999002792830067,0.0446477313838797,0.686197010286194
60.075179,52,51,217.78747681952,219.394469989048,-0.998944344124102,0.0459368843356545,0.516582692238588
60.125179,52,51,217.313628703746,219.222220901215,-0.99889603455656,0.0469756548350392,0.545178886229289
60.175179,52,51,216.928854801051,219.516582055837,-0.999117441243517,0.0420040307947698,0.474865122470454
60.225179,52,51,216.681483526829,219.506360027962,-0.999097133277945,0.0424843297674884,0.286063078318948
60.275179,52,51,216.390465077073,219.432806646516,-0.986736539832468,-0.162329913939016,-0.947629517213116
60.325179,52,51,215.970822338926,219.377083945899,-0.999333260898817,-0.0365107335086164,-0.285307430690722
60.375179,52,51,215.651436272034,219.303140549968,-0.998978667265471,-0.0451843152930739,-0.429455407831749
60.425179,52,51,215.200235126071,219.647216329498,-0.999769919169827,0.0214501450614517,-0.0697389886950282
60.475179,52,51,214.858384133548,219.394743997454,-0.999988508559766,-0.00479403258378146,-0.285537979673807
60.525179,52,51,214.435204379468,219.660931485747,-0.999243886771648,0.0388800044944675,-0.0678980697395042
60.575179,52,51,214.054088354441,219.417843583259,-0.999243886771648,0.0388800044944675,-0.120097636972664
60.625179,52,51,213.694094718169,219.352838331897,-0.999928971751705,0.0119185339525044,-0.303830892325252
60.675179,52,51,213.411905047798,219.409687883591,-0.999303073927044,0.0373278239382024,-0.326333987056327
60.725179,52,51,213.033674068238,219.306096281818,-0.999928971751705,0.0119185339525044,-0.474996132073824
60.775179,52,51,212.680955953527,219.464204206667,-0.999243886771648,0.0388800044944675,-0.419260214876845
60.825179,52,51,212.38373949913,219.40462199367,-0.999243886771648,0.0388800044944675,-0.537451641899292
60.875179,52,51,211.773653778022,219.334568956295,-0.999963814848771,0.00850699671409393,-0.458091762917209
60.925179,52,51,211.316048710591,219.359281626492,-0.999913454139049,0.0131561480576756,-0.388168796666436
60.975179,52,51,210.841515816654,219.210551165653,-0.999861271797652,-0.016656444974287,-0.423159753620151
61.025179,52,51,210.660371219755,219.293109948274,-0.999689181501423,0.0249307117630819,-0.497543151629953
61.075179,52,51,210.245669203302,219.404776505602,-0.999964437004489,0.00843354766958311,-0.537683700324811
61.125179,52,51,209.898925191612,219.592522628375,-0.99999988162767,0.000486564124295662,-0.613760448063823
61.175179,52,51,209.674561862387,219.319326478567,-0.999679131208696,0.0253305078083196,-0.70422979887641
61.225179,52,51,209.530856074697,219.445742563079,-0.999656229143807,0.0262187630139859,-0.947997170112021
61.275179,52,51,209.253295258004,219.532986992286,-0.999553015104629,0.0298959862731715,-1.04780144090824
61.325179,52,51,208.952846474997,219.413813840721,-0.999553015104629,0.0298959862731715,-1.14027224503969
61.375179,52,51,208.471983449815,219.403450387314,-0.998447901435784,0.0556936990913649,-0.973664027655556
61.425179,52,51,208.244472651776,219.484116797626,-0.998789026458278,0.0491983803242114,-1.14723306007646
61.475179,52,51,207.96938852791,219.532934206933,-0.997124050326971,0.0757867287823887,-1.1800148808273
61.525179,52,51,207.437174977688,218.92038841925,-0.996339117327764,0.0854889658525115,-1.05940289698943
61.575179,52,51,207.277558106393,218.780892560234,-0.997743898024091,0.0671350426803524,-1.32798033065905
61.625179,52,51,206.951313818544,218.767782447825,-0.998593315179364,0.0530225506656045,-1.40526130513702
61.675179,52,51,206.687866181838,218.429712902553,-0.996955877076046,0.0779678085079451,-1.50312499640761
61.725179,52,51,206.14523795883,218.293948171786,-0.995437233593703,0.0954186248869451,-1.32871738336448
61.775179,52,51,205.564256966868,218.017351322062,-0.999783195462568,0.0208221533626255,-1.19360242140088
61.825179,52,51,205.192620453241,218.165912525882,-0.999947068091691,0.0102888782105624,-1.1887075286697
61.875179,52,51,204.42169573597,218.142357283045,-0.999030894737618,-0.0440144448988511,-0.800598223568044
61.925179,52,51,203.601354672295,217.974637795071,-0.998793898124405,-0.0490993795221069,-0.325569588225351
61.975179,52,51,202.470744916262,217.80762712975,-0.99948100645924,-0.0322136264215,0.462145727281147
62.025179,52,51,201.409040938714,217.675136756204,-0.999775383469316,-0.021193928583041,1.17649299642428
62.075179,52,51,200.50224384945,217.528380232405,-0.999738786585391,-0.0228551656474222,1.7410969561191
62.125179,52,51,199.791266205165,217.528430252631,-0.999996015007534,-0.00282311336166972,2.09471110273182
62.175179,52,51,199.408633002794,217.629766887308,-0.999996015007534,-0.00282311336166972,2.13430991583382
62.225179,52,51,199.169294974594,217.655826585533,-0.999994907818397,0.00319129084803977,2.02866486585108
62.275179,52,51,198.886294446379,217.769013884743,-0.999944775729086,-0.0105093050250051,1.98500077405054
62.325179,52,51,198.818453286788,217.825783919939,-0.999923908202658,-0.0123360368320918,1.72005792662158
62.375179,52,51,198.725289464822,218.212877070083,-0.999992530906259,-0.00386498792934654,1.47297091304337
62.425179,52,51,198.345011967661,218.344148506395,-0.999931598640521,0.0116960694343446,1.5153093653703
62.475179,52,51,198.005819984781,218.428254645593,-0.999945800184571,0.0104113732637574,1.52857262862438
62.525179,52,51,197.646173153834,218.476114244086,-0.999183797633696,0.0403947836521771,1.54414612984429
62.575179,52,51,197.908821512898,218.917299587705,-0.999962831320177,0.0086218314837812,0.984740713485473
62.625179,52,51,197.862191346055,219.015158223293,-0.999670583139835,0.0256656424985175,0.708294211238955
62.675179,52,51,197.969300098661,219.548620749423,-0.999893897078227,0.0145669003468961,0.2959889662579
62.725179,52,51,197.736182927626,219.81223960288,-0.999854218392783,0.0170745999120711,0.220204505458808
62.775179,52,51,197.30692040663,219.648901710937,-0.140685276343665,-0.990054368719267,0.0174818798593395
62.825179,52,51,197.000350379442,219.660693647526,-0.664193317073371,-0.7475608587634,0.268784632359229
62.875179,52,51,196.19334392958,219.618462058519,-0.987020015773796,-0.16059728659568,0.862075286046109
62.925179,52,51,195.777849315789,219.491210306826,-0.999262340572666,-0.038402795643502,0.971423596227483
62.975179,52,51,195.309110284599,219.426574712316,-0.999377196880094,0.0352876516091169,1.10526371363662
63.025179,52,51,195.012442848042,219.461701408181,-0.999375591551125,0.035333086644658,1.10567637572475
63.075179,52,51,194.768590235993,219.379605516415,-0.999375591551125,0.0353330866446579,1.05230302526845
63.125179,52,51,194.624051120124,219.457128727033,-0.999371131272913,0.0354590182929254,0.90833600373811
63.175179,52,51,194.342033604982,219.493653094691,-0.999375836143268,0.0353261678213619,0.9037045052997
63.225179,52,51,194.162460467857,219.525511741623,-0.999372805810547,0.0354117919110986,0.799498685748367
63.275179,52,51,193.871258742621,219.314431009601,-0.999897247984828,0.0143350435077048,0.829745832360704
63.325179,52,51,193.730346689862,219.457901626157,-0.999603456531875,0.0281590072539311,0.678560789612719
63.375179,52,51,193.396811930632,219.538621035417,-0.999456974364998,0.0329508177920441,0.733564665034816
63.425179,52,51,193.251251855761,219.551112662111,-0.999701981167128,0.0244120636267984,0.619850666716362
63.475179,52,51,193.078697574514,219.63673084612,-0.999701981167128,0.0244120636267984,0.526991067755071
63.525179,52,51,192.793912209505,219.303497258894,-0.999937717892138,0.011160660225217,0.563693199066843
63.575179,52,51,192.589219999446,219.562454387408,-0.999227659712414,0.0392948351014821,0.464658164618889
63.625179,52,51,192.576348190311,219.627957141587,-0.999647345504737,0.0265553125632517,0.243024390528321
63.675179,52,51,192.217401680431,219.570687308257,-0.999647345504737,0.0265553125632517,0.346124383899345
63.725179,52,51,191.963949157394,219.343711720259,-0.999857760834638,0.0168658856495666,0.363770593468499
63.775179,52,51,191.880827899961,219.775763994475,-0.997204298270199,0.0747234067173042,0.101153857254537
63.825179,52,51,191.750828184434,219.514215528855,-0.995201866580517,0.0978429596580899,-0.0874307474511354
63.875179,52,51,191.415031786558,219.517651654641,-0.996367921589067,0.0851525973079121,0.0302304228771734
63.925179,52,51,191.228008491281,219.633977127399,-0.995498402208672,0.0947783266363186,-0.0369779888565862
63.975179,52,51,191.263404709377,219.626089853828,-0.996367921589067,0.0851525973079121,-0.289045552884959
64.025179,52,51,191.048584848241,219.603573895096,-0.995955236658206,0.0898508017387539,-0.322923539766554
64.075179,52,51,190.71241356838,219.507207973705,-0.996117849363221,0.0880297119158678,-0.22305497484205
64.125179,52,51,190.610546259171,219.359131339848,-0.995710495746452,0.0925235573265223,-0.374986099192638
64.175179,52,51,190.423618620144,219.851489791342,-0.996975522260408,0.0777162017444667,-0.330398300374172
64.225179,52,51,190.132367962186,220.014427910844,-0.996045349715694,0.0888462790990149,-0.27361300996788
64.275179,52,51,190.123554041405,220.162831601889,-0.99740947303578,0.0719329069236625,-0.428123097647932
64.325179,52,51,189.915401219751,220.406920904004,-0.998092417260984,0.061737562359768,-0.391764908070921
64.375179,52,51,189.846784970173,221.042319213345,-0.997865035604713,0.0653098056772819,-0.496693883038313
64.425179,52,51,189.739030789979,221.37051697745,-0.998075774591818,0.0620060333591972,-0.566289671726259
64.475179,52,51,189.610798456032,221.749780252993,-0.998338008695457,0.0576300303139721,-0.609022180645672
64.525179,52,51,189.371693813427,221.80144050732,-0.999457948521359,0.032921256620542,-0.533506978711039
64.575179,52,51,189.135642049386,221.908021168854,-0.999457948521359,0.032921256620542,-0.483136939152852
64.625179,52,51,189.070813639769,222.247190187671,-0.998826282885845,0.0484361086014016,-0.606193249222015
64.675179,52,51,188.881820707918,222.557290644753,-0.999680614141108,0.025271915448904,-0.569274529113257
64.725179,52,51,188.94014769149,222.563679388138,-0.997864292907046,0.0653211523254273,-0.833612235394506
64.775179,52,51,188.622374419486,222.214566593364,-0.999816519306713,0.0191553575119265,-0.660545704181729
64.825179,52,51,188.739233730957,222.323477666785,-0.999459358540908,0.0328784218750895,-0.959367692623493
64.875179,52,51,188.37791249846,222.33908762749,-0.999563088986535,0.0295572518292272,-0.758833273691416
64.925179,52,51,188.229972262431,222.470110206517,-0.999459358540908,0.0328784218750895,-0.771880771295375
64.975179,52,51,188.079241194654,222.066735488563,-0.999841446898631,0.0178067701634175,-0.766233107505076
60.025179,53,52,218.464109729149,230.585685523917,-0.999827357668164,0.0185810349092308,1.06898748664663
60.075179,53,52,218.025768745779,230.665743310383,-0.999827357668164,0.0185810349092308,1.08167688905549
60.125179,53,52,217.814640116783,230.498869388078,-0.999837511082229,0.0180264093177992,0.86156076197109
60.175179,53,52,217.346071633971,230.508505549872,-0.999827357668164,0.0185810349092308,0.910290513259814
60.225179,53,52,216.929330223672,230.550778122587,-0.999827357668164,0.0185810349092308,0.906797149309678
60.275179,53,52,216.643300660453,230.429147851301,-0.999376997115456,0.0352933086645822,0.85627408424443
60.325179,53,52,216.31654194264,230.532833803209,-0.99967388638626,0.0255366575219169,0.718558926229481
60.375179,53,52,215.913062236833,230.554255510944,-0.999929199255417,0.011899431768798,0.639603964622832
60.425179,53,52,215.49496618302,230.331625179109,-0.999999974794741,0.000224522864005829,0.589673361264647
60.475179,53,52,215.05778884044,230.526894568376,-0.999999213164553,0.00125446015294535,0.623579879204912
60.525179,53,52,214.738233875809,230.383763218948,-0.999549437915507,0.0300153487868264,0.662840375105406
60.575179,53,52,214.402235046512,230.66982212745,-0.999574380597319,0.0291728924429147,0.595994642804397
60.625179,53,52,213.956153739079,230.446698912356,-0.999570964473869,0.0292897077619172,0.630693408012104
60.675179,53,52,213.680579567709,230.565751766261,-0.999602635677397,0.0281881313108928,0.502064603406355
60.725179,53,52,213.385624764543,230.445579363062,-0.999581330272932,0.0289337894129825,0.395821398438767
60.775179,53,52,212.987990885651,230.461634652172,-0.999768771842799,0.0215035543095051,0.36695605828467
60.825179,53,52,212.619134191734,230.5577527629,-0.99978836388521,0.020572492307331,0.338955175008997
60.875179,53,52,212.303930464058,230.587153606728,-0.999700472063774,0.0244737850662152,0.276144755374614
60.925179,53,52,211.887192277041,230.821949845174,-0.999451371176501,0.0331203359495606,0.340166226680167
60.975179,53,52,211.473293902315,230.547623313629,-0.999162091835136,0.0409281594948294,0.381370995718399
61.025179,53,52,211.212053905859,230.72488222533,-0.999149836624397,0.0412262534489954,0.262322497994338
61.075179,53,52,210.820942338255,230.375442863236,-0.999279360329225,0.0379573447440064,0.242998883156637
61.125179,53,52,210.426375403009,230.336381565571,-0.999149836624397,0.0412262534489954,0.261635196409436
61.175179,53,52,209.917442956974,230.238691215933,-0.999151939952043,0.0411752460838927,0.384715717062714
61.225179,53,52,209.761032997404,230.072721068705,-0.999100141988433,0.0424135152833759,0.158131080589922
61.275179,53,52,209.517307173173,230.018835427036,-0.999933596531399,0.011523997907937,-0.041968498153216
61.325179,53,52,209.007360463607,229.867652550017,-0.999954804079389,0.0095073549712792,0.0920703868314997
61.375179,53,52,208.701429994954,229.988878415401,-0.999961292871943,0.00879845201565637,0.030102300830425
61.425179,53,52,208.521609113631,229.901586638454,-0.999947731820018,0.0102241688171878,-0.153754155491443
61.475179,53,52,208.05069651265,229.894824776726,-0.999915374136633,0.013009402953107,-0.0417112545553224
61.525179,53,52,207.652468251409,230.018609058341,-0.999662379453725,0.0259832081336386,0.0163605281837965
61.575179,53,52,207.408083821546,230.004985181597,-0.999692285659185,0.0248059265804527,-0.100920203429381
61.625179,53,52,207.283796837632,229.940647220733,-0.999697466059391,0.0245962670833154,-0.335471604412447
61.675179,53,52,207.012615894005,229.818325906422,-0.999687532175697,0.0249967600393612,-0.421377859627623
61.725179,53,52,206.695305311862,229.903987411258,-0.999680003265143,0.0252960683072361,-0.453562016497304
61.775179,53,52,206.373726257395,230.035587114174,-0.999655151171215,0.0262598312419351,-0.477128362299558
61.825179,53,52,206.182769610437,230.100256448134,-0.999669789764215,0.025696525694536,-0.631650070678486
61.875179,53,52,205.793447273837,229.825963469253,-0.9997371623184,0.0229261047618928,-0.594529882730862
61.925179,53,52,205.39753177745,229.769470193209,-0.999632438213812,0.0271106707904749,-0.540022677701362
61.975179,53,52,205.141975847688,229.567389973315,-0.999663911064492,0.0259242148433183,-0.628593071754077
62.025179,53,52,204.96121816509,229.42294996052,-0.999513289245931,0.031195907115842,-0.789422352710937
62.075179,53,52,204.585140446201,229.206891075282,-0.999544126543057,0.03019170570333,-0.753216095452377
62.125179,53,52,204.317420371078,228.804964646156,-0.99948099537729,0.032213970255502,-0.831030862562611
62.175179,53,52,203.958447034591,229.063219390057,-0.999544126543057,0.03019170570333,-0.789893588952489
62.225179,53,52,203.78824104281,228.835878781731,-0.999559014689343,0.029694715914939,-0.95106023065504
62.275179,53,52,203.410168858974,228.963028341304,-0.999787577636348,0.0206106672391732,-0.878402287461178
62.325179,53,52,203.106054369381,228.728201654949,-0.999779711426525,0.0209887736634137,-0.898217767744333
62.375179,53,52,202.882095528281,228.722600446372,-0.999779711426525,0.0209887736634137,-0.98992272102672
62.425179,53,52,202.603435120034,229.194578585247,-0.99979102896001,0.0204425637111691,-1.01313475837805
62.475179,53,52,202.286553914552,229.043279210968,-0.999787577636348,0.0206106672391732,-1.00932312016403
62.525179,53,52,202.013913241166,228.887410047404,-0.9998278037499,0.0185570161570294,-1.04219980050414
62.575179,53,52,201.908127570934,229.118724338277,-0.999813595994675,0.0193073370560643,-1.23711807224574
62.675179,53,52,201.333136391739,229.037206933469,-0.9998278037499,0.0185570161570294,-1.26009130704832
62.725179,53,52,201.24446845999,229.247327520115,-0.9998206395739,0.0189390781728631,-1.46279557751476
62.775179,53,52,200.977543020815,228.828705319061,-0.999733229119424,0.0230969823667521,-1.50689184215305
62.825179,53,52,200.689995695941,228.641918846863,-0.999646663432379,0.0265809760639447,-1.52333214597833
62.925179,53,52,200.179955900771,228.752907815582,-0.999624220004306,0.0274120189111109,-1.5821536214083
63.675179,53,52,196.613566305413,228.327553490086,-0.999096901603839,0.042489777660159,-1.96241872066295
64.225179,53,52,193.807203649201,227.295848363967,-0.999998943863533,-0.00145336568664919,-1.20433501969196
64.425179,53,52,192.363245186909,226.850079808818,-0.999485069626057,0.03208731205004,-0.769620862005327
64.475179,53,52,190.791251084167,226.734261151025,-0.999601027382116,0.028245106773019,0.658231042179322
64.525179,53,52,189.941790418027,227.280712994101,-0.997337490181246,0.0729241433201196,0.97249609262896
64.575179,53,52,189.465755599984,227.58189555428,-0.997337490181246,0.0729241433201196,1.29923136074135
64.625179,53,52,189.131981505203,227.785354798247,-0.99796177543489,0.0638145341661538,1.55657614844673
64.675179,53,52,188.82067843867,228.306881751863,-0.997617627097563,0.0689860138305425,1.69868711221428
64.725179,53,52,188.726784866535,228.10790859859,-0.997337490181246,0.0729241433201196,1.58886650853274
64.775179,53,52,189.018492575712,228.68229103192,-0.997337490181246,0.0729241433201196,1.18609319921212
64.875179,53,52,188.672675366585,228.787431986308,-0.997337490181246,0.0729241433201196,1.24364043222
64.925179,53,52,188.520940476889,229.006709357347,-0.997337490181246,0.0729241433201196,1.26973105874656
64.975179,53,52,188.225807533216,228.683780013364,-0.997337490181246,0.0729241433201196,1.4035211034217
60.025179,54,53,218.212437249826,236.697799736315,-0.999909379599232,0.0134622653917619,0.92141595632502
60.075179,54,53,218.065081827119,236.753598507626,-0.999835818099504,0.0181200674749348,0.623049536732397
60.125179,54,53,217.710583914856,236.818719043375,-0.999837383810138,0.0180334671014406,0.537176975680583
60.175179,54,53,217.439154428072,236.910260844149,-0.999836334584921,0.018091546196793,0.370617635490374
60.225179,54,53,217.026529590852,236.757435931285,-0.999835581517196,0.0181331170009451,0.342836585846764
60.275179,54,53,216.751448847734,236.664523751895,-0.999818856497466,0.0190329764382774,0.179385457466747
60.325179,54,53,216.461431643922,236.764702603043,-0.999849001341896,0.0173774139506635,0.0402114895438443
60.375179,54,53,215.993379986445,236.732504519291,-0.999908741544547,0.0135095737460767,0.0829779084279925
60.425179,54,53,215.622132187375,236.785098387005,-0.999964861549679,0.00838305826842109,0.0355629716482406
60.475179,54,53,215.295934991461,236.723298410509,-0.999965670300039,0.00828602566934251,-0.0642687255720192
60.525179,54,53,214.79591064844,236.90521575197,-0.999931218746393,0.0117285027327724,0.00685507022780618
60.575179,54,53,214.574869510821,236.863600542542,-0.999929231075555,0.0118967575687024,-0.194889674795356
60.625179,54,53,214.269480018134,236.598220897019,-0.999929231075555,0.0118967575687024,-0.312454400577962
60.675179,54,53,213.813912215417,236.552240998352,-0.999929231075555,0.0118967575687024,-0.275058255049511
60.725179,54,53,213.545862659859,236.555163842555,-0.999915899371355,0.0129689700583462,-0.42554329590408
60.775179,54,53,213.190110677318,236.570565304176,-0.999929231075555,0.0118967575687024,-0.479647054086376
60.825179,54,53,212.741109308888,236.722673064172,-0.999929231075555,0.0118967575687024,-0.439803576858502
60.875179,54,53,212.524782207766,236.727387565446,-0.999929231075555,0.0118967575687024,-0.632116196435161
60.925179,54,53,212.100175404148,236.813351185133,-0.999982419915507,0.00592957502076017,-0.593221459235249
60.975179,54,53,211.767321223326,236.771346478027,-0.999953265217509,0.0096678529592808,-0.676916499758757
61.025179,54,53,211.326415953342,236.674290030167,-0.999452061199972,0.0330995069922141,-0.726078469836087
61.075179,54,53,211.110452832348,236.947779231049,-0.999523432511604,0.0308692056946849,-0.895674158098997
61.125179,54,53,210.650973174775,236.860448224161,-0.999480651428055,0.0322246399661964,-0.844206924586772
61.175179,54,53,210.188558317184,236.661480372744,-0.999670931360281,0.0256520758081649,-0.758491777755554
61.225179,54,53,209.783150371725,236.860836406068,-0.999783267780662,0.0208186806935767,-0.722350115544453
61.275179,54,53,209.26789000606,236.733989275202,-0.999725330497588,0.023436372617979,-0.61276611207496
61.325179,54,53,209.048219954382,236.760555147486,-0.999644537827369,0.0266607950351374,-0.796501348846773
61.375179,54,53,208.798123538524,237.099171679892,-0.999636756174839,0.0269509870736646,-0.925985027584234
61.425179,54,53,208.284201506966,236.868088046916,-0.99968006476618,0.0252936377195178,-0.795397212242298
61.475179,54,53,208.257135971735,236.911760608637,-0.999589874758015,0.0286370787835726,-1.1656146024951
61.525179,54,53,208.053566622513,236.954726824854,-0.999558319591427,0.0297181045082327,-1.34634626198911
61.575179,54,53,207.786296394136,236.530887557906,-0.999440735637851,0.0334397360586242,-1.49011868025491
61.625179,54,53,207.489273114822,236.770603473388,-0.99924901413109,0.0387480032781523,-1.58984403405408
61.675179,54,53,207.253467858901,236.87512824099,-0.999168086639621,0.0407815477994419,-1.73517835537526
61.725179,54,53,206.763047358641,236.562025008298,-0.999182878489848,0.0404175126985945,-1.62731767034319
61.775179,54,53,206.204975353205,236.572315700046,-0.999194803267558,0.0401216291183042,-1.4363713341881
61.825179,54,53,205.344486858963,236.667610574359,-0.999508257106715,0.0313567213767207,-0.884737512347071
61.875179,54,53,205.011683399193,236.655417828369,-0.99941227281228,0.0342798621962282,-0.93339789376978
61.925179,54,53,204.229551575505,236.646954760693,-0.999642822335101,0.0267250398299599,-0.462764338356519
61.975179,54,53,203.59283149065,236.356425874393,-0.999735328242088,0.0230059441163679,-0.164385254776629
62.025179,54,53,203.087207360441,236.527495751978,-0.999834000554599,0.0182200805428105,0.0253186570010962
62.075179,54,53,202.397476244901,236.767331206416,-0.999899046697264,0.0142090257900279,0.397288036170902
62.125179,54,53,201.771770769481,237.008345666836,-0.999906468056673,0.0136768102432134,0.683689000953242
62.175179,54,53,200.83770843469,237.512381346655,-0.999964123370561,0.00847065356069648,1.31472293151775
62.225179,54,53,200.031587688166,238.380843843986,-0.999959083684695,0.00904604645492906,1.78502159710247
62.275179,54,53,199.68189543065,239.129545248319,-0.999849260848838,-0.0173624762068011,1.93948965448248
62.325179,54,53,199.391370032484,239.654650354422,-0.999846150256577,-0.0175406903257369,1.89148922838125
62.375179,54,53,199.238040954352,240.20219424063,-0.999810903655499,-0.0194462575210294,1.7161228650435
62.425179,54,53,198.92554682645,240.678374841838,-0.999802839645457,-0.0198565313405985,1.69681882640168
62.475179,54,53,198.577160907756,241.249660947098,-0.999580726429718,-0.028954642982368,1.74515236561554
62.525179,54,53,198.322271123719,242.025836121159,-0.999667416276226,0.0257886958882182,1.49725511969058
62.575179,54,53,198.1715757481,242.707538236316,-0.999855102470797,0.0170227513379037,1.36516207573157
62.625179,54,53,197.889301972374,242.97157631431,-0.999850137100427,0.0173119421284304,1.33332849171726
62.675179,54,53,197.624121337136,243.451151341999,-0.999915912757163,0.0129679379628705,1.30071422666559
62.725179,54,53,197.409646983511,243.914746892775,-0.999911827072138,0.0132792349650953,1.20940669851185
62.775179,54,53,197.125064579626,244.403791082792,-0.999811048642638,0.0194388017148415,1.18368357813693
62.825179,54,53,196.969060916945,244.908281102179,-0.999811048642638,0.0194388017148415,1.0434146294188
62.875179,54,53,196.709570539801,245.300279669783,-0.999811048642638,0.0194388017148415,1.00753041057438
62.925179,54,53,196.493718484766,245.964384302145,-0.999763942750783,0.0217269136190603,0.935795806696622
62.975179,54,53,196.196316222997,246.641450300516,-0.999746287683702,0.0225246589909257,0.951039532614988
63.025179,54,53,196.007574978963,247.110224742179,-0.998633501774609,0.0522602060212395,0.872824853091715
63.075179,54,53,195.870901771273,247.689341601321,-0.998086172261721,0.0618384406332085,0.754031068338929
63.125179,54,53,195.566966193301,248.218044773636,-0.99742998713707,0.0716478943147908,0.810339724351502
63.175179,54,53,195.520628619843,248.730200018423,-0.997642243329554,0.0686291069763771,0.597089063123218
63.225179,54,53,195.176256091753,248.926477473195,-0.997402408262141,0.0720307989187993,0.672820370428052
63.275179,54,53,194.870501240431,249.363250192049,-0.997724710629181,0.067419595073807,0.715359447118015
63.325179,54,53,194.700253748526,249.936207996816,-0.997775919252778,0.0666574448900826,0.64145041415898
63.375179,54,53,194.508213050123,250.503808222156,-0.997199681948861,0.0747849872707759,0.617433395540849
63.425179,54,53,194.172176846548,251.132193213497,-0.996886747295197,0.0788467695419582,0.738492591456904
63.475179,54,53,193.973278323128,251.433845541791,-0.996886747295197,0.0788467695419582,0.688705872594355
63.525179,54,53,193.806413411196,252.032372524609,-0.999290725268033,0.0376569567714712,0.469309356131161
63.575179,54,53,193.776684761767,252.575471899709,-0.999500066038787,0.0316167358919435,0.233407104950903
63.625179,54,53,193.625462706047,253.218388366629,-0.999431486209883,0.0337150466751141,0.160032812786026
63.675179,54,53,193.350007203,253.639957686169,-0.999339226824877,0.0363470731841916,0.211246327915447
63.725179,54,53,193.194997141045,254.141217779983,-0.999309791160078,0.0371475610451367,0.140051298811909
63.775179,54,53,193.045601400199,254.865169399648,-0.99951342032424,0.0311917070988408,0.034542696027668
63.825179,54,53,192.85220150006,255.446087989708,-0.99951342032424,0.0311917070988408,0.0050877485117837
63.875179,54,53,192.71973457436,256.060601839011,-0.99951342032424,0.0311917070988408,-0.080607447167724
63.925179,54,53,192.587245865309,256.656327667101,-0.99951342032424,0.0311917070988408,-0.163224750058533
63.975179,54,53,192.399748387533,256.857060681834,-0.99951342032424,0.0311917070988408,-0.199511298225803
64.025179,54,53,192.305237543426,257.087100727697,-0.99951342032424,0.0311917070988408,-0.324128607096158
64.075179,54,53,191.948489574175,256.968111458816,-0.99951342032424,0.0311917070988408,-0.193799288209838
64.125179,54,53,191.631893287071,257.117525175842,-0.99951342032424,0.0311917070988408,-0.0914786222874009
64.175179,54,53,191.522959806005,257.24479074512,-0.99951342032424,0.0311917070988408,-0.19363125151783
64.225179,54,53,191.502126825791,257.302500359717,-0.99951342032424,0.0311917070988408,-0.382203883751171
64.275179,54,53,191.458492222837,257.618056780444,-0.999618597705744,0.0276162836167679,-0.562635992295535
64.325179,54,53,191.118556975462,257.756257842151,-0.999618597705744,0.0276162836167679,-0.422014490126682
64.375179,54,53,190.962176981865,257.962377123235,-0.999618597705744,0.0276162836167679,-0.459111559117556
64.425179,54,53,190.91155146388,258.090311756112,-0.999618597705744,0.0276162836167679,-0.60016251032841
64.475179,54,53,191.000510958365,257.861855755527,-0.999618597705744,0.0276162836167679,-0.886639461651958
64.525179,54,53,190.693228220271,258.046612160718,-0.999618597705744,0.0276162836167679,-0.761637298832262
64.575179,54,53,190.551694406414,258.400763605342,-0.999586941465174,0.0287392841298983,-0.785389598327331
64.625179,54,53,190.299375995294,258.328036003631,-0.999577291424364,0.0290729852050401,-0.712267861045865
64.675179,54,53,190.093607100831,258.151657438622,-0.999546641823754,0.0301083181007422,-0.680028080622925
64.725179,54,53,189.90320277923,258.319810985259,-0.999569865657638,0.0293271831100866,-0.661397459729623
64.775179,54,53,189.853308364681,258.549395423173,-0.999096635623691,0.0424960314079159,-0.680702585155029
64.825179,54,53,189.801017731124,258.052564326988,-0.999050971487394,0.0435563585495224,-0.807706407522422
64.925179,54,53,189.590012339626,257.588318626551,-0.999021991512511,0.0442160657948739,-0.930792268069772
64.975179,54,53,189.497942690656,256.858872161262,-0.998959144395629,0.0456138995083009,-1.01690808820129
60.025179,55,54,214.645995129909,214.50642494057,-0.946598508124865,-0.322414739761971,4.26625590424366
60.075179,55,54,214.476025101478,214.677505495778,-0.961010201017912,-0.27651291749123,3.38124848262072
60.125179,55,54,213.868948935247,214.860618280587,-0.964000925469408,-0.26589888246122,3.4275917267012
60.175179,55,54,213.47792452394,215.187701850459,-0.974447102246293,-0.224617107371195,2.79826326500552
60.225179,55,54,213.199967430363,215.371215641713,-0.975510919208947,-0.219951009327337,2.6206633300419
60.275179,55,54,212.505142681535,216.632303226653,-0.999880984041411,0.0154278239677341,-0.35892244544405
60.325179,55,54,212.145233605865,217.365085059593,-0.999780261853693,-0.0209625381994139,0.0820565812627207
60.375179,55,54,211.70271196362,217.802405487509,-0.999914496032231,-0.0130767207131261,0.0502296537458532
60.425179,55,54,211.336502291964,218.263248598961,-0.999934394253872,-0.0114545706223554,0.0222685423928657
60.475179,55,54,211.041458485112,218.628326085666,-0.999927523566706,-0.0120394191618332,-0.0472011322946057
60.525179,55,54,210.689625957169,219.206452644287,-0.999922857321119,-0.012420926163892,-0.0626434336440829
60.575179,55,54,210.210436848478,219.47105315555,-0.999914177627057,-0.013101045011975,0.0586289036744743
60.625179,55,54,209.884548548896,219.817636435389,-0.999964921059887,-0.00837595664354974,-0.0296701779540796
60.675179,55,54,209.615479502698,220.35383932345,-0.999985698530399,-0.00534815245384575,-0.153587999926819
60.725179,55,54,209.322947112251,220.730142614546,-0.999840098655595,-0.0178823130598591,-0.0934359790679013
60.775179,55,54,208.938239945949,221.27889234643,-0.997732050499216,-0.0673108862416093,0.402986171820626
60.825179,55,54,208.647390937968,221.699450729264,-0.999182614147173,-0.040424047125704,0.0738417114715852
60.875179,55,54,208.09256669953,222.264990951523,-0.999763856664645,-0.0217308745114993,0.0973438531462089
60.925179,55,54,207.776509801015,222.482369294868,-0.999868308890188,-0.0162285204832932,0.0175397603935906
60.975179,55,54,207.466995803831,222.763411840699,-0.999955296815689,0.00945538842395018,-0.239216670448123
61.025179,55,54,207.146702219552,223.345085240965,-0.999325828347043,0.0367136050871767,-0.476861417753348
61.075179,55,54,206.901901058566,223.570113759567,-0.999353437921501,0.035954222484665,-0.560301910106772
61.125179,55,54,206.522152029765,223.873198834752,-0.999345083937791,0.0361856768538384,-0.511382999910006
61.175179,55,54,206.176948805713,224.389520639386,-0.999348959913325,0.036078474471014,-0.483908489701011
61.225179,55,54,205.835232126397,224.669530939309,-0.999325828347043,0.0367136050871767,-0.471208309203543
61.275179,55,54,205.455581237022,225.175486364354,-0.999523694112313,0.0308607340819176,-0.364190964182001
61.325179,55,54,205.044061499899,225.638045850554,-0.999528136057308,0.0307165302370379,-0.265765426200178
61.375179,55,54,204.887224062996,226.162462654458,-0.999569275089504,0.0293473047662672,-0.409715397889444
61.425179,55,54,204.613220106018,226.65775027295,-0.999569275089504,0.0293473047662672,-0.443644427845963
61.475179,55,54,204.216981106005,226.987261580397,-0.999569275089504,0.0293473047662672,-0.357425164846153
61.525179,55,54,203.983091974718,227.589053545018,-0.998931996190831,0.0462046208317143,-0.509611306546802
61.575179,55,54,203.549420381596,228.050904041083,-0.998153120134981,0.0607482408370996,-0.440988219952933
61.625179,55,54,203.35503403813,228.542910692702,-0.998931996190831,0.0462046208317143,-0.466716482771334
61.675179,55,54,203.011877521066,228.956384623523,-0.99863397201941,0.0522512193995117,-0.439954220982621
61.725179,55,54,202.700145220416,229.42406314168,-0.998974034014372,0.0452866356119892,-0.385180200332954
61.775179,55,54,202.475520621043,229.853636279498,-0.999656383495532,0.0262128773054971,-0.377972795151
61.825179,55,54,202.185666292734,230.138185702134,-0.999750730204929,0.0223266086701692,-0.366378151057443
61.875179,55,54,201.956992840266,230.708140873617,-0.999725404264549,0.0234332257293805,-0.423523666603082
61.925179,55,54,201.767885819198,231.106860314312,-0.999687440421997,0.0250004292466479,-0.521627565222669
61.975179,55,54,201.480873325128,231.522154065651,-0.999729724153374,0.0232481965799345,-0.50967270458397
62.025179,55,54,201.076999707105,231.865607601644,-0.999766010893049,0.0216315386184076,-0.380658637261663
62.075179,55,54,200.758881003279,232.322456604776,-0.999772598676076,0.0213248900697293,-0.33508581868926
62.125179,55,54,200.445281471698,232.687800423268,-0.999794139429893,0.0202898684480676,-0.291890599908792
62.175179,55,54,200.152027030798,233.05497159955,-0.999830236388917,0.018425482421977,-0.265250823161781
62.225179,55,54,199.816274083133,233.616388559816,-0.999878433647717,0.0155922392935507,-0.189772084644366
62.275179,55,54,199.63520927537,233.887654379372,-0.999944006339122,0.010582258098598,-0.270330202280782
62.325179,55,54,199.485259828832,234.21975737815,-0.999917447588801,0.0128490469489631,-0.38383601149572
62.375179,55,54,199.243487876025,234.873353415813,-0.999959658641132,0.00898226532174303,-0.39644975592984
62.425179,55,54,199.001437255704,235.033677641672,-0.999846716564033,0.0175083801684349,-0.411732153778681
62.475179,55,54,198.805290192798,235.550909977754,-0.999917345567311,0.0128569838462377,-0.465347090535596
62.525179,55,54,198.58105255755,235.879922379207,-0.997384268614066,0.0722815378999674,-0.451080979736511
62.575179,55,54,198.231477910594,236.205645237934,-0.996965436233644,0.077845481278357,-0.330259724864539
62.625179,55,54,197.933263735725,236.943718425363,-0.996965436233644,0.077845481278357,-0.228891458439231
62.675179,55,54,197.801640612681,237.422333439448,-0.997572923146088,0.0696294693773309,-0.325547457643486
62.725179,55,54,197.547008786212,237.842255896352,-0.997685422050406,0.0679985193081726,-0.291516008020558
62.775179,55,54,197.138357444514,238.443395376383,-0.997691390191588,0.0679108970458819,-0.0852827125409634
62.825179,55,54,197.049968848166,238.834092111474,-0.997912847606873,0.0645751390330766,-0.218834122736926
62.875179,55,54,196.594907345679,239.37787095503,-0.998509559685282,0.0545770942530318,0.00266626042824167
62.925179,55,54,196.41291096275,239.938754884314,-0.998646252723587,0.0520159775562948,-0.0247827482860088
62.975179,55,54,196.12056131952,240.400470613469,-0.999093403183186,0.0425719592671008,0.0263174386062351
63.025179,55,54,195.990242892944,240.84579257532,-0.999651985336479,0.0263800722674559,-0.117591881421567
63.075179,55,54,195.516311555639,241.301827149698,-0.999705477824861,0.0242684487960615,0.141805350523229
63.125179,55,54,195.414420955273,241.88131882276,-0.999600493454015,0.0282639962936935,0.0659242101222475
63.175179,55,54,195.300461658142,242.33170858025,-0.999738962948116,0.0228474498232373,-0.0467471260610577
63.225179,55,54,195.05218554377,242.803066761892,-0.999720810662972,0.0236283881669933,0.011734694029933
63.275179,55,54,194.799139484951,243.354681917017,-0.999828074706626,-0.0185424116134123,-0.189973179571559
63.325179,55,54,194.507783435822,243.808267449996,-0.999818784222814,-0.019036772710073,-0.103233785939769
63.375179,55,54,194.21807697914,244.457340488044,-0.999999641146055,-0.000847176346194828,0.115652832388184
63.425179,55,54,194.153515884034,244.783862600049,-0.99994751194808,-0.0102456502401891,-0.077015011245094
63.475179,55,54,193.939365500767,245.21894122332,-0.99999787898498,0.00205961781418622,0.0449891346186188
63.525179,55,54,193.655822988269,245.823641541819,-0.99996705456934,0.00811725174668111,0.199258432166426
63.575179,55,54,193.702506248548,246.143123074427,-0.999972407137281,0.00742865829556789,-0.0276655765458646
63.625179,55,54,193.389445652582,246.853927165235,-0.999840393099581,0.0178658424507448,0.211531758933296
63.675179,55,54,193.079042657197,247.128921897619,-0.999840393099581,0.0178658424507448,0.356432908713042
63.725179,55,54,192.966251275945,247.690387543242,-0.999858208268048,0.0168393396250669,0.302936847708147
63.775179,55,54,192.675975277627,248.274296650467,-0.99892720094616,0.0463081764904386,0.737517919772039
63.825179,55,54,192.546469242837,248.906467342104,-0.999420454837688,0.0340404825469536,0.604653979803629
63.875179,55,54,192.42801882235,249.048762184845,-0.999832178398282,0.0183197991077054,0.404579409529082
63.925179,55,54,192.264187485284,248.88412516083,-0.999935027122973,0.0113991899965996,0.343223677556595
63.975179,55,54,192.115960462842,249.092591983968,-0.999420454837688,0.0340404825469536,0.584694548422606
64.025179,55,54,192.023386237348,249.032163425712,-0.999420454837688,0.0340404825469536,0.531133869889183
64.075179,55,54,191.855904813506,248.909637738288,-0.999420454837688,0.0340404825469536,0.55444968157963
64.125179,55,54,191.818728043097,248.636901673041,-0.999420454837688,0.0340404825469536,0.446577609385521
64.175179,55,54,191.488938290674,248.380916818457,-0.999420454837688,0.0340404825469536,0.635901703637165
64.225179,55,54,191.56796383815,247.860116426024,-0.999420454837688,0.0340404825469536,0.411843677210947
64.475179,55,54,191.803655052406,246.878020999944,-0.937055762438954,0.34917975038646,1.8656457599702
64.525179,55,54,191.373591240016,246.950396797638,-0.993911649877074,0.110179999267712,0.444793030650419
64.575179,55,54,191.080167385665,246.744311690413,-0.988073000873021,0.153986184269184,0.908052163524923
64.625179,55,54,190.952812648615,246.681250070952,-0.986550427755375,0.163457191630365,0.98296476639521
64.675179,55,54,190.636565339437,246.459862281133,-0.993398743490864,0.114712407483985,0.851410244666103
64.725179,55,54,190.524038823,246.474210116421,-0.990843624544276,0.135014487000327,0.999157159430677
64.775179,55,54,190.472033709132,246.185161390427,-0.998478060322096,-0.0551503676816748,-0.184702365067266
64.825179,55,54,190.463403527982,246.282924885368,-0.996552908119997,-0.0829596366769816,-0.408929772228056
64.875179,55,54,190.540278768751,246.047760460374,-0.991615032071257,-0.12922704117297,-0.777379302691486
64.925179,55,54,190.590309359669,246.259116667907,-0.989635063565619,-0.143605156458508,-0.982705492127347
64.975179,55,54,190.396053570265,246.269509480001,-0.995298769867545,-0.0968522519105821,-0.577040609738023
65.025179,55,54,190.270167443799,246.365279690389,-0.995835204214921,-0.0911715199293437,-0.47245745493692
65.075179,55,54,191.217780820422,246.472281706118,-0.971375904192606,-0.237547579979249,-2.24707047932631
65.125179,55,54,190.987498468583,246.325532849055,-0.993855126673206,-0.110688694930356,-1.35704854909761
62.825179,57,55,320.885597984768,205.858232856343,-0.075522744448028,-0.997144079394266,-0.254491144808925
62.875179,57,55,320.447367206293,205.068786958642,-0.507199180039164,-0.861828864547713,-0.357007553459224
62.925179,57,55,320.153813973372,204.275599756879,-0.618074717203344,-0.786119357320507,0.303450048409777
62.975179,57,55,320.019713481661,204.324915809726,-0.075522744448028,-0.997144079394266,1.31692618796921
63.025179,57,55,319.959135661762,204.156303191071,0.792661174888942,0.609662416279437,-0.357772187966882
63.075179,57,55,319.940737204868,203.966907449148,0.989731049491763,0.142942120006435,0.238823880725708
63.125179,57,55,320.471099499478,204.122757668721,0.717804651436735,0.696244556442481,-0.494780671378693
63.175179,57,55,320.859481958868,204.157998394809,0.681647797832154,0.731680449178858,-0.424831934381349
63.225179,57,55,321.138910396774,204.213687962085,0.687915970997158,0.725790339455574,-0.317926931213116
63.275179,57,55,321.344903257387,204.413834498382,0.502429641155015,0.864618098173316,-0.511270345222526
63.325179,57,55,321.308429003587,204.689767667238,0.502429641155016,0.864618098173316,-0.385307110756897
63.375179,57,55,321.227930298178,204.915246202131,0.502429641155015,0.864618098173316,-0.325421104201281
63.425179,57,55,321.223741163436,204.99791490598,0.502429641155016,0.864618098173316,-0.351001871120005
63.475179,57,55,321.564928775525,205.542107692309,0.502429641155015,0.864618098173316,0.195659023888324
63.975179,57,55,322.547750567417,207.832959620964,0.721082169030843,0.692849554741703,0.976125172136299
64.075179,57,55,322.45703725861,208.657760200724,0.516341675462267,0.856382668075913,2.11552883654776
64.775179,57,55,323.935291477897,211.639302483635,0.855358581808318,0.518036385331053,0.254642499933948
64.825179,57,55,324.415558705227,211.642947100627,0.855358581808318,0.518036385331053,0.458229201876264
64.875179,57,55,324.577951840106,211.673879031216,0.855358581808318,0.518036385331053,0.403395626156189
65.025179,57,55,325.301461548165,211.881536522929,0.855358581808318,0.518036385331053,0.496655302053784
65.175179,57,55,325.951699730735,211.774629076445,0.935504035997046,0.353316003930246,-1.19343818496268
60.025179,58,56,352.159383374848,202.006202382014,0.999909891398318,0.0134241976968497,-1.14381021945318
60.075179,58,56,352.600298691565,202.439195509763,0.999866697540972,-0.0163274967006856,-0.683182568565371
60.125179,58,56,352.928686455603,202.712156813695,0.999866697540972,-0.0163274967006856,-0.529997805261418
60.175179,58,56,353.259420356561,202.718062939631,0.999866697540972,-0.0163274967006856,-0.370141522375462
60.225179,58,56,353.443002277616,202.753721780227,0.999866697540972,-0.0163274967006856,-0.357932279273262
60.275179,58,56,353.686007907527,202.640078077148,0.999866697540972,-0.0163274967006856,-0.283892638512399
60.325179,58,56,353.891730354901,202.896255517557,0.999866697540972,-0.0163274967006856,-0.253186826481978
60.375179,58,56,354.119129971644,202.998223862229,0.999866697540972,-0.0163274967006856,-0.19830048264899
60.425179,58,56,354.326200910533,203.177973459422,0.999866697540972,-0.0163274967006856,-0.165015908333186
60.475179,58,56,354.523465517442,203.030332243194,0.999866697540972,-0.0163274967006856,-0.136190945078841
60.525179,58,56,354.813543277324,202.98830217987,0.998473779183128,0.0552278216459955,-0.400352503257463
60.575179,58,56,355.101273106389,202.962314632328,0.998473779183128,0.0552278216459955,-0.282991431741989
60.625179,58,56,355.17048502002,203.334897356653,0.998473779183128,0.0552278216459955,-0.361779510845
60.675179,58,56,355.470300102616,203.49156575456,0.998473779183128,0.0552278216459955,-0.222212064669859
60.725179,58,56,355.565853681218,203.525881308474,0.998473779183128,0.0552278216459955,-0.293317174582006
60.775179,58,56,355.776173795123,203.515614383334,0.998473779183128,0.0552278216459955,-0.252252925765449
60.825179,58,56,355.971551274784,203.398255851611,0.998473779183128,0.0552278216459955,-0.231977071550351
60.875179,58,56,356.094464115175,203.586987106761,0.998473779183128,0.0552278216459955,-0.26709902390187
60.925179,58,56,356.439894972177,203.411337271852,0.998473779183128,0.0552278216459955,-0.10010928927564
60.975179,58,56,356.539644213284,203.241502301983,0.998473779183128,0.0552278216459955,-0.178042117036869
61.275179,58,56,357.539826903337,204.443133214249,0.999611102157871,-0.0278862769606373,0.168329862812481
61.375179,58,56,357.876420880753,205.232103946609,0.999611102157871,-0.0278862769606373,0.1424046140841
61.425179,58,56,358.267844982531,205.888896998219,0.999611102157871,-0.0278862769606373,0.345328718427358
61.475179,58,56,358.390205670535,206.659068011604,0.999611102157871,-0.0278862769606373,0.276247601827623
61.525179,58,56,358.497392255217,207.253102176848,0.999611102157871,-0.0278862769606373,0.197031168329618
61.575179,58,56,358.503849607275,207.361747711037,0.999611102157871,-0.0278862769606373,0.0307872773958501
61.625179,58,56,358.574531717049,207.413715570336,0.999611102157871,-0.0278862769606373,-0.0695435526867469
61.675179,58,56,358.830067582296,207.23104820875,0.999611102157871,-0.0278862769606373,0.0215891622256074
61.725179,58,56,358.959381915483,207.302879252469,0.999611102157871,-0.0278862769606373,-0.0204031849651126
61.775179,58,56,359.268541049803,207.572582634325,0.999747309034448,-0.0224792810912621,0.111821822725829
61.825179,58,56,359.412290132312,207.409575850503,0.999747309034448,-0.0224792810912621,0.0903951496143661
61.875179,58,56,359.589584931019,207.38110183966,0.999747309034448,-0.0224792810912621,0.0996436639862887
61.925179,58,56,359.936790142781,207.444268708167,0.999747309034448,-0.0224792810912621,0.276867572967669
62.025179,58,56,360.283523799157,207.649889601593,0.999992982037688,-0.0037464483677623,0.286170394118182
62.075179,58,56,360.38532220712,207.601814848107,0.999988388223654,-0.00481906815252972,0.220562624856364
62.125179,58,56,360.501607412691,207.435371871272,0.999986843936821,-0.00512951784053823,0.170399967476671
62.175179,58,56,360.628711111724,207.522848252804,0.999986843936821,-0.00512951784053823,0.130006163962431
62.225179,58,56,360.814402366728,207.477227890252,0.999975285240511,-0.00703056954730714,0.14880718761262
62.275179,58,56,360.930911164515,207.504196575925,0.999567341210302,-0.0294130988807209,0.0938329758307641
62.325179,58,56,361.178285636817,207.403912462199,0.999674300554007,-0.0255204391000105,0.177484708190975
62.375179,58,56,361.332918006642,207.485104571604,0.999870180369892,-0.0161128025830363,0.165567841527775
62.425179,58,56,361.444128490236,207.43181566859,0.999741463940222,-0.0227377500791627,0.109818671995534
62.475179,58,56,361.656642814356,207.27593252621,0.999338782628189,-0.0363592840304853,0.15813293211765
62.525179,58,56,361.846327145333,207.503494688261,0.999942549434515,-0.0107190405542099,0.182377985414651
62.575179,58,56,362.043987951995,207.497559864285,0.999910724224581,-0.0133620200820753,0.213638987654538
62.625179,58,56,362.249044979723,207.339437257256,0.999557935776519,-0.0297310111867218,0.251208139233702
62.675179,58,56,362.339176603694,207.498542279044,0.999931197301002,-0.0117303309494755,0.179268503632584
62.725179,58,56,362.460623666637,207.39067086223,0.999899398908186,-0.0141842188028774,0.136359859961779
62.775179,58,56,362.742269845865,207.476208724635,0.999931197301002,-0.0117303309494755,0.253477058823981
62.825179,58,56,362.842289273046,207.347862322147,0.999910724224581,-0.0133620200820753,0.19019398819817
62.875179,58,56,362.977012889788,207.637285750101,0.999942549434515,-0.0107190405542099,0.159007142744174
62.925179,58,56,363.21949310564,207.465321767771,0.999895857433314,-0.0144317111839578,0.237607477717706
62.975179,58,56,363.279107980884,207.18457119085,0.999860935667256,-0.0166766101650987,0.137145603634214
63.025179,58,56,363.532360360644,207.420001129446,0.998503781485096,-0.0546827062238559,0.200425207231867
63.075179,58,56,363.728092964145,207.630739249165,0.998780092276763,-0.0493794215399534,0.224997108815605
63.125179,58,56,363.904128628519,207.573566598804,0.610214018124074,-0.792236613698756,-0.470752499831581
63.175179,58,56,364.21974925493,207.726732578754,-0.894647809626853,-0.446772085889297,-0.833413612515953
63.225179,58,56,364.364836180031,207.564009435308,-0.960878440525306,-0.276970436208735,-0.64125663782149
63.275179,58,56,364.528852986161,207.350558064194,0.999970918141036,-0.00762645869155349,0.415831556246134
63.325179,58,56,364.52409687436,207.628607011541,0.999973603525459,-0.00726582770982229,0.248306179426783
63.375179,58,56,364.693001958675,207.443247204391,0.999972965265374,-0.00735314479493124,0.257815569834542
63.425179,58,56,364.795889161565,207.449247636014,0.999972540918458,-0.00741062811667495,0.200275552011548
63.475179,58,56,364.904295315913,207.325457830312,0.999776887700788,-0.0211228506439181,0.138794990952082
63.525179,58,56,365.121349932755,207.291493506252,0.999991412559728,-0.0041442498476803,0.209833329843211
63.575179,58,56,365.483676867355,207.231734444492,0.999964293933123,-0.00845049459082872,0.409949067785033
63.625179,58,56,365.630119654016,207.467502869999,0.999964293933123,-0.00845049459082872,0.395433437650142
63.675179,58,56,365.665096951682,207.556239225005,0.999964293933123,-0.00845049459082872,0.271062653255863
63.725179,58,56,365.669029732479,207.257841529495,0.999964293933123,-0.00845049459082872,0.119289033800344
63.775179,58,56,365.931794087524,207.361206872557,0.999343794908586,0.0362212586433218,0.268517710092889
63.825179,58,56,366.067916371401,207.472606566646,0.999343794908586,0.0362212586433218,0.252649300601834
63.875179,58,56,366.287403866253,207.477495973774,0.999343794908586,0.0362212586433218,0.316618679971374
63.925179,58,56,366.442944805989,207.746875858648,0.999355097410584,0.035908067053002,0.326188064118524
63.975179,58,56,366.532722706479,207.745629982693,0.999343794908586,0.0362212586433218,0.261562442513912
64.025179,58,56,366.654857757275,207.450471009891,0.999343794908586,0.0362212586433218,0.218561440186425
64.075179,58,56,366.821405226308,207.480956411646,0.999343794908586,0.0362212586433218,0.232144456813937
64.125179,58,56,366.917043811478,207.459947287187,0.999343794908586,0.0362212586433218,0.173410279545211
64.175179,58,56,367.289028132312,206.989474819458,0.999343794908586,0.0362212586433218,0.374975564072343
64.225179,58,56,367.226971795276,206.900348365357,0.999947203174157,0.0102757415392812,0.135174024766645
64.275179,58,56,367.406699714095,206.907904904546,0.999990305820554,0.004403210750648,0.156559856339841
64.325179,58,56,367.614849993305,206.922388112698,0.999990305820554,0.004403210750648,0.211783875614054
64.375179,58,56,367.707093664215,206.64751511175,0.999990305820554,0.004403210750648,0.15026273770337
64.425179,58,56,367.759241086775,206.896252688064,0.999990305820554,0.004403210750648,0.0513905083628948
64.475179,58,56,367.973243286765,207.090392367899,0.999990305820554,0.004403210750648,0.114575038429269
64.525179,58,56,368.19751676515,207.051469267194,0.999990305820554,0.004403210750648,0.187453216157721
64.575179,58,56,368.291657422,207.417814593606,0.999990305820554,0.004403210750648,0.132437725382766
64.625179,58,56,368.535165195588,207.557933260307,0.999990305820554,0.004403210750648,0.226249884037312
64.675179,58,56,368.601336401942,207.150617613144,0.999990305820554,0.004403210750648,0.140779504515786
64.725179,58,56,368.575332290468,207.502115197454,0.999990305820554,0.004403210750648,-0.0330566529773088
64.775179,58,56,368.733296316161,207.446503544169,0.999907872100621,-0.0135737729171863,-0.0556523715379104
64.825179,58,56,368.798234292739,207.589063372011,0.999907872100621,-0.0135737729171863,-0.141656562391278
64.875179,58,56,368.943058852803,207.603821726692,0.999907872100621,-0.0135737729171863,-0.145565494255543
64.925179,58,56,369.159397840072,207.102162656588,0.999907872100621,-0.0135737729171863,-0.0704709828822824
64.975179,58,56,369.419497646994,207.49472890617,0.999907872100621,-0.0135737729171863,0.0367327391873259
65.025179,58,56,369.345023795345,207.755829968456,0.999990769905609,-0.0042965222666544,-0.167760309401245
65.075179,58,56,369.425257979051,207.493570264898,0.999907872100621,-0.0135737729171863,-0.251089318690693
65.125179,58,56,369.497275521744,207.467077690213,0.999987976959745,-0.00490366556330786,-0.307497404010935
65.175179,58,56,369.697068478541,207.677189077919,0.999907872100621,-0.0135737729171863,-0.273377837218614
65.225179,58,56,369.71567890582,207.379790003796,0.999907872100621,-0.0135737729171863,-0.395755881069693
65.275179,58,56,369.866613396448,207.132491603596,0.999896742847419,-0.0143702346230705,-0.387379759768661
65.325179,58,56,369.916793123667,206.562949998492,0.999789212721035,-0.0205311988605721,-0.480492798326672
65.375179,58,56,370.003631779664,206.69752556719,0.999804938069461,-0.0197505901663946,-0.539027187366328
65.425179,58,56,370.218657018944,206.609843691758,0.999932227795217,-0.0116421568660863,-0.454689434248051
65.475179,58,56,370.443744006357,206.439073528333,0.999827803768503,-0.0185570151546862,-0.378170788730497
65.525179,58,56,370.680419567349,206.465532823781,0.999987578730253,0.00498421359962166,-0.254621599573815
65.575179,58,56,370.808239083493,206.537913600709,0.99994329178081,0.01064956443043,-0.259474227354184
65.625179,58,56,370.874191811192,206.428603101881,0.999973670899939,0.00725654924191773,-0.339025011695721
65.675179,58,56,370.944230579876,206.456006382228,0.999997726943501,0.00213216036701359,-0.415205027622139
65.725179,58,56,371.043009983786,206.217729816747,0.999958534341942,0.00910656887715527,-0.448182762701339
65.775179,58,56,371.425279327883,206.244097328275,0.999994368439089,0.00335605275695459,-0.210914035483028
65.825179,58,56,371.56887666053,206.684659509288,0.999818513053405,0.0190510093086396,-0.177697158035933
65.875179,58,56,371.622537731164,206.422580929141,0.99999930545017,0.00117860051662356,-0.291605498618382
65.925179,58,56,371.71918099265,206.74722279751,0.99994329178081,0.01064956443043,-0.314536670797289
65.975179,58,56,371.735759750513,206.182522562072,0.99999930545017,0.00117860051662356,-0.45194321861519
60.025179,59,57,219.001090478826,213.226386592091,-0.908175164834117,-0.418590336699888,-1.97612785415793
60.175179,59,57,217.811988678947,212.996961173707,-0.87772284573224,-0.479168661412344,-1.2845808797125
60.225179,59,57,217.027618200724,212.962171600656,-0.842964532910871,-0.537969140615294,-0.407569910644441
60.275179,59,57,216.481312050002,212.748755792177,-0.249648019843722,-0.968336649202182,4.69664012481547
60.475179,59,57,214.84521515961,212.386942623311,-0.12020549016729,-0.992749031796879,6.16438808266442
60.525179,59,57,213.476212918111,212.556520013275,-0.751501062573321,-0.659731879592891,2.27579665745499
60.575179,59,57,212.584175630638,212.815613749765,-0.833300558423307,-0.552820205248871,1.68955599972974
60.625179,59,57,212.151172553522,213.08492600138,-0.757580631516961,-0.65274159263093,2.44819520612412
60.675179,59,57,211.172917618937,213.409296946489,-0.957640122826559,-0.287967698106461,0.222769811919422
60.725179,59,57,210.397715637395,213.733868313935,-0.920109656134204,-0.391660849062805,1.20383481661712
60.775179,59,57,209.719361903174,213.952625679937,-0.884617850568567,-0.466316693305577,1.91013807138041
60.825179,59,57,209.131697161209,214.284109276216,-0.931352757753264,-0.364118168491206,1.40335334585334
60.875179,59,57,208.417557806532,214.563670197641,-0.942777468089958,-0.333422623200478,1.49879897992605
60.925179,59,57,207.980102461489,214.761040952687,-0.955088824906896,-0.296319652635401,1.34133097143465
60.975179,59,57,207.541280975758,215.238643441224,-0.955088824906896,-0.296319652635401,1.30873827042933
61.025179,59,57,207.025108131232,215.705122758593,-0.987513599673402,-0.157533775616787,0.717476609129182
61.075179,59,57,206.558687135684,216.247726536855,-0.991416582739795,-0.130740810264229,0.648793125129122
61.125179,59,57,206.200798239211,216.561451373588,-0.987513599673402,-0.157533775616787,0.733919169187731
61.175179,59,57,205.881910747055,216.979156626275,-0.994919460014448,-0.100674068580544,0.447984326630971
61.225179,59,57,205.550263121766,217.498351127043,-0.997690943889072,-0.067917453439693,0.285380533984206
61.275179,59,57,205.237405244804,218.318998043657,-0.999240823349965,0.0389586569440474,-0.0658458444916341
61.325179,59,57,204.907860872994,218.812304361156,-0.999240823349965,0.0389586569440474,-0.0631187321473443
61.375179,59,57,204.569291936934,219.489401835887,-0.999240823349965,0.0389586569440474,-0.0415474626647137
61.425179,59,57,204.311903520747,219.908078440991,-0.999240823349965,0.0389586569440474,-0.108475801588116
61.475179,59,57,203.999825167364,220.388416302773,-0.999240823349965,0.0389586569440474,-0.115645519168644
61.525179,59,57,203.696453211958,220.811197852808,-0.998107876940458,0.0614871205165024,-0.144484870121501
61.575179,59,57,203.48543336958,221.396745397581,-0.998287707416881,0.0584948990968187,-0.231867957165584
61.625179,59,57,203.141165779002,221.711821695937,-0.998513842276088,0.0544986860671263,-0.201423118806741
61.675179,59,57,202.854592335825,222.421883905879,-0.998606617755768,0.0527714219477357,-0.205917673800523
61.725179,59,57,202.614807616632,223.018872491187,-0.998630093593327,0.0523252918747975,-0.260659603008858
61.775179,59,57,202.374707670565,223.573647423563,-0.999079659114147,0.0428932948648102,-0.329546463419846
61.825179,59,57,202.030124255881,224.350798464446,-0.999077438407626,0.0429449888212442,-0.270373870148874
61.875179,59,57,201.720855952711,224.683306723752,-0.999031631872203,0.0439977103809067,-0.260126532574846
61.925179,59,57,201.430724858264,225.554731408645,-0.999183460672624,0.0404031176801768,-0.256617520144079
61.975179,59,57,201.087912825663,226.141055708125,-0.999162495704253,0.0409182988166631,-0.198059022867149
62.025179,59,57,200.82740587517,226.482781453406,-0.999461603516707,0.032810106610812,-0.26290883059185
62.075179,59,57,200.552330212716,227.066598636277,-0.99958829148702,0.0286922902895489,-0.290203468464441
62.125179,59,57,200.334349152847,227.339231951535,-0.999648086132514,0.026527417733412,-0.374099720644618
62.175179,59,57,199.945679781372,227.462393998833,-0.999739001054578,0.0228457823327088,-0.295771248460004
62.225179,59,57,199.743343435982,227.532436532929,-0.999718695402946,0.0237177162018614,-0.380800225289457
62.275179,59,57,199.415318861499,227.899780617323,-0.999771576281336,0.0213727691217826,-0.345566665738903
62.325179,59,57,199.146220786235,228.386601013785,-0.999771576281336,0.0213727691217826,-0.352782019089755
62.375179,59,57,198.882227418578,228.61555623835,-0.999771576281336,0.0213727691217826,-0.367508922637099
62.425179,59,57,198.600250228129,228.8381067775,-0.999704191154386,0.0243213936351092,-0.345037815750878
62.475179,59,57,198.378935513308,229.182840061362,-0.999771576281336,0.0213727691217826,-0.409910826826338
62.525179,59,57,198.134168374147,229.558616288841,-0.998502712536935,0.0547022216768393,-0.230413048999683
62.575179,59,57,197.785264789523,229.992646845158,-0.998479263242632,0.0551285849124641,-0.129593206419402
62.625179,59,57,197.577184174745,230.540806841772,-0.998339761178918,0.0575996636207258,-0.145604459488357
62.675179,59,57,197.314004603667,230.742370887902,-0.998339446534822,0.0576051168955154,-0.139003173632198
62.725179,59,57,197.009197443802,231.14847570605,-0.998156858869299,0.0606867785615218,-0.0535952372334242
62.775179,59,57,196.824970827003,231.437152742536,-0.998519149688936,0.0544013575610494,-0.16018974184663
62.825179,59,57,196.65011799551,231.775028152311,-0.998227271752643,0.0595173414163939,-0.185719967261136
62.875179,59,57,196.358129932253,232.075367666678,-0.998729918956669,0.0503840151318378,-0.202651628269337
62.925179,59,57,196.119906388348,232.595213349689,-0.998469646662773,0.0553024836071299,-0.148456117773565
62.975179,59,57,195.804361151743,232.787937443363,-0.998755529670122,0.0498737601685887,-0.115583174662526
63.025179,59,57,195.578412796082,232.919155633659,-0.999681407627831,0.0252405079829683,-0.333129391445093
63.075179,59,57,195.472420308688,233.223383875467,-0.999700533630189,0.0244712700838425,-0.464044452329456
63.125179,59,57,195.209590613931,233.584930744601,-0.999662240394748,0.0259885576543408,-0.413471417436612
63.175179,59,57,195.005976653746,233.57822045688,-0.999708166469365,0.0241574397331267,-0.457146250785969
63.225179,59,57,194.753032877886,233.732033630316,-0.999640315833273,0.0268186308516161,-0.404579864271395
63.275179,59,57,194.358343476923,233.750057445055,-0.999498373238431,0.0316702051419083,-0.191443376992102
63.325179,59,57,194.354790966812,233.781914378616,-0.999514094765701,0.0311700876595204,-0.41216152096263
63.375179,59,57,194.085745321798,233.870327656619,-0.999414597007356,0.0342120342661011,-0.331559328406773
63.425179,59,57,194.127673578901,233.850744095635,-0.999372601025756,0.0354175707667189,-0.577825632061955
63.475179,59,57,193.895665801639,233.885443329178,-0.999540942092612,0.030296948371298,-0.598466881149984
63.525179,59,57,193.43584762295,233.841305179057,-0.999438598814453,0.0335035401085135,-0.31984540382818
63.575179,59,57,193.222509426664,233.915188946231,-0.999438598814453,0.0335035401085135,-0.307027300617132
63.625179,59,57,192.962650142061,233.659505645973,-0.999345461791483,0.0361752401065596,-0.233827408609251
63.675179,59,57,192.776066895169,233.776827710047,-0.999345461791483,0.0361752401065596,-0.238750273776697
63.725179,59,57,192.560518858719,233.855049651559,-0.999401950232058,0.034579500753463,-0.225032508304259
63.775179,59,57,192.514240551111,233.602310953945,-0.999731237933933,0.0231830088445524,-0.461986035783281
63.825179,59,57,192.206322853538,233.947813437892,-0.999955882463131,0.00939324903218425,-0.437287163399392
63.875179,59,57,192.039514451674,233.506674721488,-0.999387326011429,0.0349996086796115,-0.265479485789194
63.925179,59,57,191.866567025693,233.806761762805,-0.999859109109048,0.0167857657454617,-0.395402387607149
63.975179,59,57,191.65261120284,233.733855206664,-0.999466689077341,0.0326548223816578,-0.236893902399093
64.025179,59,57,191.531025194897,234.055501686958,-0.999607515710788,0.0280145414830884,-0.308358385974213
64.075179,59,57,191.205963976574,233.80152838385,-0.999161005863976,0.0409546622606997,-0.0608156746307304
64.125179,59,57,191.176474289897,233.877853251406,-0.999548038615915,0.0300619111015339,-0.267984259813324
64.175179,59,57,190.979090962667,233.935824778578,-0.999181427906607,0.0404533574195517,-0.150266244370403
64.225179,59,57,190.928281165317,233.751212143795,-0.999523052767416,0.0308814990974393,-0.326148839950279
64.275179,59,57,190.663169026592,233.903198424148,-0.999135158205507,0.0415804718306043,-0.129771086924041
64.325179,59,57,190.522852504711,233.823668017559,-0.999502409045905,0.0315425793401882,-0.206105739197555
64.375179,59,57,190.345630439879,233.808560098615,-0.999386715345876,0.0350170414252977,-0.145965841076465
64.425179,59,57,190.130131945959,233.963191934192,-0.999085155008618,0.0427650913877933,-0.00863153597399574
64.475179,59,57,189.928041688987,233.930686311023,-0.999211632195421,0.0397003033409386,0.0390879057202195
64.525179,59,57,189.86181836065,233.597977469144,-0.998188991178131,0.0601559464291333,0.091813965885522
64.575179,59,57,189.736279782198,233.921909929277,-0.997787395855599,0.0664854320261433,0.152356192651776
64.625179,59,57,189.632739851635,233.575802090573,-0.99818769175692,0.0601775043101007,0.0729664129015976
64.675179,59,57,189.340392305784,233.976795951073,-0.997689412717321,0.0679399422414218,0.321583454201988
64.725179,59,57,189.144131081606,233.968089847923,-0.997657498661698,0.0684069832991015,0.406776017971632
64.775179,59,57,189.275217399065,233.960722163452,-0.994107678929581,0.108397060353324,0.414513256216393
64.825179,59,57,189.114023744804,233.898332797237,-0.994785100278197,0.101993157929826,0.422130054443794
64.875179,59,57,188.838330225324,233.943298956429,-0.995387218261243,0.0959389687360957,0.562464534924242
64.975179,59,57,188.43095947981,233.797295701834,-0.995279467985784,0.0970504023996486,0.77005370614567
65.075179,59,57,188.241451614484,233.573943900351,-0.992937663410132,0.118637247867719,0.878510137772055
65.125179,59,57,188.318545098667,234.250567439054,-0.997768772731655,0.0667643330047272,0.49617420464763
65.225179,59,57,188.312130305398,234.591400955779,-0.997300101782707,0.0734336910702541,0.425658276451585
65.325179,59,57,188.285886791663,234.752335805907,-0.992937663410132,0.118637247867719,0.616762319863212
65.425179,59,57,187.845570356012,234.257523093339,-0.992937663410132,0.118637247867719,0.88525595864216
60.025179,60,58,214.645447058073,219.178462418352,-0.999727751494434,0.023332871488156,0.487031197828819
60.075179,60,58,214.165559047257,219.738698099798,-0.999750341790054,0.0223439945101711,0.591129445751232
60.125179,60,58,213.722542016266,219.862603879029,-0.999748564707308,0.0224233665108129,0.62336288389715
60.175179,60,58,213.468407765943,220.000661644178,-0.999750341790054,0.0223439945101711,0.473337536210551
60.225179,60,58,213.170758369515,220.638762818496,-0.99978509253149,0.0207308647142319,0.418425024565609
60.275179,60,58,212.885363201199,220.884498733082,-0.999711654910414,0.0240126432589577,0.222919824886421
60.325179,60,58,212.362643258421,221.613419758223,-0.999715561714149,0.0238494374475285,0.364307691058102
60.375179,60,58,212.102369914869,222.141386706511,-0.999669507228994,0.0257075147873148,0.192368066270911
60.425179,60,58,211.764550860412,223.116682040267,-0.999676687485374,0.0254267673578436,0.163354013611457
60.475179,60,58,211.302639803372,223.77231597573,-0.999674101242099,0.0255282452550421,0.243601557626922
60.525179,60,58,211.108160870618,224.549366817634,-0.999819392817669,0.0190047821799869,0.207659036959794
60.575179,60,58,210.697870027205,225.367169641993,-0.999783118734648,0.0208258371553551,0.204429934519746
60.625179,60,58,210.411144541165,225.837209705273,-0.999736897706913,0.0229376407539541,0.0684667160601923
60.675179,60,58,209.984290141606,226.513318464619,-0.999759004227983,0.0219529830563499,0.144944090207868
60.725179,60,58,209.562005102818,227.231083386399,-0.999682466989808,0.0251985156938097,0.134795783657998
60.775179,60,58,209.217331741223,227.470944880844,-0.999339532193839,0.0363386762912286,-0.117332365546332
60.825179,60,58,208.775807734488,228.163337123147,-0.999349980591416,0.0360501912884993,-0.0259647697097296
60.875179,60,58,208.488832080914,228.626058786552,-0.99934802108415,0.0361044700167793,-0.101595144776654
60.925179,60,58,208.117579401293,229.344456634205,-0.999356227269169,0.0358766082333933,-0.0759954050726284
60.975179,60,58,207.790084531837,229.706981010296,-0.999353527789693,0.0359517244968265,-0.110068680383661
61.025179,60,58,207.473659255186,230.39080158992,-0.999389102881562,0.0349488346241439,-0.121900394734826
61.075179,60,58,207.150765882509,230.942265915866,-0.999361431734833,0.0357313414372475,-0.161240008560977
61.125179,60,58,206.844663088952,231.599452157568,-0.999369206115028,0.0355132351246523,-0.193410372959141
61.175179,60,58,206.686642247579,232.206027250721,-0.999351749898483,0.0360011107445454,-0.384546345140547
61.225179,60,58,206.289017933992,232.75163697856,-0.999371854414585,0.0354386315192107,-0.31854019592365
61.275179,60,58,205.965553141387,233.485299002991,-0.999992869190785,0.00377644907055201,0.162924847076195
61.325179,60,58,205.791372749239,233.883048519524,-0.999985676152171,0.00535233504987937,-0.0350641901268578
61.375179,60,58,205.306969686821,234.680222336239,-0.999993361012366,-0.00364388956918408,0.237567568403775
61.425179,60,58,204.978884754569,235.283141035221,-0.999993361012366,-0.00364388956918408,0.22039703031515
61.475179,60,58,204.636113993525,235.868672528067,-0.999993361012366,-0.00364388956918408,0.220721650694115
61.525179,60,58,204.310933058676,236.49387443842,-0.999305732924905,0.0372565718151568,-0.336214528965525
61.575179,60,58,204.051227654347,236.990711968377,-0.999305732924905,0.0372565718151568,-0.399320011939265
61.625179,60,58,203.771585587317,237.740718256152,-0.999201453833401,0.0399556586382579,-0.463550104250695
61.675179,60,58,203.402845656397,238.320697689757,-0.999313103225434,0.0370583556293687,-0.373301532476027
61.725179,60,58,203.133114565151,239.016013130381,-0.999322056924283,0.0368161180004151,-0.407842505340213
61.775179,60,58,202.702666248419,239.729019559329,-0.99973881739062,0.0228538181143486,-0.129875622807232
61.825179,60,58,202.560002117696,240.352275468304,-0.999697614765414,0.024590222291437,-0.31567926705856
61.875179,60,58,202.255964454474,241.068222496434,-0.999568340679264,0.0293791135281827,-0.363131892183376
61.925179,60,58,201.977534496823,241.719738505444,-0.999543123153273,0.0302249062364198,-0.393366797059433
61.975179,60,58,201.664053488268,242.495602700872,-0.999455609111065,0.0329922023579778,-0.397630959970753
62.025179,60,58,201.366755826185,242.848023882011,-0.999956643191588,0.00931191371364431,-0.201611052665731
62.075179,60,58,201.070315338015,243.396880970201,-0.999944773927732,0.0105094764197104,-0.217515120532978
62.125179,60,58,200.772805553899,244.113656100642,-0.998206313282465,0.0598678221002706,-0.590977569125032
62.175179,60,58,200.566051744251,244.936736058599,-0.999401369801508,0.0345962720371574,-0.470125529997014
62.225179,60,58,200.324560820304,245.645808217175,-0.999287587559869,0.0377401291568791,-0.526648304619941
62.275179,60,58,199.96657773297,246.448849234179,-0.999978412647688,0.00657071066256677,-0.260192622406689
62.325179,60,58,199.638363953201,247.072586641645,-0.999932813546643,0.0115917381222092,-0.246126818526078
62.375179,60,58,199.480047944539,247.949336690507,-0.999936276949937,0.0112890229647957,-0.365760349076126
62.425179,60,58,199.230955118397,248.823854391773,-0.999938626842487,0.0110789236102566,-0.392253148848283
62.475179,60,58,199.001621022314,249.87401262299,-0.999946903672726,0.0103048452354754,-0.432032295040408
62.525179,60,58,198.669466951883,250.814365343757,-0.999839469177355,0.0179174740168503,-0.386259889659946
62.575179,60,58,198.463827080455,251.710538946573,-0.999740424660655,0.0227833996438778,-0.449067387909694
62.625179,60,58,198.225422900455,252.403275813333,-0.999689533027379,0.0249166120389948,-0.471876389058777
62.675179,60,58,198.054972349924,253.199271036871,-0.999591840937396,0.0285683659208428,-0.554599521694515
62.725179,60,58,197.682597019314,254.085741145429,-0.998564994667617,0.0535532578323926,-0.414109835079359
62.775179,60,58,197.497699448727,255.074731816685,-0.996706754534313,0.0810903537153238,-0.409384526541205
62.825179,60,58,197.242091562673,256.014933569235,-0.99464005912988,0.103398030803828,-0.301053647628235
62.875179,60,58,197.111978486829,256.906204907782,-0.991739107268267,0.128271365139458,-0.277438340401574
62.925179,60,58,196.701036525354,258.093936955642,-0.984609794205206,0.174767139803747,0.194955656665578
62.975179,60,58,196.477294157797,258.943830732972,-0.981380920543445,0.192071572059219,0.372080618552831
63.025179,60,58,196.34534800858,260.021428954724,-0.969163864265766,0.246417134553277,0.742130510854158
63.075179,60,58,196.45399800828,261.331958466276,-0.97251042262379,0.232859352159404,0.594482263848258
63.125179,60,58,196.412880476281,262.250546808642,-0.971596144082664,0.236645162223315,0.609637471475577
63.175179,60,58,196.51515900847,262.816211937222,-0.975119555471353,0.221679616873883,0.257968831792279
63.225179,60,58,196.284759317249,263.28700659622,-0.952692232528908,0.303936687616164,1.02619112688771
63.275179,60,58,196.248287182947,263.64388521899,-0.941716326200812,0.336408027500601,1.19312326258258
63.325179,60,58,196.059997937522,263.510019781926,-0.973628625459139,0.228138772869823,0.142102705795993
63.375179,60,58,196.040454004746,263.751222831279,-0.916847372764081,0.399237892810291,1.4578134643495
63.425179,60,58,195.674403055452,263.547816233314,-0.961227912901522,0.275755144029961,0.420382746958466
63.475179,60,58,195.512955944248,263.535328299156,-0.941716326200812,0.336408027500601,0.818455730705868
63.525179,60,58,195.324794180297,263.414645397447,-0.927191603247172,0.374587414187849,1.01061450850458
63.575179,60,58,194.943436509399,263.356986983496,-0.960572809111495,0.27802855679885,0.35776062778238
63.625179,60,58,194.75049710616,263.019243254691,-0.96977488116669,0.244001393147934,-0.0254942123036823
63.675179,60,58,194.521433982733,262.846591306432,-0.975549044548929,0.219781850205316,-0.234692536473385
63.725179,60,58,194.184593587953,262.522060122018,-0.982483062251205,0.18635190471121,-0.402390924310093
63.775179,60,58,193.838530008737,262.493140936248,-0.972189314208419,0.234196364914069,-0.0023211129074141
63.825179,60,58,193.428063946058,262.671273234547,-0.97155803440995,0.236801574685376,0.237445539594575
63.875179,60,58,193.162121172949,262.489709601685,-0.979823369980882,0.199865363780989,0.0376760522445108
63.925179,60,58,193.002492282536,262.536819772174,-0.974286240533504,0.225313828929985,0.135717398586796
63.975179,60,58,192.924083421592,262.741794443213,-0.978382300850564,0.206804432695136,-0.0460205557573794
64.025179,60,58,192.833112733005,262.707363800852,-0.960599033258865,0.277937937860477,0.216287829263747
64.075179,60,58,192.686147048953,262.627200278871,-0.977963787483686,0.208774592253376,-0.217671747316022
64.125179,60,58,192.586532142527,262.768723899991,-0.957217261879557,0.289370201575429,0.130332777435614
64.175179,60,58,192.51232827164,262.906038524032,-0.960125783636641,0.279568380894774,-0.00394676597411214
64.225179,60,58,192.113494856849,263.03906507719,-0.941328126604734,0.337492752607849,0.521698200913566
64.275179,60,58,192.20702516267,263.176739342146,-0.891279267503549,0.453454812873717,0.903700459791162
64.325179,60,58,192.017685381051,263.33648583378,-0.813802138186825,0.581142047938842,1.65258394169831
64.375179,60,58,191.97194837707,263.54109663015,-0.820743285789693,0.571297172083967,1.54940357954452
64.425179,60,58,191.644922105686,263.307882513138,-0.805232880978298,0.592958689447579,1.60046906950807
64.475179,60,58,191.541645787028,263.568604646354,-0.680547635242806,0.732703839327613,2.42810006666967
64.525179,60,58,191.750105598403,263.65643526937,-0.960855437158177,0.277050228087921,-0.313685978323833
64.575179,60,58,191.645256413363,263.690175815947,-0.960855437158177,0.277050228087921,-0.363471098834545
64.625179,60,58,191.458184847006,263.586301292903,-0.964287880213566,0.264856346107142,-0.422869832194874
64.675179,60,58,191.114195970775,263.643865836641,-0.978466821163522,0.20640416633913,-0.476182739300207
64.725179,60,58,190.985582743394,263.233378262995,-0.987634196198328,0.156775937247023,-0.754179617398608
64.825179,60,58,190.618218068796,262.756674805736,-0.999106231711279,-0.042269820861799,-1.25265923237519
64.875179,60,58,190.376199545167,262.339245280151,-0.999786528933218,-0.0206614753506996,-1.03917260494463
64.925179,60,58,189.992583146682,261.5767448018,-0.999157692476886,0.0410354184121978,-0.656935044836261
64.975179,60,58,189.766482000642,261.188462164655,-0.999157692476886,0.0410354184121978,-0.540029608514388
65.075179,60,58,189.224064332048,261.028604269925,-0.999197081855095,-0.0400648425962535,-0.190028672332842
65.125179,60,58,189.243302313261,260.892398747096,-0.999197081855095,-0.0400648425962535,-0.27101675769315
65.175179,60,58,189.181046724947,260.848825011558,-0.999197081855095,-0.0400648425962535,-0.269602738995035
65.275179,60,58,188.946461994084,260.46242746207,-0.999197081855095,-0.0400648425962535,-0.130622553092416
60.025179,61,59,301.048942569092,224.842031250813,0.9960893088908,-0.0883520724909609,-0.866244121122312
60.075179,61,59,301.413852287705,224.700029517343,0.997388317284224,-0.0722256501870569,-0.742775071317655
60.125179,61,59,301.771733444834,224.387780301084,0.997388317284224,-0.0722256501870569,-0.607052911678354
60.175179,61,59,302.051743562058,224.254197200183,0.997388317284224,-0.0722256501870569,-0.563871850618011
60.225179,61,59,302.391068646275,224.309075348664,0.997388317284225,-0.0722256501870569,-0.477106682867351
60.275179,61,59,302.594779258143,224.37022794431,0.994011037566418,-0.109279719967311,-0.492450276901334
60.325179,61,59,302.938370223438,224.291572887702,0.994011037566418,-0.109279719967311,-0.3934952216008
60.375179,61,59,303.208991821389,224.257908415978,0.995092767586221,-0.0989463687943914,-0.384763844771305
60.425179,61,59,303.472575416504,224.474286092815,0.995196253680338,-0.0979000340174608,-0.399977750319481
60.475179,61,59,303.666390834271,224.335272309784,0.994011037566418,-0.109279719967311,-0.439862856117692
60.525179,61,59,303.899810167079,224.281254366717,0.997857874906024,-0.0654191217308297,-0.504152014603245
60.575179,61,59,304.211016520322,224.330451722632,0.99667691244622,-0.0814563207901589,-0.443552539003344
60.625179,61,59,304.486739755938,224.385428121631,0.994011037566418,-0.109279719967311,-0.412642925211963
60.675179,61,59,304.742291769599,224.369731822428,0.997617296987989,-0.0689907874312121,-0.456043804654419
60.725179,61,59,305.003384059366,224.534813578459,0.994011037566418,-0.109279719967311,-0.446876379447442
61.025179,61,59,307.063704930362,224.348839006188,0.999716060782681,0.023828508412376,-0.114740781256527
61.075179,61,59,307.390818686468,224.554830647994,0.998350555966949,0.0574122582771648,-0.0785365500446662
61.125179,61,59,307.919829702977,224.575698744533,0.99875787144831,0.0498268423647373,0.174306386700568
61.175179,61,59,308.371745265118,224.450130366939,0.999672937589404,0.0255737727246291,0.351301208446509
61.225179,61,59,308.414983972574,224.434612180695,0.997770992428994,0.0667311521499523,0.08631057331244
61.275179,61,59,308.771393262993,224.535883236235,0.995471056444134,0.0950651133802524,0.150792141322272
61.325179,61,59,308.991626854057,224.349968850449,0.994073058784972,0.108714091993126,0.0583640650083375
61.375179,61,59,309.233936088384,224.343952570114,0.991036522810633,0.133591206504804,-0.00294907585133893
61.425179,61,59,309.574705634043,224.356387022302,0.991562083557377,0.129632690519609,0.0517535576547219
61.475179,61,59,309.920173056045,224.440886369209,0.991562083557377,0.129632690519609,0.116380235653642
61.525179,61,59,310.12621352231,224.180256753235,0.999716309982487,0.0238180510327826,0.0700306088014987
61.575179,61,59,310.408389768689,224.454559555474,0.999716309982487,0.0238180510327826,0.0616328099273011
61.625179,61,59,310.767692191319,224.264731377988,0.999716309982487,0.0238180510327826,0.117545481553761
61.675179,61,59,310.993756082605,224.397096300508,0.999716309982487,0.0238180510327826,0.046200677455353
61.725179,61,59,311.253365706707,224.550576813663,0.999716309982487,0.0238180510327826,0.00717275777224152
61.775179,61,59,311.606422947533,224.701964775044,0.999999794493206,0.000641103381763636,0.0610460464069292
61.825179,61,59,311.897497850187,224.446144777585,0.999999690218928,0.00078712263798958,0.0456243096684535
61.875179,61,59,312.097034197194,224.677379959349,0.999999690218928,0.00078712263798958,-0.0626519452599955
61.925179,61,59,312.487818824213,224.565518242484,0.999999690218928,0.00078712263798958,0.0183518197253061
61.975179,61,59,312.837841438056,224.431378528522,0.999999690218928,0.00078712263798958,0.0568869756227979
62.025179,61,59,313.143642301622,224.465986092185,0.999999690218928,0.00078712263798958,0.0496533312227174
62.075179,61,59,313.427854035615,224.612491705108,0.999999690218928,0.00078712263798958,0.0192480834352454
62.125179,61,59,313.818344136601,224.329752589816,0.999999690218928,0.00078712263798958,0.0931222204349593
62.175179,61,59,314.062921610292,224.557137697642,0.999999690218928,0.00078712263798958,0.0198338184496947
62.225179,61,59,314.328014569778,224.69591241657,0.999999690218928,0.00078712263798958,-0.0346506293578129
62.275179,61,59,314.783159437869,224.369751520527,-0.995076650368341,0.0991083240284214,-0.110454488766936
62.325179,61,59,315.021039191636,224.604899554384,0.960465308849508,0.27839969557566,0.0534048991040074
62.375179,61,59,315.226800583619,224.750166558995,0.984486255065156,0.175461715447517,-0.0473778709377652
62.425179,61,59,315.713965052095,224.446502621375,0.982159985959006,0.188047233377696,0.0635057396927297
62.475179,61,59,316.01894629891,224.538452956788,0.985104903104232,0.171954441291877,0.0615309771890075
62.525179,61,59,316.500111203026,224.869576227574,0.980938612541266,0.194317879840265,0.284373144793824
62.575179,61,59,316.821382565494,224.534982038021,0.995135219748547,0.0985184978367542,0.196843693845287
62.625179,61,59,317.084125786541,224.74197670211,0.993166808467952,0.116703429930671,0.159193284695321
62.675179,61,59,317.487257598945,224.706962918926,0.993166808467952,0.116703429930671,0.227486420947623
62.725179,61,59,317.878096658352,224.439982272299,0.997800035557177,0.0662954677342022,0.244647591235345
62.775179,61,59,318.203310697073,224.56407250451,0.990080160149521,0.1405036529002,0.270028243137937
62.825179,61,59,318.464769177286,224.907598653684,0.982794163046854,0.184704177215986,0.279226296949801
62.875179,61,59,318.870223992409,224.201410974767,0.999902324060724,0.0139764923340505,0.207620076401531
62.925179,61,59,319.23747446298,224.418553408188,0.971764983568018,0.235950877750113,0.305814339936833
62.975179,61,59,319.635419247862,224.36215743401,0.94918885725605,0.314707027663751,0.372667872397483
63.025179,61,59,320.000423986424,224.183139043963,0.998441570901966,-0.0558070738779144,0.297059177548733
63.075179,61,59,320.180374366858,224.391154995654,0.999992907462084,0.00376630130600028,0.142813230809139
63.125179,61,59,320.687363393013,224.270144163652,0.999050897008419,-0.0435580668381071,0.285908839437658
63.175179,61,59,320.941342438742,224.310069795715,0.999992907462084,0.00376630130600028,0.207358541526943
63.225179,61,59,321.32112382332,224.625333351768,0.999992907462084,0.00376630130600028,0.238128010646455
63.275179,61,59,321.932828296243,224.004049207426,0.988881232642884,-0.148707456863101,0.46304510987241
63.325179,61,59,322.240796530478,223.438340338373,0.995454708787565,0.0952361420505051,0.414790486913008
63.375179,61,59,322.614167622257,223.185201294251,0.981559474523866,-0.191156998230334,0.567870002470784
63.425179,61,59,323.126300967886,222.996207916236,0.977995269498024,-0.208627066411545,0.760139788480575
63.475179,61,59,323.767415121826,222.534576363023,0.866298842834451,-0.499526090313301,1.35469014586705
63.525179,61,59,323.651332390994,222.312394942356,0.999081060007991,-0.0428606525068076,0.49027946907587
63.575179,61,59,324.103250016158,222.361636825068,0.99589161613885,-0.090553237956181,0.635229247873356
63.625179,61,59,324.483481676318,222.357482497218,0.997187634651458,-0.0749454554875082,0.632877740519019
63.675179,61,59,324.89772395759,222.14603008723,0.997486843710101,-0.0708519345202443,0.69173012577415
63.725179,61,59,325.305540567444,222.189940719271,0.999097974176002,-0.0424645498905685,0.694241211301413
63.775179,61,59,325.624997635289,222.175147584699,0.997826992561428,0.0658884884924232,0.511164959814073
63.825179,61,59,326.012773523377,222.364005352344,0.992540118025081,0.121918473213691,0.487296444761738
63.875179,61,59,326.387267640112,222.656909201999,0.984429381514233,0.175780524551228,0.493067502549922
63.925179,61,59,326.563450519861,222.486862853688,0.997483763390169,0.0708952873820635,0.371546312861316
63.975179,61,59,326.768790614146,222.306515625556,0.998723736956957,0.0505064078977209,0.217012554465841
64.025179,61,59,327.146865652255,222.488763800664,0.999253899422208,-0.038621813648658,0.299415398420589
64.075179,61,59,327.525414822031,222.419576749727,0.999429443608887,-0.0337755421515345,0.302688061495108
64.125179,61,59,327.895266323641,222.542892096519,0.999863862559439,0.0165001923539851,0.264115032266847
64.175179,61,59,328.231955487613,222.64726801144,0.999987466271406,0.00500672548621105,0.233177288371951
64.225179,61,59,328.609964396059,222.59547037318,0.99973921255153,0.0228365252796327,0.227163306878168
64.275179,61,59,328.928566325285,222.521932523805,0.99271558333942,-0.12048141182388,0.23253486234215
64.325179,61,59,329.226685850579,222.435606263441,0.998068450574193,-0.0621238116057717,0.128848926852828
64.375179,61,59,329.650090464475,222.400829513504,0.996488247444938,-0.0837327457098891,0.182089430238748
64.425179,61,59,330.068463251569,222.549028427709,0.998234340115693,-0.0593986718183669,0.196397840174019
64.475179,61,59,330.333686366951,222.519815639095,0.995480160303978,-0.0949697343429315,0.0884247204886818
64.525179,61,59,330.770896679104,222.624854152065,0.999733026611236,-0.0231057460978279,0.11975019138576
64.575179,61,59,331.126281101839,222.530390537273,0.99863665700752,-0.0521998781688677,0.0969218922174712
64.625179,61,59,331.475427553208,222.453588291068,0.999836668154464,-0.0180731019412895,0.0559524183567457
64.675179,61,59,331.865092336546,222.525336939022,0.998856447974431,0.0478100025089197,0.0524990274569987
64.725179,61,59,332.172030347738,222.617634010912,0.998536351260906,0.0540847040350344,-0.0203598247296375
64.775179,61,59,332.503457943466,222.367537974628,0.999504861754568,0.0314647632913629,-0.0849462221580029
64.825179,61,59,332.895549271959,222.552864675952,0.997496385336792,0.0707174747854798,-0.0702457567910039
64.875179,61,59,333.294892384915,222.382458809423,0.998556473717586,0.0537119055396406,-0.0693469801172264
64.925179,61,59,333.63047783403,222.376390635203,0.998008505460345,0.0630794976898863,-0.121967772451655
64.975179,61,59,334.043488975789,222.469655164147,0.999465014416555,0.0327060385451295,-0.0974529219762776
65.025179,61,59,334.39695106719,222.371447416122,0.998481676835202,-0.0550848529485513,-0.149932884929882
65.075179,61,59,334.74614098791,222.352550886274,0.999009182049987,-0.0445045411145455,-0.194812539052317
65.125179,61,59,335.094158736512,222.400483513744,0.999154425900541,-0.0411148781265322,-0.24521593262447
65.175179,61,59,335.514213869763,222.332128357991,0.999425299245806,-0.0338979531451594,-0.218543065444734
65.225179,61,59,335.904679735264,222.395941824368,0.999656742088378,0.0261991984085303,-0.206478330133501
65.275179,61,59,336.266847222616,222.522102591797,0.993794645042459,-0.111230407195757,-0.311270737895122
65.325179,61,59,336.636370675557,222.45663080941,0.991560014562057,-0.129648515308477,-0.348028038948093
65.375179,61,59,336.971781520594,222.493428106644,0.991477745307272,-0.130276170347493,-0.423531718926696
65.425179,61,59,337.349135288394,222.435836654044,0.988506785241488,-0.15117650456185,-0.457777882347916
65.475179,61,59,337.6569217336,222.407200485731,0.989930733386467,-0.141552616001723,-0.548160341302645
65.525179,61,59,338.017556322181,222.577183487576,0.998414678883998,-0.0562861349620317,-0.54961644509734
65.575179,61,59,338.34782068594,222.547745497367,0.995367886141911,-0.0961393324159449,-0.657670969520071
65.625179,61,59,338.826033090961,222.569216880131,0.996377979322339,-0.085034830049415,-0.579968399982068
65.675179,61,59,339.165025465831,222.6357911767,0.998455160979018,-0.0555634008531061,-0.623473581875034
65.725179,61,59,339.646361691363,222.498025889199,0.994476196469922,-0.104962348748095,-0.591498927157651
65.775179,61,59,340.024100657023,222.57231808583,0.998434035568822,0.0559417251946797,-0.447179899274903
65.825179,61,59,340.291468786914,222.452510144658,0.999328196343069,0.0366490926723663,-0.610874867360065
65.875179,61,59,340.717043336511,222.456201915014,0.998681431924696,0.0513361230405986,-0.572091661164312
65.925179,61,59,341.079846423957,222.572613873355,0.997279285223819,0.0737158548988546,-0.576487351197247
65.975179,61,59,341.420717700497,222.464862881534,0.999953764404503,0.00961608305199956,-0.731921866959771
60.025179,62,60,355.170117364462,225.153786012176,0.997539734455002,-0.0701033393173566,0.946007095378495
60.075179,62,60,355.241613393893,225.483984435944,0.998409028417441,-0.0563862746999837,0.758989841862637
60.125179,62,60,355.20438211631,225.622966647086,0.999012345680143,-0.0444334691269812,0.491446452771037
60.225179,62,60,355.676812561125,225.915361893509,0.998111920539615,-0.0614214463906726,0.745242562097386
60.325179,62,60,356.085724105592,226.421222745907,0.99881889346668,-0.0485882501639849,0.754498008038614
60.375179,62,60,356.203532729226,226.586498383854,0.99881889346668,-0.0485882501639849,0.713036651957252
60.425179,62,60,356.251999901525,226.836659923608,0.99881889346668,-0.0485882501639849,0.598104724823139
60.475179,62,60,356.44092589782,226.706867405666,0.99853435269959,-0.0541215897661022,0.668184919661648
60.675179,62,60,357.104746951142,227.350751310988,0.99950629549417,0.0314191862962907,0.344466105245236
61.275179,62,60,358.039424170777,229.285400565087,0.999960482715564,0.00889005102660933,-0.419406892276405
61.325179,62,60,357.963093753526,229.781277337929,0.999960482715564,0.00889005102660933,-0.6419658256994
61.375179,62,60,357.993362898047,230.009755414824,0.999960482715564,0.00889005102660933,-0.760290794512053
61.425179,62,60,358.140396327883,230.103935182792,0.999960482715564,0.00889005102660933,-0.763029125607961
61.475179,62,60,358.211768807037,230.675397782188,0.999960482715564,0.00889005102660933,-0.837156381044362
61.525179,62,60,358.247617738866,230.393003135973,0.999960482715564,0.00889005102660933,-0.954365564511468
61.575179,62,60,358.393486941606,230.705706331504,0.999960482715564,0.00889005102660933,-0.956232242555197
61.625179,62,60,358.844861257134,230.719903093318,0.999960482715564,0.00889005102660933,-0.655218404367567
61.675179,62,60,358.980679228895,230.467978571797,0.999960482715564,0.00889005102660933,-0.672067977357415
61.725179,62,60,359.175702832606,230.618354733125,0.999960482715564,0.00889005102660933,-0.626086410126348
62.275179,62,60,361.132824158766,232.57364946274,0.999919622388918,-0.0126786734954092,-0.343581519691787
62.325179,62,60,361.270866152901,233.203141813333,0.999919622388918,-0.0126786734954092,-0.363462474457057
62.375179,62,60,361.330872944062,233.697978564659,0.999919622388918,-0.0126786734954092,-0.459549745861611
62.425179,62,60,361.363689733445,234.019109130676,0.999919622388918,-0.0126786734954092,-0.580502014696165
62.475179,62,60,361.967933890547,234.274021365192,0.999919622388918,-0.0126786734954092,-0.129107739769828
62.525179,62,60,362.159310259757,234.630612182134,0.999940676348664,-0.0108923727155999,-0.0842559078558641
62.575179,62,60,362.224876427502,234.681227254121,0.999940676348664,-0.0108923727155999,-0.16850235798062
62.625179,62,60,362.322752516809,234.705882205216,0.999940676348664,-0.0108923727155999,-0.22001708106547
62.675179,62,60,362.410705989832,234.517551461407,0.999940676348664,-0.0108923727155999,-0.278987889420123
62.725179,62,60,362.693811697937,234.351369104167,0.999940676348664,-0.0108923727155999,-0.142908203580497
62.775179,62,60,362.937575519369,234.589904357425,0.999940676348664,-0.0108923727155999,-0.0504202650829598
62.825179,62,60,363.214358362717,234.646988046797,0.999940676348664,-0.0108923727155999,0.0772223643654941
62.875179,62,60,363.329997020843,234.633022247076,0.999940676348664,-0.0108923727155999,0.0446704981456251
62.925179,62,60,363.374637737921,234.568759143115,0.999940676348664,-0.0108923727155999,-0.0581559722630528
62.975179,62,60,363.435445195266,234.610200405459,0.999940676348664,-0.0108923727155999,-0.145791736370348
63.025179,62,60,363.710635953009,234.599367491824,0.99867055812846,-0.0515472242452494,-0.197924487041572
63.075179,62,60,363.888958520812,234.711780730831,0.99867055812846,-0.0515472242452494,-0.174212687439216
63.125179,62,60,364.131794089747,234.542634072773,0.99867055812846,-0.0515472242452494,-0.0713725443563243
63.175179,62,60,364.340435676764,234.489209254659,0.99867055812846,-0.0515472242452494,-0.0084536938702055
63.225179,62,60,364.377662391039,234.615135685372,0.99867055812846,-0.0515472242452494,-0.125769634542045
63.275179,62,60,364.627616346821,234.511321067288,0.999933570500173,-0.0115262564076616,0.16060003470229
63.325179,62,60,364.797165034972,234.472674352077,0.999932491307138,-0.0116195020676184,0.183533218980203
63.375179,62,60,364.933894461581,234.675300694355,0.999929084341398,-0.0119090842710163,0.170118794870924
63.425179,62,60,365.016627441502,234.053201138027,0.999720423612335,-0.0236447586659881,0.0659104892907892
63.475179,62,60,365.156562401184,233.969825313751,0.999848649613485,-0.0173976396700776,0.0867711790203729
63.525179,62,60,365.343974630155,233.837592404214,0.999936172268756,-0.0112982913977517,0.154609145220753
63.575179,62,60,365.474464890803,233.561446304949,0.999934856490913,-0.0114141479969774,0.142280340172559
63.625179,62,60,365.661935570444,233.589259608735,0.999939071019366,-0.0110387612044127,0.18556386049973
63.675179,62,60,365.768050523777,233.380574004669,0.999936802002581,-0.0112424197062487,0.14823636364687
63.725179,62,60,365.906538549566,233.224300179615,0.999937518667824,-0.0111784954459668,0.143924182885178
63.775179,62,60,366.13441266485,232.987294193617,0.99997110259548,0.0076022348016711,0.29070781438876
63.825179,62,60,366.20865409168,232.66846809848,0.99997110259548,0.0076022348016711,0.218814807218723
63.875179,62,60,366.415717096687,232.306848559313,0.999684078666833,0.025134495420561,0.325443010108218
63.925179,62,60,366.472652287719,232.012524632789,0.99997110259548,0.0076022348016711,0.191199812419922
63.975179,62,60,366.675326308132,231.64235283202,0.99997110259548,0.0076022348016711,0.248152805629133
64.025179,62,60,366.729088176947,231.181794247068,0.99997110259548,0.0076022348016711,0.1557893291422
64.075179,62,60,366.978933268926,230.982102248551,0.99997110259548,0.0076022348016711,0.261769670154991
64.125179,62,60,367.257276442082,230.608888043831,0.99997110259548,0.0076022348016711,0.395215673586572
64.175179,62,60,367.37451906521,230.67860865412,0.99997110259548,0.0076022348016711,0.371225091682648
64.225179,62,60,367.378388095808,230.459428293624,0.99997110259548,0.0076022348016711,0.231964356214575
64.525179,62,60,368.28358843336,229.413666203695,0.999886739237043,-0.0150502059093698,0.284367930932552
64.575179,62,60,368.372392330815,229.378325430037,0.999906628277163,-0.0136650915619084,0.233903607143035
64.625179,62,60,368.404816615746,229.405926063007,0.999862374244436,-0.0165901347275565,0.125895325417605
64.675179,62,60,368.415361946086,229.433474141538,0.999936441068313,-0.0112744766457728,-0.00216286444155873
64.725179,62,60,368.639443891842,228.929696669547,0.999794922220338,-0.0202512592800474,0.0910110097278108
64.775179,62,60,368.789573673759,228.251771961394,0.999794922220338,-0.0202512592800474,0.116099459869537
64.825179,62,60,369.077575493326,228.008692368086,0.999794922220338,-0.0202512592800474,0.270572659638092
64.875179,62,60,369.085427940375,227.688021171079,0.999794922220338,-0.0202512592800474,0.146876699732628
64.925179,62,60,369.303257245809,227.329987709789,0.999794922220338,-0.0202512592800474,0.234226872087244
64.975179,62,60,369.394927185428,226.920224947636,0.999810011455659,-0.0194920751341676,0.195252485272031
65.025179,62,60,369.636078202087,226.504853505671,0.999894864872303,0.0145003173068095,0.222782267179509
65.075179,62,60,369.614325734509,226.549080284492,0.999760706158009,0.0218753382245431,0.0482908992379695
65.125179,62,60,369.700553506684,226.314089026215,0.999919340019265,0.0127009234088323,0.018510484891907
65.225179,62,60,369.925810542257,225.675793631435,0.999511136524374,0.0312648039135862,-0.0930394424333078
65.275179,62,60,369.954922176064,225.675718711516,0.999992273664209,-0.00393098103364158,-0.0859394550457654
65.325179,62,60,370.251929810523,225.496296121471,0.999961740720641,-0.00874740504064384,0.0935343305670522
65.375179,62,60,370.390223664714,225.42741174108,0.999964003167488,-0.00848483171618398,0.0975866800057317
65.425179,62,60,370.439741522604,225.32874759289,0.999962157960242,-0.00869957743202645,0.0151224186055184
65.475179,62,60,370.547983275716,225.507570785099,0.999961079744971,-0.00882264105993105,-0.0109567995780815
65.525179,62,60,370.698960124305,225.577884774526,0.999984228023694,-0.00561637817968409,-0.00333146438444628
65.575179,62,60,370.71423456741,225.594322307578,0.997533238390865,0.0701957142953501,-0.352205751187991
65.625179,62,60,370.893708894912,225.658914318472,0.997223646909192,0.0744647436383931,-0.310410722066588
65.675179,62,60,371.044494199272,224.9625986157,0.999994003683438,-0.00346303294363117,-0.0576581436485034
65.725179,62,60,371.306915280376,224.630410594077,0.999943529135561,-0.0106272545805475,0.10315423522945
65.775179,62,60,371.418343782615,224.699396960166,0.999944746388092,-0.0105120964062328,0.0826859872913513
65.825179,62,60,371.461601752261,224.713458792616,0.999944380856039,-0.0105468096803457,-0.00435716035817899
65.875179,62,60,371.4755441845,224.507117510553,0.999944746388092,-0.0105120964062328,-0.118225949545047
65.925179,62,60,371.477599973726,224.233489998336,0.999942466908724,-0.0107267363394285,-0.241800958645463
65.975179,62,60,371.476452558798,224.278508864876,0.999941830914471,-0.0107858605319687,-0.372161232844608
60.025179,63,61,298.270866123207,231.581873147626,0.875400884684941,0.483397653172647,-1.26140559071464
60.075179,63,61,298.695027099184,231.697171096769,0.863637087651401,0.504114055381325,-0.987491040584055
60.125179,63,61,299.199184887715,231.598175584518,0.930805988310254,0.36551362782497,-1.16813322494658
60.175179,63,61,299.47207027393,231.608702638614,0.885193647959651,0.465222748381768,-0.892356049748938
60.225179,63,61,300.060923123166,231.173796078565,0.998845760970726,0.048032757476657,-1.47870245821328
60.275179,63,61,300.83446243643,230.455416036349,0.983996479335298,0.17818790266384,-0.914158071552494
60.325179,63,61,301.551424415473,229.858573002621,0.983996479335298,0.17818790266384,-0.567158892028462
60.375179,63,61,301.810098999798,229.739328521552,0.983996479335298,0.17818790266384,-0.587901287058733
60.425179,63,61,302.364898846664,229.638577540637,0.983996479335298,0.17818790266384,-0.315847395307524
60.475179,63,61,302.530075862318,229.373615974469,0.983996479335298,0.17818790266384,-0.458321045674925
60.525179,63,61,302.969675963298,229.367435013739,-0.777115469827901,0.629358043210826,-0.187348321111353
60.575179,63,61,303.246385113529,229.358990256196,-0.713894661613848,0.700253105754805,-0.243194277608478
60.625179,63,61,303.467015721113,229.409467823798,-0.777115469827901,0.629358043210826,-0.117217767414456
60.675179,63,61,303.57825942335,229.234108206615,-0.706673338117693,0.707539958725722,-0.173933352255051
60.725179,63,61,303.604190116676,229.638157735257,-0.777115469827901,0.629358043210826,0.357617812520608
60.775179,63,61,303.888612808215,229.449236459383,-0.557863993318888,0.829932385775072,0.0200326388409257
60.825179,63,61,304.256493230691,229.80503939735,0.544801290694086,0.838565175557665,-0.323046317648743
60.875179,63,61,304.459075074807,229.819586586072,0.702756991817422,0.711429975789415,-0.439013853683935
60.925179,63,61,304.974072136813,229.643709258399,0.592449398459035,0.805607665222674,-0.363840596953481
60.975179,63,61,305.167613427619,229.704882563405,0.720240720832036,0.693724227669287,-0.406882489129149
61.025179,63,61,305.632130846403,229.781098467801,0.962521448924807,0.271205568452586,-0.285334086268549
61.075179,63,61,305.810495218933,229.802522269339,0.975750843871673,0.218884194686867,-0.387273095303561
61.125179,63,61,306.196626486881,229.926755669175,0.951810958938962,0.306685341096853,-0.239482452676764
61.175179,63,61,306.807065683983,229.879218844902,0.969714288153964,0.244242091683745,0.0463075846952478
61.225179,63,61,307.359907351018,229.743292251439,0.970533678393844,0.24096551434451,0.269361785614352
61.275179,63,61,307.646644582513,229.679079477731,0.978929292690587,0.204199510068723,0.253364937873097
61.325179,63,61,308.010220330759,229.813091675418,0.971997621033498,0.23499069067778,0.35133685728493
61.375179,63,61,308.207950716647,229.568055411562,0.977187153382596,0.212380006742675,0.203503670929872
61.425179,63,61,308.580823453359,229.809544730519,0.97544875726067,0.220226524194099,0.330219038052154
61.475179,63,61,308.961672889146,229.628530064494,0.982406427914754,0.186755482896148,0.374021361134648
61.525179,63,61,309.625999482223,229.722500452745,-0.999994372353965,-0.00335488604878994,-0.74246262019783
61.575179,63,61,309.806244939507,229.439455527529,-0.999995909539178,0.00286022812246691,-0.616905756837873
61.625179,63,61,309.972217907435,229.453530247645,-0.999994372353965,-0.00335488604878994,-0.474294444229214
61.675179,63,61,310.118073823379,229.404799599828,-0.999994372353965,-0.00335488604878994,-0.310502104316256
61.725179,63,61,310.463706834047,229.744933504035,-0.999994372353965,-0.00335488604878994,-0.345973258733931
61.775179,63,61,310.847686413042,229.580412352758,0.961570511735729,0.274558101246872,0.418670715451543
61.825179,63,61,311.226418453698,229.907829022373,0.961570511735729,0.274558101246872,0.575899165190077
61.875179,63,61,311.788809529613,229.935106747839,0.961570511735729,0.274558101246872,0.825733648723306
61.925179,63,61,312.069681394073,229.779197943565,0.958133262758481,0.286322634096201,0.754556021900873
61.975179,63,61,312.537422708401,230.021602028522,0.961570511735729,0.274558101246872,0.967725680495256
62.025179,63,61,312.965413642526,229.958063150386,0.984887347516471,0.173196168265845,1.02383779765711
62.075179,63,61,313.43435613272,230.003366732791,0.985731199829871,0.168327067585589,1.17666036268782
62.125179,63,61,313.431875707508,229.714083304953,0.977079663203862,0.212873980921644,0.818485686506336
62.275179,63,61,313.740006511922,229.649239324369,0.967326055079842,0.253535605317419,0.172350229288949
62.375179,63,61,314.223151358064,229.340676713567,0.767027192536461,0.641614592968111,-0.000628886009817281
62.425179,63,61,314.271494237167,229.48903485921,0.767027192536461,0.641614592968111,-0.108119092094989
62.525179,63,61,314.895923359925,229.531389480142,0.936683427456267,0.350177321836781,-0.27624888361573
62.575179,63,61,315.271713415593,229.432719983637,0.953397233552477,0.301717939563565,-0.290660491059861
62.625179,63,61,315.831267008444,229.168290979674,0.953397233552477,0.301717939563565,-0.154514299071938
62.675179,63,61,316.309039150895,229.035008529085,0.953397233552477,0.301717939563565,-0.0581774235722704
62.725179,63,61,316.624858060493,229.100015400609,0.953397233552477,0.301717939563565,-0.057816730367169
62.775179,63,61,316.969596414942,229.269050317783,0.935604775227186,0.35304915319554,0.0165475830767583
62.875179,63,61,317.684839848274,229.205892556354,0.953397233552477,0.301717939563565,0.0153697759701941
62.925179,63,61,318.080692382149,229.156313827142,0.935604775227186,0.35304915319554,0.0665209054461126
63.025179,63,61,318.594786531791,229.319455261375,0.717865922994928,0.696181381970705,0.187110509743529
63.075179,63,61,318.987243831542,229.260326980056,0.717865922994928,0.696181381970705,0.195328636816458
63.125179,63,61,319.383033181234,229.106592464956,0.717865922994928,0.696181381970705,0.13931468629101
63.225179,63,61,319.858543297463,229.627200264454,0.717865922994928,0.696181381970705,0.37463376030974
63.275179,63,61,320.288655861002,229.54513445015,0.7276411792207,0.68595795374229,0.378444356247273
63.325179,63,61,320.811770449196,229.371388615393,0.756237160988373,0.65429760532975,0.370702321999968
63.375179,63,61,321.431882748156,228.88786363891,0.783788249301019,0.621028163820002,0.262529205531395
63.425179,63,61,321.941416753473,228.661147182934,0.783788249301019,0.621028163820002,0.256575470517709
63.475179,63,61,322.284756363517,228.376789847685,0.797110558982451,0.603833384932206,0.0883744359183548
63.525179,63,61,322.754462261363,228.163732467141,0.834775923868953,0.550589826394147,0.0890771880450665
63.575179,63,61,323.206261391271,228.12711104852,0.826598190376558,0.562792529859984,0.150775172314119
63.625179,63,61,323.666268722472,227.895229989512,0.871724847142374,0.489995704955262,0.170494449438031
63.675179,63,61,323.92187221623,228.022862382126,0.884621150148505,0.466310433842024,0.161027446490857
63.725179,63,61,324.395193203043,227.686731617388,0.908961201750788,0.416880718805469,0.15044871374459
63.775179,63,61,324.826176297048,227.553619759638,0.921012815104235,0.389532276472402,0.186235134976121
63.825179,63,61,325.150315434236,227.595551055356,0.917795043302929,0.397054477985798,0.162638173858529
63.875179,63,61,325.492846274557,227.630500731203,0.928580791311477,0.371130319439616,0.177430400481643
63.925179,63,61,325.854655164101,227.742909480589,0.921012815104235,0.389532276472402,0.206930990642294
63.975179,63,61,326.151813664405,227.817596066012,0.921012815104235,0.389532276472402,0.174223627947365
64.025179,63,61,326.48697787861,227.920581277087,0.937510460512201,0.347957089926618,0.195873465437792
64.075179,63,61,326.788611104657,227.972396413523,0.937510460512201,0.347957089926618,0.151031014801225
64.125179,63,61,327.166272726862,227.942546155921,0.947469214324148,0.319846975768073,0.150039423436159
64.175179,63,61,327.557085902688,227.894997212228,0.959387115649855,0.28209282572418,0.154933465336065
64.225179,63,61,327.945915736208,228.007886215588,0.961171491110289,0.27595174338428,0.19908957251125
64.275179,63,61,328.253826326075,228.061871960461,0.910243789072413,0.414072752611296,0.176657046826982
64.325179,63,61,328.644953260362,227.987356651442,0.946908036665606,0.321504541333537,0.148368271190532
64.375179,63,61,328.921660669503,228.093408343452,0.897538374440578,0.440936351876963,0.132976904090302
64.425179,63,61,329.441862202793,227.903394725832,0.946908036665606,0.321504541333537,0.161947098074383
64.475179,63,61,329.707566352703,227.95773663532,0.916603086275943,0.399798426997177,0.0988242693723294
64.525179,63,61,329.998191654222,228.018017025942,0.924819149917223,0.380407071367483,0.036156680765499
64.575179,63,61,330.410872713009,227.952131145071,0.929013384639729,0.37004612031507,0.0392311134905522
64.625179,63,61,330.878063611104,227.795775947552,0.936945282872304,0.349476089172548,0.0569324137472761
64.675179,63,61,331.204204922684,227.784665810562,0.905267934592923,0.424841107471797,0.031696828193237
64.725179,63,61,331.486109399652,227.90390290231,0.892299726564067,0.451443460439612,0.013091898246208
64.775179,63,61,331.853727938866,227.940677861999,0.942362891224437,0.334592560053447,-0.0616945105044206
64.825179,63,61,332.262757514871,228.013243063463,0.941154451942888,0.337976770781783,-0.0114792098092001
64.875179,63,61,332.673271060421,227.931076328178,0.942362891224437,0.334592560053447,-0.0180174904973334
64.925179,63,61,333.003918718994,227.906971912443,0.946368725346505,0.323088587984831,-0.0880566715908606
64.975179,63,61,333.311748724801,227.918004880308,0.941203457802193,0.337840274421501,-0.146383724822051
65.025179,63,61,333.657813515385,228.016600745092,0.993024885019464,0.117904952110079,-0.382860075089294
65.075179,63,61,333.960887081347,228.037623788518,0.989548688371048,0.144199144737888,-0.449291921019749
65.125179,63,61,334.430556192543,228.026363743326,0.993450484599718,0.114263444060581,-0.416087374271918
65.175179,63,61,334.898827211377,227.863266384843,0.991196007874084,0.13240269625079,-0.351995094710702
65.225179,63,61,335.202788619196,227.916238786549,0.982514630295221,0.186185394851059,-0.381972435517203
65.275179,63,61,335.562046922481,227.901451070865,0.885101000283803,0.465398989359251,-0.0607609745028865
65.325179,63,61,335.825045321129,227.980837902789,0.870335241116524,0.492459712129472,-0.0856920221068216
65.375179,63,61,336.261846935546,228.085373497805,0.863083634448254,0.505061025963786,0.0366060215074879
65.425179,63,61,336.586311319642,228.064941634419,0.889103646546748,0.457705916170281,-0.111902923039992
65.475179,63,61,337.026227026094,227.993406612989,0.882557714021977,0.470204084861352,-0.0736930554887467
65.525179,63,61,337.413738549905,228.094516727895,0.868108807498043,0.496373950106495,0.0287323914768591
65.575179,63,61,337.747605888318,228.159567830835,0.875710489697291,0.482836554368175,-0.0122108762092413
65.625179,63,61,338.034632571602,228.086430147621,0.874780769683524,0.484518941829834,-0.130044353810779
65.675179,63,61,338.447376572699,228.063919593774,0.885164260127628,0.465278661226484,-0.161363363160259
65.725179,63,61,338.910565639022,228.143649274973,0.878364009400845,0.47799232942514,-0.0275484077710527
65.775179,63,61,339.317256990407,227.958029955573,0.945729524186335,0.324954869300781,-0.431157730018187
65.825179,63,61,339.584629548665,227.913277866851,0.945729524186335,0.324954869300781,-0.571128423168198
65.875179,63,61,340.038945489257,227.98449669625,0.945729524186335,0.324954869300781,-0.497167673571534
65.925179,63,61,340.42134939383,227.870044410728,0.945729524186335,0.324954869300781,-0.552087424901136
65.975179,63,61,340.838603350296,227.883622939188,0.945729524186335,0.324954869300781,-0.532965280774495
60.025179,64,62,354.902531038708,231.305489700552,0.996903283028502,-0.0786374229422199,1.0595340881975
60.075179,64,62,354.988871807119,231.55373791818,0.997241222285564,-0.0742290008985366,0.918810824055132
60.125179,64,62,354.800067405512,231.65757967572,0.996784510275691,-0.0801288966256945,0.657508338055598
60.175179,64,62,354.645472064781,231.704595405648,0.995913185670016,-0.0903157052156481,0.49267025916639
60.225179,64,62,354.747758094526,232.197717213561,0.997676259085037,-0.0681328265822457,0.11039244071126
60.275179,64,62,355.019350727924,232.709337774063,0.993658719947258,-0.112438197569943,0.760699350743481
60.325179,64,62,355.185857162822,233.361586721866,0.993953562850927,-0.109801251795909,0.6738670297354
60.375179,64,62,355.224736755828,233.530027275841,0.992813250274641,-0.119673932329075,0.663382220708382
60.425179,64,62,355.155346983209,233.798318484913,0.992025460567592,-0.12603763559214,0.488429880658649
60.475179,64,62,355.195001232279,234.189106898812,0.989775137530718,-0.142636521010744,0.516516307960691
60.625179,64,62,356.4682182511,235.184378058456,0.997603188374789,-0.0691944979348426,0.454645769268915
60.675179,64,62,356.959115012364,235.528698177794,0.997627220270033,-0.0688471450118891,0.769135158068798
61.275179,64,62,358.302194732501,239.154099345351,0.999969054334736,-0.00786704346589232,-0.277278832948914
61.325179,64,62,358.161985340503,239.575444888195,0.999969054334736,-0.00786704346589232,-0.569117162401661
61.375179,64,62,358.101987089396,239.709770204685,0.999969054334736,-0.00786704346589232,-0.778541059787582
61.425179,64,62,358.19693515025,239.446589755959,0.999969054334736,-0.00786704346589232,-0.829943497363249
61.475179,64,62,358.240986330973,239.900164745537,0.999969054334736,-0.00786704346589232,-0.937922260197103
61.525179,64,62,358.253552494298,240.275765459002,0.999969054334736,-0.00786704346589232,-1.07680893138326
61.575179,64,62,358.516663449042,240.43794874309,0.999969054334736,-0.00786704346589232,-0.963511907800689
61.625179,64,62,358.892906384429,240.926447116739,0.999969054334736,-0.00786704346589232,-0.739680859539174
61.675179,64,62,359.163060364855,241.228077479966,0.999936894539345,-0.0112341861748716,-0.608677629761076
61.725179,64,62,359.274539245814,241.565107107665,0.999930420370119,-0.0117963731052383,-0.647891103650101
62.025179,64,62,360.313897149017,243.770585335464,0.999999770208317,-0.000677925742748238,-0.535682806907235
62.075179,64,62,360.346381089143,243.800286574076,0.999999770208317,-0.000677925742748238,-0.651629757798275
62.125179,64,62,360.538224984249,243.660478862456,0.999999770208317,-0.000677925742748238,-0.608078198811682
62.175179,64,62,360.823524876453,243.702976949203,0.999999770208317,-0.000677925742748238,-0.471165542927757
62.275179,64,62,361.283291171003,243.468558423878,0.999999770208317,-0.000677925742748238,-0.307850887458082
62.325179,64,62,361.516818991722,243.457862906039,0.999999770208317,-0.000677925742748238,-0.222557894586208
62.375179,64,62,361.465961440166,243.624657839119,0.999999770208317,-0.000677925742748238,-0.421721690178565
62.425179,64,62,361.59411649465,243.785657615996,0.999999770208317,-0.000677925742748238,-0.441815117289443
62.475179,64,62,362.071445129672,244.150471366157,0.999999770208317,-0.000677925742748238,-0.112814310203859
62.525179,64,62,362.191447169592,245.102242982908,0.999984318741387,0.00560020279303368,-0.136562475698067
62.575179,64,62,362.331589089488,245.464417324058,0.999999815526724,0.000607409678814436,-0.148022087971296
62.625179,64,62,362.37673284125,245.667842684503,0.999999815526724,0.000607409678814435,-0.25059570361742
62.675179,64,62,362.377196160995,245.766867541598,0.999999477127446,0.001022616660803,-0.397201612992798
62.775179,64,62,363.035714622457,246.123996403975,0.99999765585844,0.00216524308695057,-0.0313560780437669
62.825179,64,62,363.266429393825,246.594003040372,0.999985666551039,-0.00535412854486552,0.0346715226381608
62.875179,64,62,363.371479760151,246.679038556708,0.999996552541058,-0.00262581530193637,-0.00135787113158727
62.925179,64,62,363.414016701807,246.873492430406,0.99998782361959,-0.00493483662901321,-0.113075341405631
62.975179,64,62,363.414391843972,246.797096111122,0.999993748268274,-0.00353601815144422,-0.25586103880364
63.025179,64,62,363.681492532606,247.078045415925,0.999941697568806,-0.010798215742133,-0.158826043319257
63.075179,64,62,363.895941948001,247.38122455924,0.999885593338109,-0.0151261440856004,-0.109380201600887
63.125179,64,62,364.233086158131,247.511920247771,0.999986389614317,-0.00521733515537218,0.113244399444953
63.175179,64,62,364.333504490044,247.748312497215,0.999999234047745,-0.00123770106342514,0.080567107441699
63.225179,64,62,364.4123368408,247.826430201194,0.999986389614317,-0.00521733515537218,-0.00271295007433291
63.275179,64,62,364.632692556993,247.898751911585,0.99992586099582,-0.0121767200743219,0.0430494976514466
63.325179,64,62,364.829680615043,247.818538523319,0.99992586099582,-0.0121767200743219,0.0943849604398646
63.375179,64,62,364.989252193701,247.843291282026,0.99992586099582,-0.0121767200743219,0.107175312986346
63.425179,64,62,365.225334685333,247.821827381016,0.99992586099582,-0.0121767200743219,0.197185246467963
63.475179,64,62,365.321214550121,247.891056420616,0.99997214021942,-0.00746450165739283,0.16524907597134
63.525179,64,62,365.412819623193,247.851080228647,0.99992586099582,-0.0121767200743219,0.0921412773630514
63.575179,64,62,365.491395641736,247.958389874176,0.99992586099582,-0.0121767200743219,0.0235720406835077
63.625179,64,62,365.742617721507,247.722856042096,0.99992586099582,-0.0121767200743219,0.131981623054545
63.675179,64,62,365.876232867149,247.748237217819,0.99992586099582,-0.0121767200743219,0.119791552170602
63.725179,64,62,366.114647621559,247.700534884265,0.99992586099582,-0.0121767200743219,0.213463683241996
63.775179,64,62,366.264150180475,247.828656348963,0.999681270835663,-0.0252459252235575,0.161636309520477
63.825179,64,62,366.349011109611,247.588082979277,0.999681270835663,-0.0252459252235575,0.107280313711221
63.875179,64,62,366.427202135887,247.77373210077,0.999681270835663,-0.0252459252235575,0.0356895049501026
63.925179,64,62,366.447753866662,247.562693273473,0.999681270835663,-0.0252459252235575,-0.0833093547848883
63.975179,64,62,366.668024185182,247.805942134781,0.999771714574592,-0.021366299084765,0.00264078238293218
64.025179,64,62,367.038070601811,247.672837848015,0.999681270835663,-0.0252459252235575,0.214908112728157
64.075179,64,62,367.229678077704,247.797677381665,0.999681270835663,-0.0252459252235575,0.259053732034852
64.125179,64,62,367.325243758141,247.350140530293,0.999681270835663,-0.0252459252235575,0.221855188756603
64.175179,64,62,367.436229335575,247.562903652917,0.999681270835663,-0.0252459252235575,0.183623138833862
64.225179,64,62,367.472956186051,247.620660520899,0.999681270835663,-0.0252459252235575,0.0752952370565642
64.275179,64,62,367.585727353455,247.897854309942,0.999781602547828,0.020898497718661,0.24678677754831
64.325179,64,62,367.672112904208,247.85941796441,0.999781602547828,0.020898497718661,0.190563712425631
64.375179,64,62,367.971670639639,247.258102678714,0.999781602547828,0.020898497718661,0.335946958461753
64.425179,64,62,368.073439942764,247.16804072916,0.999781602547828,0.020898497718661,0.294517856459695
64.475179,64,62,368.399429127962,246.797287698426,0.999781602547828,0.020898497718661,0.471646550263747
64.525179,64,62,368.472216371792,246.73556848823,0.999984569832542,0.00555518647985939,0.34846468882231
64.575179,64,62,368.493988318315,246.460365259322,0.999963222604443,0.00857633013219918,0.237577445541185
64.625179,64,62,368.488389067583,246.755787327816,0.999996139463284,0.00277867927758432,0.0730197235562885
64.675179,64,62,368.617727342084,246.709522288541,0.999931151154556,0.0117342639617961,0.0937229969889434
64.725179,64,62,368.913854908764,246.130354550409,0.999781602547828,0.020898497718661,0.270764842222795
64.775179,64,62,369.065683799452,246.185571433293,0.999961315394983,-0.00879589185558406,0.191817296468465
64.825179,64,62,369.241383625143,245.692796135235,0.999967559714005,-0.00805478240660021,0.233745043038752
64.875179,64,62,369.185231093075,245.443543024944,0.999655239607506,-0.0262564644470578,-0.00447193688636501
64.925179,64,62,369.369713703197,245.464749804581,0.999957089474518,-0.00926386580489629,0.0816716704986969
64.975179,64,62,369.453283637142,245.443201553751,0.999971917269496,-0.00749430933229481,0.0306402879542502
65.025179,64,62,369.649280097814,245.769824925276,0.999985206418886,-0.00543938814368972,0.0911826509113115
65.075179,64,62,369.769059211351,245.656131192845,0.999964205947959,-0.00846089964882062,0.0647164025523358
65.125179,64,62,369.79055247718,245.681595275758,0.999977956814685,-0.00663972022964531,-0.0471429756263809
65.175179,64,62,370.111915439343,245.253331456313,0.999938127443614,-0.0111239059937762,0.128256007681409
65.225179,64,62,370.122002797891,245.150962851512,0.999967937604385,-0.00800773146611681,0.00909056714784161
65.275179,64,62,370.356670850369,244.843446120141,0.999586551688656,-0.0287528378283247,0.0657331454643051
65.325179,64,62,370.46518946065,244.541434873438,0.999586551688656,-0.0287528378283247,0.0453067311965625
65.375179,64,62,370.561233564991,244.731287268146,0.999586551688656,-0.0287528378283247,-0.00140451701068906
65.425179,64,62,370.851755345431,244.524453393,0.999573946468216,-0.0291877635655217,0.157210275456747
65.475179,64,62,370.833350758714,244.471834750801,0.999586551688656,-0.0287528378283247,0.00454449691779511
65.525179,64,62,370.939971168213,245.246344896697,0.999967271456596,-0.00809048920956783,0.00709481235373562
65.675179,64,62,371.335516013303,245.502773977503,0.999637791993353,-0.0269125401747003,-0.0605620194382383
65.725179,64,62,371.392476115961,245.463303024048,0.999142692600859,-0.0413990316590252,-0.180494039205007
60.025179,65,63,354.721161788663,236.586323817271,0.992561820496736,-0.121741662926896,1.66108194201519
60.075179,65,63,354.6009341788,236.792635115815,0.993936595486254,-0.109954736838364,1.18279463984606
60.125179,65,63,354.085257317557,236.777545092742,0.992982397129685,-0.118262246683317,0.65790906728269
60.175179,65,63,354.297843631674,236.567595177574,0.992949436009369,-0.118538675244309,0.751400042523621
60.225179,65,63,354.595012091074,236.789888929201,0.99340207709921,-0.114683535064867,0.811693583647655
60.275179,65,63,355.088210656866,237.009309939344,0.993604945229764,-0.112912412138608,1.1014688550707
60.325179,65,63,355.316069447998,237.364730268859,0.993604945229764,-0.112912412138608,1.14020064987385
60.375179,65,63,355.534349094825,238.051349612381,0.994176996108178,-0.107759456240834,1.05694716028242
60.425179,65,63,355.295763100527,238.654991647449,0.99175692430109,-0.128133536206732,0.891149174462404
60.475179,65,63,355.389569189344,238.664387706825,0.987697127139574,-0.156378978894963,1.22917990510222
60.675179,65,63,356.6313000864,240.392344427907,0.999998846833113,-0.00151866139888824,-0.274378297601965
60.725179,65,63,357.050926838345,241.162709051925,0.999930537137112,0.0117864710870535,-0.153330352731401
61.275179,65,63,358.125810024856,245.21077430864,0.999617619854208,-0.0276516559541757,-0.388193588963965
61.325179,65,63,358.040287358661,245.830946124449,0.999589509279282,-0.0286498331374549,-0.634301932346319
61.375179,65,63,358.093886437288,246.657629583105,0.999499032661234,-0.0316493871861452,-0.737792774282228
61.425179,65,63,358.239983618515,247.443437331176,0.999499032661234,-0.0316493871861452,-0.766695306842443
61.475179,65,63,358.502181295098,248.083664903209,0.999499032661234,-0.0316493871861452,-0.675029361433139
61.525179,65,63,358.769915247421,248.769674442954,0.999499032661234,-0.0316493871861452,-0.579355233999192
61.575179,65,63,359.030404269985,249.112986164319,0.999499032661234,-0.0316493871861452,-0.480147545782009
61.625179,65,63,359.134467547137,249.230028814744,0.999499032661234,-0.0316493871861452,-0.530192237391023
61.675179,65,63,359.278130239402,249.364142758835,0.999499032661234,-0.0316493871861452,-0.541258880623376
61.725179,65,63,359.403483901152,249.425394944276,0.999499032661234,-0.0316493871861452,-0.568375537353747
61.775179,65,63,359.388290822458,249.353377351674,0.999921317920522,-0.012544240434847,-0.782188219860495
61.825179,65,63,359.473542579209,249.429248340694,0.999921317920522,-0.012544240434847,-0.848102619717861
61.875179,65,63,359.532159219506,249.143584640441,0.999921317920522,-0.012544240434847,-0.936152898771476
61.925179,65,63,359.646280609877,249.191348846106,0.999921317920522,-0.012544240434847,-0.972918380334463
61.975179,65,63,360.149685709508,249.05591738907,0.999921317920522,-0.012544240434847,-0.618160663504284
62.025179,65,63,360.491969753961,249.074064223599,0.999789062709423,-0.0205385025406803,-0.404122227520049
62.075179,65,63,360.667884324707,249.138953240209,0.999802348217532,-0.0198812599879731,-0.381867308102415
62.125179,65,63,360.729222471373,248.964704356511,0.999768030160798,-0.0215380098522897,-0.462847938836715
62.175179,65,63,360.964548302963,249.598436263412,0.999795441269949,-0.0202256178107897,-0.394669428016779
62.225179,65,63,361.236080098013,250.065484065596,0.999739795820926,-0.0228109765668467,-0.278749443636275
62.275179,65,63,361.358016120266,250.404992649889,0.999640944201513,-0.0267951987473269,-0.309797959680048
62.325179,65,63,361.416063390735,250.955193945285,0.999640944201513,-0.0267951987473269,-0.417168543624909
62.375179,65,63,361.603655364603,251.342048632128,0.999640944201513,-0.0267951987473269,-0.390653362546582
62.425179,65,63,361.994168327604,251.751578556833,0.999686960584192,-0.025019609068493,-0.161750862702334
62.475179,65,63,362.120077771774,251.992090563082,0.999640944201513,-0.0267951987473269,-0.193069089821201
62.525179,65,63,362.326442832345,252.673562295997,0.999767171400678,-0.0215778356070991,-0.150166597795529
62.575179,65,63,362.364247235903,252.767898662915,0.999767171400678,-0.0215778356070991,-0.264848179396431
62.625179,65,63,362.46610289394,252.701176267199,0.999767171400678,-0.0215778356070991,-0.311981105593771
62.675179,65,63,362.59059908462,252.828502306061,0.999767171400678,-0.0215778356070991,-0.340623790016785
62.725179,65,63,363.005092719136,252.838137974709,0.999767171400678,-0.0215778356070991,-0.0767498105624636
62.775179,65,63,363.234916240429,252.643156721231,0.999767171400678,-0.0215778356070991,0.00696458827917569
62.825179,65,63,363.383699077744,252.744857970595,0.999767171400678,-0.0215778356070991,0.00331285953711174
62.875179,65,63,363.499367751422,253.11107983721,0.999767171400678,-0.0215778356070991,-0.0390905445069767
62.925179,65,63,363.590352466437,253.278691171946,0.999773756975329,-0.021270516294538,-0.101250096358245
62.975179,65,63,363.743041058132,253.57221399204,0.999781376719266,-0.0209092985374961,-0.104051170858707
63.025179,65,63,363.961675048937,253.811392734072,0.999314217389587,0.0370282989487336,0.100759263361649
63.075179,65,63,364.088433731921,253.586519644855,0.99897780772091,0.0452033149351279,0.0891329323702075
63.125179,65,63,364.322560249098,253.857769235933,0.999257289256801,0.0385340092275733,0.170496138657184
63.175179,65,63,364.421941954063,253.757610659164,0.999207228956215,0.0398109733822458,0.121066528181858
63.225179,65,63,364.582852887685,253.854937823802,0.999162932450814,0.040907632738758,0.140685000245494
63.275179,65,63,364.681679000968,253.394831690414,0.99999982786515,-0.00058674497969491,-0.0163362227598991
63.325179,65,63,364.864290138863,253.822695960305,0.999993494814806,0.00360698323682244,0.0281130858564275
63.375179,65,63,365.131264326942,253.870670679298,0.999999663663807,0.000820166003561713,0.139190536345859
63.425179,65,63,365.290288659368,253.973890407511,0.999999980793673,0.000195991464687626,0.147988184393336
63.475179,65,63,365.38100062323,253.849758229312,0.99999151168909,0.00412026088604868,0.100865955013208
63.525179,65,63,365.505959706058,254.188819222764,0.999997275904411,0.00233413447694719,0.0735126138645568
63.575179,65,63,365.603570820494,254.450059707297,0.999993494814806,0.00360698323682244,0.027891937363678
63.625179,65,63,365.676087245839,254.8206316389,0.999993494814806,0.00360698323682244,-0.0462052595031137
63.675179,65,63,365.944469153062,254.686625019178,0.999993494814806,0.00360698323682244,0.0738872437485706
63.725179,65,63,366.232373562849,254.881844561254,0.999993494814806,0.00360698323682244,0.214840025107113
63.775179,65,63,366.400623010635,254.628969767113,0.999988617310411,-0.00477129433305674,0.204056795541742
63.825179,65,63,366.488642757347,254.85135875735,0.999988617310411,-0.00477129433305674,0.143443892348707
63.875179,65,63,366.508022303977,254.898699386265,0.999988617310411,-0.00477129433305674,0.0151907380759764
63.925179,65,63,366.750874760658,254.469542378811,0.999977041709934,0.00677613850577895,0.15417671275051
63.975179,65,63,366.774308835217,254.489922946813,0.999788080440561,0.0205862626277348,0.0811064301545867
64.025179,65,63,367.209757015711,254.210048310346,0.999988617310411,-0.00477129433305674,0.279015853498371
64.075179,65,63,367.416954350344,253.851571778964,0.999970485079631,-0.00768303127731762,0.332343806192084
64.125179,65,63,367.50111391277,253.829171280927,0.999975249954952,-0.0070355865093342,0.272055716045969
64.175179,65,63,367.533178296954,253.479179891678,0.999964061731113,-0.00847792699982521,0.156256591851972
64.225179,65,63,367.612106391319,253.395028799598,0.999958223884355,-0.00914059549736837,0.0878943471147178
64.275179,65,63,367.643282202047,253.237060491111,0.999565150429286,0.0294874557613655,0.072824896915866
64.325179,65,63,367.820486268125,253.307872483844,0.999554359515959,0.0298510028749682,0.108341380438926
64.375179,65,63,367.991292833419,252.976667782417,0.99958397479632,0.0288422837235494,0.122389256015252
64.425179,65,63,368.118545317206,252.597508543958,0.999656476932607,0.0262093137393793,0.0891582425496627
64.475179,65,63,368.355218991891,252.596328317375,0.999625060212303,0.0273813621931142,0.183975063503868
64.525179,65,63,368.46733788029,252.793361818006,0.999824579671123,-0.0187299195263365,0.0539290108165125
64.575179,65,63,368.515665788529,252.75197196255,0.999824579671123,-0.0187299195263365,-0.0419800634239947
64.625179,65,63,368.52456526907,252.787914528903,0.999824579671123,-0.0187299195263365,-0.178526622466117
64.675179,65,63,368.850693497474,252.62945356508,0.999999957369758,0.000291993976613216,0.0473399108667664
64.725179,65,63,368.901605540454,252.961114549935,0.999967473345839,-0.00806549752574796,-0.0665893629532464
64.775179,65,63,369.110718350206,252.953230216497,0.998926927062164,0.0463140841444729,0.137903079534542
64.825179,65,63,369.222682264261,252.69241528803,0.998926927062164,0.0463140841444729,0.0959616363762728
64.875179,65,63,369.422797841657,252.635148401997,0.999824579671123,-0.0187299195263365,0.00219981282876429
64.925179,65,63,369.506930564619,252.760083402826,0.999904761047057,0.0138010447223093,0.0205723561307732
64.975179,65,63,369.586106062336,252.797414021779,0.99966213983217,0.0259924255537484,-0.0110010408310877
65.025179,65,63,369.676838111624,252.695607197868,0.999995110113325,-0.00312725909385792,-0.135746590610701
65.075179,65,63,369.813459028692,252.556825788193,0.999995110113325,-0.00312725909385792,-0.140712362154842
65.125179,65,63,369.890426014693,252.583284047701,0.999995110113325,-0.00312725909385792,-0.205569130202355
65.175179,65,63,370.077040787098,252.627678516349,0.999995110113325,-0.00312725909385792,-0.160550888204857
65.225179,65,63,370.269169748617,252.98915051603,0.999995110113325,-0.00312725909385792,-0.110721768106157
65.275179,65,63,370.361890311352,252.858840132675,0.996883591405295,0.0788866603861531,0.069149819383039
65.325179,65,63,370.421099224299,252.827450370629,0.999993535780156,-0.00359560814070434,-0.241038428158398
65.375179,65,63,370.507066418684,252.676193203595,0.999995110113325,-0.00312725909385792,-0.293578924603229
65.425179,65,63,370.938359839019,252.706593379661,0.999973237997211,0.00731596127476058,0.0259612169103261
65.475179,65,63,371.270115069993,253.026798096731,0.999851024363103,0.0172606222382977,0.251157957431651
65.675179,65,63,371.745153018163,253.250563164179,0.912799671321423,0.408407590570378,1.50216289714869
65.725179,65,63,371.680406692903,253.34906788714,0.919520295410891,0.393042524833469,1.31540449861459
65.775179,65,63,371.640962231991,254.124924737057,-0.9847097128195,-0.174203276315163,-0.500695837819584
65.825179,65,63,371.60866224911,254.636203769037,-0.985805812050139,-0.167889549788446,-0.397005018926038
65.875179,65,63,371.79254324855,255.02468648179,-0.976573594009162,-0.215183678479637,-0.768899571640182
60.025179,66,64,472.716372085183,261.871650522932,-0.957609613576121,-0.288069137511452,0.981277734470812
60.075179,66,64,473.068572280499,261.867531009817,-0.957609613576121,-0.288069137511452,0.543820250795335
60.125179,66,64,472.884932122748,261.649159053146,-0.957609613576121,-0.288069137511452,0.678510935412331
60.175179,66,64,472.985643723829,261.831905979114,-0.957609613576121,-0.288069137511452,0.422669559581115
60.275179,66,64,472.828624213255,261.378322858671,-0.957609613576121,-0.288069137511452,0.482186031610397
60.325179,66,64,472.772433156145,261.437944766643,-0.957609613576121,-0.288069137511452,0.404091257877946
60.375179,66,64,473.014694530836,261.331373242833,-0.957609613576121,-0.288069137511452,0.0854393529462266
60.425179,66,64,472.898885749663,261.022711067708,-0.957609613576121,-0.288069137511452,0.165276772928316
60.525179,66,64,473.060453760164,260.632004906746,-0.970987501490357,-0.239130240558392,-0.0684343119003139
60.575179,66,64,472.941093920524,260.340714077282,-0.970987501490357,-0.239130240558392,-0.00588265879151392
60.625179,66,64,472.94879470352,260.231014393395,-0.970987501490357,-0.239130240558392,-0.112767884917684
60.675179,66,64,472.853490263391,260.124212289343,-0.970987501490357,-0.239130240558392,-0.122954451273727
60.725179,66,64,472.684385886258,260.079797350806,-0.970987501490357,-0.239130240558392,-0.0790126249675525
60.775179,66,64,472.736540320188,259.819962651805,-0.978006635863649,-0.20857377641177,-0.173645217405977
60.825179,66,64,472.739136145451,259.802957088448,-0.978006635863649,-0.20857377641177,-0.305812328819535
60.925179,66,64,472.558648679807,259.343146063481,-0.980562070989074,-0.196209135713959,-0.298395113498319
60.975179,66,64,472.534245401173,259.052481607829,-0.980015660453367,-0.198920349049941,-0.358750650311293
61.025179,66,64,472.323003870892,258.185707953654,-0.981876752688476,-0.189520559649695,-0.123673674996832
61.075179,66,64,471.982233854455,257.96618560515,-0.968049598952103,-0.250758796393411,0.122826810515532
61.125179,66,64,472.062362264848,257.325917990084,-0.981876752688476,-0.189520559649695,0.00387693193662086
61.175179,66,64,471.787137829724,257.379795193941,-0.970402768846081,-0.241492165951321,0.146098474224326
61.225179,66,64,471.609865864472,256.990929538735,-0.981876752688476,-0.189520559649695,0.210120948710162
61.275179,66,64,471.473603490508,257.005730353001,-0.99850104785511,-0.0547325993558438,0.0853331621865318
61.325179,66,64,471.383038230822,256.657678736032,-0.99850104785511,-0.0547325993558437,0.0506060352562375
61.375179,66,64,471.177842100481,256.425883030458,-0.9914354692641,-0.130597512553163,0.20524030519963
61.425179,66,64,471.115855052889,256.1489774507,-0.993360095151173,-0.115046605170478,0.126056553982056
61.475179,66,64,471.011336746081,255.709558411009,-0.99850104785511,-0.0547325993558438,0.0252152448478215
61.525179,66,64,471.009803645553,255.483951755493,-0.99850104785511,-0.0547325993558437,-0.115605476472141
61.575179,66,64,470.851030996311,255.31823651181,-0.99850104785511,-0.0547325993558437,-0.105288998651991
61.625179,66,64,470.777712640934,254.804237347636,-0.99850104785511,-0.0547325993558438,-0.16381100781552
61.675179,66,64,470.586334080227,254.403718480908,-0.99850104785511,-0.0547325993558437,-0.113221741068683
61.725179,66,64,470.352113318678,253.992734175384,-0.999175612735446,-0.040596735272023,-0.0612758923845127
61.775179,66,64,470.165875035932,253.97006311358,-0.985193420442488,-0.171446564027486,0.314865677017048
61.825179,66,64,469.929345223892,253.823552663061,-0.978391426064264,-0.206761257018661,0.490189513468214
61.875179,66,64,469.921909098365,253.751481259594,-0.988385793685799,-0.15196553175011,0.176559400706916
61.925179,66,64,469.834463926433,253.573101104757,-0.989405838315011,-0.145176055560725,0.0874824280111429
61.975179,66,64,469.812414139095,253.443771205381,-0.996388119849296,-0.0849159267934218,-0.229702558759656
62.025179,66,64,469.478369825405,253.315485452943,-0.999999995362281,9.63090787518677e-05,-0.310738398936393
62.075179,66,64,469.139692523811,253.487343833263,-0.999999995362281,9.63090787518676e-05,-0.149150632256903
62.125179,66,64,469.004251218134,253.412354290727,-0.999999995362281,9.63090787518677e-05,-0.193302626946584
62.175179,66,64,468.948486162684,253.288401533184,-0.999999995362281,9.63090787518677e-05,-0.319601680413662
62.225179,66,64,468.694359982848,253.233706811462,-0.999999995362281,9.63090787518676e-05,-0.249985136926251
62.275179,66,64,468.730160605219,253.411040826016,-0.999999995362281,9.63090787518677e-05,-0.472711351631932
62.325179,66,64,468.316059024589,253.304031040666,-0.999999995362281,9.63090787518676e-05,-0.247987165959571
62.375179,66,64,468.050264177071,253.303232003303,-0.999999995362281,9.63090787518677e-05,-0.1739700168268
62.425179,66,64,467.949509420478,253.29861785219,-0.999999995362281,9.63090787518676e-05,-0.267389982620977
62.475179,66,64,467.736947603036,253.347452210346,-0.999999995362281,9.63090787518677e-05,-0.251380529584108
62.525179,66,64,467.529944014939,253.344575409193,-0.999299316247551,0.0374282853892366,-0.311172123433322
62.575179,66,64,467.416322544288,253.365665506536,-0.999299316247551,0.0374282853892366,-0.394463155273706
62.625179,66,64,467.051055060313,253.288484162772,-0.999299316247551,0.0374282853892366,-0.232329747910025
62.675179,66,64,466.92325341347,253.327039385648,-0.999299316247551,0.0374282853892366,-0.305517264943512
62.725179,66,64,466.675101497473,253.270006372969,-0.999299316247551,0.0374282853892366,-0.264356030722901
62.775179,66,64,466.602097928986,253.338608526105,-0.957593414186972,-0.288122982605933,0.0628365400866797
62.825179,66,64,466.221791670714,253.067651888008,-0.980462171531455,-0.196707727849781,0.129854274689062
62.875179,66,64,466.077215864506,252.922639403815,-0.980086961760361,-0.198568747257325,0.0746091009944766
62.925179,66,64,465.696383266347,252.867822687531,-0.969724543945062,-0.244201369509963,0.300339208053356
62.975179,66,64,465.629632327029,252.742730721516,-0.978456449724682,-0.206453326425542,0.0984828440266307
63.025179,66,64,465.531754814945,252.557382338008,-0.980006129065487,-0.198967301318785,-0.0159428931744083
63.075179,66,64,465.261414464904,252.475324061963,-0.978075026740401,-0.208252832073813,0.0447905068598403
63.125179,66,64,464.920579599033,252.545388368809,-0.979179119561682,-0.202998157169985,0.115989915677479
63.175179,66,64,464.592204813039,252.75110805585,-0.968492376409664,-0.249043202750772,0.213279198748368
63.225179,66,64,464.456371723893,252.783523161769,-0.97038467029478,-0.24156488084341,0.0834613773523167
63.275179,66,64,464.280158201546,252.74521696014,-0.995028181923064,-0.0995937607427384,-0.142850186256155
63.325179,66,64,463.841876214735,252.628590929421,-0.992973072808682,-0.118340511562541,0.083871393835998
63.375179,66,64,463.503478874245,252.815140399288,-0.988698503478445,-0.149917541400208,0.179248911022438
63.425179,66,64,463.375994517331,252.808952434376,-0.991272828914825,-0.131826320039665,0.0432847156290655
63.475179,66,64,463.138977336211,252.936981210017,-0.990970361254718,-0.134081106479225,0.0127523985543477
63.525179,66,64,462.975920274809,252.91659743068,-0.99916185924615,-0.0409338371982936,-0.123208423820503
63.575179,66,64,462.641261953047,252.979011921284,-0.999207208259692,-0.0398114928365181,-0.0403492988858251
63.625179,66,64,462.33470675891,253.175057298857,-0.99955377984383,-0.0298704067583905,0.00676268636685877
63.675179,66,64,462.263332609284,253.240213694785,-0.999109217099325,-0.0421991979446713,-0.176278314574943
63.725179,66,64,461.999119790241,253.146394930058,-0.99950263960036,-0.0315352728212888,-0.162708814015402
63.775179,66,64,461.668119944308,253.295503754048,-0.999980003107275,-0.00632403238238748,-0.085957730434072
63.825179,66,64,461.497520463304,253.567594530182,-0.99875385255517,-0.0499073341925302,-0.199705881870471
63.875179,66,64,461.153430822766,253.601945820737,-0.994667586705573,-0.103132884946132,-0.156931202838031
63.925179,66,64,460.908925016543,253.542585219897,-0.996478718187466,-0.0838460744427848,-0.159577998500871
63.975179,66,64,460.527330786689,253.890031443119,-0.994220395389216,-0.107358303787413,-0.102645182341158
64.025179,66,64,460.251850589775,253.81849199084,-0.996319123451167,-0.0857216673047033,-0.0658820356839353
64.075179,66,64,459.908540386057,253.800643113704,-0.984530885674907,-0.175211115949257,-0.102963217255162
64.125179,66,64,459.7639044264,253.649030960633,-0.990015376438019,-0.14095940698048,-0.171169787253067
64.175179,66,64,459.393028496698,253.733002421782,-0.970285818547324,-0.241961629862978,-0.224390841317826
64.225179,66,64,459.020748245784,253.708757491497,-0.950217552874827,-0.311587230496653,-0.234220158029087
64.275179,66,64,458.739849949999,253.693478877227,-0.95213501904753,-0.305677780519552,-0.235213490402538
64.325179,66,64,458.607726555846,253.637529885279,-0.95977411774077,-0.280773294518774,-0.339949565536667
64.375179,66,64,458.400696678868,253.665808901211,-0.958658148554997,-0.284560282205908,-0.439756671340889
64.425179,66,64,457.956539839548,253.557946095112,-0.952941648555929,-0.303153780196633,-0.297639627562914
64.475179,66,64,457.752425774398,253.620885529808,-0.96184545147226,-0.273593361546152,-0.362324821073426
64.525179,66,64,457.491727422907,253.761515931752,-0.957221000889068,-0.289357832893688,-0.468266770483435
64.575179,66,64,457.122092187113,253.643879571125,-0.95213501904753,-0.305677780519552,-0.400479820070007
64.625179,66,64,456.680295588137,253.580023818272,-0.957389717172024,-0.288799116088106,-0.221516696365892
64.675179,66,64,456.572228632203,253.877911674867,-0.942275205166233,-0.334839420810832,-0.596563338666117
64.725179,66,64,456.165073640492,253.570825236047,-0.960102031214799,-0.279649941278766,-0.297541455184349
64.775179,66,64,455.800476657594,253.556520096019,-0.98030265047151,-0.197501173359888,-0.0781181971389505
64.825179,66,64,455.357370460642,253.541691899419,-0.974373457419068,-0.224936358726668,0.00336923623261609
64.875179,66,64,455.093924442164,253.502920956056,-0.965886094862596,-0.258967279305869,-0.103029845417075
64.925179,66,64,454.883569913148,253.454405506341,-0.97745426904226,-0.211147228092298,-0.0906099265148519
64.975179,66,64,454.50848155927,253.281317360263,-0.985007741399632,-0.172510142840344,0.0837677149659102
65.025179,66,64,454.273750477162,253.455584576137,-0.99492286170625,-0.100640445419555,0.133845603792454
65.075179,66,64,453.931995216524,253.44312648617,-0.995008037857648,-0.0997948124837777,0.170870443302956
65.125179,66,64,453.497498380401,253.55589132838,-0.994780334825658,-0.102039626832677,0.278945579551611
65.175179,66,64,453.193109231331,253.395680740399,-0.995618713268047,-0.0935060307706342,0.308117828228697
65.225179,66,64,453.049989221613,253.438548242611,-0.993629373422684,-0.112697241632816,0.0908117509647722
65.275179,66,64,452.56354315179,253.418577192998,-0.992137355208259,-0.125153779009507,0.23366772973961
65.325179,66,64,452.248360420582,253.320505576946,-0.994734316774716,-0.102487262773181,0.297872371260788
65.375179,66,64,451.93143248361,253.293293990809,-0.994468482098972,-0.105035413607822,0.294291931906733
65.425179,66,64,451.523062196029,253.061412488922,-0.997576120023442,-0.0695836529579666,0.485967625890227
65.475179,66,64,451.188008261145,253.039441161252,-0.998477185445046,-0.0551662047429246,0.536066617414605
65.525179,66,64,451.018909645941,253.059942456546,-0.952788238378248,-0.303635592129898,-0.198860826748675
65.575179,66,64,450.680399810353,252.936450230582,-0.932474513936647,-0.361235769074179,-0.29382973908071
65.625179,66,64,450.205486849869,252.768108451605,-0.94739880693008,-0.3200554649236,-0.0110202338252948
65.675179,66,64,449.925588169316,252.634541177758,-0.946612464137581,-0.322373762485996,-0.0282622565485999
65.725179,66,64,449.589562451696,252.556407750349,-0.952888914569389,-0.303319495731434,0.0351781966826369
65.775179,66,64,449.258678334956,252.40201112805,-0.999426994803874,0.0338479254504323,0.726988342217504
65.825179,66,64,448.849011416757,252.426480519049,-0.999528577944621,0.030702147677391,0.807415886687589
65.875179,66,64,448.489999415194,252.446273165238,-0.999991368169492,-0.00415494723291551,0.772501400608221
65.925179,66,64,448.103567440865,252.371475350235,-0.994113642862939,-0.108342351247221,0.621780673875206
65.975179,66,64,447.771051229863,252.430267325315,-0.913398300762171,-0.407067002058357,-0.0701396588971736
60.075179,68,65,355.440332161145,219.276371979617,0.999641268468643,-0.0267830986706731,0.965562078582083
60.125179,68,65,355.355817846088,219.636091334613,0.998896686186307,-0.0469617964521653,0.651540199179466
60.625179,68,65,356.972447346826,220.241682528377,0.999922882125333,0.0124189291876275,0.882958177383197
60.675179,68,65,357.122168801599,220.599544794222,0.999922882125333,0.0124189291876275,0.879756194466018
60.775179,68,65,357.277603088743,220.454992410574,0.999922882125333,0.0124189291876275,0.718729500084394
61.425179,68,65,358.732571133572,220.258932787675,0.999861051580097,0.016669659059006,0.149017798429107
61.525179,68,65,358.514287977453,219.548009772997,0.999861051580097,0.016669659059006,-0.393604028775452
61.575179,68,65,358.520919014022,218.773235617534,0.999861051580097,0.016669659059006,-0.555988646152623
61.625179,68,65,358.735127672284,218.080121612912,0.999861051580097,0.016669659059006,-0.509349784682003
61.675179,68,65,358.881087215662,217.825413425609,0.999861051580097,0.016669659059006,-0.523523725718395
61.725179,68,65,359.020051562029,217.560155316009,0.999861051580097,0.016669659059006,-0.54474370528755
61.775179,68,65,359.169756146422,217.473621204276,0.999955578007077,0.00942560409380281,-0.564911666735185
61.825179,68,65,359.234747827968,217.564919874526,0.999955578007077,0.00942560409380281,-0.654761767595749
61.875179,68,65,359.347403510901,217.145361065447,0.999955578007077,0.00942560409380281,-0.701625708629073
61.975179,68,65,359.991434030464,216.568461032392,0.999955578007077,0.00942560409380281,-0.373742104563559
62.025179,68,65,360.274314504292,216.246931470355,0.999984605118157,0.0055488311097283,-0.251637259139867
62.075179,68,65,360.393749965721,216.067984181983,0.999955578007077,0.00942560409380281,-0.286221010619484
62.125179,68,65,360.530462707832,215.368058672308,0.999989944041253,0.00448461998065144,-0.310180104503849
62.175179,68,65,360.656575639899,215.237177618794,0.999955578007077,0.00942560409380281,-0.34063423824377
62.275179,68,65,361.032293336921,214.843750610807,0.999162994714608,-0.0409061119264231,-0.247695773034076
62.325179,68,65,361.37530124309,214.582826991706,0.999123013583481,-0.0418712756894651,-0.0489158260111732
62.375179,68,65,361.552969987466,214.302715414493,0.999141790309206,-0.0414208022340805,-0.0153947365333677
62.425179,68,65,361.601850417308,214.177703016609,0.999123013583481,-0.0418712756894651,-0.115885003869375
62.475179,68,65,361.840959846612,213.587912961044,0.998816297129889,-0.0486415931866775,0.00456140266805398
62.525179,68,65,361.856527398905,213.385626741929,0.999978146843523,0.00661103890422231,-0.229907887754609
62.575179,68,65,362.085334139467,213.539268327099,0.999978146843523,0.00661103890422231,-0.153230581270737
62.625179,68,65,362.327502980185,213.410661519146,0.999932678278077,-0.0116034008648768,-0.0318085882854058
62.675179,68,65,362.445258632168,213.294394909827,0.99998904492161,-0.00468081582275694,-0.0790980941062306
62.725179,68,65,362.536271366751,213.423691564824,0.999978146843523,0.00661103890422231,-0.161157715656795
62.775179,68,65,362.716040098867,213.190038419557,0.999978146843523,0.00661103890422231,-0.135173728626797
62.825179,68,65,362.921495462925,213.132942392252,0.999978146843523,0.00661103890422231,-0.0820974668283532
62.875179,68,65,363.130483004494,213.354161236795,0.999978146843523,0.00661103890422231,-0.0234050095072819
62.925179,68,65,363.287824072521,213.293892880122,0.999978146843523,0.00661103890422231,-0.0179695195117523
62.975179,68,65,363.31005606642,213.283607045643,0.999978146843523,0.00661103890422231,-0.14705526977511
63.025179,68,65,363.530123763615,213.299103164504,0.999983316869858,-0.00577632945364374,-0.0569695252120011
63.075179,68,65,363.668548965096,213.29740886541,0.999983316869858,-0.00577632945364374,-0.0696321404775951
63.125179,68,65,363.835635352065,213.553733497631,0.999983316869858,-0.00577632945364374,-0.0548554202065988
63.175179,68,65,364.162139077939,213.635424892073,0.999983316869858,-0.00577632945364374,0.120618724159896
63.225179,68,65,364.370846578832,213.679951889112,0.999983316869858,-0.00577632945364374,0.178792251221723
63.275179,68,65,364.508261390671,213.581061416196,0.999983316869858,-0.00577632945364374,0.166786624525557
63.325179,68,65,364.601750819552,213.81173747803,0.999983316869858,-0.00577632945364374,0.10924152029505
63.375179,68,65,364.862339081966,213.735378407456,0.999983316869858,-0.00577632945364374,0.220859780791948
63.425179,68,65,364.909877700356,213.628531257054,0.999983316869858,-0.00577632945364374,0.119906755980904
63.475179,68,65,365.062510863843,213.876307021563,0.999983316869858,-0.00577632945364374,0.1223016984534
63.525179,68,65,365.210806176798,213.763765280285,0.999986641114182,0.00516890638096712,0.11264511555593
63.575179,68,65,365.356436130919,213.62231151058,0.999991029352746,0.00423570702910995,0.110655722063589
63.625179,68,65,365.528933014833,213.584795784589,0.999990358842641,0.00439115266936931,0.135267872707865
63.675179,68,65,365.690458229103,213.42835706114,0.999998255676953,0.00186779095500654,0.15181822514345
63.725179,68,65,365.719451749723,213.424410378886,0.99999632422872,0.0027113703266394,0.0328579404101333
63.775179,68,65,365.968181502959,213.508120880473,0.999912994559468,0.0131910314652779,0.124413351980194
63.825179,68,65,366.040158009804,213.234364990638,0.999827107845138,0.0185944727816372,0.0399462673188618
63.875179,68,65,366.218607079211,213.45439883858,0.999897899532187,0.0142895245239421,0.0814179125403283
63.925179,68,65,366.384168640128,213.476368640178,0.999878549671411,0.0155847973036139,0.100791502427392
63.975179,68,65,366.545065838813,213.483329813663,0.999897899532187,0.0142895245239421,0.118150022585866
64.025179,68,65,366.669574209594,213.765350092291,0.999951344904852,0.00986447276735674,0.104893756757412
64.075179,68,65,366.787587352452,213.565435795103,0.999827107845138,0.0185944727816372,0.0697486506256573
64.125179,68,65,366.952930354389,213.306114892688,0.999871206747585,0.0160489849251365,0.0891806059422955
64.175179,68,65,367.074379068352,213.624489963013,0.999922153027399,0.0124774951433332,0.0747441689239401
64.225179,68,65,367.276726995544,213.378557389338,0.999865401762819,0.0164066558955861,0.127429952241485
64.275179,68,65,367.363831215812,213.530234811833,0.999999027790718,-0.00139442375891914,0.0868748857133938
64.325179,68,65,367.545608156555,213.461143148582,0.9999997466497,-0.000711829007842801,0.125465782313528
64.375179,68,65,367.552880157948,213.484316520304,0.999999365944273,-0.00112610436969457,-0.00936511752057026
64.425179,68,65,367.825638723432,213.561484117321,0.998677543939542,-0.0514117032482398,0.150115837902347
64.475179,68,65,368.19696283108,213.559172877711,0.99999982760041,-0.000587196006611643,0.350755355745415
64.525179,68,65,368.378770014471,213.395928585408,0.999999365944273,-0.00112610436969457,0.391849598135399
64.575179,68,65,368.439337899926,213.383836824394,0.999999365944273,-0.00112610436969457,0.311645269938878
64.625179,68,65,368.447864950377,213.312838520292,0.99999997440943,-0.000226232490965765,0.179245583695773
64.675179,68,65,368.500948800114,213.381044339102,0.999999365944273,-0.00112610436969457,0.0929221678393525
64.725179,68,65,368.612748184997,213.365818631827,0.9999998978508,-0.000451993794002213,0.0648005831734641
64.775179,68,65,368.668463086185,213.492121332591,0.999986453927261,-0.00520499394645327,-0.0165996381066359
64.825179,68,65,368.825256723059,213.290011141947,0.999977258516246,-0.00674406778832007,0.00335138431213718
64.875179,68,65,369.040397728919,213.372636370131,0.999979234789168,-0.0064443766549187,0.0793528136509708
64.925179,68,65,369.085672775917,213.515219238378,0.999931678113401,0.0116892730876667,-0.0199626172596775
64.975179,68,65,369.425818694947,213.362206785454,0.999984667290605,-0.00553761534404987,0.188904905761856
65.025179,68,65,369.520672698629,213.468115837999,0.999977258516246,-0.00674406778832007,0.146454470935885
65.075179,68,65,369.491194820873,213.25825549309,0.999996307425241,0.0027175606494345,-0.0227901638664976
65.125179,68,65,369.638049139228,213.443896723251,0.999985615907921,-0.00536357877308522,-0.00924402455152114
65.175179,68,65,369.619650607347,213.248138126596,0.99996855521207,-0.00793023247357825,-0.161210096649846
65.225179,68,65,369.853051509115,213.119319061535,0.999973546101536,-0.00727372649467477,-0.0624687628472625
65.275179,68,65,370.019025671705,214.099775169588,0.99935139984257,0.0360108266038812,-0.0173345818986836
65.325179,68,65,370.068191261584,213.99603198846,0.99981929384063,0.0190099885329666,-0.112002239716593
65.375179,68,65,370.305694027,214.310911353621,0.998664244700455,0.0516693947794119,0.0232504731525336
65.425179,68,65,370.412417146725,214.688506776211,0.998693912370151,0.0510927528598841,0.0172413355080311
65.475179,68,65,370.451864651266,214.502212547903,0.998506441595432,0.0546341110701658,-0.0802285321161811
65.525179,68,65,370.532475755219,214.442214509637,0.998692647977103,0.0511174615614093,-0.136862324453078
65.575179,68,65,370.731637004383,214.358444787095,0.998606288305094,0.0527776558547522,-0.0706763704141469
65.625179,68,65,370.918016737111,214.819973427844,0.999446304571534,0.0332728760149124,-0.0174872346815492
65.675179,68,65,370.968008493007,214.85252858537,0.999207480305806,0.0398046643111344,-0.0863359008654744
65.725179,68,65,371.175484449266,215.158866174387,0.999576628572457,0.0290957662164144,-0.0153325465767442
65.775179,68,65,371.3693330193,215.457482749332,0.998937252213886,0.0460908465898691,0.0949653199702748
65.825179,68,65,371.452722586189,215.744260073282,0.999539750421478,0.0303362378578684,0.0248057449250405
65.875179,68,65,371.480819057948,215.819660726744,0.999315952182817,0.0369814509308261,-0.055378850337176
65.925179,68,65,371.568102828832,216.059694185526,0.999539750421478,0.0303362378578684,-0.105248622870619
65.975179,68,65,371.584580630675,216.410403580748,0.999573083598131,0.0292172987479051,-0.208464182471217
60.125179,70,66,473.691965823569,224.702597539528,-0.999726851292896,-0.0233714099701268,0.648393875280405
60.325179,70,66,473.407329604325,224.450012497524,-0.999726851292896,-0.0233714099701268,0.608827194924892
60.375179,70,66,473.22557860937,224.430168514317,-0.999934905470408,-0.0114098563481855,0.599953584703767
60.775179,70,66,472.728270232968,224.481227023708,-0.999925970310892,0.0121677400457472,0.0953037270160676
60.975179,70,66,472.119880678763,224.398868798582,-0.999925970310892,0.0121677400457472,0.229339346260861
61.025179,70,66,472.200353606024,223.949723234413,-0.999925970310892,0.0121677400457472,0.0177895730816599
61.075179,70,66,472.003238559692,223.98562402493,-0.999925970310892,0.0121677400457472,0.0868221409850507
61.125179,70,66,471.856047684425,223.563570966475,-0.999925970310892,0.0121677400457472,0.0974897017843752
61.175179,70,66,471.928230223845,223.674835320232,-0.999925970310892,0.0121677400457472,-0.107568165394134
61.225179,70,66,471.911381154538,223.487572109651,-0.999925970310892,0.0121677400457472,-0.230076180379913
61.275179,70,66,471.726388535182,223.795963110086,-0.999868776062848,-0.0161997115586408,0.0297000804911982
61.325179,70,66,471.566127839922,223.53571515726,-0.999868776062848,-0.0161997115586408,0.0490576518801102
61.375179,70,66,471.239258520421,223.439042533875,-0.999868776062848,-0.0161997115586408,0.229573993884737
61.425179,70,66,470.975163555664,223.58088534912,-0.999868776062848,-0.0161997115586408,0.340697018184825
61.475179,70,66,470.802799417563,223.472739578873,-0.999868776062848,-0.0161997115586408,0.361402481722344
61.525179,70,66,470.701708016595,223.626944356772,-0.999972074793302,0.00747326124112352,0.133638277770771
61.575179,70,66,470.634605081881,223.713484738083,-0.999978313543765,0.00658577574525562,0.0506724381775744
61.625179,70,66,470.590792220001,223.517639742936,-0.99999624420115,0.00274072683674986,-0.0390927253910655
61.675179,70,66,470.841035756131,223.839590515677,-0.99996591249998,0.00825674500525317,-0.488366651397287
61.725179,70,66,470.348669778666,223.735776650388,-0.999987024722575,-0.00509415218577487,-0.0715717693661254
61.825179,70,66,469.949746236073,223.679970578064,-0.999928800295711,0.0119329099208919,-0.125956517424688
61.875179,70,66,469.781495047783,223.709350756963,-0.99999624420115,0.00274072683674986,-0.0697787144746121
61.925179,70,66,469.564965535447,223.375857148722,-0.99999624420115,0.00274072683674986,-0.0302111058991956
61.975179,70,66,469.468060979138,223.423398136359,-0.999981417148857,0.00609633963644578,-0.134301469610241
62.025179,70,66,469.364869356553,223.485833028719,-0.999958182696195,0.00914510026859014,-0.231729698370506
62.075179,70,66,469.099554763358,223.466752940753,-0.999941142410851,0.0108495029416797,-0.161050682037044
62.125179,70,66,468.752935459812,223.545535553309,-0.99994716292631,0.0102796573689474,0.00420954408067545
62.175179,70,66,468.572292788981,223.594581185196,-0.999970382547305,0.00769636460915618,0.0130280121135924
62.225179,70,66,468.6270120008,223.829291072266,-0.999966199732063,0.00822188502814814,-0.234146272090769
62.275179,70,66,468.487337565819,223.789518983219,-0.999967860605702,0.00801734093416083,-0.287239500756864
62.325179,70,66,468.282045696468,223.795595417415,-0.999970382547305,0.00769636460915617,-0.276208753834392
62.375179,70,66,467.927503533747,223.921641009953,-0.999972203700076,0.00745599270472716,-0.118047764297108
62.425179,70,66,467.64933983028,223.969134747768,-0.999974652551573,0.00711998977245353,-0.0388808909420753
62.475179,70,66,467.572442640396,224.391089381948,-0.999986819340052,0.00513431068064069,-0.152708521687949
62.525179,70,66,467.413834468997,224.41941848602,-0.999970535330863,-0.00767648813635502,-0.137194724949154
62.575179,70,66,467.245621090335,224.593187059271,-0.999990347669391,-0.00439369639941175,-0.195252672940388
62.625179,70,66,467.126765437191,224.639747405838,-0.999978360159991,-0.00657869377128638,-0.278385109438736
62.675179,70,66,466.670271201053,224.444189128825,-0.999953859650067,-0.00960617358441348,-0.0206977367136082
62.725179,70,66,466.342177466044,224.670067581686,-0.999964394573207,-0.00843857724024401,0.0831799838585066
62.775179,70,66,466.226997338205,224.675579957445,-0.999904523887756,-0.0138182165563974,0.002471045261635
62.825179,70,66,466.009686008352,224.824087077687,-0.999904523887756,-0.0138182165563974,-0.00415420816736621
62.875179,70,66,465.920045053464,224.841469369124,-0.999904523887756,-0.0138182165563974,-0.13896285549931
62.925179,70,66,465.560295196934,224.718118597876,-0.999904523887756,-0.0138182165563974,-0.00406625999379746
62.975179,70,66,465.259418937302,224.92066475827,-0.999904523887756,-0.0138182165563974,0.0651510431448765
63.025179,70,66,465.095041163429,224.970945990098,-0.999904523887756,-0.0138182165563974,-0.0023065545215897
63.075179,70,66,464.97045562575,225.286745974857,-0.999904523887756,-0.0138182165563974,-0.115500554633771
63.125179,70,66,464.612171733533,225.328728830121,-0.999861199620971,-0.0166607770680816,0.0157650284921913
63.175179,70,66,464.317857792534,226.14270603928,-0.999736447640586,-0.0229572485063252,0.0734264081920993
63.225179,70,66,464.076715214668,226.325167995094,-0.999741018073649,-0.0227573456506656,0.0692480605108473
63.275179,70,66,464.020359898385,226.694381908995,-0.999301936204479,-0.0373582694724889,-0.100467068171291
63.325179,70,66,463.778345080877,226.921403617971,-0.999297641082975,-0.0374729839484571,-0.112694031119773
63.375179,70,66,463.384536065684,227.009583771048,-0.999297641082975,-0.0374729839484571,0.0295963629651024
63.425179,70,66,463.244936603785,227.311800164055,-0.999307505056638,-0.0372090088214989,-0.0925739889971597
63.475179,70,66,462.92805172342,227.838709468291,-0.999330679526491,-0.0365813197837481,-0.0479718352560539
63.525179,70,66,462.810585890256,228.123779039273,-0.99982822320125,-0.0185344028830663,-0.195752880986353
63.575179,70,66,462.475390558698,228.493067788512,-0.999844321714938,-0.0176446120500369,-0.122732126542655
63.625179,70,66,462.08645718574,228.83493261556,-0.999869454425796,-0.0161577877898307,0.00359035615381348
63.675179,70,66,461.711088176718,229.269807843028,-0.999869454425796,-0.0161577877898307,0.112142391971939
63.725179,70,66,461.582939027245,229.663684665757,-0.999829144345044,-0.0184846454728666,-0.0319476060105867
63.775179,70,66,461.353994305854,229.817746364262,-0.999966288533917,-0.00821107762125849,-0.0500400226270929
63.825179,70,66,461.005498115948,229.953692285073,-0.999947786080431,-0.0102188606432063,0.0274651831572751
63.875179,70,66,460.766720179785,230.170650079473,-0.999961011504075,-0.00883037211828946,-0.00042878988556122
63.925179,70,66,460.564672069154,230.587208848729,-0.999996807521932,0.00252684505739361,-0.0394343529113797
63.975179,70,66,460.344102635935,230.837422183934,-0.999997130956261,-0.00239542882322295,-0.104954364130283
64.025179,70,66,460.004917917216,231.052169441539,-0.999607371405474,0.028019690073939,0.0639260037589623
64.075179,70,66,459.727464094621,231.479800305644,-0.999622317715808,0.0274813013606629,0.0771873839341736
64.125179,70,66,459.532064128321,231.817932303794,-0.999639849297857,0.0268360149008309,0.00303904177360247
64.175179,70,66,459.205664876651,232.338826421828,-0.99968046187933,0.0252779377467852,0.0577287004673924
64.225179,70,66,458.828348535471,232.655808645466,-0.99968580202826,0.0250658577175149,0.161735690083357
64.275179,70,66,458.625887674052,232.907150367568,-0.998511272786943,-0.0545457433481302,-0.348437423249481
64.325179,70,66,458.35874016461,233.120932441358,-0.997835539267993,-0.0657589277113974,-0.444803173035084
64.375179,70,66,458.00491377391,233.480514329774,-0.998537457960469,-0.0540642677731349,-0.332774268318286
64.425179,70,66,457.82810374014,233.640158230472,-0.998720270259135,-0.0505749124914839,-0.433562892663159
64.475179,70,66,457.439661283205,233.842488083554,-0.998844580533446,-0.0480572984983905,-0.331862866283451
64.525179,70,66,457.197873803192,234.019988475749,-0.996068624981227,-0.0885849554270203,-0.668960460660695
64.575179,70,66,456.860993914709,234.152109764313,-0.996371181594287,-0.0851144434770265,-0.61789162793772
64.625179,70,66,456.410246241337,234.400559306204,-0.997206547136305,-0.0746933889209029,-0.412837371434118
64.675179,70,66,456.126385706946,234.642533931477,-0.99751695830275,-0.070426684562242,-0.415979587429905
64.725179,70,66,455.872139388003,234.775719085608,-0.998120720395458,-0.0612782793267841,-0.403181361987187
64.775179,70,66,455.386645492853,235.008895872743,-0.999066266026726,0.0432041211855414,0.598142022284643
64.825179,70,66,455.098204822577,234.891874383727,-0.999170339910446,0.0407263040705116,0.559746475869898
64.875179,70,66,454.855207479779,235.003716755012,-0.999016195161817,0.044346835336988,0.532348106857128
64.925179,70,66,454.508724226584,234.997833849038,-0.999881224791593,0.0154122129904905,0.339052589999984
64.975179,70,66,453.983436592038,234.933867855828,-0.999714813941712,-0.0238807618280593,0.238259912062402
65.025179,70,66,453.746728556736,234.91260822669,-0.999899152118342,0.0142016052973012,0.471031609893144
65.075179,70,66,453.624897161277,234.956365313446,-0.999864880292492,0.0164384049615524,0.299582490126749
65.125179,70,66,453.102706618185,235.010395256783,-0.999913376660058,0.0131620354156141,0.481908541538169
65.175179,70,66,452.828218598289,234.987631715439,-0.999913376660058,0.0131620354156141,0.440493822259673
65.225179,70,66,452.708622015791,234.904626920248,-0.999872999794912,0.0159368842978622,0.264411965916058
65.275179,70,66,452.242005256617,234.847502583245,-0.999636920220877,-0.0269449017686206,0.0612718871211503
65.325179,70,66,451.902611643522,234.89899546593,-0.999270545170356,-0.0381887097836367,-0.0153563238801345
65.375179,70,66,451.620371996452,234.908871757976,-0.998876872290739,-0.0473813676741299,-0.133509518778339
65.425179,70,66,451.164068048516,234.911447989409,-0.997757759411095,-0.0669287198066103,-0.166069871098152
65.475179,70,66,450.686627027841,234.853440471197,-0.997237951335423,-0.0742729319222631,-0.0740440409690286
65.525179,70,66,450.496586622112,234.786091551864,-0.997546071198158,-0.0700131118942752,-0.173041754738643
65.575179,70,66,450.239071791756,234.701122752946,-0.997741664797778,-0.0671682240837048,-0.217151707691527
65.625179,70,66,449.743541074831,234.877535658775,-0.997874177569973,-0.0651699757484263,-0.0495882931732801
65.675179,70,66,449.536915624172,234.797827252154,-0.998109488945696,-0.0614609475729196,-0.140571522972884
65.725179,70,66,449.39374143521,234.814333587971,-0.998334317135192,-0.0576939444847447,-0.301965434614157
65.775179,70,66,448.837874025514,234.825376405815,-0.99989554622899,-0.014453256775871,0.280090590026325
65.825179,70,66,448.523882073181,234.739007244323,-0.999937326196158,-0.0111956991598218,0.285124383053187
65.875179,70,66,448.250500336716,234.738589332257,-0.999800473887662,-0.0199752950918612,0.146175118451605
65.925179,70,66,447.851877770114,234.538852462028,-0.999688936689902,-0.0249405264542142,0.167520806029541
65.975179,70,66,447.446646796666,234.691743670407,-0.999605493523911,-0.0280866038676655,0.200413854149984
60.175179,71,67,473.512041418807,213.433505327926,-0.998933732859294,-0.0461670592067284,0.915221645051193
60.375179,71,67,473.230524937393,213.653669906072,-0.998933732859294,-0.0461670592067284,0.838012307923532
60.475179,71,67,473.185376928237,213.562733871575,-0.998933732859294,-0.0461670592067284,0.694523476321746
60.975179,71,67,472.215326240969,213.508160750626,-0.98759253056221,0.157038191462239,-0.46020285411398
61.025179,71,67,472.052699043807,213.767741187597,-0.994194635058586,0.107596596696761,-0.149859145590014
61.125179,71,67,471.883938402843,214.013958705355,-0.990854832955678,0.134932205230536,-0.315024923852735
61.175179,71,67,471.863976889282,214.237517458363,-0.990854832955678,0.134932205230536,-0.390621183435445
61.225179,71,67,471.82684786545,213.920724360962,-0.993277255116926,0.115759640926296,-0.447634738409977
61.275179,71,67,471.693979471623,214.388479073119,-0.999990585470952,-0.00433923604605889,0.0256837229926649
61.325179,71,67,471.650639480209,214.61201614862,-0.999990585470952,-0.00433923604605889,-0.077272655231802
61.375179,71,67,471.361641532456,214.524165982851,-0.999990585470952,-0.00433923604605889,0.0639336744812721
61.425179,71,67,471.216727641797,214.928433555847,-0.997210249239853,-0.0746439469146101,0.249593693349891
61.525179,71,67,470.700507697663,215.53307769664,-0.999990585470952,-0.00433923604605889,0.259261279701945
61.575179,71,67,470.809642031467,215.726434780151,-0.99862180544551,0.0524832324533211,-0.109922133267858
61.625179,71,67,470.597605264943,216.163582974251,-0.999990585470952,-0.00433923604605889,0.037871909240318
61.675179,71,67,470.163313357835,215.924481240277,-0.999990585470952,-0.00433923604605889,0.308283629576538
61.725179,71,67,470.212873190944,216.25900681834,-0.999990585470952,-0.00433923604605889,0.089622023771713
61.775179,71,67,469.921591969309,216.416756513668,-0.999995081196207,-0.0031364922113097,0.2088689215117
61.825179,71,67,469.931727894748,216.357921990422,-0.999992679646765,-0.00382631060974238,0.0264699295507011
61.875179,71,67,469.740329481332,216.208876647199,-0.999992337493415,-0.00391471000911258,0.0427775466276707
61.925179,71,67,469.539078098881,216.354119538027,-0.999822367105751,0.0188476586093291,0.0493373622237282
61.975179,71,67,469.459752827703,216.43771777128,-0.999988351398441,-0.00482670357776657,-0.0365476914600912
62.025179,71,67,469.31755038031,216.470826011819,-0.994547945697295,0.104280313143427,-0.127282038512596
62.075179,71,67,468.98520744982,216.375115484367,-0.992007455283142,0.126179271921601,0.00338181048743401
62.125179,71,67,468.76278375564,216.262186518169,-0.992007455283142,0.126179271921601,0.0298664067540877
62.175179,71,67,468.659700187311,216.331389848662,-0.992007455283142,0.126179271921601,-0.0417218981631019
62.225179,71,67,468.470657000286,216.275611594273,-0.990690087212293,0.136136516406504,-0.050624865829659
62.275179,71,67,468.499280359578,216.098798267911,-0.990058444853832,0.140656588091749,-0.292400481457533
62.325179,71,67,468.306929772157,216.052359751823,-0.989445276160871,0.144907023580425,-0.299908777925813
62.375179,71,67,468.072584477795,216.341501335387,-0.996275684033874,0.0862250624983098,-0.208127943528428
62.425179,71,67,467.702804053194,216.464350357977,-0.992007455283142,0.126179271921601,-0.0280822180304282
62.475179,71,67,467.469239807179,216.262696947272,-0.993891245803613,0.110363904946059,-0.0176134561168657
62.525179,71,67,467.277414628507,216.26573347653,-0.999775467668822,-0.0211899562903608,-0.0154449491014151
62.575179,71,67,467.275997533976,216.52698502074,-0.999739553954497,-0.0228215744168292,-0.232575909890823
62.625179,71,67,467.128560194243,216.080864403592,-0.999823070755571,-0.0188102946521674,-0.2909559192577
62.675179,71,67,466.667212745658,216.056003643302,-0.999790892593586,-0.0204492319396009,-0.046414106430981
62.725179,71,67,466.340968501172,216.212716624519,-0.999775467668822,-0.0211899562903607,0.0565715115890888
62.775179,71,67,466.29187971369,216.274769469026,-0.999987499107226,-0.00500016292497864,-0.115476585448186
62.825179,71,67,466.146073885627,216.252726987917,-0.999987499107226,-0.00500016292497864,-0.193601458203818
62.875179,71,67,465.714502489613,216.058619585222,-0.999976522309383,-0.0068523594500374,0.0124328920534432
62.925179,71,67,465.432014969659,216.314991037389,-0.999973790864259,-0.00723999893396089,0.0641401148233107
62.975179,71,67,465.223260005735,216.338465487801,-0.999987499107226,-0.00500016292497864,0.0423928080451242
63.025179,71,67,465.124754824258,216.288287569409,-0.999987499107226,-0.00500016292497864,-0.0923495869718947
63.075179,71,67,465.016949208967,216.43926260709,-0.999987499107226,-0.00500016292497864,-0.221124624047071
63.125179,71,67,464.800597832348,216.113137436454,-0.999987499107226,-0.00500016292497864,-0.241281935198093
63.175179,71,67,464.401431185129,216.063497886349,-0.999987499107226,-0.00500016292497864,-0.0823061176268532
63.225179,71,67,464.131110496671,216.220931095283,-0.999987499107226,-0.00500016292497864,-0.0554925870589418
63.275179,71,67,463.958157233324,216.076991750058,-0.999999126815664,-0.00132150214157126,-0.125266576286572
63.325179,71,67,463.760463725149,216.238329738779,-0.999999126815664,-0.00132150214157126,-0.174872197153012
63.375179,71,67,463.361849617114,216.195044972451,-0.999999126815664,-0.00132150214157126,-0.0255276316246242
63.425179,71,67,463.153779651972,216.362350777623,-0.999999126815664,-0.00132150214157126,-0.0692312730179211
63.475179,71,67,463.03092854384,216.38837021432,-0.999999126815664,-0.00132150214157126,-0.200178243564602
63.525179,71,67,462.729524003784,216.264954857333,-0.999952237643501,-0.00977355778392594,-0.16141158034315
63.575179,71,67,462.398553271637,216.364563244101,-0.999958108237382,-0.00915323824213151,-0.0892996007655148
63.625179,71,67,462.164420938293,216.289087798852,-0.999955332791002,-0.00945158308620924,-0.115354856648193
63.675179,71,67,461.88096877614,216.224127604057,-0.999951287520185,-0.00987028807709929,-0.0944262824198007
63.725179,71,67,461.68236556865,216.039469051402,-0.999965303181401,-0.00833021208186331,-0.157781964685479
63.775179,71,67,461.360148902568,216.167593331234,-0.985801901472732,0.167912510113887,0.0563546069484462
63.825179,71,67,460.986324884889,216.194819719479,-0.985801901472732,0.167912510113887,0.170430691878401
63.875179,71,67,460.712477185456,216.520333028545,-0.991388543570932,0.130953257600969,0.185031095946773
63.925179,71,67,460.606085990657,216.456093025818,-0.985801901472732,0.167912510113887,0.0646112901730554
63.975179,71,67,460.276069136065,216.345519764553,-0.950685224038758,0.310157387134945,0.282356069770595
64.025179,71,67,459.86726097004,216.209324566675,-0.992936800718014,0.118644467969962,0.163806287726367
64.075179,71,67,459.647239085201,216.420974255169,-0.99543636097357,0.0954277278975908,0.102499198399578
64.125179,71,67,459.510590496674,216.208730556019,-0.991567756315201,0.129589292134951,-0.0177311443921321
64.175179,71,67,459.244266165472,216.405542318217,-0.995003568069318,0.099839368634452,-0.0473126185987333
64.225179,71,67,458.821508645777,216.069042443107,-0.991325798186592,0.131427401441697,0.0939098913745939
64.275179,71,67,458.57518371925,216.127382993586,-0.999818642382317,0.0190442207711808,-0.0690345657154289
64.325179,71,67,458.328939602149,216.215476350544,-0.999969652643195,0.00779062209637537,-0.124342100012029
64.375179,71,67,458.030076012824,216.156228568619,-0.999577666664555,0.0290600809607139,-0.0896604616194802
64.425179,71,67,457.623780162889,216.129695391763,-0.999969652643195,0.00779062209637537,-0.00347285015178274
64.475179,71,67,457.381889568501,216.208955996767,-0.999870275662308,0.0161068881842735,-0.0441877168880522
64.525179,71,67,457.196392373672,216.348701471794,-0.999535280145851,0.0304831714845364,-0.130533115934126
64.575179,71,67,456.755411417679,216.348911158424,-0.999651361361331,0.0264037067177619,0.00602633458727559
64.625179,71,67,456.364050810289,216.273188062894,-0.999969652643195,0.00779062209637537,0.067080877549525
64.675179,71,67,456.073215598225,216.359246180604,-0.999969652643195,0.00779062209637537,0.056291940568299
64.725179,71,67,455.974832390521,216.486389847302,-0.999969652643195,0.00779062209637537,-0.14848426636023
64.775179,71,67,455.585177307806,216.407789679493,-0.999857012973786,-0.016910162835964,-0.108175103624593
64.825179,71,67,455.243146827882,216.301743813908,-0.999857012973786,-0.016910162835964,-0.0727616976406401
64.875179,71,67,454.967644741163,216.609179780787,-0.999857012973786,-0.016910162835964,-0.112664186816051
64.925179,71,67,454.665860581702,216.592496219366,-0.999893106219085,-0.0146210853068136,-0.118065141428309
64.975179,71,67,454.141818918405,216.419452056255,-0.999681128192036,-0.0252515729549263,0.0752709617629709
65.025179,71,67,454.035758379405,216.487597086454,-0.9999541944132,-0.00957126300175328,-0.105975425261952
65.075179,71,67,453.606453978108,216.422668683771,-0.999939135369937,-0.0110329305093359,0.00405556545834943
65.125179,71,67,453.192546105792,216.386689428083,-0.9999541944132,-0.00957126300175328,0.102149970279594
65.175179,71,67,452.986964455247,216.366179938978,-0.999953544195419,-0.00963895487176187,-0.0128144339809937
65.225179,71,67,452.759712433713,216.532868146183,-0.999936197859722,-0.0112960262855235,-0.112883350758266
65.275179,71,67,452.325476290174,216.408356184536,-0.999944039672759,0.010579107851081,0.0409755871909719
65.325179,71,67,451.87064397567,216.378184311916,-0.999967567675703,0.00805379393444622,0.165247703796481
65.375179,71,67,451.633759516043,216.377546453629,-0.999981275852074,0.00611947262902936,0.0712680950919118
65.425179,71,67,451.261849370803,216.396678070744,-0.999968389072002,0.00795115442842112,0.118081063761516
65.475179,71,67,450.908257559037,216.314057619787,-0.999989450126671,0.0045934339397825,0.134172441030614
65.525179,71,67,450.540508546727,216.350569080867,-0.999899259346752,0.0141940536076206,0.188689100147472
65.575179,71,67,450.198543840442,216.364464195225,-0.999993590526617,0.00358034993882019,0.17617495633931
65.625179,71,67,449.812371739476,216.289442636723,-0.999937593861369,0.0111717672162898,0.241231540849993
65.675179,71,67,449.56053977716,216.076988702718,-0.999986448032264,0.00520612637348347,0.143506541556229
65.725179,71,67,449.344149015211,216.269486664354,-0.999986448032264,0.00520612637348347,0.0223034879691879
65.775179,71,67,448.899952048225,216.20275307043,-0.99999788547835,0.00205646269834848,0.120079808395905
65.825179,71,67,448.493452219171,216.308933368727,-0.999992603841048,-0.00384607113824501,0.173275924903555
65.875179,71,67,448.400390920423,216.161913443468,-0.999994399871536,0.00334667380638511,-0.0631760254832252
65.925179,71,67,447.941981316106,216.260694136096,-0.999995558569043,-0.00298040973472247,0.0382893165657539
65.975179,71,67,447.444684788506,216.281532870972,-0.999990248733517,0.0044161564599354,0.203789856525334
60.425179,73,68,473.068550279359,254.906798122695,-0.994296874954692,-0.106647665025232,0.55481469848234
60.775179,73,68,472.937785131789,255.082250171065,-0.981876752688476,-0.189520559649695,-0.869419310066084
60.875179,73,68,472.673120032288,255.409741972592,-0.981876752688476,-0.189520559649695,-0.96082015034385
60.925179,73,68,472.400711921207,255.109943270574,-0.981876752688476,-0.189520559649695,-0.785103221011836
60.975179,73,68,472.389727056602,254.129331873969,-0.981876752688476,-0.189520559649695,-0.739671876873643
61.025179,73,68,472.332930212138,253.794964361099,-0.988654854195261,-0.150205124000971,-0.490057730632273
61.075179,73,68,472.324200890159,253.144596277797,-0.990289794630115,-0.139018425582528,-0.462666521727731
61.125179,73,68,472.178020694984,252.993814659331,-0.987949168097068,-0.154778684760891,-0.556029268101712
61.175179,73,68,471.961158213503,252.06713916532,-0.997072636519059,-0.0764601694016761,0.0946848274503566
61.225179,73,68,472.013755536197,251.396599035343,-0.999462628427442,-0.0327788708913119,0.163807803499842
61.275179,73,68,472.00129653804,250.89620376695,-0.999911759775282,-0.0132843013778961,0.131497668151813
61.325179,73,68,471.658018230138,250.48009909758,-0.999994499523943,0.00331676376285864,0.399259973964295
61.375179,73,68,471.435293490178,250.108063533869,-0.999983321996748,0.00577544183137027,0.475423402510871
61.425179,73,68,471.210670301807,249.494472092558,-0.999941546759827,0.0108121720095745,0.556806561524662
61.475179,73,68,471.008598638918,249.076887137733,-0.99984091722309,0.0178364863829568,0.617412892959633
61.525179,73,68,470.849001295528,248.774584366116,-0.999949387001222,0.0100609858303995,0.585378373176077
61.575179,73,68,470.919096147501,248.075993792279,-0.999927239685944,0.0120629736818185,0.347724290616995
61.625179,73,68,470.594686476312,247.735907033864,-0.99984091722309,0.0178364863829568,0.513023825637266
61.675179,73,68,470.391559875828,247.033856918816,-0.99984091722309,0.0178364863829568,0.533550011157907
61.725179,73,68,470.204769732761,246.374209636739,-0.999741741760261,0.0227255315044503,0.54113583098971
61.775179,73,68,470.007329727863,246.074570875956,-0.999797921779556,-0.0201026268253769,0.519384172093545
61.825179,73,68,469.854880351386,245.565593329366,-0.999960831505895,-0.00885073183635107,0.505974911801449
61.875179,73,68,469.785473408261,245.047050158728,-0.999960831505895,-0.00885073183635107,0.397101935295135
61.925179,73,68,469.705636448828,244.550546997204,-0.999998677956157,-0.00162606455557085,0.293245463019711
61.975179,73,68,469.537607128524,244.346464453936,-0.999998677956157,-0.00162606455557085,0.274325436022721
62.025179,73,68,469.342759306596,243.717512477208,-0.999780932058462,0.0209305492597307,0.257175758222636
62.075179,73,68,469.097549814208,243.254809683743,-0.999780932058462,0.0209305492597307,0.30239146541833
62.125179,73,68,468.935943410368,242.965959426032,-0.999780932058462,0.0209305492597307,0.265162618873211
62.175179,73,68,469.239362456487,242.962721338247,-0.965650505770925,-0.259844377857895,0.199899583636699
62.225179,73,68,469.136443278919,242.741504967822,-0.999236137220808,-0.0390786651772929,-0.233511625253733
62.275179,73,68,469.059034522728,242.424205728328,-0.973870732436017,-0.22710305260946,0.0164084237592876
62.325179,73,68,468.807263052998,242.17716468873,-0.999108243652944,-0.0422222389829046,-0.288792493987982
62.375179,73,68,468.123537851689,241.755565246044,-0.99978535012124,0.0207184382362511,0.0518202298179533
62.425179,73,68,467.840243982561,241.530768267134,-0.999787560267885,0.0206115097358143,0.12320632781478
62.475179,73,68,467.758646477997,241.151919955404,-0.999789328840321,0.0205255435255835,-0.0126459698775885
62.525179,73,68,467.558641370541,240.769854927052,-0.999784529146343,0.02075801723731,-0.0335083882032964
62.575179,73,68,467.334613579187,240.213142121194,-0.999799176076909,0.0200401476026056,-0.0331053939565708
62.625179,73,68,467.188877834826,240.213663712193,-0.999768887536064,0.0214981746876805,-0.10953871263754
62.675179,73,68,466.849683514597,239.993656544989,-0.99979641557998,0.0201773980836015,0.0104468200915907
62.725179,73,68,466.568983838592,239.54632584545,-0.999823573665662,0.018783544458498,0.0660092393152644
62.775179,73,68,466.309280093844,239.554802667118,-0.994655244503367,0.103251850259191,-0.232124328092846
62.825179,73,68,466.122694714482,239.317823225663,-0.994655244503367,0.103251850259191,-0.289685455403769
62.875179,73,68,465.744838101415,239.243109829373,-0.99559455084553,0.0937629475149308,-0.10341101048418
62.925179,73,68,465.608138519038,239.121440410638,-0.995221003283624,0.0976481163317375,-0.219162397019106
62.975179,73,68,465.403555578872,239.188913523257,-0.995221003283624,0.0976481163317375,-0.235152981811716
63.025179,73,68,465.268531777709,239.341191799075,-0.994655244503367,0.103251850259191,-0.335563281441738
63.075179,73,68,465.052528934119,239.220639770627,-0.994655244503367,0.103251850259191,-0.363354580744795
63.125179,73,68,464.698804266436,239.333550605099,-0.993773788067817,0.111416597279494,-0.262132894230412
63.175179,73,68,464.470964861852,239.159717563959,-0.992569287607641,0.121680767987633,-0.327495976487363
63.225179,73,68,464.16030218295,239.314028148519,-0.993773788067817,0.111416597279494,-0.199180355288372
63.275179,73,68,464.074486710201,239.393455980642,-0.999402602370177,0.034560647790771,-0.0848383306540924
63.325179,73,68,463.824827711303,239.444134669769,-0.999247067018528,0.0387981836542685,-0.0946703028160502
63.375179,73,68,463.658037989329,239.490041637379,-0.999402602370177,0.034560647790771,-0.162158546093509
63.425179,73,68,463.258827420529,239.475466989601,-0.999402602370177,0.034560647790771,-0.0153303495384949
63.475179,73,68,463.036783875819,239.473737154008,-0.999402602370177,0.034560647790771,-0.0472414903783052
63.525179,73,68,462.795369888955,239.625874672242,-0.999770093808728,0.0214420037703533,-0.0200202341282272
63.575179,73,68,462.616633993559,239.616510052831,-0.999682898459123,0.0251813925025297,-0.110660168232555
63.625179,73,68,462.230713763618,239.680006639869,-0.999719728239997,0.0236741413307049,0.0199218601551791
63.675179,73,68,462.001293133503,239.554245271042,-0.999695257343553,0.0246858754109958,-0.0192959110169464
63.725179,73,68,461.901672453091,239.652659536654,-0.999729767554502,0.0232463301495411,-0.178563360301666
63.775179,73,68,461.565691048696,239.574308103343,-0.999679724209277,0.0253070939632471,-0.11667991858068
63.825179,73,68,461.251802097395,239.567473770548,-0.999667907457701,0.0257696487973842,-0.0730865388655905
63.875179,73,68,461.031865965578,239.676994863603,-0.999723537345011,0.0235127386405358,-0.116109171514749
63.925179,73,68,460.80463319644,239.419970654943,-0.999633999832569,0.0270530290122741,-0.17675742145722
63.975179,73,68,460.546917636124,239.43962951457,-0.999737983440695,0.0228902701148928,-0.183373739462392
64.025179,73,68,460.190256327633,239.266201079616,-0.999947753538549,0.010222044473108,-0.0759464998647956
64.075179,73,68,459.863271322299,239.148929015803,-0.995954224028158,-0.0898620255751485,0.227330116628091
64.125179,73,68,459.608335770097,239.165180161545,0.980231240866372,-0.197855286584848,0.52410210869904
64.175179,73,68,459.321556152846,239.496819086951,0.995741558165559,-0.0921886616782348,0.22242225969196
64.225179,73,68,458.91889858232,239.613128613106,0.83744960192027,-0.546514559955709,0.982056340681973
64.275179,73,68,458.672449812257,239.563345800867,-0.998814524988828,0.0486779690552396,-0.0471532517379701
64.325179,73,68,458.551482294898,239.531727575614,-0.998900691103853,0.0468765326388979,-0.211226508027727
64.375179,73,68,458.206344142876,239.620181789325,-0.998814524988828,0.0486779690552396,-0.154262247964486
64.425179,73,68,457.74987426011,239.663756826127,-0.998824323891975,0.0484764891647364,0.013594799863724
64.475179,73,68,457.59770127955,239.612683808519,-0.998806656506619,0.0488391535355466,-0.129886555790765
64.525179,73,68,457.52004399267,239.580434853988,-0.998734665740246,0.0502898344471223,-0.350469984513243
64.575179,73,68,457.055815662144,239.734353785777,-0.998734665740246,0.0502898344471223,-0.175042183386864
64.625179,73,68,456.587294553302,239.699697963224,-0.998734665740246,0.0502898344471223,-0.00662957887238129
64.675179,73,68,456.499506984864,240.181192019599,-0.998734665740246,0.0502898344471223,-0.194317641241036
64.725179,73,68,456.184405448212,240.606414594845,-0.998734665740246,0.0502898344471223,-0.159602088495181
64.775179,73,68,455.701320110847,240.858907157933,-0.997823224979166,0.0659455206376889,0.0307895908493602
64.825179,73,68,455.412389093677,241.151375536772,-0.997823224979166,0.0659455206376889,0.0345076065964463
64.875179,73,68,455.191286673614,241.146708709368,-0.997823224979166,0.0659455206376889,-0.0508129848790186
64.925179,73,68,454.780520096321,241.407312718896,-0.997823224979166,0.0659455206376889,0.0688611864834349
64.975179,73,68,454.456782222011,241.537567944084,-0.997823224979166,0.0659455206376889,0.0913631316160494
65.025179,73,68,454.207782798493,241.676949327218,-0.999963127921395,0.00858736267194206,-0.0166136225249546
65.075179,73,68,453.998163345342,241.978211330409,-0.99991592694105,0.0129668442429446,-0.11455619144217
65.125179,73,68,453.558801023466,242.212357703044,-0.999987104609648,0.00507844606285203,-0.00195496796524346
65.175179,73,68,453.214915257555,242.151275366094,-0.999972479863485,0.00741886215484837,0.025953252069937
65.225179,73,68,452.989014364761,242.2006360982,-0.999986389560924,0.00521734538888697,-0.0722819849837537
65.275179,73,68,452.516521221701,242.2534567776,-0.999946609907275,0.0103333119060883,0.0868656871996999
65.325179,73,68,452.102331178942,242.375056930638,-0.999910952062204,0.0133449595749147,0.184098303437868
65.375179,73,68,451.717652635619,242.377216957448,-0.999895128579748,0.014482121477501,0.245576753230899
65.425179,73,68,451.50100723793,242.479602129635,-0.999904227320363,0.0138396599259994,0.135374950728121
65.475179,73,68,451.068286295017,242.65434620559,-0.999852872958162,0.017153204869935,0.249573785945646
65.525179,73,68,450.839722361564,242.820012051198,-0.999690076446026,0.0248947997649785,0.17046862625211
65.575179,73,68,450.383326441534,243.079798363052,-0.999676113506261,0.0254493238616763,0.303565852178557
65.625179,73,68,449.982345806138,243.222735814382,-0.999667981384239,0.0257667808459103,0.376296617448086
65.675179,73,68,449.768016231492,243.248941581631,-0.999659376761811,0.0260984760510726,0.258015373393828
65.725179,73,68,449.598519485167,243.305142262703,-0.999645252325435,0.0266339914999172,0.094872662506922
65.775179,73,68,449.110547928227,243.32372900076,-0.999839395399009,0.0179215905584579,0.217977759906119
65.825179,73,68,448.752761935399,243.327427463204,-0.999870853185607,0.01607099716526,0.23065657357015
65.875179,73,68,448.355646911719,243.253890973572,-0.999600731068899,0.0282555914205124,0.324964637622893
65.925179,73,68,448.050096553083,243.20070367469,0.999332829023972,0.0365225524155143,-0.0803056462381069
65.975179,73,68,447.67691904328,243.203127456211,0.999981866020971,-0.00602226113817681,-0.245546807476125
60.475179,74,69,287.595539072478,205.980136895694,0.999732964873369,-0.0231084172002817,-0.646546260600752
61.025179,74,69,288.743610076146,205.267929408577,0.895593196655014,0.444873944061971,0.538518060098185
61.075179,74,69,288.809259251155,204.970630804352,0.921577517805301,0.388194382591789,0.325331351527976
61.125179,74,69,288.875145560365,204.522638483613,0.918932056398739,0.39441586646937,0.144318851915306
61.175179,74,69,288.981628619999,204.44050653983,0.912167072326982,0.409818535650137,0.146127905142619
61.225179,74,69,289.018566032247,204.710336347618,0.899835100156085,0.436230205885708,0.240650973992396
61.275179,74,69,288.92981823883,204.350206086099,0.88567944320715,0.464297236563253,-0.0529188180368859
61.525179,74,69,289.396091430015,204.064798945694,0.892858539454926,0.450337238658338,-0.176556526347941
61.575179,74,69,289.641879024306,203.966873980712,0.895706674839308,0.444645423509913,-0.0873169471970441
61.625179,74,69,289.791359618739,204.017082587857,0.892858539454926,0.450337238658338,-0.0167634821525354
61.725179,74,69,289.915890072142,204.285229282682,0.878427531684473,0.477875581693316,0.0513304826591319
62.525179,74,69,291.726188795396,203.575744072739,0.958313434010483,0.28571902665912,-0.281803771235669
62.575179,74,69,291.97801472382,203.444210306516,0.958313434010483,0.28571902665912,-0.203678593506893
62.625179,74,69,292.0858163743,203.322151691072,0.958313434010483,0.28571902665912,-0.262625079912594
62.675179,74,69,292.238125108574,203.94614089832,0.958313434010483,0.28571902665912,-0.0675177859068975
62.725179,74,69,292.500959181127,204.117044914169,0.958313434010483,0.28571902665912,0.102294907090978
62.775179,74,69,292.623792149105,204.442400095033,0.958313434010483,0.28571902665912,0.180315471314203
62.825179,74,69,292.775755524574,204.480047541703,0.958313434010483,0.28571902665912,0.202292404185516
62.875179,74,69,292.86878542039,204.440992428068,0.958313434010483,0.28571902665912,0.144121876610098
62.925179,74,69,292.860396454645,204.534003110686,0.958313434010483,0.28571902665912,0.0247395290652804
62.975179,74,69,292.988202321191,204.901890166234,0.958313434010483,0.28571902665912,0.112658393955778
63.025179,74,69,293.243199517296,205.008650572288,0.99916091114897,0.0409569729345454,-0.0499096896538672
63.075179,74,69,293.424881334739,205.372430032337,0.99916091114897,0.0409569729345454,-0.00451437315229121
63.125179,74,69,293.694143955021,205.470189910331,0.99916091114897,0.0409569729345454,0.115571480164142
63.175179,74,69,293.826002966884,205.525743427376,0.99916091114897,0.0409569729345454,0.0947199688971766
63.225179,74,69,293.988460441512,205.483872356281,0.99916091114897,0.0409569729345454,0.09853172394765
63.275179,74,69,294.047191638213,205.560647483727,0.99916091114897,0.0409569729345454,0.00164550461087824
63.325179,74,69,294.161948834854,205.625300127376,0.99916091114897,0.0409569729345454,-0.0416750778497099
63.375179,74,69,294.360584006049,205.629080173101,0.99916091114897,0.0409569729345454,-0.00559672166969528
63.425179,74,69,294.495505639317,205.974070861026,0.99916091114897,0.0409569729345454,-0.0211175441356696
63.475179,74,69,294.845230203263,205.958487542207,0.99916091114897,0.0409569729345454,0.161303775211178
63.675179,74,69,295.833650594666,206.25735553513,0.921989589463264,0.387214665168254,1.3342132670827
63.725179,74,69,296.007187454609,206.133753352565,0.921989589463264,0.387214665168254,1.28813750930895
63.775179,74,69,296.081770280662,206.238315500636,0.999692855443606,-0.0247829533149283,0.201509403745797
63.825179,74,69,296.097700769778,205.512457020098,0.987910840323428,0.15502313237533,0.386494565320966
63.875179,74,69,296.344653008086,205.244059021085,0.999510923279252,0.0312716204482064,0.215197585421812
63.925179,74,69,296.499719975946,205.43891596281,0.996657797351084,0.081689870726337,0.283154184722899
63.975179,74,69,296.737598684335,205.141214794601,0.999674545933395,0.0255108254053302,0.226724025427771
64.025179,74,69,296.954608145966,205.34719968208,0.999996054268318,0.00280917208370694,0.221888907141754
64.075179,74,69,297.052580251646,205.445636433292,0.999925561940985,0.0122012530915649,0.14765052572105
64.125179,74,69,297.07222730576,205.678463234908,0.999996054268318,0.00280917208370694,-0.0412238744133292
64.225179,74,69,297.228292378024,204.989020848062,0.998949709521492,0.0458200594382662,-0.214040469261514
64.525179,74,69,298.360778947091,204.665312049753,0.999626841938814,-0.027316238310459,-0.394508710753659
64.575179,74,69,298.594123657279,204.640485702792,0.999626841938814,-0.027316238310459,-0.369812620186653
64.625179,74,69,298.793005113978,204.012749872817,0.999626841938814,-0.027316238310459,-0.364979902814329
64.675179,74,69,298.831286010196,203.482491588636,0.999626841938814,-0.027316238310459,-0.525229220949739
64.725179,74,69,299.087393620253,203.19080359769,0.999626841938814,-0.027316238310459,-0.476125025491583
64.775179,74,69,299.283355761288,203.103358521289,0.999626841938814,-0.027316238310459,-0.494594368891972
64.825179,74,69,299.512807370905,202.746606380305,0.999626841938814,-0.027316238310459,-0.474097844857379
64.875179,74,69,299.830019770079,202.464714720241,0.999999983316555,-0.000182666059426527,-0.392837286347821
64.925179,74,69,299.852794876079,202.184668084098,0.999999983316555,-0.000182666059426524,-0.591861003019655
64.975179,74,69,300.162768551176,202.219004945614,0.999984099256396,-0.0056392583177255,-0.499865175580946
65.025179,74,69,300.322529550411,201.931459260695,0.9999629279306,-0.00861061928441147,-0.560223412803107
65.075179,74,69,300.656788222936,201.840975110202,0.999962951885982,-0.00860783686377802,-0.452754874583499
65.125179,74,69,300.84272936468,201.564441115015,0.978242760875847,0.207463492677628,-0.836184393833133
65.175179,74,69,301.214948450241,201.574656704793,0.997165446977317,0.075240091404296,-0.486257337962294
65.225179,74,69,301.1092190992,201.232965553897,0.989958089521893,0.141361172144839,-0.96974371257736
65.275179,74,69,301.55072107141,201.052975503463,0.999962679926637,0.0086393723115448,-0.516418211870463
65.325179,74,69,302.073740231695,200.549747773871,0.999615444294243,0.0277301916405606,-0.282757998857654
65.375179,74,69,302.107978853209,200.534953764068,0.999960737123364,0.00886138881318288,-0.438567072442874
65.425179,74,69,302.047643333293,200.369501379927,0.999856567458745,0.0169364845707913,-0.76185796192344
65.475179,74,69,302.537761802635,200.055781396193,0.999728688717394,0.0232926802966014,-0.537410274257505
65.625179,74,69,304.299183423045,198.640659088644,0.990630007857346,-0.136573011728362,1.14043210537385
65.675179,74,69,305.057190171181,197.681720623417,0.995619536529564,-0.0934972645624259,1.55134803494284
65.725179,74,69,305.267645564457,196.791090907846,0.995665060712125,-0.0930112190927547,1.58896791255273
65.775179,74,69,305.026240644084,196.138336806293,0.99986340483144,-0.0165279060645649,0.642566601791987
65.825179,74,69,305.029135246242,195.145127114617,0.997072066175055,-0.0764676065625601,0.867728995153951
65.875179,74,69,305.235904145904,194.816235443483,0.997331198287219,0.0730101426034761,-0.353978997347411
65.925179,74,69,305.417867326542,194.348528931451,0.999311473226572,-0.0371022839962365,0.467643227935133
65.975179,74,69,305.617480804667,193.652913450006,0.99671681541245,-0.0809665972735954,0.831516980090506
60.475179,75,70,472.839025279084,237.017840922144,-0.998072965962009,0.0620512257396902,0.443893920633985
60.775179,75,70,472.192369734971,237.540723864965,-0.998415057424919,0.0562794199258973,0.528575853730953
60.975179,75,70,472.003102385812,238.058796178334,-0.998415057424919,0.0562794199258974,0.278864263330627
61.025179,75,70,471.661234937928,238.345019036719,-0.998415057424919,0.0562794199258974,0.512110020740396
61.075179,75,70,471.938378735525,238.942991799411,-0.998415057424919,0.0562794199258974,0.142007815590531
61.125179,75,70,471.909280562025,238.86398046906,-0.998415057424919,0.0562794199258973,0.0367134593193723
61.175179,75,70,471.780028733898,239.936929041645,-0.998415057424919,0.0562794199258973,0.093411640547063
61.225179,75,70,471.904375603999,240.283119701171,-0.998415057424919,0.0562794199258974,-0.146807991051895
61.275179,75,70,471.797187235411,240.580311117393,-0.998474668207856,0.0552117464604338,-0.16270329434216
61.325179,75,70,471.57725291186,241.134216439946,-0.998474668207856,0.0552117464604338,-0.05377866102508
61.375179,75,70,471.309791302006,241.121555523252,-0.998474668207856,0.0552117464604338,0.0685442122523979
61.425179,75,70,471.156939211394,241.927979883903,-0.998474668207856,0.0552117464604338,0.118894592721588
61.475179,75,70,470.992344995861,242.012252847936,-0.998801231063809,0.0489499828949816,0.119653606516417
61.525179,75,70,470.791293912601,242.207718763099,-0.999050743063043,0.04356159759676,0.159534373535435
61.575179,75,70,470.843112712348,242.281077670325,-0.998733638507978,0.0503102306953061,-0.0219326781178981
61.625179,75,70,470.562006520838,242.095452898826,-0.998474668207856,0.0552117464604338,0.107677122540407
61.675179,75,70,470.694157619017,242.267106479559,-0.998474668207856,0.0552117464604338,-0.175174322859828
61.725179,75,70,470.385828223506,241.705862547716,-0.998474668207856,0.0552117464604338,-0.0613553777364665
61.775179,75,70,470.272833733318,241.413246869911,-0.999936034871869,0.0113104449392793,-0.258681259696032
61.825179,75,70,470.03583265412,240.732299272898,-0.999940898115844,0.0108719949999813,-0.202766863570162
61.875179,75,70,469.858595360799,240.259315123611,-0.999900348776021,0.0141171001835067,-0.199409098745164
61.925179,75,70,469.667772550661,239.731655777953,-0.999858709726314,0.0168095384954611,-0.18935017889634
61.975179,75,70,469.610752724851,239.100449787672,-0.999802503185663,0.0198734653163981,-0.319706178743971
62.025179,75,70,469.3453001705,239.068252153391,-0.999794431095901,0.0202754913534344,-0.236491986419529
62.075179,75,70,468.999139986919,238.704832398577,-0.999801937330516,0.0199019122233536,-0.0824956977798204
62.125179,75,70,468.904832802649,238.137201134683,-0.999801937330516,0.0199019122233536,-0.186531631536339
62.175179,75,70,468.587713475075,237.499478860981,-0.999801937330516,0.0199019122233536,-0.0717152891154169
62.225179,75,70,468.499435886903,237.064321031097,-0.999624692051469,0.0273947995248506,-0.189348373793376
62.275179,75,70,468.31461805533,236.59932924241,-0.999801937330516,0.0199019122233536,-0.203189434517745
62.325179,75,70,468.170406335417,236.339526819616,-0.999801937330516,0.0199019122233536,-0.261200277039299
62.375179,75,70,467.839904879414,235.926490422002,-0.999801937330516,0.0199019122233536,-0.138470604742542
62.425179,75,70,467.490609894874,235.454862245085,-0.999801937330516,0.0199019122233536,-0.000565387164335948
62.475179,75,70,467.347694364624,235.204302786919,-0.999801937330516,0.0199019122233536,-0.0670327399652109
62.525179,75,70,467.327840689352,234.825274606289,-0.999869591272662,0.0161493172685618,-0.252251415653109
62.575179,75,70,467.259624539117,234.387192219687,-0.999869591272662,0.0161493172685618,-0.400604725609442
62.625179,75,70,467.010946274732,233.65978747824,-0.999901953878641,0.0140029507488996,-0.368100889549468
62.675179,75,70,466.716074848989,233.149004525843,-0.999917550619625,0.0128410265496601,-0.290262729386301
62.725179,75,70,466.416442773289,232.673620964617,-0.99992107314839,0.0125637364574118,-0.212415558942176
62.775179,75,70,466.235018988658,232.146554674628,-0.998943984156806,-0.0459447115229381,0.0233217792932324
62.825179,75,70,466.139780578549,231.528542236559,-0.998943984156806,-0.0459447115229381,-0.0786276467206375
62.875179,75,70,465.867416661344,230.384833468808,-0.998943984156806,-0.0459447115229381,0.018244678052294
62.925179,75,70,465.560046591609,230.228536803187,-0.999455328001153,-0.0330007171150599,0.0183258545115084
62.975179,75,70,465.285853759329,230.011885868109,-0.998943984156806,-0.0459447115229381,0.154073796974155
63.025179,75,70,465.112342314616,230.068031152568,-0.998943984156806,-0.0459447115229381,0.0903476505073509
63.075179,75,70,464.828679948383,229.722206208805,-0.998904329525524,-0.0467989364747008,0.158722056493739
63.125179,75,70,464.524457690933,229.925546660371,-0.998632283665282,-0.0522834775188414,0.249968834468518
63.175179,75,70,464.28630525994,230.260149892084,-0.998943984156806,-0.0459447115229381,0.190041815381268
63.225179,75,70,464.025954897604,230.785777720888,-0.998943984156806,-0.0459447115229381,0.182726927100628
63.275179,75,70,463.867351772395,231.35211082433,-0.999430833463252,-0.0337343908044781,0.00981817972883381
63.325179,75,70,463.796023701095,231.93538714821,-0.999430833463252,-0.0337343908044781,-0.185448152118103
63.375179,75,70,463.454924939504,232.139387146219,-0.999430833463252,-0.0337343908044781,-0.100440259958101
63.425179,75,70,463.227716437299,232.442164935594,-0.999430833463252,-0.0337343908044781,-0.13471356033283
63.475179,75,70,462.953114651557,233.11599692639,-0.999430833463252,-0.0337343908044781,-0.136247387929533
63.525179,75,70,462.70128494856,233.137457429121,-0.999540801666238,-0.03030158088969,-0.150279381813781
63.575179,75,70,462.417499842483,233.687920655755,-0.999430833463252,-0.0337343908044781,-0.132999763073332
63.625179,75,70,462.202564844285,234.092937275785,-0.999810241292421,-0.0194802825131323,-0.216071358371855
63.675179,75,70,461.784114730349,234.438841858752,-0.999910448975344,-0.0133826017621875,-0.073320612909666
63.725179,75,70,461.440169617107,234.864109549672,-0.999973909073957,-0.00722365360112551,-0.00279431393192311
63.775179,75,70,461.130517535955,235.028816226758,-0.999383095421788,0.0351202019522272,0.0152727653407382
63.825179,75,70,460.625139444844,235.112312153017,-0.999426600507112,0.0338595658388892,0.260193450776237
63.875179,75,70,460.300272926077,235.082452656029,-0.999419777998713,0.0340603485743017,0.317950003242197
63.925179,75,70,459.985526029785,235.401086068927,-0.999464382807771,0.0327253342027495,0.375646985828056
63.975179,75,70,459.695403253311,235.25970147945,-0.999156265298121,0.0410701535851883,0.389565671313185
64.025179,75,70,459.071114286467,235.378003203173,-0.999818318388925,0.0190612227819244,0.74705580476186
64.075179,75,70,459.019085591757,235.336539072679,-0.999824698991675,0.0187235489746491,0.523516164795138
64.225179,75,70,458.280371517787,235.902066163092,-0.999912231881351,0.013248718204225,0.432552283716504
64.975179,75,70,453.795221172052,238.244640979621,-0.99884548649304,0.048038464926367,0.641783787904114
65.075179,75,70,454.219337021106,238.410737291726,-0.999462172849343,0.032792759006676,-0.454036946651006
65.125179,75,70,453.675986730751,238.537593687894,-0.999913376660058,0.0131620354156141,-0.301850904441022
65.275179,75,70,452.315144130276,238.784888906907,-0.999824380107197,0.0187405694486413,0.136883484729235
65.325179,75,70,452.292179580703,238.804527929126,-0.999867151631243,0.0162996652979507,-0.171002216134846
65.375179,75,70,452.026129815724,238.781363960666,-0.999824380107197,0.0187405694486413,-0.215767305790628
65.425179,75,70,451.254926860621,238.861078312166,-0.999751509199825,0.0222916991876552,0.250384977746398
65.475179,75,70,451.123164260835,239.033252126017,-0.999802839251119,0.0198565511960248,0.0492287373152423
65.525179,75,70,450.776064297698,239.107953278167,-0.999863001022288,0.0165523166566929,0.0546619494681187
65.575179,75,70,450.513391511285,239.100908668344,-0.999874525590677,0.0158408672369203,-0.0145370757760677
65.625179,75,70,450.273757146023,239.117666218864,-0.999759440341767,0.0219331130375018,-0.0731088471360731
65.675179,75,70,449.975792997568,239.028180064956,-0.999751509199825,0.0222916991876551,-0.106391651743821
65.725179,75,70,449.636543512229,238.834152428747,-0.999751509199825,0.0222916991876552,-0.104123000015351
65.775179,75,70,449.308487278804,239.08564084229,-0.999655263802625,0.0262555432566875,-0.0840564734482802
65.825179,75,70,448.998802516646,239.037038600224,-0.999655263802625,0.0262555432566875,-0.111242288278423
65.875179,75,70,448.850219523379,239.003275551501,-0.999655263802625,0.0262555432566875,-0.30060322950867
65.925179,75,70,448.146755462026,239.139963599551,-0.999655263802625,0.0262555432566875,0.0676945242506012
65.975179,75,70,447.804213880805,239.104234035019,-0.999588490914715,0.0286853417417739,0.0821209652297629
60.725179,76,71,303.419771323145,220.99217175073,0.985600604021384,-0.169090062844279,-2.27329847726143
61.025179,76,71,305.483382370643,219.923189476721,0.98589631548438,-0.167357267886175,-1.56939259491412
61.075179,76,71,305.963852601514,219.341893371638,0.980454334896695,-0.196746784426783,-1.23366901988832
61.125179,76,71,306.52084312943,219.10624465198,0.982721360911085,-0.185091131092402,-0.911386292946563
61.175179,76,71,307.089279324657,219.266381870717,0.967484473869106,-0.252930411026864,-0.593702990904327
61.275179,76,71,308.555922347273,220.09183860144,0.989583933684145,-0.14395707066419,0.130359000322312
61.725179,76,71,312.548981707716,219.640563078965,0.83205841739481,-0.554688011446475,1.39038700735313
61.775179,76,71,311.813307973629,219.676978557041,0.95219292839273,-0.305497343881871,0.616195985192123
61.825179,76,71,311.784292442454,220.106663437576,0.961714914344836,-0.274051862841149,0.199876174900299
61.875179,76,71,311.907803334981,220.076098581653,0.93550310946454,-0.35331845717734,-0.00372657801884269
61.925179,76,71,311.633880358264,219.750833021977,0.814009962888118,-0.58085091057765,-0.435949113805232
61.975179,76,71,311.943341182132,219.746309800526,0.813704166401231,-0.581279218260277,-0.431816415669661
62.025179,76,71,312.329019243291,219.492537110928,0.986308546976862,0.164910430720409,-0.234370264246586
62.075179,76,71,312.700350051217,219.769282014156,0.986308546976862,0.16491043072041,-0.106961356055654
62.125179,76,71,312.951057295165,219.545955922759,0.979947298397707,0.19925685022863,-0.176148380594521
62.175179,76,71,313.125643299097,219.572342405059,0.999312874778993,0.0370645153879693,-0.32334976505292
62.225179,76,71,313.615225892262,219.816694266274,0.993320630497289,0.115386849460711,-0.0836658241605494
62.275179,76,71,313.880994985738,219.53369867707,0.992109460840416,-0.125374709215768,-0.198246862291016
62.325179,76,71,314.478199384631,219.796145667121,-0.994942157860422,-0.100449502298656,-0.174281639954195
62.375179,76,71,314.803418018327,219.925607030493,-0.92744686235469,-0.373954967219906,-0.384979444780298
62.425179,76,71,315.168063627286,219.866222591037,0.97761935326353,-0.210381558423253,0.0692948360861347
62.475179,76,71,315.521015841085,220.055487234807,0.996993161251767,0.0774895890891653,0.320419149820658
62.525179,76,71,315.801897176023,219.892992467472,0.956009240075705,-0.293336552256744,0.00724996748775372
62.575179,76,71,316.034620466567,219.710571040726,0.954508690976882,-0.298183096183534,-0.023618118038247
62.625179,76,71,316.480714832309,219.959647178594,0.956009240075705,-0.293336552256744,0.0273212622974156
62.675179,76,71,316.833695371985,219.912209631297,0.956009240075705,-0.293336552256744,0.0716628859763183
62.725179,76,71,317.255222199754,219.874875027969,0.956009240075705,-0.293336552256744,0.17701115377889
62.775179,76,71,317.640065485155,219.852860965897,0.956009240075705,-0.293336552256744,0.241244490792326
62.825179,76,71,317.825148256897,219.630956983496,0.948144131928217,-0.317840691369257,0.152757904966127
62.875179,76,71,318.194114879789,219.77699175832,0.985066893069261,-0.172172054000855,0.280895249461949
62.925179,76,71,318.548795957761,219.773476182485,0.956009240075705,-0.293336552256744,0.193663463304765
62.975179,76,71,319.04785668596,219.5602435522,0.941791607255635,-0.33619721667921,0.378924858276413
63.025179,76,71,319.330580149808,219.462785739078,0.911159522117644,-0.412053789273133,0.298294706890021
63.075179,76,71,319.519601078115,219.364950434308,0.679649692485778,-0.733536839909209,-0.0836299942319498
63.125179,76,71,320.071417221719,219.521479437329,0.863013935850758,-0.505180112957135,0.227404281910294
63.175179,76,71,320.091978343,219.019361054709,0.763682779228181,-0.645591676456815,0.122028986577039
63.225179,76,71,320.610946566892,219.390467994388,0.918748287023883,-0.394843747691008,0.266791114208397
63.275179,76,71,321.03583625421,219.195127497076,0.841285692444672,-0.540590772847529,0.289092936251338
63.325179,76,71,321.081247483442,218.929013289275,0.813531744009564,-0.581520508227146,0.150575182038609
63.375179,76,71,321.33973553292,218.607556984012,0.833657703639032,-0.552281480011141,0.263137393513159
63.425179,76,71,321.808220855717,218.506802601311,0.833657703639032,-0.552281480011141,0.411035629861797
63.475179,76,71,321.938670053777,218.337530033916,0.833657703639032,-0.552281480011141,0.313621417845881
63.525179,76,71,322.487346764185,218.180579102023,0.865125216872561,-0.50155593818756,0.555852919721709
63.575179,76,71,322.903168136568,218.170550854479,0.868290188440869,-0.496056598239879,0.609850951781162
63.625179,76,71,323.419671706348,218.213228632111,0.872592625993572,-0.48844867597491,0.725612595279514
63.675179,76,71,323.455638381321,217.745119955972,0.852832544939141,-0.522184498326625,0.682785662018367
63.725179,76,71,323.56312063428,217.438998478626,0.865125216872561,-0.50155593818756,0.606621863917084
63.775179,76,71,323.462445167009,217.034914202838,0.815290637756928,-0.579051963113762,0.516024874974319
63.825179,76,71,323.768658319349,217.110640475037,0.825094905046016,-0.564994157197316,0.399351995832717
63.875179,76,71,324.095775042214,217.225750964605,0.846093659212077,-0.533034257661848,0.258616288642423
63.925179,76,71,324.383550455415,217.340639269018,0.863079851270371,-0.505067490867423,0.096625517964703
63.975179,76,71,324.900648615857,217.409391246201,0.873770072194833,-0.486339244701306,0.171832472389154
64.025179,76,71,325.231717418739,217.248378879789,0.930618649315478,-0.365990340782697,0.101572704047628
64.075179,76,71,325.520500567866,217.158035159492,0.92812186533381,-0.372276514286476,0.0686247826172015
64.125179,76,71,326.006369713155,217.410461389163,0.944276454858768,-0.329153424407764,0.0563094452545627
64.175179,76,71,326.288247914711,217.297558769873,0.933219382110624,-0.359307089900915,0.0350932742302454
64.225179,76,71,326.600928379356,217.20702186884,0.937913546082068,-0.346869110870023,0.00412094575391675
64.275179,76,71,326.877622622471,217.059907188618,0.769242993885807,-0.638956349336636,0.258591359856717
64.325179,76,71,327.293336763246,217.150275154436,0.769242993885807,-0.638956349336636,0.218696609622211
64.375179,76,71,327.680017059701,217.095658039446,0.779950271657185,-0.625841492505797,0.236457707854622
64.425179,76,71,328.152754415405,217.221169278803,0.769242993885807,-0.638956349336636,0.227276976645248
64.475179,76,71,328.652101812699,217.312914717522,0.769242993885807,-0.638956349336636,0.247512697965975
64.525179,76,71,329.112280680982,217.645445981946,0.769242993885807,-0.638956349336636,0.0826801107968827
64.575179,76,71,329.612819632351,217.706037532734,0.769242993885807,-0.638956349336636,0.121576081209386
64.625179,76,71,329.955422979068,217.698736780038,0.769242993885807,-0.638956349336636,0.0812965308168752
64.675179,76,71,330.367858191834,217.774469825049,0.78946991559515,-0.613789257294544,0.0532603088118147
64.725179,76,71,330.769963908131,217.73931616497,0.812071372530611,-0.583558125567839,0.0914630025625251
64.775179,76,71,331.144113679944,217.822053912038,0.848332795546191,-0.52946337739336,0.056976698676069
64.825179,76,71,331.56827464445,217.872222466006,0.880554395499138,-0.473945098684591,0.0950977100087041
64.875179,76,71,331.866442505456,217.681989942987,0.896800011729437,-0.442436141112005,0.11831391405554
64.925179,76,71,332.30608929046,217.652861980348,0.894540255022586,-0.446987395956672,0.170824584820467
64.975179,76,71,332.804093174562,217.660554590208,0.911904935879655,-0.410401495999128,0.286023133935269
65.025179,76,71,333.201770139473,217.724634676323,0.829126776692954,-0.559060630138406,0.134972611124312
65.075179,76,71,333.679829365773,217.708288338839,0.835652052538928,-0.549259180248703,0.214837833072162
65.125179,76,71,333.886472285272,217.61900245172,0.840141656345044,-0.542367031883213,0.103920901668718
65.175179,76,71,334.166922557386,217.657332231688,0.837602424025351,-0.546280311989052,-0.0257864160699651
65.225179,76,71,334.581440260503,217.709051538891,0.838904323818419,-0.544278913314453,-0.0459601158624098
65.275179,76,71,334.878419575535,217.727468436712,0.789888870500515,-0.613250007957131,-0.223705736601818
65.325179,76,71,335.163530364584,217.765522352442,0.798499396815856,-0.601995609024447,-0.337884831872982
65.375179,76,71,335.517807426918,217.712517649269,0.789888870500515,-0.61325000795713,-0.367653223501946
65.425179,76,71,335.873555397676,217.722212288978,0.798350139365584,-0.602193536145111,-0.410343271152448
65.475179,76,71,336.105098514648,217.505687877238,0.789888870500515,-0.61325000795713,-0.438634951567777
65.525179,76,71,336.600638051654,217.564540256629,0.765898772382884,-0.642961173370827,-0.447554992189767
65.575179,76,71,336.914944925845,217.558520654125,0.789888870500515,-0.61325000795713,-0.496514248958962
65.625179,76,71,337.39865240351,217.566447783622,0.80045672008184,-0.599390556545415,-0.436378936494776
65.675179,76,71,337.836138042043,217.757883433372,0.789888870500515,-0.61325000795713,-0.559654063373001
65.725179,76,71,338.173804715971,217.693258752762,0.789888870500515,-0.61325000795713,-0.58878957286312
65.775179,76,71,338.579375884989,217.753826127424,0.801974007621305,-0.597358929873675,-0.616636435035731
65.825179,76,71,338.899428168352,217.754097257992,0.815391632036115,-0.578909739428765,-0.671650976500275
65.875179,76,71,339.359678381608,217.644490780877,0.82618815586297,-0.563394294532475,-0.55411623166211
65.925179,76,71,339.630743393278,217.640702425579,0.839514210549087,-0.543337731329366,-0.646748665755016
65.975179,76,71,340.065099501569,217.61569049814,0.847751496488978,-0.530393627601895,-0.60225802255767
60.775179,79,72,471.473456326147,207.180356472473,-0.622002542668216,0.78301522138096,-2.47850331137285
60.925179,79,72,471.65011928922,207.152545276026,-0.804686143765152,0.593700437958715,-1.3550498643518
61.075179,79,72,471.664042687975,207.159769998925,-0.912315956619495,0.409486990388529,-0.524791180532426
61.225179,79,72,471.504384684037,206.944623490627,-0.912315956619495,0.409486990388529,-0.842300174967882
61.875179,79,72,470.277975187544,207.520399032676,-0.987194601726768,0.159520589020754,-0.458949813395835
61.925179,79,72,469.897861398698,207.832362904216,-0.987194601726768,0.159520589020754,-0.228435035550351
61.975179,79,72,469.502830128045,208.310117162971,-0.977917496958186,0.208991313558809,-0.105272661302964
62.075179,79,72,468.856246444602,208.965563071567,-0.975388270325711,0.220494267750929,0.244436227086491
62.125179,79,72,468.525229532157,209.082929099884,-0.972216790030437,0.234082278660545,0.36454546342018
62.175179,79,72,468.304750064404,209.399201132983,-0.985756391733818,0.168179476024642,0.567111825459849
62.225179,79,72,468.209766690798,209.43718803518,-0.96927470297388,0.245980792288539,0.329827060070006
62.275179,79,72,468.180250859784,209.889864568719,-0.943224140769993,0.332156921151296,0.165735357500389
62.325179,79,72,467.960727616148,210.474729325749,-0.933781662770539,0.357843270543807,0.355078759566982
62.375179,79,72,467.663653492136,210.637669879427,-0.89018900577808,0.455591411235805,0.452982773407109
62.425179,79,72,467.53685392793,210.916218126155,-0.913232890902922,0.407437954752735,0.510556450263691
62.475179,79,72,467.245731154673,210.864647317685,-0.959511430446952,0.281669691024159,0.565360998888141
62.525179,79,72,467.268771643125,211.101422116161,-0.999700764843297,0.0244618227392588,0.294961799288796
62.575179,79,72,467.231147962079,210.852214277674,-0.998977552195844,0.0452089615983347,0.0945917085578681
62.625179,79,72,466.987613655194,210.96685760483,-0.998284095717107,0.0585565046624012,0.110158564514768
62.675179,79,72,466.577207698529,210.972068970009,-0.999926507488801,-0.0121235152182841,0.25047513455616
62.725179,79,72,466.307701363128,210.673741843474,-0.999958640664974,0.00909488644559134,0.281957502910699
62.775179,79,72,466.158536522397,210.745762736547,-0.999943770294752,-0.0106045390619207,0.179410128263168
62.825179,79,72,466.032129323024,210.640779336869,-0.999945791623666,-0.0104121954514383,0.0570852327256158
62.925179,79,72,465.621082978786,210.979865285766,-0.999936453334633,-0.0112733886899778,-0.0426211535850458
62.975179,79,72,465.368005778772,210.795661691235,-0.999940774897831,-0.0108833219526463,-0.0440796306454867
63.025179,79,72,465.088216459436,210.579549479622,0.985006303616916,-0.172518352168518,-0.0343432519736573
63.075179,79,72,464.895327600389,210.650185729763,0.990108477687548,-0.14030396434615,0.0279758764111297
63.125179,79,72,464.827798817869,211.103531221407,0.924023737628023,-0.38233510471828,-0.0815304905860174
63.175179,79,72,464.670278729429,210.80450691527,0.987514507316026,-0.157528085878,0.285485297482943
63.225179,79,72,464.465911449909,211.279448884726,-0.996337835820479,-0.0855038999845343,-0.547910531252991
63.275179,79,72,464.078698676948,211.119179483645,-0.969866295655607,0.243637781452857,-0.0794477463299529
63.325179,79,72,463.82816034032,210.957651693757,-0.970463362363211,0.241248548826083,-0.134192395605252
63.375179,79,72,463.540045063146,211.175015002144,-0.983668111025729,0.179991798010561,-0.134210686189485
63.425179,79,72,463.144334180024,211.014572728248,-0.976216723063523,0.216796931738242,-0.00183289872770678
63.475179,79,72,462.835058361146,210.870920360918,-0.963574569269568,0.267439805296383,0.0506815470500051
63.525179,79,72,462.431193599158,210.860979049863,-0.955927133520685,0.293604011210553,0.198732284911589
63.575179,79,72,462.384245773935,211.115165775572,-0.978542308050195,0.206045993301976,-0.054124557102748
63.625179,79,72,462.066768335117,210.804225723549,-0.958340671566904,0.285627654859778,-0.00326905471586214
63.675179,79,72,461.857816508487,210.855095364319,-0.963867251914492,0.266383033781817,-0.0763578473831104
63.725179,79,72,461.309207258557,210.857754132371,-0.96944569857254,0.245306007915011,0.160032554767006
63.775179,79,72,461.248316510472,210.947662211712,-0.940165708438521,0.340717537964066,0.0820062219255416
63.825179,79,72,460.890627987159,210.884079449354,-0.94016570843852,0.340717537964066,0.129821251021644
63.875179,79,72,460.504768316817,210.873185493413,-0.930518478442609,0.366244947100778,0.249601329659244
63.925179,79,72,460.308117875894,210.819292329761,-0.94016570843852,0.340717537964066,0.115474164520207
63.975179,79,72,459.702354768841,210.749694395977,-0.908890968272216,0.417033820922468,0.464921703119367
64.025179,79,72,459.511861188367,210.640411066399,-0.980160076115553,0.198207530606568,0.118728566298816
64.075179,79,72,459.145918023937,210.520289917611,-0.980160076115553,0.198207530606568,0.161120095159963
64.125179,79,72,458.846858550665,210.397163069077,-0.971863341138251,0.23554542269294,0.162929065157964
64.175179,79,72,458.581751236504,210.482355699032,-0.980160076115553,0.198207530606568,0.115539531095416
64.225179,79,72,458.239928527272,210.535803985351,-0.972816009151266,0.231579386688462,0.193381010198779
64.275179,79,72,458.195675583031,210.622134850997,-0.996983347308045,0.0776157534940269,-0.205498926016819
64.325179,79,72,457.880841152313,210.815057430346,-0.98767927060683,0.156491719952082,-0.08666034104094
64.375179,79,72,457.367131708609,210.702397098458,-0.986439973665929,0.164122449268714,0.104324537366208
64.425179,79,72,457.050534479926,210.677749158714,-0.998824770139989,0.0484672936607539,-0.0285402809509131
64.475179,79,72,456.702493527889,210.749826489586,-0.997392322269695,0.0721703226919839,0.0348211836509557
64.575179,79,72,455.62467665621,210.73987051601,-0.989878467567304,0.141917650229302,0.555598357985635
64.625179,79,72,455.304052444407,211.038598168096,-0.978121801675093,0.20803302883886,0.69602221575331
64.675179,79,72,454.969414566956,210.865301753326,-0.974078773568031,0.226209068969839,0.69611668269787
64.725179,79,72,454.936524496408,210.843275649036,-0.960814775337878,0.277191211066337,0.477619511748196
64.775179,79,72,454.654393403507,210.713398992829,-0.957256602446232,0.289240033662522,0.415773619538098
64.825179,79,72,454.326117332551,210.731622361869,-0.976186783200973,0.216931704238306,0.328862025372298
64.875179,79,72,454.180436806358,210.771144232955,-0.947772399468479,0.318947454615587,0.300801032866944
64.925179,79,72,453.885835072334,210.883911848364,-0.970639664690241,0.240538232574399,0.182600997642353
64.975179,79,72,453.298016179345,210.733886427043,-0.979927997025999,0.199351751044764,0.339118700542957
65.025179,79,72,453.36352091564,210.583779940121,-0.971011343022003,0.239033411310232,-0.0326393029050319
65.075179,79,72,453.082476910302,210.631556155516,-0.97501336075148,0.222146227418124,-0.0980976510434801
65.125179,79,72,452.758813546093,210.692210767011,-0.973819659849793,0.227321952503564,-0.0917812250993319
65.175179,79,72,452.599388545361,210.690618283984,-0.964787152170165,0.263031844093794,-0.215026637881995
65.225179,79,72,452.315545007904,210.545530968071,-0.966458770030731,0.256821817279388,-0.317656769062803
65.275179,79,72,451.991649628782,210.839923679166,-0.947683112873729,0.319212652590649,-0.154376988957513
65.325179,79,72,451.426006014295,210.60028755312,-0.963820632791123,0.266551660670347,-0.0961603013865127
65.375179,79,72,450.97357555115,210.820151146864,-0.945526221407894,0.325545948569646,0.159054015637845
65.425179,79,72,450.751976174484,210.669824913193,-0.964107953286442,0.265510554234343,-0.100223850108735
65.475179,79,72,450.269050321487,210.738698489666,-0.95856504152432,0.284873763564633,0.0753666902829912
65.525179,79,72,449.858318499336,210.580485154969,-0.963952196685489,0.266075482721013,0.0608214352370063
65.575179,79,72,449.55971815122,210.605593962856,-0.983938804298272,0.178506104646558,-0.107468074060405
65.625179,79,72,449.103809626472,210.62253827398,-0.98069048771327,0.195566273443835,0.0173345703872452
65.675179,79,72,448.8085321164,210.79243146136,-0.971216532003558,0.238198337447979,0.0564873529868155
65.725179,79,72,448.454383794879,210.71417710714,-0.973022109797591,0.230711884923695,0.0217874899543082
65.775179,79,72,448.422111698896,210.951422416607,-0.994361289676048,0.106045394024379,-0.464722507922827
65.825179,79,72,448.206178119509,211.14295505255,-0.995582300036847,0.0938929382506569,-0.613802208448372
65.875179,79,72,448.327296841401,211.701976851617,-0.998312023618907,0.0580784254084395,-1.13459086303642
65.925179,79,72,448.041261462538,212.021713940316,-0.998863515146566,0.047662124470551,-1.22480256220441
65.975179,79,72,447.873426166004,212.146141932823,-0.999830287605947,0.0184227029995347,-1.50322881376032
60.775179,80,73,212.309417461531,212.418813530733,-0.58371120827948,-0.811961344725788,-1.72842274655173
60.875179,80,73,212.093778044277,212.292783692434,-0.767837627168307,-0.640644502282307,-2.3617356575416
60.925179,80,73,211.588315933332,212.370817358288,-0.790583242061046,-0.612354584674799,-2.31557387771846
60.975179,80,73,210.945546115565,212.940298846812,-0.9009918239939,-0.4338360670762,-2.62104053177628
61.075179,80,73,210.140824442688,213.697244741093,-0.965875152813818,-0.259008087087805,-2.80802027245607
61.175179,80,73,209.201360773392,213.884555685361,-0.969936889278574,-0.243356591890589,-2.59239424808911
61.225179,80,73,208.444167870872,213.809306215874,-0.955088824906896,-0.296319652635401,-2.1717809179921
61.525179,80,73,204.851832491507,214.413115274545,0.778201050176642,0.628015227127474,0.89627509658308
61.575179,80,73,203.858768256248,215.216468524817,-0.720236529600398,0.693728579077708,1.07907861970789
61.625179,80,73,203.115226992965,215.4677105431,-0.622023426347849,0.782998631591705,1.57057837185173
61.675179,80,73,202.680230534698,215.533902548898,0.0784730033037085,0.996916239085559,1.51844773028873
61.725179,80,73,202.351631723081,215.889977458042,-0.97032071136479,0.241821663827971,1.02777729042054
61.775179,80,73,201.848201865076,216.084830880326,-0.99870770006331,-0.0508225327414254,0.677955637568622
61.825179,80,73,201.541238162111,216.418987228522,-0.99870770006331,-0.0508225327414254,0.645802943908221
61.875179,80,73,201.210782409908,216.27046781823,-0.99870770006331,-0.0508225327414254,0.664385771327419
61.925179,80,73,200.795508111142,215.971267306673,-0.99870770006331,-0.0508225327414255,0.778099643491906
61.975179,80,73,200.523690700821,215.674255558808,-0.99870770006331,-0.0508225327414255,0.75121610515977
62.025179,80,73,200.255875159231,214.660787329155,-0.998375010677139,-0.0569854196740004,0.759169182004698
62.075179,80,73,200.11403842745,213.883614445412,-0.998454252513991,-0.0555797232516282,0.636795050746785
62.125179,80,73,199.863472845003,213.117854501718,-0.997976453325551,-0.0635845783799415,0.638552582836608
62.175179,80,73,199.843425272666,213.037803562665,-0.998375010677139,-0.0569854196740004,0.350641800252734
62.225179,80,73,199.648586088128,212.891384202618,-0.998224116618307,-0.0595702358699472,0.260472685700883
62.275179,80,73,199.351475718954,212.997490507913,-0.995887670953561,-0.090596616066448,0.320730290639237
62.325179,80,73,199.214473620763,212.800791860926,-0.996262741884066,-0.0863744703812626,0.176041692393815
62.375179,80,73,198.948567265781,212.991504097098,-0.99605351272831,-0.0887547169540598,0.143637232400353
62.425179,80,73,198.726823788231,213.264115096769,-0.995966049799311,-0.0897308622891567,0.0592926963365613
62.475179,80,73,198.125429756653,213.279116839672,-0.994467995728997,-0.105040018425129,0.410390469729285
62.525179,80,73,197.854048102518,213.309917175827,-0.997373943775009,-0.0724238653945304,0.328441764572821
62.575179,80,73,197.662529423197,213.182444737748,-0.996532957833883,-0.0831989420056074,0.279443086701584
62.625179,80,73,197.502145301348,213.376399324835,-0.997835159070335,-0.0657646966318438,0.109858431590817
62.675179,80,73,197.103678027603,213.554537666416,-0.993799143709609,-0.111190206232597,0.329144122266766
62.725179,80,73,196.952414638884,213.378574053502,-0.989741693089465,-0.142868404346094,0.318139198536005
62.775179,80,73,196.698273809276,213.603408258137,-0.864395885466663,-0.502811846706404,1.16388610412016
62.825179,80,73,196.474553806587,213.583613884487,-0.934110375884718,-0.356984321314691,0.803559147068138
62.875179,80,73,196.169869765796,213.650578532797,-0.961473499378144,-0.274897635481914,0.637256548566583
62.925179,80,73,195.79704238456,213.698059916694,-0.996172498094381,-0.0874091187485625,0.270124009003159
62.975179,80,73,195.585909255886,213.69544032685,-0.991670337590662,-0.12880194696829,0.342851430060249
63.025179,80,73,195.074122121041,214.125622831956,-0.999945570345111,0.0104334245188431,0.22897595002035
63.075179,80,73,194.963714529762,214.242642706566,-0.999923666688059,0.0123555978045048,0.0839321062204031
63.125179,80,73,194.630779797465,214.433884982514,-0.999961017219223,0.00882972490495904,0.177988099418665
63.175179,80,73,194.318551223857,214.424770804436,-0.999397645665651,0.0347036862300605,0.184840277173889
63.225179,80,73,194.149144498422,214.275605389321,-0.999945570345111,0.0104334245188431,0.166770143014903
63.275179,80,73,193.886925344585,214.466174692011,-0.999980855823149,-0.00618772875960156,0.232826770050313
63.325179,80,73,193.568426247925,214.285325409131,-0.999980855823149,-0.00618772875960156,0.318580877090101
63.375179,80,73,193.359832664368,214.400088399894,-0.999980855823149,-0.00618772875960156,0.296057513792132
63.425179,80,73,193.15907051891,214.166223680139,-0.999980855823149,-0.00618772875960156,0.271340175687602
63.475179,80,73,192.903347297284,214.241686763656,-0.999980855823149,-0.00618772875960156,0.30317403424376
63.525179,80,73,192.647559387158,214.133980244824,-0.999989337115029,-0.00461797100960784,0.334725454274481
63.575179,80,73,192.463173548737,214.200100833845,-0.999987867725067,-0.0049258910538173,0.303328952235667
63.625179,80,73,192.253122249252,213.999090958517,-0.99999356861367,-0.00358646501417852,0.296833903062451
63.675179,80,73,192.024823594756,213.872930812628,-0.999997662712237,-0.00216207540641375,0.310952565374876
63.725179,80,73,191.867527025793,213.944584519291,-0.999994575036089,-0.00329391839471294,0.2664523776647
63.775179,80,73,191.541679794963,213.813059295399,-0.993084111054299,0.117405061098291,-0.0856262997817354
63.825179,80,73,191.470844435062,213.649242287931,-0.992752506397621,0.120176790776097,-0.25288454994298
63.875179,80,73,191.176297939638,213.394996553915,-0.993605848950664,0.11290445930534,-0.161127331193801
63.925179,80,73,190.903422522427,213.226162934989,-0.99417803489785,0.107749872049346,-0.0832779234972801
63.975179,80,73,190.647034088308,213.221647709814,-0.993916382474996,0.110137299076281,-0.0353952830580866
64.025179,80,73,190.529859835662,213.420850175726,-0.996185312062001,0.087262959105986,0.0206364712517727
64.075179,80,73,190.580812788224,213.213876222478,-0.995642681783877,0.0932504702948476,-0.264160273585503
64.125179,80,73,190.281465597123,212.967804856502,-0.996466543578138,0.0839906395346439,-0.121950449763013
64.175179,80,73,190.390585195611,212.971483323214,-0.995885554916772,0.0906198736928774,-0.444118104077327
64.225179,80,73,190.300476406056,213.099862090495,-0.994420048993527,0.105492967347176,-0.596583610528307
64.275179,80,73,189.973016719415,213.18046345805,-0.997640905914516,0.0686485458408572,-0.236739945438595
64.325179,80,73,190.256891926339,213.421647534305,-0.989975819923728,0.14123694972047,-1.04145146885512
64.375179,80,73,190.118196660275,213.054378719619,-0.996007286425921,0.0892719742498972,-0.831667171106766
64.425179,80,73,189.996613516624,213.167727963819,-0.995889544724218,0.090576016190766,-0.866019443704956
64.475179,80,73,189.863061701948,213.268654663901,-0.994306960867741,0.106553590131714,-0.966236104501493
64.525179,80,73,189.666420179146,213.361725420769,-0.999510320598701,0.0312908775313539,-0.497818407773436
64.575179,80,73,189.507658295349,213.334061141325,-0.999937249866842,0.011202514393505,-0.369483962342699
64.625179,80,73,189.577110954021,213.450283501125,-0.990405349446656,0.138192777624042,-1.27826950696397
64.675179,80,73,189.513436887989,213.064050198094,-0.998226414016729,0.0595317256536492,-0.938624017404416
64.725179,80,73,189.427235496655,213.132723633766,-0.994207012484131,0.107482167485494,-1.26727393333733
64.775179,80,73,189.238164264865,212.960240200856,-0.99852626319253,-0.0542706340000082,-0.214460019094213
64.825179,80,73,189.219246332536,213.141605720744,-0.999953320912869,-0.00966209062912676,-0.59692922000162
64.875179,80,73,188.725815738068,213.129138507496,-0.992151017578786,-0.12504542501579,0.505603451515059
64.925179,80,73,188.473271061485,212.919375193264,-0.999641602476323,-0.0267706294018058,0.0384295058106618
64.975179,80,73,188.292790423535,212.754882306268,-0.996738897974542,-0.0806942951174048,0.483353132361457
65.075179,80,73,188.413334249954,212.81825904938,-0.996203992855331,-0.0870494377873646,0.213232632380331
65.125179,80,73,188.225533882709,212.705259037599,-0.999435999767001,-0.0335809822627963,-0.0527342686614163
65.175179,80,73,187.639440311801,212.723937331772,-0.992034896724269,-0.125963342609144,1.09580458725603
65.275179,80,73,187.407359507106,212.71765987531,-0.992034896724269,-0.125963342609144,1.17979858254613
65.325179,80,73,187.410923484834,212.616213247585,-0.992034896724269,-0.125963342609144,1.12210468417996
65.375179,80,73,187.685802352131,212.572382175587,-0.999996651263871,-0.00258794533252872,-0.128782196716492
60.775179,81,74,325.435617576147,212.281443116043,0.866751864816648,-0.498739616269716,-1.80935968236212
60.825179,81,74,325.951449537111,211.719300614551,0.866751864816648,-0.498739616269716,-1.28582807617936
60.925179,81,74,326.336098469076,210.754945427594,0.866751864816648,-0.498739616269716,-0.882435014523674
60.975179,81,74,326.717460618238,210.506852871152,0.866751864816648,-0.498739616269716,-0.635177801070012
61.125179,81,74,328.067166717626,209.922657823087,0.833543666960355,-0.55245357747985,-0.138767342838544
61.175179,81,74,328.230872521144,209.530806471162,0.833543666960355,-0.55245357747985,0.00918928542562192
61.225179,81,74,328.557803706685,209.106090045703,0.833543666960355,-0.55245357747985,0.310383402617607
61.775179,81,74,331.839311406993,206.495792490977,0.230983824182661,-0.97295759052795,-0.617489844231492
61.825179,81,74,332.073220639367,206.630722194504,0.230983824182661,-0.97295759052795,-0.780209817685902
61.975179,81,74,333.140152880686,206.088142569588,0.230983824182661,-0.97295759052795,-0.264961535246154
62.025179,81,74,332.586512785166,205.651758257311,0.230983824182661,-0.97295759052795,-0.0555179877231174
62.125179,81,74,332.949358583859,205.407996515428,0.230983824182661,-0.97295759052795,0.0896279974892941
62.225179,81,74,333.101939044379,204.845987419469,0.307497028275615,-0.951549041091244,0.699014805324917
62.275179,81,74,333.121410288091,204.985677100513,-0.581453395509847,0.813579712658858,-1.16669118262101
62.325179,81,74,333.114135734162,204.909674361247,-0.581453395509846,0.813579712658858,-1.05258731095434
63.025179,81,74,335.487423751475,203.441971156115,-0.398152989004473,0.917319027027568,-1.05233383180919
63.125179,81,74,336.678745901154,203.213981415288,-0.398152989004473,0.917319027027568,-1.46065277603106
63.175179,81,74,337.133729601062,203.210019597351,-0.398152989004473,0.917319027027568,-1.50714884847299
63.225179,81,74,337.385428689395,203.22125118653,-0.398152989004473,0.917319027027568,-1.45829755497016
63.275179,81,74,337.685207350749,203.339609019618,-0.398152989004473,0.917319027027568,-1.32985318530854
63.325179,81,74,337.751273431711,204.003613381222,-0.398152989004473,0.917319027027568,-0.607361007404517
63.375179,81,74,337.782069385586,204.139855038274,-0.398152989004473,0.917319027027568,-0.354494875245077
63.475179,81,74,338.265850680497,203.69069515587,-0.398152989004473,0.917319027027568,-0.677481034266396
64.075179,81,74,340.529400556058,203.572125313612,0.764916646295158,0.644129276015745,0.46416048757092
64.125179,81,74,340.687297945094,203.209615295287,0.764916646295158,0.644129276015745,0.169604844859878
64.175179,81,74,340.66739032179,203.446924492327,0.764916646295158,0.644129276015745,0.12515941571907
64.275179,81,74,340.951392161495,203.459440283552,0.764916646295158,0.644129276015745,-0.0144008570669383
64.325179,81,74,341.326615040355,203.281603455536,0.764916646295158,0.644129276015745,-0.0247077346615649
64.425179,81,74,341.328183332346,203.66567652838,0.764916646295158,0.644129276015745,-0.142307667045063
64.625179,81,74,342.148437769697,203.386653194939,0.699089690630351,0.715033988321086,-0.328820963009457
64.675179,81,74,342.282560300397,203.475652765083,0.699089690630351,0.715033988321086,-0.334241669841595
64.725179,81,74,342.240719844603,203.888956987981,0.699089690630351,0.715033988321086,-0.230921647640179
64.825179,81,74,342.632655892863,204.201941855774,0.786253603205266,0.617903933833355,-0.345135455112491
64.975179,81,74,343.168629408233,204.38788182511,0.824353415571681,0.566075477507464,-0.551989561376264
65.525179,81,74,344.953369186431,204.815053182139,-0.390893908866409,0.920435740294313,3.78390110810571
65.775179,81,74,345.813668482009,204.705476174893,0.00569297985164195,0.999983794858901,2.84530828778924
65.825179,81,74,346.051196735118,204.383285081217,0.00569297985164195,0.999983794858901,2.57021543620919
60.775179,82,75,467.24724162109,243.019498437137,-0.990613342408995,0.136693839807358,0.0723924038559691
61.225179,82,75,466.099999980593,243.266438585159,-0.992973752629383,0.118334807174903,0.276683765285193
61.325179,82,75,466.003687729016,243.316141283949,-0.999998337969598,0.00182319994575257,0.425663873744327
61.625179,82,75,465.223986795252,243.320180020381,-0.999999069061312,0.00136450595785099,0.291850512818661
61.675179,82,75,465.038235628931,242.919726267646,-0.99999999993651,-1.12685453891161e-05,0.319050132327291
61.725179,82,75,464.958566867116,242.815439922469,-0.999999854747235,0.000538985630004517,0.233516995703204
61.775179,82,75,464.923420708541,242.77080231289,-0.99995900490181,0.00905475100604477,0.0822912980656244
61.975179,82,75,464.136376123208,242.496599221034,-0.999959130071425,0.00904091736489443,0.180105052869524
62.025179,82,75,463.94239239565,242.576471696447,-0.999963662023069,0.0085249418421852,0.198149283766592
62.075179,82,75,463.845552773166,242.292510265397,-0.999965267134263,0.00833453808575782,0.112816302158401
62.125179,82,75,463.968864503356,242.342771530828,-0.999964728101477,0.00839896142028973,-0.192803999704049
62.275179,82,75,463.462245869485,242.320722189467,-0.999903669538357,0.0138799007103439,-0.259090414585149
62.325179,82,75,462.999101767935,242.36165678269,-0.999893805268966,0.0145732009094281,0.0117556990546326
62.375179,82,75,462.785355205998,242.366365003266,-0.999896521767446,0.0143856093845166,0.0320748441801378
62.425179,82,75,462.684626400943,242.419919613306,-0.999902115817547,0.0139913824761022,-0.0619209264533381
62.525179,82,75,462.458569455363,242.995509344718,-0.999887644894442,0.0149899161920873,-0.227920716961189
62.575179,82,75,462.048124094441,242.999335017603,-0.999860031816855,0.0167307135292697,-0.021819887733019
62.625179,82,75,461.72479434897,243.079022486626,-0.999888012481795,0.0149653765473781,0.0989357134700663
62.675179,82,75,461.684878606665,243.167326254279,-0.999881210458229,0.0154131428523521,-0.067480703080557
62.725179,82,75,461.581737387227,243.334541266513,-0.999897937733569,0.0142868511630459,-0.171099667516896
62.825179,82,75,461.138121366077,243.29825337091,-0.999891047967818,0.0147611718307865,-0.154161409368881
62.875179,82,75,460.698129365125,243.09550079305,-0.99994002111976,0.0109523587877193,0.0675967592512602
62.925179,82,75,460.535841514231,243.045978534482,-0.999908233704695,0.0135471092693775,0.00991985718658083
62.975179,82,75,460.437793404047,242.934575367059,-0.999927492323377,0.0120420137801899,-0.113801366001216
63.025179,82,75,460.410623094787,243.346485346425,-0.999998824055825,-0.00153358630899759,-0.307099123739119
63.075179,82,75,460.150971748042,243.133852398655,-0.999999996752949,-8.05859969508372e-05,-0.273123568708313
63.125179,82,75,459.671444163505,243.054719040056,-0.999993528045687,-0.00359775857168399,-0.0217488874402422
63.175179,82,75,459.415046717313,243.006660918796,-0.999992791411724,-0.00379698888436793,0.00440533504410262
63.225179,82,75,459.315051172065,243.097473967987,-0.999992791411724,-0.00379698888436793,-0.128447942423916
63.275179,82,75,459.078657201438,242.943237518794,-0.99999681225823,-0.00252496997571198,-0.125897022732479
63.325179,82,75,458.631910982895,243.07976478324,-0.999996228130117,-0.00274658434037968,0.083881814299845
63.375179,82,75,458.428705780731,242.964372135188,-0.999996597730296,-0.00260854898995345,0.0488291523138815
63.425179,82,75,458.190101168218,243.125192892496,-0.999996441150638,-0.00266789918450034,0.0463484650164225
63.475179,82,75,458.200091853338,243.049110344633,-0.999996597730296,-0.00260854898995345,-0.206070395969503
63.525179,82,75,457.988533126305,242.977656354974,-0.999996663589271,-0.0025831783379495,-0.238977481480324
63.575179,82,75,457.516298444407,242.985154986723,-0.99999627919835,-0.00272792768520954,-0.0134989928286916
63.625179,82,75,457.213070555546,243.036018051092,-0.999996343290402,-0.00270433093858556,0.0409574730339015
63.675179,82,75,457.024961083221,242.896162476516,-0.999996832811562,-0.00251681680779054,-0.0210614665330314
63.725179,82,75,456.894834856644,242.946226810534,-0.999996756434688,-0.00254698254869031,-0.14364150009287
63.775179,82,75,456.554134973177,243.214652631689,-0.99999693992593,-0.00247389142352586,-0.0580561919249832
63.825179,82,75,456.273589027818,243.092247987245,-0.999999559416463,-0.000938704895418073,-0.0321741430343207
63.875179,82,75,456.086707754114,243.003695452761,-0.999991295291474,-0.00417245027299342,-0.106455836176191
63.925179,82,75,456.0471900232,243.080825153552,-0.99841044225705,-0.0563612348346129,-0.38236575382356
63.975179,82,75,455.67916071904,243.140078620138,-0.999798196405143,-0.0200889637618135,-0.240739345766943
64.025179,82,75,455.336871507368,243.162522943457,-0.999903851298898,0.0138668005549849,-0.121359742291208
64.075179,82,75,454.976794211834,243.119261328253,-0.999925177199257,0.0122327430707467,-0.0289432303872564
64.125179,82,75,454.805483276451,243.074932927415,-0.999925177199257,0.0122327430707467,-0.125103347404342
64.175179,82,75,454.495515338149,242.981945829722,-0.999912455816219,0.0132318065122946,-0.083823917211173
64.225179,82,75,454.225318982926,243.030895908438,-0.999915828426679,0.0129744387851076,-0.083898049393256
64.275179,82,75,453.974686111555,242.946261668133,-0.999911863570305,0.0132764864086463,-0.106378022711661
64.325179,82,75,453.704796909264,242.971415048974,-0.999925177199257,0.0122327430707467,-0.111816605848678
64.375179,82,75,453.510130179239,242.881830290533,-0.999925177199257,0.0122327430707467,-0.194306772769367
64.425179,82,75,453.085819316316,243.107562046871,-0.999922879637604,0.0124191294880487,-0.0447976751902253
64.475179,82,75,452.79150946334,242.738490423402,-0.999914372143563,0.0130861904595566,-0.0338210615744506
64.525179,82,75,452.566473359042,242.802741880075,-0.999813832086798,0.0192951073568601,-0.0804441199392649
64.575179,82,75,452.164611624569,242.524313411154,-0.999896565162488,0.0143825928210957,0.0273593599312986
64.625179,82,75,451.899816324761,242.129292643853,-0.99980355559624,0.0198204494680615,0.00630480890769686
64.675179,82,75,451.633178741343,241.968877311064,-0.999799115689697,0.0200431600826644,-0.0163174134907224
64.725179,82,75,451.408675203216,241.8921474025,-0.999795061674613,0.0202443733184594,-0.0811532837949977
64.775179,82,75,451.117302831028,241.555081467759,-0.999795061674613,0.0202443733184594,-0.0862592055319981
64.825179,82,75,450.743546664934,241.204144967411,-0.99978558020031,0.0207073326029516,-0.0109224205550767
64.875179,82,75,450.435572396614,241.101069017716,-0.999832918795451,0.0182793460760749,0.00177597652395448
64.925179,82,75,450.095975290886,241.103034977936,-0.999955966252059,0.00938432506423301,0.0457354858021396
64.975179,82,75,449.823004590997,241.155887415944,-0.99978395572941,0.0207856168071294,0.0245947181353056
65.025179,82,75,449.541513134326,240.996204391276,-0.999965219595705,0.00834023973957654,0.00379672430171731
65.075179,82,75,449.246638585207,241.110623506853,-0.999918062603595,0.0128010967918122,0.000531815486204941
65.125179,82,75,448.956957151701,241.210906879109,-0.999913305941426,0.013167406779135,-0.00994010369945745
65.175179,82,75,448.622731428271,241.081583679763,-0.999999523382166,-0.000976337770366158,0.0152960121956608
65.225179,82,75,448.268053566677,240.906919648708,-0.999995723014139,0.00292471424761005,0.0654198759137467
65.275179,82,75,448.056401234243,240.937438969153,-0.999947402968787,0.0102562808063027,-0.0279197653733174
65.325179,82,75,447.480389062787,240.962511625265,-0.997928947451575,-0.0643258566844832,0.218016126266076
65.375179,82,75,447.164874786561,241.073339951376,-0.999691106372052,-0.024853407022422,0.231788552460525
65.425179,82,75,447.010096622221,241.142879580648,-0.999998805008799,0.00154595632999576,0.0869593713951475
65.475179,82,75,446.66368188201,240.984097911658,-0.999998805008799,0.00154595632999576,0.120139660667654
65.525179,82,75,446.259273024245,240.962394413837,-0.999989889130111,0.00449684751213696,0.211318250054109
65.575179,82,75,446.016076589869,241.063577873425,-0.999971921204272,0.00749378429354164,0.140808776281696
65.625179,82,75,445.741431700981,240.837904920817,-0.999990507049713,0.00435727098731689,0.0952493345316699
65.675179,82,75,445.356509957402,240.954074636277,-0.999988926547174,0.0047060368710227,0.161982409655758
65.725179,82,75,445.075882029928,241.013061716586,-0.999986063943716,0.00527938617208871,0.122910368319865
65.775179,82,75,444.820331544292,240.922326619761,-0.998319390276702,0.0579516608696765,0.0866016728952869
65.825179,82,75,444.434356389687,241.038925504173,-0.999730442983689,0.0232172645166879,0.132598160419879
65.875179,82,75,444.02610360567,241.006345868987,-0.999804738266493,0.0197607019072928,0.213482824468845
65.925179,82,75,443.893496094715,241.05270099689,-0.999754142323281,0.0221732926612472,0.0233567960711685
65.975179,82,75,443.445948596357,241.294222971741,-0.999810004301698,0.0194924420799121,0.146361641053937
60.775179,83,76,472.138322888974,243.209063228827,-0.998795665521113,0.0490634134181232,0.654477831680967
60.825179,83,76,472.424518769126,243.883176368186,-0.999232916800918,0.0391609241659236,0.366481056086968
60.925179,83,76,472.165792745732,244.269551609504,-0.999260047711051,0.038462410851475,0.403744262963891
60.975179,83,76,472.19305923077,244.613525953278,-0.999523865333882,0.0308551880243026,0.317994354135697
61.025179,83,76,472.018390387246,244.81203884283,-0.99938775804633,0.0349872700725563,0.342143883357107
61.075179,83,76,471.762398273179,245.058207154943,-0.999486857773897,0.0320315647020498,0.494251202944543
61.125179,83,76,471.899774524433,244.813060282854,-0.999260047711051,0.038462410851475,0.173074545230629
61.175179,83,76,471.717214362338,245.295683984955,-0.999486857773897,0.0320315647020498,0.275720724737441
61.225179,83,76,471.885526787276,245.7202977965,-0.999668247936505,0.0257564374003496,0.0149567419714862
61.275179,83,76,471.96462857278,245.978463470742,-0.99984091722309,0.0178364863829568,-0.161142295690018
61.325179,83,76,471.762666030947,246.260528109012,-0.99984091722309,0.0178364863829568,-0.100969755505709
61.375179,83,76,471.317826098388,246.08863739258,-0.99984091722309,0.0178364863829568,0.191243043280086
61.875179,83,76,469.754705331073,248.675280878484,-0.996388119849296,-0.0849159267934218,0.271304491929055
61.925179,83,76,469.815657877405,249.110173130536,-0.996388119849296,-0.0849159267934218,-0.0138465582612929
61.975179,83,76,469.712941178577,248.989321196491,-0.9979443086416,-0.0640871036156125,-0.103585410906406
62.025179,83,76,469.407681128081,248.648465958797,-0.999985830969804,0.0053233316288325,-0.0255793545512346
62.075179,83,76,469.075880585934,248.800150872619,-0.999988751250218,0.00474313957525367,0.120351602996989
62.125179,83,76,469.00308068611,248.426471586378,-0.999971424179273,0.00755981645789214,-0.000611099858791455
62.175179,83,76,469.008259627323,248.352691223926,-0.99997505661453,0.00706301272594525,-0.197674049599908
62.225179,83,76,468.679961278655,248.094850414624,-0.999964266132529,0.00845378365189553,-0.0668621117601918
62.275179,83,76,468.677933046007,248.176887752379,-0.99997505661453,0.00706301272594525,-0.259525626014431
62.325179,83,76,468.391450871215,247.84367207792,-0.99994447057702,0.0105382997890178,-0.178279079440913
62.375179,83,76,467.996317475516,247.96014485692,-0.999964266132529,0.00845378365189553,0.0186969942083359
62.425179,83,76,467.955140589628,248.088296665031,-0.99997505661453,0.00706301272594525,-0.141906563834816
62.475179,83,76,467.856320083676,248.132414536734,-0.99997505661453,0.00706301272594525,-0.249066568511893
62.525179,83,76,467.593950283508,248.011306948853,-0.999514204378623,0.0311665725636963,-0.20976979070681
62.575179,83,76,467.500980411387,248.323863191294,-0.999402531564328,0.0345626952480782,-0.316468474225472
62.625179,83,76,467.183105418451,248.160126653844,-0.999532093346704,0.0305874871467915,-0.214365279345122
62.675179,83,76,466.998869694532,248.143972497155,-0.999455857220537,0.0329846853488322,-0.244694859799674
62.725179,83,76,466.606879643133,247.983121232166,-0.99951903175245,0.0310113715376214,-0.073414415008493
62.775179,83,76,466.437972736664,248.250127690309,-0.999925843823368,0.0121781301571988,-0.116356144658121
62.825179,83,76,466.310986536363,248.119635535784,-0.999925843823368,0.0121781301571988,-0.213091333396379
62.875179,83,76,465.972709645587,247.843073510249,-0.999882558407722,0.0153254491624064,-0.103056260090051
62.925179,83,76,465.770115424481,247.292567545525,-0.999925843823368,0.0121781301571988,-0.133377095467549
62.975179,83,76,465.604495432224,246.949005227744,-0.999925843823368,0.0121781301571988,-0.200847050980284
63.025179,83,76,465.221338723348,246.564208158582,-0.999689985193759,0.0248984638743452,-0.0685742137340996
63.075179,83,76,465.00815155597,246.559798248431,-0.999743549227486,0.022645877727052,-0.0853461175914885
63.125179,83,76,464.807822612357,246.487680183821,-0.999728458940228,0.0233025403121175,-0.122101384804775
63.175179,83,76,464.457899510511,246.331509427043,-0.999610523018912,0.0279070290403026,-0.0181719508212394
63.225179,83,76,464.415530907687,246.366777434809,-0.999717023569928,0.0237880807230159,-0.209064706351126
63.275179,83,76,464.200736765349,246.470970970251,-0.998410530355118,0.0563596742007331,-0.261672460415084
63.325179,83,76,463.7836540015,246.17101885719,-0.998567471566059,0.0535070530880643,-0.0994910959012961
63.375179,83,76,463.469672456385,246.075018283743,-0.998410530355118,0.0563596742007331,-0.0372567444239877
63.425179,83,76,463.242209578137,245.773022389921,-0.998647168217583,0.051998398158039,-0.066039083571798
63.475179,83,76,463.001113112927,245.204072706237,-0.998819153697202,0.0485829003622101,-0.0958260145820408
63.525179,83,76,462.912755130127,245.022923266308,-0.99995571485243,0.00941107506957781,-0.18919377624376
63.575179,83,76,462.574115050972,244.748847152701,-0.999941029299368,0.0108599228229367,-0.111220475970933
63.625179,83,76,462.323280085271,244.859309314913,-0.99995571485243,0.00941107506957781,-0.11320266841495
63.675179,83,76,462.164611521084,244.600243801593,-0.99995571485243,0.00941107506957781,-0.216015803993252
63.725179,83,76,461.951408614621,244.671116264933,-0.99995571485243,0.00941107506957781,-0.263225485069655
63.775179,83,76,461.50157067346,244.632757930201,-0.99995571485243,0.00941107506957781,-0.0768585517690894
63.825179,83,76,461.231476377816,244.641873996046,-0.99995571485243,0.00941107506957781,-0.0717869325277066
63.875179,83,76,460.896575533512,244.787912492953,-0.99995571485243,0.00941107506957781,-0.002615947598535
63.925179,83,76,460.731932553122,244.84355371111,-0.99995571485243,0.00941107506957781,-0.106525444257387
63.975179,83,76,460.410717041577,244.778523113914,-0.99995571485243,0.00941107506957781,-0.0569709743818929
64.025179,83,76,460.075944288319,244.791615554853,-0.999892417421858,0.0146681144756993,-0.00304507706616214
64.075179,83,76,459.937205371209,244.82881987703,-0.99994167087498,0.0108006873741248,-0.132883721282763
64.125179,83,76,459.718163883889,244.866621546765,-0.999921517839012,0.012528294477932,-0.192469788569703
64.175179,83,76,459.442745083694,244.835313129897,-0.999954914909225,0.00949569106937619,-0.192146122800208
64.225179,83,76,458.968061209079,244.816867914695,-0.999995942229695,0.00284877590274979,0.00990319120883914
64.275179,83,76,458.791034546398,244.964543031065,-0.99982501872461,0.0187064676604971,-0.11188864531519
64.325179,83,76,458.5196459252,244.951276148156,-0.999678145399564,0.0253693833288877,-0.131124528574015
64.375179,83,76,458.272536743964,245.094531568938,-0.999811005161938,0.0194410379629262,-0.161118292881715
64.425179,83,76,457.816280977402,245.328380929003,-0.999863622057466,0.0165147596447557,0.0135243344148274
64.475179,83,76,457.580105205785,245.278464393625,-0.999778534433115,0.0210447638801679,-0.0428142272484401
64.525179,83,76,457.352591848907,245.449250572777,-0.999858433053177,0.0168259874137097,-0.101781129746305
64.575179,83,76,456.970075623826,245.435668197677,-0.999811049396106,0.0194387629610695,-0.0132026571991378
64.625179,83,76,456.584499747904,245.449857227479,-0.999871528897242,0.0160289020425931,0.0782597180691954
64.675179,83,76,456.366265829878,245.693132892857,-0.999938790987913,0.0110640985909882,0.00276492428904674
64.725179,83,76,456.056904621947,245.693615431199,-0.999893624952909,0.0145855674737295,0.0140750701645704
64.775179,83,76,455.699066335926,246.071189832248,-0.999591150640648,0.0285925088249467,0.0861838143397863
64.825179,83,76,455.412556717308,246.487171717376,-0.999994842240639,0.00321177398324625,0.0546197587023461
64.875179,83,76,455.240463985297,246.852572273577,-0.99992826178732,-0.0119779496988998,-0.100070864802214
64.925179,83,76,454.82018905759,247.152028002286,0.284887327159039,-0.958561010486124,-1.82773129117191
64.975179,83,76,454.441772008877,247.233331285069,0.997049387599199,-0.0767627428383239,-0.258225390002641
65.025179,83,76,454.105007596523,247.500534690123,-0.99958369336119,-0.0288520357410478,0.0618824074685084
65.075179,83,76,453.928646603584,247.934491424856,-0.999331010882173,-0.0365722666677108,-0.108967034336081
65.125179,83,76,453.515324756311,248.08622652834,-0.999396109990269,-0.0347478824724428,-0.0106190889710258
65.175179,83,76,453.299003168136,248.020258189559,-0.999456112171932,-0.0329769592619796,-0.103033226681121
65.225179,83,76,453.031953976594,247.995604190923,-0.999490129800187,-0.031929303656756,-0.149914560233868
65.275179,83,76,452.626906992441,248.025396865399,-0.999896120596564,-0.0144134664790485,-0.0107307535266847
65.325179,83,76,452.302751509022,247.826327879134,-0.999987896583014,-0.0049200292152082,0.0241900636757065
65.375179,83,76,451.975632843393,247.934116794447,-0.999999826123672,0.000589705542286722,0.046556785075142
65.425179,83,76,451.451781039168,247.674208109241,-0.999950839543605,0.00991556836692938,0.274600402158896
65.475179,83,76,451.20852795822,247.950949668293,-0.999993895722883,0.00349406882747912,0.175986217785809
65.525179,83,76,450.874411205859,247.904092052107,-0.999492468423869,0.0318560129953605,0.275570830521362
65.575179,83,76,450.658868392176,248.031248596553,-0.999487576530336,0.0320091293464208,0.169679372208781
65.625179,83,76,450.200756604525,248.14866278132,-0.999408598815778,0.0343868087074513,0.312311685979264
65.675179,83,76,449.838178786055,248.035900474954,-0.999408598815778,0.0343868087074513,0.341937723822094
65.725179,83,76,449.589241711014,248.074490406971,-0.999408598815778,0.0343868087074513,0.261661855307982
65.775179,83,76,449.249058083514,247.844167909434,-0.999999171088956,0.0012875641348368,0.150162917886699
65.825179,83,76,448.955787945251,247.735252022553,-0.999999171088956,0.0012875641348368,0.108344696775724
65.875179,83,76,448.811505681292,247.862366179831,-0.999999171088956,0.0012875641348368,-0.0836326802219075
65.925179,83,76,448.265228571162,247.825382739552,-0.999999171088956,0.0012875641348368,0.124709764824539
65.975179,83,76,447.845688563946,247.938750844583,0.999987670103173,-0.00496584752360504,-0.218395028129761
61.225179,84,77,466.089241438799,237.593546419903,-0.999774707578886,0.0212257882198214,0.735916151383754
61.275179,84,77,466.231367387925,237.388416968009,-0.999977574531815,0.00669704662275576,0.485470220206067
61.325179,84,77,466.095862888254,237.496509300363,-0.99999984427239,0.000558081710792666,0.491930722183898
61.375179,84,77,466.065889659201,237.551406731077,-0.99999984427239,0.000558081710792666,0.375179014666029
61.625179,84,77,465.400645433463,237.58121651197,-0.999958847468732,0.00907212042502643,0.253873480560067
61.675179,84,77,465.38930735296,237.587494301348,-0.999958847468732,0.00907212042502643,0.103854928123715
61.725179,84,77,465.095174073087,237.692317657686,-0.999988793039978,0.00473432090672902,0.241002302816997
61.775179,84,77,465.210248218119,237.265719932816,-0.999997787594152,0.0021035224745311,-0.0383383421375717
61.825179,84,77,465.26478633398,237.328965196128,-0.999994708469583,0.00325315736373681,-0.26406313686901
61.975179,84,77,464.584282944116,237.120081187287,-0.999994708469583,0.00325315736373681,-0.107254749319438
62.025179,84,77,464.231120635456,236.878119268272,-0.999999870510085,0.000508900593434555,0.0706168421728264
62.075179,84,77,464.094065955088,236.485173902048,-0.999985126459973,0.00545406809936493,0.0155430314037264
62.125179,84,77,464.029446480804,236.30343448112,-0.999985126459973,0.00545406809936493,-0.104711708162716
62.275179,84,77,463.52603750497,236.570362739087,-0.99999895204789,0.00144772342716235,-0.159209556525031
62.325179,84,77,463.197951865463,236.557983373912,-0.999999636027907,0.000853196374121639,-0.0238769275754547
62.375179,84,77,462.935079135792,236.455669050324,-0.999989267695608,0.0046329789122539,0.0367319806149416
62.425179,84,77,462.798190137925,236.153457427024,-0.999995658353763,0.00294673949033213,-0.0227749486224805
62.525179,84,77,462.584761266088,235.962123120673,-0.99999639590896,-0.0026848033616811,-0.202620477470964
62.575179,84,77,461.928643636513,236.092961771924,-0.99999639590896,-0.0026848033616811,0.247618190126798
62.625179,84,77,461.725327925763,235.975936004047,-0.99999639590896,-0.0026848033616811,0.243454071589765
62.675179,84,77,461.582724234831,236.219647304919,-0.99999639590896,-0.0026848033616811,0.175355141501741
62.725179,84,77,461.494159738269,236.054934628604,-0.99999639590896,-0.0026848033616811,0.0520726980287124
62.775179,84,77,461.160851300515,236.522555496943,-0.99999639590896,-0.0026848033616811,0.169608007003369
62.825179,84,77,461.581631364939,236.421863914034,-0.999959103590154,0.00904384581779535,-0.479637580521487
62.875179,84,77,461.143517175414,236.489626831128,-0.99999924294929,0.00123048805195682,-0.252121729463657
62.925179,84,77,460.860709218752,236.430822772622,-0.999998860045805,0.00150993612156004,-0.190496286031827
62.975179,84,77,460.529023587371,236.643359423629,-0.99999639590896,-0.0026848033616811,-0.0789646878774589
63.025179,84,77,460.564248941059,236.823485364055,-0.999859614083939,0.0167556594593387,-0.347132561771772
63.075179,84,77,460.268561420756,236.757495904015,-0.999254355128359,0.0386100214582607,-0.286743685076379
63.125179,84,77,459.906589286538,236.901874758084,-0.9993481201285,0.0361017284299898,-0.146052974900905
63.175179,84,77,459.55339253653,237.005695906159,-0.999251059367178,0.0386952239116519,-0.0186093971895508
63.225179,84,77,459.499360222383,237.257976785296,-0.999511621114199,0.0312493081150029,-0.188546821634068
63.275179,84,77,459.323668220155,236.921730040364,-0.999914065819637,-0.0131095757384241,-0.259488276389858
63.325179,84,77,459.091423432525,236.914795234293,-0.999973864670994,-0.00722979771207723,-0.265348334771352
63.375179,84,77,458.746711252304,236.871159392672,-0.999999768241761,-0.0006808204058765,-0.160048318081847
63.425179,84,77,458.485119991042,236.755244579345,-0.999956828650194,-0.00929197696112025,-0.141018368139124
63.475179,84,77,458.464067587337,236.762075363335,-0.999985992209053,-0.00529295623213396,-0.364223829464573
63.525179,84,77,458.276439060036,236.848905408834,-0.999949133111535,-0.0100861880554873,-0.424802678933475
63.575179,84,77,457.657050027168,236.701505551863,-0.999986121177872,-0.00526853410683725,-0.0518608552395935
63.625179,84,77,457.398774707109,236.703397829957,-0.999992718874141,-0.00381604490309917,-0.0437474918572011
63.675179,84,77,457.07919598751,236.841721763564,-0.999949133111535,-0.0100861880554873,0.0202114712963531
63.725179,84,77,456.819442632871,236.919408637794,-0.999949133111535,-0.0100861880554873,0.0244617805178241
63.775179,84,77,456.646083472213,236.797368639088,-0.999986121177872,-0.00526853410683725,-0.055244506625498
63.825179,84,77,456.247150732568,236.965140565347,-0.999943897233556,-0.0105925627384621,0.0806269516532716
63.875179,84,77,456.035492538287,236.98501609284,-0.999967501941262,-0.00806195146049305,0.0334901886980879
63.925179,84,77,455.929248192681,236.697463746099,-0.999975428850471,-0.00701011378765857,-0.1197306639035
63.975179,84,77,455.766150524917,237.302111942934,-0.999996760373424,-0.00254543565168177,-0.219699903166155
64.025179,84,77,455.289102437362,237.395291917769,-0.999984080315456,-0.00564261602903244,-0.0129701622875587
64.075179,84,77,454.988660109363,237.380567318071,-0.999928449094006,-0.0119623029746037,0.010847579572912
64.125179,84,77,454.833615376738,237.203254732117,-0.999858375121663,-0.0168294295526425,-0.108224086440495
64.175179,84,77,454.607647083532,236.946369580539,-0.999969285080808,-0.00783765876890112,-0.140685181823847
64.225179,84,77,454.217217174439,236.766467435779,-0.999888979704643,-0.0149006129138238,-0.0289648225438275
64.275179,84,77,453.956923883203,236.831531264484,-0.999812534190157,-0.0193622435749775,-0.0500288498029914
64.325179,84,77,453.866588691836,236.912523907581,-0.999789358889329,-0.0205240798006787,-0.240374843195566
64.375179,84,77,453.716765553286,236.875420971163,-0.999697861285388,-0.0245801981566798,-0.374135806865949
64.425179,84,77,453.295843798381,236.785865860791,-0.999757518397213,-0.0220205451396332,-0.229808124370834
64.475179,84,77,452.945979738892,236.891692190447,-0.999802002502921,-0.0198986379219537,-0.162865012915768
64.525179,84,77,452.627272924755,237.033082761471,-0.999940169271439,0.0109388243155253,-0.0868029152872477
64.575179,84,77,452.482357864884,237.056902381891,-0.999999816399935,-0.00060597037600181,-0.244652634904093
64.625179,84,77,451.994420996664,236.915138853658,-0.999706841224572,0.024212220236667,-0.00865971936697698
64.675179,84,77,451.699877119755,236.607137916543,-0.999756977075341,0.0220451080554494,-0.0123812303697192
64.725179,84,77,451.441997620014,236.490408348732,-0.999706841224572,0.024212220236667,-0.044801347142779
64.775179,84,77,451.14297348654,236.438265262299,-0.999937048878353,0.0112204402966072,-0.0528413040585266
64.825179,84,77,450.652510578944,236.210494944387,-0.999964026608424,0.00848206867852174,0.13862968492141
64.875179,84,77,450.409994574299,235.767061658953,-0.999983995257097,0.00565766998449248,0.0802213272061663
64.925179,84,77,450.144544482419,235.769863800659,-0.999996109543999,0.00278942590266923,0.0465899772033524
64.975179,84,77,449.779832885916,235.501794771174,-0.999997623510924,0.00218013130456873,0.111022316453456
65.025179,84,77,449.485327037277,235.693209243081,-0.999897175713595,0.0143400836809211,0.111387595587808
65.075179,84,77,449.297926021763,235.436348086662,-0.999841753986138,0.0177895189908051,-0.00600759783381697
65.125179,84,77,449.061751025008,235.55642322291,-0.999852551314468,0.0171719431034631,-0.0716879065168173
65.175179,84,77,448.579240631832,235.780466713933,-0.999927278423032,0.0120597622492819,0.105563040930189
65.225179,84,77,448.276803121957,235.588313966395,-0.999841753986138,0.0177895189908051,0.101809727266864
65.275179,84,77,448.105525647292,235.796247394863,-0.999997941716599,-0.00202893138521803,-0.0479139747092312
65.325179,84,77,447.581945186754,235.728600264866,-0.999991371915299,-0.00415404561351206,0.163328124272814
65.375179,84,77,447.325080274888,235.7423387236,-0.999990454464112,-0.00436932267743955,0.107511893271867
65.425179,84,77,447.106988207686,235.843409891639,-0.999989593328861,-0.00456215234054469,0.0109746255328395
65.475179,84,77,446.694453123236,235.749930479408,-0.999971884765574,-0.00749864510335553,0.105735780186056
65.525179,84,77,446.282726501421,235.710447298418,-0.999929225306363,0.0118972424627173,0.217937203911554
65.575179,84,77,446.074704564866,235.790317793283,-0.999929225306363,0.0118972424627173,0.108841915492171
65.625179,84,77,445.723679551746,235.778155681617,-0.999929225306363,0.0118972424627173,0.140132122692884
65.675179,84,77,445.318874047962,235.660938416678,-0.999929225306363,0.0118972424627173,0.222448332295854
65.725179,84,77,445.058813151132,235.716686090451,-0.999929225306363,0.0118972424627173,0.160598837771529
65.775179,84,77,444.76453868348,235.741225377931,-0.999929225306363,0.0118972424627173,0.131111677313513
65.825179,84,77,444.294944672179,235.938307780485,-0.999929225306363,0.0118972424627173,0.277518501176281
65.875179,84,77,443.979109982899,235.867778412441,-0.999929225306363,0.0118972424627173,0.265538645246794
65.925179,84,77,443.652987925084,235.747550388556,-0.999929225306363,0.0118972424627173,0.261811252628915
65.975179,84,77,443.318190517059,235.659360165053,-0.999929225306363,0.0118972424627173,0.265708312412053
61.225179,85,78,466.173120591523,249.05756349353,-0.999855122905404,0.0170215510403542,0.469315535625338
61.275179,85,78,466.12425318976,249.058268296798,-0.999965967189584,0.00825011894457784,0.414278090136437
61.325179,85,78,466.119676586706,249.058364321623,-0.999965967189584,0.00825011894457784,0.276013502686873
61.575179,85,78,465.454617163124,249.17877878305,-0.999965967189584,0.00825011894457784,0.189821985780512
61.625179,85,78,465.204382243622,249.546857546293,-0.999997674970313,-0.00215639837862513,0.314919718575771
61.675179,85,78,465.086051195432,249.55422022805,-0.999999966538247,0.00025869577572423,0.265145488290467
61.725179,85,78,465.049208004393,249.272954540152,-0.999965967189584,0.00825011894457784,0.114721722748101
61.925179,85,78,464.487970256059,249.512395480791,-0.999977756992365,-0.0066697466607855,0.0368463412252879
61.975179,85,78,464.136188084956,249.642376382532,-0.999993651961233,-0.00356314990359947,0.204837281930346
62.025179,85,78,464.019462954047,249.600645771856,-0.99985830984508,-0.0168333072727742,0.170632812567394
62.075179,85,78,463.930555803362,249.577521804948,-0.999670332876258,-0.0256753883528862,0.0955914633775035
62.225179,85,78,463.5053487335,248.880640780269,-0.999999788853992,-0.00064983995838784,-0.0844030594867071
62.275179,85,78,463.137272477234,249.294346742535,-0.99976753009214,-0.0215612099257489,0.133833801835658
62.325179,85,78,462.930032265074,249.100204552691,-0.999888451092166,-0.0149360427325847,0.137813501462924
62.375179,85,78,462.7886786128,248.772118265448,-0.999947397367178,-0.0102568269268835,0.0777464228710015
62.425179,85,78,462.823939394398,248.625030417021,-0.99990855978292,-0.0135230201082214,-0.145875760571829
62.475179,85,78,462.760716163599,248.722226714436,-0.999915444730235,-0.0130039759280033,-0.285136151484346
62.525179,85,78,462.549827134281,248.772628884094,-0.999949862470995,0.0100136179395232,-0.323771681464033
62.575179,85,78,461.99662132426,248.743029780461,-0.999949862470995,0.0100136179395232,0.0265543496503819
62.625179,85,78,461.786646377276,248.839836322687,-0.999949862470995,0.0100136179395232,0.0327069821753427
62.675179,85,78,461.651766425649,248.857666790877,-0.999949862470995,0.0100136179395232,-0.0392349265457622
62.725179,85,78,461.612532605133,248.736160685922,-0.999949862470995,0.0100136179395232,-0.210412872632442
62.825179,85,78,461.032624699081,248.558453745393,-0.999956460007967,0.00933156408839914,-0.0560511156579413
62.875179,85,78,460.771289297759,248.692059896531,-0.999962693328888,0.00863782093101018,-0.00818045136318735
62.925179,85,78,460.580949818544,248.698046465075,-0.999965929318425,0.00825470788937906,-0.0352095304479583
62.975179,85,78,460.621379372626,248.976921304236,-0.999986231124431,0.00524762437268627,-0.290169334786877
63.025179,85,78,460.540462278718,249.005285819154,-0.999977936270469,-0.00664281357964861,-0.419763544017066
63.075179,85,78,460.112677721783,248.619199020569,-0.999981049785538,-0.00615630325872422,-0.215555417830095
63.125179,85,78,459.737409703411,248.700907732924,-0.999981049785538,-0.00615630325872422,-0.0683419321975102
63.175179,85,78,459.53344003078,248.715607982832,-0.99997988405889,-0.00634282883014278,-0.0938849907467353
63.225179,85,78,459.484712857661,248.946233179194,-0.999977115578896,-0.00676522863709867,-0.277990383376453
63.275179,85,78,459.229730431432,248.886634815813,-0.999932227835761,0.0116421533837669,-0.269996552059534
63.325179,85,78,458.782245549961,248.940370974301,-0.99997570953559,-0.00696995974110599,-0.044934296371463
63.375179,85,78,458.548562864838,248.998901565895,-0.999977573630774,-0.00669718116144295,-0.0496281064712388
63.425179,85,78,458.317810808066,248.761850723511,-0.999982376965935,-0.00593681375471124,-0.0576068364409524
63.475179,85,78,458.233175868779,248.497427024885,-0.999820627703766,0.0189397048035773,-0.234128878568388
63.525179,85,78,458.042465203247,248.923531194629,-0.999919720664517,0.0126709204951805,-0.275194304183423
63.575179,85,78,457.573295725336,248.91385328656,-0.999954061310841,0.00958515873395496,-0.0497070538887431
63.625179,85,78,457.27502120959,248.599229547247,-0.999984002141067,-0.00565645312318729,0.00709695032962461
63.675179,85,78,457.142508469194,248.700772010939,-0.99999406192029,0.00344617529425593,-0.113894806668633
63.725179,85,78,456.931842135301,248.612947785379,-0.999982112477259,-0.00598119766598171,-0.150799927012391
63.775179,85,78,456.457860003385,248.404353396564,-0.999995381076938,-0.00303937901369784,0.0693997828155844
63.825179,85,78,456.254573467938,248.72929207449,-0.999991049309394,-0.0042309929208586,0.0166815410708147
63.875179,85,78,456.071733312225,248.739537714065,-0.999988374191143,-0.00482197911191328,-0.0576388832885156
63.925179,85,78,455.817671640764,248.946892701984,-0.99999282997558,-0.00378681890642008,-0.0634380937686842
63.975179,85,78,455.605036770332,249.011979775399,-0.953901766417503,-0.300119009770405,-0.206515912132352
64.025179,85,78,455.258104311058,249.279265414737,-0.999630726821865,-0.027173700402968,-0.0443246175149191
64.075179,85,78,455.048709423657,249.172465574626,-0.99973260777058,-0.0231238612743418,-0.0955327252894007
64.125179,85,78,454.7824920724,249.425020741496,-0.999780483913941,-0.0209519446545195,-0.100729926454764
64.175179,85,78,454.522860156032,249.347394442601,-0.999780483913941,-0.0209519446545195,-0.108747888513178
64.225179,85,78,454.14845912377,249.582879572035,-0.999597900005822,-0.0283555691875467,-0.0193733407142075
64.275179,85,78,453.907693800024,249.499384946436,-0.999502847158898,0.0315286936179898,0.0217738864247772
64.325179,85,78,453.755122442865,249.449646211619,-0.998410361719298,0.0563626615015749,-0.0687678039806017
64.375179,85,78,453.578818346299,249.383452892703,-0.998364827351291,0.0571635505180275,-0.16696964968513
64.425179,85,78,453.040430622435,249.438611237781,-0.99942033873441,0.0340438911406553,0.0703719597740529
64.475179,85,78,452.844279157812,249.396333036903,-0.998774244837076,0.0494975539812635,0.00879569504692067
64.525179,85,78,452.67111436851,249.231933135911,-0.999943846576227,-0.0105973437397556,-0.176601069632948
64.575179,85,78,452.297630648898,249.523855053096,-0.99890246071823,-0.0468388083864868,-0.145309968764393
64.625179,85,78,451.926365012962,249.336214338181,-0.999119647341037,-0.0419515231799875,-0.0447988700440301
64.675179,85,78,451.673633264855,249.22264762621,-0.998938959839597,-0.0460538219324255,-0.0806865678639158
64.725179,85,78,451.476895301933,249.338979156429,-0.998800157073124,-0.0489718922516083,-0.183367623723966
64.775179,85,78,451.18556838843,249.516517888114,-0.999996427020537,0.00267319025897633,-0.101211016937523
64.825179,85,78,450.798846509926,249.463173821018,-0.999999870042391,-0.000509818792605466,-0.010681885434548
64.875179,85,78,450.486735883541,249.42360779298,-0.99998807964588,0.00488268022137999,0.0187693562738308
64.925179,85,78,450.3919541712,249.359178233242,-0.999985423651617,0.00539930405669639,-0.179468853034033
64.975179,85,78,449.938465605498,249.451235001785,-0.999993638160773,0.00356702088327717,-0.0241966415292009
65.025179,85,78,449.550444371392,249.420833049444,-0.999994301402548,0.00337596836937082,0.0664161516614699
65.075179,85,78,449.376113857414,249.248598403096,-0.999998488828493,0.00173848805868969,-0.0613274136836739
65.125179,85,78,449.039862870306,249.307079197536,-0.999999822918903,0.00059511525121047,-0.0273731866997633
65.175179,85,78,448.607057154054,249.438020184066,-0.999999533038444,0.000966396861368345,0.104429414755045
65.225179,85,78,448.368090012762,249.164911831426,-0.999999873108251,0.000503769275015546,0.0388677033384455
65.275179,85,78,447.997681707372,249.233606157028,-0.999919403969906,0.0126958876990738,0.128362599511065
65.325179,85,78,447.632842808044,249.496851947124,-0.999917533974529,0.0128423226208287,0.190897040556919
65.375179,85,78,447.368484268517,249.378936746681,-0.999917201316685,0.0128681976596862,0.146291683990735
65.425179,85,78,447.144379018532,249.288347962195,-0.999889194558985,0.0148861883699386,0.0645593750273096
65.475179,85,78,446.761658081964,249.458739828053,-0.999916698090195,0.0129072413939759,0.134642761233758
65.525179,85,78,446.342837485803,249.424206148415,-0.999998106773286,0.00194588022342961,0.214843372539156
65.575179,85,78,446.044022813411,249.346572445223,-0.999916698090195,0.0129072413939759,0.225203748313396
65.625179,85,78,445.848249197064,249.27268041234,-0.99999875090601,0.00158056522182647,0.0787783594204383
65.675179,85,78,445.372344769795,249.470747616394,-0.999984765331556,0.00551988267926813,0.248077903501576
65.725179,85,78,445.131550275614,249.414294324384,-0.999999702259714,0.000771673819285001,0.158245819246264
65.775179,85,78,444.867291124397,249.269566105835,-0.999979542354065,0.00639647350919363,0.116169871958107
65.825179,85,78,444.40106523359,249.208702484465,-0.9999962052568,0.00275489963531116,0.25211677332839
65.875179,85,78,444.104930500221,249.295012901405,-0.999995073646731,-0.00313889825719243,0.210874765687505
65.925179,85,78,443.804114838199,249.058410127846,-0.999864360064944,-0.0164700173624715,0.15696597861942
65.975179,85,78,443.45529125612,249.340448031705,-0.997085594384023,-0.0762910051831763,0.0155476813845147
61.275179,87,79,357.563624906678,218.610741139158,0.999861051580097,0.016669659059006,-0.468861596038227
61.475179,87,79,358.29661663484,218.437192967359,0.999861051580097,0.016669659059006,-0.37819037112273
62.075179,87,79,359.975221794711,219.534075651118,0.999974321780771,0.00716629465539905,-0.567140446304267
62.125179,87,79,360.169655700316,219.933232222759,0.999970905399812,0.0076281291205601,-0.529684717607036
62.175179,87,79,360.523558335634,220.433825123742,0.999981032022803,0.00615918782066981,-0.328172621494712
62.275179,87,79,361.156670101426,220.840599767959,0.999978714152735,0.00652466408664654,-0.010019700706462
62.325179,87,79,361.334707554715,221.375122055228,0.999963869776334,0.00850053774412845,0.0119341251641344
62.375179,87,79,361.353372920762,221.547838085491,0.99997240198426,0.00742935191187601,-0.125508534791189
62.425179,87,79,361.415165355492,221.309440737615,0.999965088180227,0.00835598113393785,-0.224034359967042
62.525179,87,79,361.871300032945,221.779755453142,0.999178369519803,-0.040528827811178,-0.0727220193162731
62.575179,87,79,362.154557775423,221.802874279934,0.999224330380789,-0.0393794054686539,0.0505641736115892
62.625179,87,79,362.32343748448,221.671895586222,0.999370431104029,-0.0354787462426178,0.065261085039615
62.675179,87,79,362.414487031152,221.406484505539,0.99942396799799,-0.0339371800707203,0.00679199406769163
62.725179,87,79,362.616244373901,221.394972935839,0.99924715379688,-0.0387959486136592,0.052751781266754
62.775179,87,79,362.738738886338,221.713607593731,0.999193364324996,-0.0401574487348903,0.00493104882429172
62.825179,87,79,363.10910041216,221.443599828284,0.999235362343156,-0.0390984736651202,0.227772255050345
62.875179,87,79,363.12293771482,221.448048464175,0.999210682219415,-0.0397242059531987,0.0840483108425518
62.925179,87,79,363.279341975689,221.477475290768,0.999216004104332,-0.0395901141924461,0.0817925547547489
62.975179,87,79,363.350120871998,221.491134417625,0.999216004104332,-0.0395901141924461,-0.00514849247644946
63.025179,87,79,363.520400977717,221.638009388898,0.999926778183475,-0.0121011681921723,0.0029109234334507
63.075179,87,79,363.726600603372,221.5238063592,0.999791192441212,-0.0204345667186731,0.0550202009705329
63.125179,87,79,363.985040398983,221.275040129406,0.999689296494567,-0.0249261002605421,0.163771604185418
63.175179,87,79,364.227021219532,221.174569909782,0.999791192441212,-0.0204345667186731,0.250793976519775
63.225179,87,79,364.387875143724,221.495948454363,0.999855458296313,-0.0170018385791153,0.249591174162742
63.275179,87,79,364.511350869755,221.466231932053,0.999998858587225,0.00151090179917457,0.218498565988918
63.325179,87,79,364.72633290923,221.372101120812,0.999997502209282,0.00223507834245464,0.278952440177098
63.375179,87,79,364.816180944734,221.558099512056,0.999999767835153,0.000681417375177407,0.214914950748421
63.425179,87,79,364.894459272285,221.669668088255,0.999997842833904,0.00207709593887559,0.139841325823832
63.475179,87,79,365.194218078387,221.483064715663,0.999998519342197,0.00172084671389674,0.285630568729311
63.525179,87,79,365.230055006167,221.691425408854,0.99999928412136,-0.00119656039003057,0.167446891334629
63.575179,87,79,365.331193004489,221.33920426254,0.999996736901312,0.00255464023445978,0.116151624726419
63.625179,87,79,365.523837222092,221.639324721289,0.999999452006066,0.00104689424868829,0.156295863210892
63.675179,87,79,365.615893723015,221.373339705338,0.9999979493843,0.00202514868485932,0.0957910290425805
63.725179,87,79,365.853568369307,221.411994144669,0.999998930740324,0.00146236733060015,0.181307150808995
63.775179,87,79,366.064154986432,221.395761452364,0.999904322480072,-0.0138327830052058,0.236347947283278
63.825179,87,79,366.151762429312,221.482870557412,0.999815106417331,-0.0192289620026854,0.168808815811459
63.875179,87,79,366.303490960606,221.469530953988,0.999861557183295,-0.0166393048832261,0.169917689296795
63.925179,87,79,366.363782654097,221.513341163782,0.999888398197671,-0.014939583317367,0.0787981791411806
63.975179,87,79,366.622209101539,221.66917829771,0.999820046057195,-0.0189703848719214,0.181206868157234
64.025179,87,79,366.567306845454,221.218753511391,0.999941882897383,-0.0107810401926812,-0.0142157003941372
64.075179,87,79,366.843321342973,221.602390895788,0.999801958310269,-0.0199008582466164,0.101547678107185
64.125179,87,79,367.083359195455,221.577807495325,0.99984334709114,-0.0176997536024143,0.193213748338417
64.175179,87,79,367.163483779867,221.23472662388,0.999941882897383,-0.0107810401926812,0.131857819880315
64.225179,87,79,367.260724348206,221.611360030415,0.999801958310269,-0.0199008582466164,0.0690097418830653
64.275179,87,79,367.401355947201,221.439043020233,0.999974957762488,-0.00707699427089889,0.071501688451468
64.325179,87,79,367.409840638716,221.497203870162,0.999977786377936,-0.00666533950242151,-0.0686168576664157
64.375179,87,79,367.593503474031,221.679353789262,0.999978590588887,-0.00654357424225201,-0.0341666078353562
64.425179,87,79,367.681978081656,221.417808581258,0.999972320015276,-0.00744037655401299,-0.0923214398453964
64.475179,87,79,367.898764953278,221.53202678791,0.999976317611448,-0.00688216653743346,-0.0233342743187197
64.525179,87,79,368.215326126065,221.556151925296,0.999872423628918,-0.0159729917809019,0.138097994294352
64.575179,87,79,368.510398849125,221.750432940124,0.999917504248593,-0.0128446369066866,0.286569541590271
64.625179,87,79,368.487747604337,221.616461700879,0.999877508224201,-0.0156514710925887,0.116403350848891
64.675179,87,79,368.547077177122,221.77460088173,0.999891785110287,-0.0147111545761373,0.0282309378485807
64.725179,87,79,368.636223721733,221.522752909112,0.999860433566508,-0.0167066869305543,-0.0265734752552748
64.775179,87,79,368.795245106491,221.599619127841,0.999861789829126,-0.0166253192359041,-0.0141551863796094
64.825179,87,79,368.927862202765,221.925611823789,0.999885934291669,-0.0151035891653283,-0.0297794929668583
64.875179,87,79,369.066695067646,221.737080924916,0.999906583405187,-0.0136683745546707,-0.0308191739684277
64.925179,87,79,369.302436114889,221.417029533992,0.999852901973552,-0.0171515134920153,0.0617415146966308
64.975179,87,79,369.342813521424,221.580670223286,0.999862911572987,-0.0165577190696398,-0.0437689707453928
65.025179,87,79,369.537190176089,221.163820212705,0.999980936659267,-0.00617465124973889,0.0224425091574372
65.075179,87,79,369.60907992681,221.189443211745,0.999980937503621,-0.00617451450549451,-0.0484344011451676
65.125179,87,79,369.667908726755,220.893451103106,0.999980934311115,-0.00617503151977808,-0.129961410475569
65.175179,87,79,369.758824090627,221.134084488408,0.999980921962873,-0.00617703086293664,-0.182287832877185
65.225179,87,79,369.807389552336,220.669979593173,0.999975999221907,-0.00692827396600442,-0.272499977384905
65.375179,87,79,370.269582705057,219.848908248293,0.999980945679038,-0.00617319033053636,-0.226228059807177
65.425179,87,79,370.377275774991,220.070059837773,0.999980945679038,-0.00617319033053636,-0.259441285589682
65.475179,87,79,370.518824069385,219.814863684966,0.999940819578777,-0.0108792159700531,-0.254173396742068
65.525179,87,79,370.65195767136,219.871233141471,0.999928346503915,-0.0119708754043792,-0.260241863648888
65.625179,87,79,370.927233795139,219.875022536888,0.999877971124039,-0.0156218712347876,-0.26085723901981
65.725179,87,79,371.110802463534,219.688371502856,0.99989764371757,-0.0143074137443435,-0.349241488487915
61.275179,88,80,466.015664355614,218.871795575104,-0.999854933944283,-0.0170326471011726,0.510912589951124
61.325179,88,80,465.962199152826,218.870902179578,-0.999751549609284,-0.0222898868062611,0.4398871800479
61.375179,88,80,465.953412240439,218.870767228787,-0.999751549609284,-0.0222898868062611,0.306438113511428
61.675179,88,80,465.185738429779,218.764037224703,-0.99984394090612,-0.0176661776657953,0.155872081303659
61.725179,88,80,464.968581530908,218.827771594483,-0.999751549609284,-0.0222898868062611,0.222169797527768
61.775179,88,80,464.669554455868,218.948005059562,-0.999964747612558,-0.00839663814586805,0.325609047811509
61.825179,88,80,464.847015966626,219.019502919229,-0.999905025187867,-0.0137818940661616,-0.00666282483129647
61.975179,88,80,464.608267888699,218.729660755145,-0.999967498732728,-0.00806234942251261,-0.287228714302365
62.025179,88,80,464.156118954678,219.055478754457,-0.999905709699893,-0.0137321414773088,-0.00309145335937352
62.075179,88,80,463.851514706561,219.430372425179,-0.99986280028848,-0.0165644377894389,0.122020432570895
62.125179,88,80,463.729994110974,219.428315336878,-0.99987953633084,-0.0155213667833898,0.0616793839285206
62.175179,88,80,463.415652047093,218.890440282713,-0.999986822395775,-0.00513371549671675,0.183586790313875
62.225179,88,80,463.136972555906,219.372182980495,-0.999961277792139,-0.00880016569803967,0.279180218548513
62.325179,88,80,462.746922103276,219.484340537905,-0.99992098687551,-0.0125706008570406,0.294256282984089
62.375179,88,80,462.717472545678,219.245441758764,-0.999919969676681,-0.012651254553845,0.134197517613227
62.425179,88,80,462.666480820871,219.402667247758,-0.999897632064077,-0.0143082281450484,-0.010291821492572
62.475179,88,80,462.593033639598,219.337173557558,-0.999917643929862,-0.0128337585201501,-0.134768481968411
62.575179,88,80,462.388591914499,219.201788411066,-0.999993002228589,-0.00374105517911693,-0.339260782432264
62.625179,88,80,461.915790274604,219.242231699772,-0.999997795961871,-0.0020995407594754,-0.0720647398505424
62.675179,88,80,461.66847906339,219.219616430061,-0.999999972052524,-0.000236421130139694,-0.0325509988954189
62.725179,88,80,461.570868001569,219.186252404339,-0.999999072926011,-0.00136167070857644,-0.14253009055164
62.775179,88,80,461.481727156021,219.311307412548,-0.999803675736087,0.0198143883228871,-0.278017539927371
62.875179,88,80,460.888393005745,219.203530139283,-0.999803675736087,0.0198143883228871,-0.113428637574091
62.925179,88,80,460.618901719052,219.556671736291,-0.999803675736087,0.0198143883228871,-0.0536733883514668
62.975179,88,80,460.504566532379,219.35917133408,-0.999803675736087,0.0198143883228871,-0.162225131061308
63.025179,88,80,460.362895939297,219.435494725753,-0.999399768966901,-0.0346424853165236,-0.225064406435994
63.075179,88,80,460.318876610371,219.115138419207,-0.999399768966901,-0.0346424853165236,-0.39585875102718
63.125179,88,80,459.851846070137,219.243503831385,-0.99962762871809,-0.0272874312358063,-0.164450927406551
63.175179,88,80,459.544806851008,219.321125711437,-0.999399768966901,-0.0346424853165235,-0.0877273260723311
63.225179,88,80,459.300509606592,219.373083982097,-0.999399768966901,-0.0346424853165236,-0.0778018631991962
63.275179,88,80,459.271076561234,219.224334255601,-0.999889786071374,-0.0148464039464943,-0.283164634570759
63.325179,88,80,458.947172998743,219.573508357752,-0.999932609125998,-0.0116093585728732,-0.200048503459925
63.375179,88,80,458.479942175291,219.338642065461,-0.999923844839129,-0.0123411718298189,0.0319352624872184
63.425179,88,80,458.307836314013,219.583588779087,-0.999917401497007,-0.0128526333283932,-0.0392532449702495
63.475179,88,80,458.220187875739,219.307375823231,-0.999880998922118,-0.0154268595153853,-0.190303073644074
63.525179,88,80,458.130861993919,219.202295717397,-0.999923844839129,-0.0123411718298189,-0.344087317235738
63.575179,88,80,457.657589194016,218.929528836764,-0.999946860436845,-0.0103090398435941,-0.11455703350639
63.625179,88,80,457.298198154827,219.126331032414,-0.999936155576317,-0.0112997686372763,-0.00558398223703902
63.675179,88,80,457.032941913852,219.225695478185,-0.999935337326963,-0.0113719463950475,0.00798990193799929
63.725179,88,80,456.889352536022,219.190748830232,-0.999925204591418,-0.0122305037840006,-0.10067785655829
63.775179,88,80,456.59831079868,219.174441713311,-0.999995238349368,-0.0030859809769537,-0.0632843497787832
63.825179,88,80,456.257300561218,219.254079185096,-0.999976822406054,-0.00680842497872649,0.0203586540623445
63.875179,88,80,456.111666600032,219.378696190742,-0.999978820161496,-0.00650839676281006,-0.0932393034846608
63.925179,88,80,455.881448524406,219.362543142618,-0.999973088156159,-0.00733641352663165,-0.123717152046062
63.975179,88,80,455.681127897373,219.500169751773,-0.999961828613561,-0.00873735176259603,-0.18768068213773
64.025179,88,80,455.321509794825,219.384065475164,-0.999970565897129,-0.00767250541714658,-0.0910531278662522
64.075179,88,80,455.002872832969,219.428261110699,-0.999961828613561,-0.00873735176259604,-0.0397784799647723
64.125179,88,80,454.742069722988,219.308409192746,-0.999942756602959,-0.0106996970647016,-0.0472564049859673
64.175179,88,80,454.440720153743,219.26060483853,-0.999970565897129,-0.00767250541714658,-0.014418588187227
64.225179,88,80,454.159867104052,219.497109558249,-0.999952078372033,-0.00978983960294702,-0.00912795533675741
64.275179,88,80,453.867758951094,219.353378318266,-0.999952910481806,-0.00970447417257058,0.010254314258207
64.325179,88,80,453.686894484574,219.401545815223,-0.99994102179749,-0.0108606135458528,-0.0862109126513827
64.375179,88,80,453.564807456722,219.380337406745,-0.999931575984907,-0.0116980061694211,-0.24244703671666
64.425179,88,80,453.102738263788,219.470021951189,-0.999945001061891,-0.0104878430258468,-0.0603144471253513
64.475179,88,80,452.805262980008,219.363668873062,-0.999943879930585,-0.0105941960227443,-0.0434807244147984
64.525179,88,80,452.510778731081,219.333804721884,-0.999928562317655,-0.0119528348666031,-0.0332010182796415
64.575179,88,80,452.354535685787,219.402978276815,-0.999896989630194,-0.0143530529322223,-0.165154770027173
64.625179,88,80,451.966706286751,219.36082470832,-0.999796706092301,-0.020162997966188,-0.0687500372984614
64.675179,88,80,451.627829014529,219.360480876311,-0.999754272916386,-0.0221674036691012,-0.0207738512342874
64.725179,88,80,451.34505139723,219.285594469566,-0.999745314656838,-0.0225678049818725,-0.0276818159596413
64.775179,88,80,451.147160885318,219.437643659572,-0.999973481861743,0.00728255266386151,-0.0968631745154893
64.825179,88,80,450.707713348112,219.472598019377,-0.999964503397366,0.00842567179868533,0.0502094728429283
64.875179,88,80,450.45393199653,219.314926945835,-0.999990866481664,0.00427398564001081,0.0033755048301264
64.925179,88,80,450.128821481989,219.263494106446,-0.999939993431901,0.0109548863713653,0.0367338699021634
64.975179,88,80,449.798290412878,219.434542718631,-0.999970465780151,0.00768554275427665,0.0666873923380051
65.025179,88,80,449.413779052983,219.405802240258,-0.999951693394449,0.00982908325194286,0.152504720829366
65.075179,88,80,449.195900360604,219.395028074462,-0.999950884364122,0.00991104734179167,0.0679639260978972
65.125179,88,80,448.915663999299,219.097792533621,-0.999924044354118,0.012324995841969,0.0430846860522236
65.175179,88,80,448.535132972443,219.367817311766,-0.999964503397366,0.00842567179868532,0.116965335382998
65.225179,88,80,448.273448128568,219.304859071157,-0.999954656171541,0.00952289876322881,0.071790986872026
65.275179,88,80,447.91885900061,219.368360475589,-0.999991190387956,-0.00419751670382623,0.10237447323184
65.325179,88,80,447.56692990352,219.454213591738,-0.999988928240869,-0.0047056769627718,0.14229826378983
65.375179,88,80,447.241532772202,219.428037225447,-0.999992581841657,-0.00385178681355726,0.156216750936329
65.425179,88,80,447.039432824808,219.26333491243,-0.99989280400604,-0.0146417381802574,0.0330486548472455
65.475179,88,80,446.736924645032,219.397468718754,-0.999991190387956,-0.00419751670382623,0.0304273708133262
65.525179,88,80,446.339934561395,219.456778214276,-0.999988410096603,-0.00481452723204631,0.108923169390086
65.575179,88,80,446.01626172886,219.406125744272,-0.999985953941107,-0.00530018117555532,0.113199078262325
65.625179,88,80,445.694518254689,219.238441593118,-0.999988410096603,-0.00481452723204631,0.115783875509909
65.675179,88,80,445.313890374763,219.427222738259,-0.999989283931906,-0.00462947311842235,0.173612864423558
65.725179,88,80,444.998365955152,219.415300724785,-0.999981526379035,-0.00607839622397417,0.163598385966856
65.775179,88,80,444.900255048649,219.539395118658,-0.999730769779383,-0.0232031884947212,-0.0893316532677816
65.825179,88,80,444.360627637055,219.287376340312,-0.999730769779383,-0.0232031884947212,0.129128386245682
65.875179,88,80,443.977535704834,219.406360280719,-0.999730769779383,-0.0232031884947213,0.180995097859172
65.925179,88,80,443.66557717235,219.456052061457,-0.999730769779383,-0.0232031884947213,0.161875630892205
65.975179,88,80,443.318096350457,219.416179065067,-0.999730769779383,-0.0232031884947212,0.178879121055578
61.275179,89,81,466.498764189916,225.259856564548,-0.999989585498591,-0.00456386835447571,0.0491549541715347
61.325179,89,81,466.142503716645,225.169971953848,-0.999843027254049,-0.0177178117006166,0.30582940753131
61.375179,89,81,465.979562736979,225.126796788903,-0.999843027254049,-0.0177178117006166,0.325505981302874
61.475179,89,81,465.837521494862,225.098123444893,-0.999843027254049,-0.0177178117006166,0.172107024551164
61.575179,89,81,465.79299300804,225.087985974666,-0.999843027254049,-0.0177178117006166,-0.0895835761456184
61.675179,89,81,465.144206555355,225.085924911079,-0.999751612443734,0.0222870683615852,0.136604996108326
61.725179,89,81,464.925905730789,225.271910562628,-0.99973859372148,0.0228636004119525,0.198231358769011
61.775179,89,81,464.833567697489,225.392335697408,-0.999985179195766,0.00544439058221914,0.169697268307034
61.825179,89,81,464.580718831323,225.13588885752,-0.999882335081399,0.0153400127825611,0.231800728413558
62.025179,89,81,463.801493413857,225.150189771181,-0.999970896124082,-0.00762934497841385,0.3740500523876
62.075179,89,81,463.714975318949,225.306791248427,-0.999980899348548,-0.00618069074372815,0.27753228624707
62.125179,89,81,463.684111314362,225.422583064468,-0.999970896124082,-0.00762934497841385,0.12864978091106
62.225179,89,81,463.430274204754,225.265713040735,-0.999976972323811,-0.00678637031880139,0.0117465880807461
62.325179,89,81,462.945948715785,225.391098039012,-0.999979657997887,-0.00637836894734248,0.114572636383315
62.375179,89,81,462.798532042947,225.54197856387,-0.999975907367015,-0.0069415189630278,0.0681498209946066
62.425179,89,81,462.643723499788,225.3630183922,-0.999968405497863,-0.00794908837926012,0.029592540666247
62.475179,89,81,462.67499683731,225.756125669905,-0.999978054139094,-0.00662504642931959,-0.204445309028162
62.525179,89,81,462.618553512153,225.606571238201,-0.99999463329094,0.00327618517771788,-0.357746479574557
62.625179,89,81,461.990993061907,225.467723434286,-0.999991001125084,0.00424236594975077,-0.138839123816164
62.675179,89,81,461.733311715146,225.528359474622,-0.999997050859679,0.00242863581949282,-0.0862575001650674
62.725179,89,81,461.535462045359,225.595041664062,-0.999998158440218,0.00191914464587741,-0.0972647712556784
62.775179,89,81,461.455480308297,225.491746658029,-0.999996102035594,0.0027921163333063,-0.229950096247288
62.825179,89,81,461.179749699283,225.416989504706,-0.999997050859679,0.00242863581949282,-0.168075341837965
62.875179,89,81,460.776570515014,225.587655803381,-0.99999463329094,0.00327618517771788,0.0187451760651621
62.925179,89,81,460.553563910163,225.49023611631,-0.999997403394237,0.00227886041331157,0.0236717189531711
62.975179,89,81,460.463812592169,225.491793397564,-0.999993157899205,0.00369921002044913,-0.108171334815012
63.025179,89,81,460.352732086725,225.703287127447,-0.999957776630682,-0.00918939365915991,-0.214589365437979
63.075179,89,81,460.318733666235,225.484795884224,-0.999931006391202,-0.0117465934413878,-0.402976389883337
63.125179,89,81,459.813806345335,225.634374858422,-0.99998155545575,-0.00607361081227166,-0.129697724437654
63.175179,89,81,459.498278699982,225.583060963016,-0.999989580845118,-0.00456488786347693,-0.044273660698913
63.225179,89,81,459.276791836515,225.652490128888,-0.999965684003979,-0.00828437169941429,-0.0543771919830553
63.275179,89,81,459.193195883758,225.692838893987,-0.999988356927451,-0.00482555795091028,-0.205831390535926
63.325179,89,81,458.788248265476,225.485295510211,-0.999979316744561,-0.00643164699596063,-0.0357570560757485
63.375179,89,81,458.446408964653,225.532514545244,-0.999990731281967,-0.00430550231180325,0.0669204175988577
63.425179,89,81,458.2871110123,225.611852845761,-0.999991955471929,-0.00401110850360695,-0.0146304884001294
63.475179,89,81,458.172172631517,225.619418793449,-0.999990987366693,-0.00424560777583104,-0.142296194952184
63.525179,89,81,458.107004494622,225.587718631383,-0.999997827449007,-0.00208448968966513,-0.321593436568496
63.575179,89,81,457.646525567457,225.640306646438,-0.999995788159472,0.00290235478829717,-0.107214954742814
63.625179,89,81,457.280421035472,225.661642267431,-0.999990613582274,0.00433275286007362,0.0107807611322671
63.675179,89,81,457.085744379296,225.595552861402,-0.999999685759817,0.000792767473408498,-0.0458653551394344
63.725179,89,81,456.867041231019,225.399779844986,-0.999997827449007,-0.00208448968966512,-0.0799898004059693
63.775179,89,81,456.651006295867,225.393433721388,-0.999964271287021,-0.00845317392560713,-0.119062566680546
63.825179,89,81,456.21852255798,225.719841483492,-0.999866558660773,-0.0163359992612081,0.050250178064117
63.875179,89,81,456.044892116622,225.5092123713,-0.999874590333306,-0.0158367801589725,-0.0318769348839552
63.925179,89,81,455.971839230967,225.523266864353,-0.999884090106653,-0.0152251880642331,-0.22011349377411
63.975179,89,81,455.592010522953,225.434105605151,-0.999855199287212,-0.0170170637399627,-0.102625320601888
64.025179,89,81,455.297522805948,225.47038356614,-0.999964091143797,0.00847445708934522,-0.065189228583835
64.075179,89,81,454.879656844065,225.514250624534,-0.999960787761527,0.00885567272126661,0.0870841977258386
64.125179,89,81,454.751443855225,225.785908878382,-0.999940945997974,0.0108675901963835,-0.0488353105116003
64.175179,89,81,454.483320233928,225.56254889822,-0.999991274198963,0.00417750235588866,-0.0567246440241641
64.225179,89,81,454.145812922527,225.635888780903,-0.999966587874221,0.0081745418946504,0.0117277014938605
64.275179,89,81,453.884124389197,225.639233814065,-0.999947228688385,0.0102732584129592,0.00116925039636115
64.325179,89,81,453.736645648669,225.666179019365,-0.999948183784617,0.010179869637938,-0.126696351260883
64.375179,89,81,453.529047440732,225.520054891968,-0.999983664034328,0.00571591326733319,-0.200962153420942
64.425179,89,81,453.112033308728,225.621887292408,-0.99994677707933,0.010317122111338,-0.0591199098552955
64.475179,89,81,452.675740026392,225.436344407905,-0.999960350032838,0.00890496278515729,0.0932355193490966
64.525179,89,81,452.564782374628,225.601385433057,-0.999971620640429,-0.00753378482265851,-0.0912359464312682
64.575179,89,81,452.241086653012,225.712246604768,-0.999981506036981,-0.00608174185666802,-0.0522736771396043
64.625179,89,81,451.902046559391,225.730222996054,-0.999972616939164,-0.00740036295326692,-0.00179525767273146
64.675179,89,81,451.582243777028,225.595964193779,-0.999982379974784,-0.00593630693002081,0.0314855477394832
64.725179,89,81,451.36374251146,225.662709163592,-0.999985414491178,-0.0054010003616177,-0.0404593873131088
64.775179,89,81,451.086142917732,225.632928248084,-0.999892663940648,-0.0146513002042288,-0.0646699268177723
64.825179,89,81,450.720166404971,225.631185527481,-0.999893398186577,-0.0146011048520269,0.00701652076942218
64.875179,89,81,450.490020719379,225.710679989542,-0.999911051692871,-0.0133374923601176,-0.0585801358633728
64.925179,89,81,450.106711347925,225.562962343341,-0.99988762119853,-0.0149914967213176,0.027186153219438
64.975179,89,81,449.778286322475,225.726627086852,-0.999896017702314,-0.0144206027285171,0.0543802769866857
65.025179,89,81,449.437693705331,225.661553001022,-0.999947473240371,-0.010249427310666,0.0998357518055627
65.075179,89,81,449.25246159094,225.800542043213,-0.999951660669083,-0.00983241196974432,-0.0184830632925937
65.125179,89,81,448.948374267013,226.060415192745,-0.999949304104469,-0.0100692214688357,-0.0217044419289464
65.175179,89,81,448.55338621095,226.067328814516,-0.999955929529497,-0.00938823725729448,0.0683595016875684
65.225179,89,81,448.242449097239,226.015474719416,-0.999948251175729,-0.0101732477901984,0.070836503000919
65.275179,89,81,448.091400721145,225.92837652035,-0.999916830183906,-0.0128970041083164,-0.0908932961531323
65.325179,89,81,447.636775820365,225.815777044506,-0.999831693221478,-0.0183462592882625,0.0458864508302488
65.375179,89,81,447.259568461273,225.716955066702,-0.999512091946941,-0.0312342448580084,0.0934363842899312
65.425179,89,81,447.088855575864,225.489441461697,-0.999585053002268,-0.0288048921965296,-0.0401981629823977
65.475179,89,81,446.797713327294,225.872672047809,-0.999821647107337,-0.018885814135815,-0.0597303783795508
65.525179,89,81,446.28140809477,225.581888360765,-0.999988639957472,-0.00476654550024826,0.164255863978223
65.575179,89,81,445.99412093595,225.907799475979,-0.999992695620944,-0.00382213353473175,0.132995910661039
65.625179,89,81,445.800243974952,225.543047634783,-0.999981557416295,-0.00607328801228763,0.00498089628276082
65.675179,89,81,445.25817910553,225.59649294278,-0.999993345469332,-0.00364815255355645,0.228543856287111
65.725179,89,81,445.091057950886,225.696918293362,-0.999987472424804,-0.00500549632412911,0.0699485433691982
65.775179,89,81,444.794692080009,225.504728054969,-0.999975417440079,-0.00701174126296707,0.0397109392046942
65.825179,89,81,444.300488711278,225.853647739305,-0.99999214517523,-0.00396353224311204,0.210634026758408
65.875179,89,81,443.971298025392,225.836752235588,-0.999993038825144,-0.0037312600089095,0.21261946654961
65.925179,89,81,443.734502407616,225.894937113315,-0.999989992235307,-0.00447386066293182,0.118665883577688
65.975179,89,81,443.31932316227,225.81993539044,-0.999987732190099,-0.00495332911310445,0.2026920342426
61.275179,90,82,466.042434398271,230.830325961468,-0.999959607065656,0.00898800517909428,0.508602707061559
61.325179,90,82,465.988340808809,231.246873934948,-0.999959607065656,0.00898800517909428,0.425411148398604
61.425179,90,82,465.93502785086,231.376328284137,-0.999959607065656,0.00898800517909428,0.189911481525369
61.675179,90,82,465.127386429195,231.83057725132,-0.999815298024051,0.0192189967760409,0.214074434395147
61.725179,90,82,464.948547333308,231.572656591569,-0.999790945002634,0.0204466694290524,0.224657444417211
61.775179,90,82,464.954098005984,231.817042005383,-0.999384187529876,-0.0350891110638349,0.145184350602361
61.875179,90,82,464.82588414451,231.893524399846,-0.999384187529876,-0.0350891110638349,-0.071973031543576
61.975179,90,82,464.482619404441,231.089019437357,-0.999802304454786,-0.0198834606369049,-0.0829276592732892
62.025179,90,82,464.02310163936,231.163482102596,-0.9999990905263,-0.00134868327406295,0.162669717412941
62.075179,90,82,463.803935742048,230.987309838812,-0.999998297820959,-0.00184508947853794,0.203013505960495
62.125179,90,82,463.805234197708,230.947809746108,-0.999966551766821,-0.00817895760920188,0.0312269005310626
62.175179,90,82,463.74296295378,231.165836603647,-0.999946883880374,-0.0103067656386233,-0.0902297078042058
62.275179,90,82,463.382916849107,230.741573908957,-0.999904033524541,-0.01385365444037,-0.0973049592328488
62.325179,90,82,462.981991417657,231.084098490694,-0.999998297820959,-0.00184508947853794,0.088344220667257
62.375179,90,82,462.771221942937,231.199381834436,-0.999998297820959,-0.00184508947853794,0.104467111636416
62.425179,90,82,462.755235929669,230.992252446268,-0.99999593892225,-0.00284993666744922,-0.074516027150874
62.475179,90,82,462.624511432388,230.825563520091,-0.99999593892225,-0.00284993666744922,-0.14250374684025
62.575179,90,82,462.227802906798,230.897581365941,-0.999999520423033,-0.00097936392830876,-0.153805638097665
62.625179,90,82,461.82011185499,230.81119118072,-0.999999825036931,-0.000591545525197696,0.0474540760234268
62.675179,90,82,461.57033529362,230.884143067342,-0.999999660309001,-0.000824246250880603,0.0892166459308109
62.725179,90,82,461.630483397951,230.681657658131,-0.999999900500588,-0.000446092831512224,-0.181810976141362
62.775179,90,82,461.403351951781,230.532408624827,-0.99999901868479,-0.00140093877725871,-0.166010471151777
62.825179,90,82,461.291267172177,231.357217208625,-0.999998619328981,-0.00166172805559228,-0.270007687898892
62.875179,90,82,460.782730662056,231.07176273257,-0.999999796421836,-0.000638087993184527,0.0208961608350114
62.925179,90,82,460.602185896749,231.200871863719,-0.999999470017075,-0.00102954629289876,-0.01787980017769
62.975179,90,82,460.414820541546,230.985240167785,-0.999999796421836,-0.000638087993184527,-0.0522748634093586
63.025179,90,82,460.338853856529,231.292667787522,-0.9999395756954,-0.0109929503820674,-0.196471738240921
63.075179,90,82,460.153751893502,231.602267542986,-0.999918989610891,0.0127284804880497,-0.241559319515048
63.125179,90,82,459.592860620363,231.477368247988,-0.999937690255072,0.0111631360894788,0.0904085939873713
63.175179,90,82,459.388274474203,231.231740618539,-0.999980237915642,0.00628679395050675,0.0638681599281437
63.225179,90,82,459.247319822004,231.152874545519,-0.999940669967247,0.0108929585262122,-0.0290710719654986
63.275179,90,82,459.080054840253,230.874676449182,-0.999971229387241,-0.0075855387263888,-0.0894061991054491
63.325179,90,82,458.732308360039,231.114301602619,-0.99993778818475,-0.0111543605908527,0.0201932363688091
63.375179,90,82,458.484192259775,231.28230663548,-0.999976909115106,-0.0067956777880712,0.0271042244159064
63.425179,90,82,458.215597698708,231.148885144469,-0.999946868947735,-0.0103082142789411,0.055640920934143
63.475179,90,82,458.165321165961,231.093172016043,-0.999962939889901,-0.00860923032249887,-0.137086247515859
63.525179,90,82,458.112242583704,231.429397314068,-0.999937604063838,-0.0111708539991486,-0.333114096281499
63.575179,90,82,457.732134741978,231.106871827098,-0.999994825750222,-0.00321690422356735,-0.196660921243134
63.625179,90,82,457.303755756185,230.993718519953,-0.999999349674083,-0.00114046105160645,-0.0171607588480664
63.675179,90,82,456.990934031286,231.00380842445,-0.999977504817961,-0.00670744795317468,0.0442989576340738
63.725179,90,82,456.813889715104,231.221715097798,-0.999930631800083,-0.0117784374128097,-0.0350790532486102
63.775179,90,82,456.8751541299,231.160157758487,-0.99997356754759,-0.00727077754745136,-0.349895061252737
63.825179,90,82,456.395419598835,231.178296763605,-0.999865912803113,-0.0163754821118977,-0.130975788406734
63.875179,90,82,456.056073511188,231.217694818163,-0.999838793359812,-0.0179551466937983,-0.0527660604052735
63.925179,90,82,456.03676592856,231.017397700682,-0.995413507799919,-0.0956658167239518,-0.313511449484406
63.975179,90,82,455.668855447718,231.45474948745,-0.999835728152955,-0.0181250298993241,-0.195405157223629
64.025179,90,82,455.268704001518,231.463546451494,-0.999999053369436,0.00137595793263266,-0.0447549408608861
64.075179,90,82,454.982629840502,231.463661348996,-0.999999994890206,-0.000101091976913069,-0.026629490236606
64.125179,90,82,454.803504616161,231.384744679606,-0.999998017339188,0.00199131054650241,-0.114333188033742
64.175179,90,82,454.548445717439,231.031878586703,-0.999999994890206,-0.000101091976913069,-0.131508264675793
64.225179,90,82,454.072121787829,231.032362612819,-0.999998017339188,0.00199131054650241,0.0736665316729426
64.275179,90,82,453.867714553747,231.03388458349,-0.999997263995213,0.00233923108918233,0.0041573404852218
64.325179,90,82,453.700937818131,230.868818186271,-0.999973288087219,0.00730911157636554,-0.102916740887773
64.375179,90,82,453.567162556666,231.102294133988,-0.999999995578912,-9.40328438419999e-05,-0.250800971540572
64.425179,90,82,453.087206656084,231.048251869107,-0.999997263995213,0.00233923108918233,-0.0487046683203897
64.475179,90,82,452.755624117363,231.106571054185,-0.999988795337336,0.00473383563122215,0.00364529042396835
64.525179,90,82,452.642256998448,230.99461334264,-0.99938382832531,-0.0350993401910481,-0.198066590970153
64.575179,90,82,452.399971023344,231.02234625476,-0.999846924854333,-0.0174964813414872,-0.228199520829974
64.625179,90,82,452.008403328182,231.002582069304,-0.999990787001346,-0.00429254148828575,-0.112295032348928
64.675179,90,82,451.583333417161,231.060724966845,-0.999985073957904,0.00546368569794514,0.0332098994478644
64.725179,90,82,451.399129842601,231.044272038606,-0.999999418970628,0.00107798812938497,-0.0772066764268537
64.775179,90,82,451.143475010677,231.190168480007,-0.99995919245468,-0.00903401490949615,-0.125341726624562
64.825179,90,82,450.713223060638,231.063455544998,-0.99995919245468,-0.00903401490949615,0.0118950504560747
64.875179,90,82,450.382187969094,230.91670889074,-0.999986166329439,-0.00525995720059277,0.0520689031473358
64.925179,90,82,450.129830592082,230.682321844128,-0.99995919245468,-0.00903401490949615,0.00533034443833194
64.975179,90,82,449.763217796796,230.807337129903,-0.99995919245468,-0.00903401490949615,0.0715893627537633
65.025179,90,82,449.367611679789,230.738106877993,-0.999993014779383,-0.00373769881633519,0.171677563274641
65.075179,90,82,449.062715974573,230.737920336195,-0.999992686445471,-0.00382453337949749,0.174128001105411
65.125179,90,82,448.951430435484,230.818596928299,-0.999992686445471,-0.00382453337949749,-0.0189048372928255
65.175179,90,82,448.523990405234,230.72631429908,-0.999991378955289,-0.00415235055115031,0.10292400106009
65.225179,90,82,448.121897809933,230.633517017743,-0.999981093407792,-0.0061492135234043,0.196296536119118
65.275179,90,82,448.069353930561,230.660527003605,-0.999986555447876,-0.00518545306526471,-0.0593193064212785
65.325179,90,82,447.560578307068,230.832941218073,-0.999930047948111,-0.0118278996651139,0.130235301007146
65.375179,90,82,447.290121045214,230.690355535655,-0.999900227202697,-0.0141257084776305,0.0876612692755386
65.425179,90,82,447.096270342612,230.620461804532,-0.999630913199629,-0.027166843314534,-0.0447081476329394
65.475179,90,82,446.726700508326,230.793498558998,-0.999893426407457,-0.0145991721393679,0.0196882543158275
65.525179,90,82,446.292060921365,230.791025156745,-0.999999811453184,0.000614079470691936,0.156321902817779
65.575179,90,82,445.962317883798,230.803057063133,-0.999998190384699,0.00190242669416889,0.169591956134212
65.625179,90,82,445.782322575982,230.692719218261,-0.999999979962749,0.00020018616571998,0.0277059181278755
65.675179,90,82,445.291700525086,230.701027452205,-0.999998987903629,0.00142274091755888,0.198653297995522
65.725179,90,82,444.971139261845,230.726350610115,-0.999999893117195,0.000462347920438317,0.195360766225746
65.775179,90,82,444.754398439177,230.615479736545,-0.999999519019852,-0.000980795627988606,0.0861518257524282
65.825179,90,82,444.38138718302,230.613682316014,-0.999999589785314,0.000905775470576974,0.135782777502703
65.875179,90,82,443.990066965409,230.671775876417,-0.999999745803678,0.000713016534613101,0.199800066420729
65.925179,90,82,443.782178327796,230.714639740869,-0.999999776713539,0.000668261080434619,0.0790936847315717
65.975179,90,82,443.35755858593,230.706152394398,-0.999999979962749,0.00020018616571998,0.173053333825368
61.275179,91,83,357.637041261852,235.340750163314,0.999995280194377,0.00307239140906315,-0.420380264845056
61.325179,91,83,357.796073474796,234.92787363222,0.999993835275559,0.00351132608550136,-0.423120936926617
61.375179,91,83,357.989287438207,234.729956488259,0.999993835275559,0.00351132608550136,-0.388732640165558
61.425179,91,83,358.184566075679,234.882962524181,0.99998985659147,0.00450407750508761,-0.356535288604835
61.525179,91,83,358.421892145042,235.460390719952,0.999998337289636,-0.00182357285676513,-0.402243991606731
61.575179,91,83,358.665749619648,235.424859275108,0.99998985659147,0.00450407750508761,-0.347544939475332
61.625179,91,83,358.810550498967,235.446804181101,0.999999967962682,0.000253129678308544,-0.340390992164487
61.675179,91,83,359.120648398273,235.819558713365,0.999999967962682,0.000253129678308544,-0.188575831065841
61.725179,91,83,359.268118263473,235.863777321478,0.999999483610274,0.00101625744042943,-0.202807508624893
62.025179,91,83,360.303112723213,236.600036839535,0.999919622388918,-0.0126786734954092,-0.0696334244949473
62.075179,91,83,360.347365141622,236.484544249603,0.999919622388918,-0.0126786734954092,-0.182544180149746
62.125179,91,83,360.365588717528,236.551551249824,0.999919622388918,-0.0126786734954092,-0.323763432323409
62.175179,91,83,360.639243809158,236.380230529709,0.999919622388918,-0.0126786734954092,-0.206512484910131
62.225179,91,83,361.069928626176,236.194152596844,0.999919622388918,-0.0126786734954092,0.0679856320644748
62.275179,91,83,361.270038694491,236.707774358232,0.999919622388918,-0.0126786734954092,0.103104661139527
62.325179,91,83,361.345436782421,237.129416929848,0.999919622388918,-0.0126786734954092,0.0147417264851821
62.375179,91,83,361.371657917683,238.118864226021,0.999948616414477,-0.0101372841911968,-0.134426792847149
62.575179,91,83,362.156282111925,239.805892281397,0.999999505359047,-0.000994626392470586,0.000881827131902551
62.625179,91,83,362.361451641584,239.911659700367,0.999998507713725,-0.00172759090129075,0.0481623174627372
62.675179,91,83,362.393056577598,240.39547407305,0.999999603983604,0.000889962153415269,-0.0768963107302298
62.725179,91,83,362.900338887851,240.588817480918,0.999997347570066,0.00230322661318935,0.274401254194724
62.775179,91,83,363.222282883701,240.688690540912,0.999999922004729,-0.000394956371058911,0.436539867059115
62.825179,91,83,363.35631327695,240.589056224215,0.999999830433944,-0.000582350480989212,0.413188707772882
62.875179,91,83,363.405016141987,240.648074360433,0.9999998608393,0.000527561731637994,0.305876030668096
62.925179,91,83,363.45416588469,240.661387171082,0.9999998608393,0.000527561731637994,0.198051185530355
62.975179,91,83,363.429062973529,240.677823645378,0.99999999451385,0.00010474874823695,0.0156258449239825
63.025179,91,83,363.629242066119,240.55981530197,0.998744143409538,-0.0501012575206315,0.00705076062962665
63.075179,91,83,363.905642251274,240.490492604366,0.99874249062289,-0.0501341941631309,0.128709230956866
63.125179,91,83,364.156262709388,240.8746677843,0.998761078701238,-0.0497625127132745,0.202582139090558
63.175179,91,83,364.323941254067,240.870789678988,0.998752279947881,-0.0499387955292167,0.212439857247397
63.225179,91,83,364.427233088416,240.615169657304,0.998747073516998,-0.0500428130827136,0.170832803043862
63.275179,91,83,364.533723193263,240.642685569313,0.99990977234674,-0.0134330624018123,0.164925218917787
63.325179,91,83,364.745142032049,240.709920548954,0.99990977234674,-0.0134330624018123,0.219201863568581
63.375179,91,83,364.919942777524,240.537811563106,0.99990977234674,-0.0134330624018123,0.240244932237133
63.425179,91,83,365.168337327583,240.57441213469,0.99990977234674,-0.0134330624018123,0.332242848226861
63.475179,91,83,365.331314367072,240.620735113162,0.999859999839028,-0.0167326244773499,0.334385147923639
63.525179,91,83,365.405810808889,240.592188205263,0.99990977234674,-0.0134330624018123,0.258225627976726
63.575179,91,83,365.588114138205,240.500987295888,0.99990977234674,-0.0134330624018123,0.286400057034717
63.625179,91,83,365.659549702525,240.708856151068,0.99990977234674,-0.0134330624018123,0.199891321767958
63.675179,91,83,365.861603704887,240.96176123919,0.99990977234674,-0.0134330624018123,0.243581447355827
63.725179,91,83,366.084258722282,240.658709589061,0.99990977234674,-0.0134330624018123,0.315541267745146
63.775179,91,83,366.237235625643,240.594799370809,0.999996063120688,-0.00280601908859468,0.330886274009198
63.825179,91,83,366.363435857539,240.779479839585,0.999996063120688,-0.00280601908859468,0.302549064786241
63.875179,91,83,366.42002091844,240.618277388201,0.999996063120688,-0.00280601908859468,0.205786374631784
63.925179,91,83,366.478526406661,240.771650498018,0.999893942366224,-0.0145637913789849,0.0893879387849227
63.975179,91,83,366.708463827167,240.683998079331,0.999996063120688,-0.00280601908859468,0.187121015865993
64.025179,91,83,366.794043633897,240.700808201567,0.999996063120688,-0.00280601908859468,0.119540648246256
64.075179,91,83,366.90105970203,240.621370054521,0.999996063120688,-0.00280601908859468,0.073905673015904
64.125179,91,83,367.219160205943,240.913622624437,0.999996063120688,-0.00280601908859468,0.23855535691039
64.175179,91,83,367.371763532991,240.652061420972,0.999996063120688,-0.00280601908859468,0.239511423461201
64.225179,91,83,367.430470489602,240.760808603425,0.999996063120688,-0.00280601908859468,0.145786152396297
64.275179,91,83,367.612205586775,240.650061163066,0.996044863906329,-0.0888517252833202,0.0143370951206039
64.325179,91,83,367.743149848921,240.473017465514,0.995748711297498,-0.0921113671018504,0.00114039425637402
64.375179,91,83,367.806227824637,240.539565664016,0.99348268805078,-0.113983106394752,-0.135676710203977
64.425179,91,83,368.114262190103,240.978621654328,0.987677061444468,-0.156505662186455,-0.132066330546202
64.475179,91,83,368.33636862134,240.919305390194,0.996581099045748,-0.0826202942670233,0.112815655194048
64.525179,91,83,368.42622611815,240.997403119824,0.999936286000109,-0.0112882213084048,0.213560983957241
64.575179,91,83,368.46099379936,240.713999109952,0.999984407762858,-0.00558428430210389,0.11316219686893
64.625179,91,83,368.529912842805,240.62199186502,0.999911350163014,-0.0133150972650911,0.0166408613874294
64.675179,91,83,368.64813099748,240.607156924444,0.999839212496958,-0.0179317916969485,-0.0244999006690155
64.725179,91,83,368.739328887802,240.70364119269,0.997834107360781,-0.0657806520757685,-0.190351972629919
64.775179,91,83,369.203248428289,240.350069431364,0.999936286000109,-0.0112882213084048,0.248430445979237
64.825179,91,83,369.319749846546,240.266132404502,0.999766239669498,-0.0216209624464693,0.197914669615677
64.875179,91,83,369.14061179189,240.068539857432,0.998013854929359,-0.0629948043019389,-0.194733851093378
64.925179,91,83,369.340048157049,239.722047350189,0.999999999917712,-1.28287525022145e-05,-0.0383850375004848
64.975179,91,83,369.471549569548,239.748593538931,0.999990878315827,-0.00427121588546151,-0.0605553056837737
65.025179,91,83,369.657159630584,239.259841581585,0.999603478265758,-0.0281582357224139,-0.0431599022438754
65.075179,91,83,369.702131013974,239.548180923298,0.998112940279638,-0.0614048731481157,-0.196455672988214
65.125179,91,83,369.864011758072,238.946879009832,0.997571025468231,-0.069656651845045,-0.152118217954777
65.175179,91,83,369.748965893879,238.604432996041,0.999601319253932,-0.0282347754692352,-0.375486100404722
65.225179,91,83,370.193844471801,238.516564317479,0.998777537580442,-0.0494310674045055,-0.0823498731799655
65.275179,91,83,370.282403510889,238.190804827929,0.998922993142757,-0.04639885527376,-0.124707859373515
65.325179,91,83,370.413448050793,237.823821345686,0.999604529588053,-0.0281208895137883,-0.128672460340993
65.375179,91,83,370.462781894447,237.672429133661,0.999605934059498,-0.0280709207728925,-0.220874254889671
65.425179,91,83,370.621127467425,237.46254201587,0.999607079521242,-0.0280301011595186,-0.202110067929065
65.475179,91,83,370.69924225143,237.380037554839,0.999607079521242,-0.0280301011595186,-0.26672971908577
65.525179,91,83,370.674602598327,237.13432994465,0.999655424714382,-0.0262494159765272,-0.430635094026167
65.625179,91,83,370.995482409379,236.612206092527,0.996545098206746,0.0830533999310501,-0.524673691857351
65.675179,91,83,371.294984903621,236.821582201448,0.999995337370644,-0.00305372509777831,-0.258285967998771
65.725179,91,83,371.424998255215,236.633046955701,0.996545098206746,0.0830533999310501,-0.373228530426995
61.275179,92,84,466.146874169741,255.178464583219,-0.914575823624804,-0.40441446912915,1.45125963001907
61.575179,92,84,465.335873903895,254.59030486791,-0.999249639486654,-0.0387318729961805,0.295590714918044
61.625179,92,84,465.177748496673,254.993406570859,-0.97864080775803,0.205577648081474,-0.339210793231075
61.675179,92,84,465.112925331893,254.984158084376,-0.984227123807745,0.176909493134581,-0.338412340627718
61.725179,92,84,465.102462775755,255.183031636008,-0.975021765506216,0.222109335213859,-0.52623112938278
61.825179,92,84,464.494200633741,255.647195604239,-0.994460413013346,0.105111783113623,0.0763659649255319
61.875179,92,84,464.392977380221,255.370136758981,-0.975652437365289,-0.219322414411227,0.526595906324292
61.925179,92,84,464.130137377459,255.238744202505,-0.999920121832249,0.0126392228787817,0.243034807900118
61.975179,92,84,464.007558416746,255.127489693909,-0.984227123807745,0.176909493134581,-0.0866338131227885
62.025179,92,84,463.966633928183,255.05436216785,-0.9848155274226,-0.173604081021576,0.37584816895735
62.175179,92,84,463.930233501445,254.607976644642,-0.9848155274226,-0.173604081021576,-0.0821676893500417
62.275179,92,84,463.346209341929,254.070905141404,-0.999659435082445,-0.0260962420790368,-0.131210808826046
62.325179,92,84,463.02391676062,254.436399343466,-0.999659435082445,-0.0260962420790368,-0.00685581608075279
62.375179,92,84,462.867630614737,254.038723833675,-0.999487474959179,-0.0320123007564867,-0.018727735238848
62.425179,92,84,462.906188562012,254.118275368574,-0.999707869072287,-0.0241697437915171,-0.267838173373105
62.475179,92,84,462.963467712709,254.163840475055,-0.99976592599312,-0.0216354621656144,-0.525504536879772
62.525179,92,84,462.643947405254,254.263040225985,-0.999999515518044,0.000984359526541217,-0.440126913210165
62.575179,92,84,462.07750673906,254.228958706304,-0.999999705299843,-0.000767724056893231,-0.068263035803711
62.625179,92,84,462.014151121726,253.981584128705,-0.999996889293171,-0.00249427423934599,-0.201395522251705
62.675179,92,84,461.888593311937,254.007390924039,-0.999999963615272,-0.000269758141695017,-0.28120276868603
62.725179,92,84,461.733687826845,254.112628022954,-0.999998932187155,-0.00146137762028905,-0.32860394617637
62.775179,92,84,461.471075351162,253.954586518515,-0.999991197466444,-0.00419583002835109,-0.268046199714807
62.825179,92,84,460.9091934887,253.664868203995,-0.999991197466444,-0.00419583002835109,0.0864860448620366
62.875179,92,84,460.755501420238,253.634762361233,-0.999991197466444,-0.00419583002835109,0.0295910978884403
62.925179,92,84,460.686020421161,253.392933102895,-0.999991197466444,-0.00419583002835109,-0.112764738779604
63.025179,92,84,460.281228072323,253.468542113946,-0.999962672368699,-0.00864024705951619,-0.133753597011546
63.075179,92,84,459.789106244317,253.722643033628,-0.993714477077411,-0.111944352455888,0.254627258774929
63.125179,92,84,459.674987700784,253.757067381754,-0.997850317535943,-0.0655342947884437,0.0876326943385474
63.175179,92,84,459.554265859023,253.667719733689,-0.999962672368699,-0.00864024705951619,-0.0734213637408992
63.225179,92,84,459.372995077334,253.79052813808,-0.989697820213474,-0.143172010758733,-0.00439975985415873
63.275179,92,84,459.05111783827,254.020705901605,-0.993497246378396,-0.113856143613527,0.029394736130491
63.325179,92,84,458.67709414135,253.780291943604,-0.999962672368699,-0.00864024705951619,0.119329251998519
63.375179,92,84,458.551487491014,253.77330849341,-0.998896119779971,-0.0469738425990197,0.0370931145727282
63.425179,92,84,458.456178323704,253.820884325051,-0.997501839712064,-0.0706404966789375,-0.0944523023874779
63.475179,92,84,458.151064499288,253.714645084983,-0.993497246378396,-0.113856143613527,0.000626629973354519
63.525179,92,84,457.896154533061,253.841526920999,-0.971378935321933,-0.237535184789178,0.0369102632308448
63.575179,92,84,457.532684661201,253.61489008355,-0.99803805355005,-0.0626102520840502,0.111683707641594
63.625179,92,84,457.352596247009,253.81665835009,-0.998307796676373,-0.058151036922524,0.03257183746518
63.675179,92,84,457.099500266591,253.677263854769,-0.99801635792368,-0.0629551373340746,0.047701117993855
63.725179,92,84,457.239612770584,253.453018955377,-0.999971284674834,-0.0075782468792342,-0.351325907912403
63.775179,92,84,456.741224724077,253.610863384839,-0.999117213478241,0.0420094481215254,-0.111229490120078
63.825179,92,84,456.327231783776,253.682245872675,-0.999981345329118,-0.00610810885354219,0.0622886437448492
63.875179,92,84,456.215659174421,253.606259858161,-0.999626866145028,-0.0273153524793451,-0.075631235612066
63.925179,92,84,456.04026118343,253.566052215727,-0.999450180679241,0.0331562413465927,-0.155394080092808
64.025179,92,84,455.383435942437,253.735489508909,-0.990066128470082,-0.140602493776828,-0.0476722921675752
64.075179,92,84,454.919837094796,254.069803560717,-0.981438753083835,-0.19177584296581,0.0626251723531529
64.125179,92,84,454.694751365495,254.011172597646,-0.996861189678038,-0.0791692396937553,0.106636662449832
64.175179,92,84,454.409956643235,254.190047514761,-0.99067172983948,-0.136270039615659,0.0555953992143601
64.225179,92,84,454.120838226888,254.334217745417,-0.967826876035482,-0.25161704636888,-0.0844553385391441
64.275179,92,84,454.063797270776,254.232447780488,-0.99777450241349,0.066678649757716,0.07503381516427
64.325179,92,84,453.931413329014,254.354291821069,-0.997898715991572,0.0647931525886154,-0.0496874042632937
64.375179,92,84,453.504595264482,254.090501326293,-0.960689707211288,0.277624362148372,0.326065931431739
64.425179,92,84,453.045353908188,254.035483157531,-0.993811910116857,0.111076042916034,0.333134030776159
64.475179,92,84,452.69171497944,253.918688784518,-0.979282189911827,0.202500351904626,0.498754861711633
64.525179,92,84,452.696445288114,254.001180801174,-0.998827680041627,-0.0484072885282824,-0.0433058596440968
64.575179,92,84,452.406956755187,253.594731576322,-0.998087515659582,-0.0618167540759351,-0.0245376437584214
64.625179,92,84,451.992654216667,253.739683620943,-0.995845349218516,-0.0910606415519417,0.0679932299832034
64.675179,92,84,451.809028150732,253.849081422357,-0.995759720569182,-0.09199227626265,-0.0440338595150921
64.725179,92,84,451.58192257807,253.88520287109,-0.99523612674432,-0.0974938563344569,-0.113878555240593
64.775179,92,84,451.200828937603,253.906399888518,-0.988243061197176,-0.152890980753065,-0.101684375586172
64.825179,92,84,450.773412207674,253.786798950422,-0.995759720569182,-0.09199227626265,0.131759981036552
64.875179,92,84,450.39032250592,253.932742004363,-0.995759720569182,-0.09199227626265,0.209553111758446
64.925179,92,84,450.150279036757,253.754392287111,-0.995759720569182,-0.09199227626265,0.173162063183297
64.975179,92,84,449.612713556138,253.736113823647,-0.995759720569182,-0.09199227626265,0.416740911384688
65.025179,92,84,449.453336721938,253.550899960576,-0.997040035246543,0.0768841213487676,0.520013880936792
65.175179,92,84,448.496951724303,253.453730464351,-0.997040035246543,0.0768841213487676,0.597901788915385
65.225179,92,84,448.453594484251,253.56695629223,-0.999259677065987,0.0384720390670923,0.298483015678755
65.525179,92,84,446.68347682665,253.575915994128,-0.981355491096984,-0.192201457054302,-0.166917704932579
65.575179,92,84,446.270696592378,253.588064841502,-0.980369605082586,-0.197168550814306,-0.0854940845165232
65.675179,92,84,445.54026127037,253.570984138858,-0.982117397904741,-0.188269532141612,0.0253850392196242
65.725179,92,84,445.287974951733,253.537199324395,-0.981355491096984,-0.192201457054302,-0.0441543016661347
65.825179,92,84,444.69349910747,254.061561207788,-0.999861647302788,0.0166338886900979,0.353708828019384
65.875179,92,84,444.60802650318,254.108267698767,-0.999621754000579,0.0275017986467558,0.153032239108597
65.925179,92,84,444.6364851464,254.609185757959,-0.958787948458226,-0.284122631782944,-1.17753684476686
65.975179,92,84,444.427720951041,254.896637987805,-0.887367617452635,-0.461062589565055,-1.98210377415971
61.275179,93,85,357.823960460825,261.757723230943,0.998468356528654,-0.0553257716707903,-0.578795822775858
61.325179,93,85,358.17028876332,262.263684386405,0.998468356528654,-0.0553257716707903,-0.408226744995772
61.375179,93,85,358.336596215411,262.850904186334,0.998468356528654,-0.0553257716707903,-0.422073799368514
61.425179,93,85,358.444446840678,263.024097245634,0.998468356528654,-0.0553257716707903,-0.471552230909401
61.475179,93,85,358.487019229037,263.080083324599,0.998468356528654,-0.0553257716707903,-0.579889896675
61.525179,93,85,358.78300924134,263.267687864877,0.998468356528654,-0.0553257716707903,-0.442640627370013
61.575179,93,85,358.972086883153,263.876030863323,0.998468356528654,-0.0553257716707903,-0.435573401950276
61.625179,93,85,359.156388936367,264.231520183301,0.999381516917389,0.0351650912681736,-0.69262345775686
61.675179,93,85,359.238938580953,264.837278733028,0.999631145458015,0.0271582957914548,-0.716774608679198
61.725179,93,85,359.326743141992,264.750809775625,0.996766959589205,0.0803469244669166,-0.907317353506779
61.875179,93,85,360.157584874002,265.655398041076,-0.981446313099432,0.19173714951342,0.031506411454451
61.925179,93,85,360.385950678919,265.982454311977,-0.982570992587194,0.18588772021362,0.0261110692734139
61.975179,93,85,360.45307372106,265.974485080481,-0.982214334610492,0.187763151032541,0.105605538110287
62.275179,93,85,361.412361392573,268.303072320196,0.44245997562284,0.896788252583538,1.05053490000971
62.425179,93,85,361.982530793351,268.908877988083,0.44245997562284,0.896788252583538,1.70218833182964
62.525179,93,85,362.381889245371,268.782413900365,0.690562261019415,0.723272952387792,1.33549213948761
62.575179,93,85,362.484956833301,268.311171790651,0.794587328201774,0.607149880887056,0.803440705450926
62.625179,93,85,362.587830848383,267.991452488191,0.794587328201774,0.607149880887056,0.585189372042568
62.675179,93,85,362.821321568392,267.604802247243,0.916879193057727,0.399164809743809,0.265829304092492
62.725179,93,85,363.059540925772,267.62937858675,0.875975124509073,0.482356280399991,0.431227908255646
62.775179,93,85,363.369399113061,267.360756229117,0.970063715935732,0.242850544625617,0.337057779328941
62.825179,93,85,363.372506620429,266.916775234773,0.980434670295276,0.196844754268416,0.0867428545550838
62.875179,93,85,363.441346806743,266.632326855599,0.975449240019677,0.220224385900007,-0.0466459848242334
62.925179,93,85,363.506642760602,266.564700508585,0.981111414026788,0.193443514407581,-0.134840183943497
62.975179,93,85,363.691859744348,266.428589637588,0.977310920806211,0.211809735548008,-0.126624223516515
63.275179,93,85,364.688067283198,265.285319599508,0.99999478772835,-0.0032287019267533,0.0354329451888116
63.325179,93,85,364.983693795089,265.204560239623,0.999838155084032,-0.0179906541893102,0.201766078046003
63.375179,93,85,365.148121789161,264.443756964225,0.999838155084032,-0.0179906541893102,0.230194280973757
63.425179,93,85,365.399383648595,263.998197202536,0.999838155084032,-0.0179906541893102,0.339807210870793
63.475179,93,85,365.512371121375,263.750830349947,0.999838155084032,-0.0179906541893102,0.307643815533204
63.525179,93,85,365.603740188278,263.815689761183,0.99916044356598,-0.0409683782084892,0.308764441998227
63.575179,93,85,365.775779830363,263.626550855923,0.999838155084032,-0.0179906541893102,0.274223720846707
63.625179,93,85,365.922022117593,263.53029161291,0.999838155084032,-0.0179906541893102,0.27274483364892
63.675179,93,85,366.110307811707,263.032316922555,0.999838155084032,-0.0179906541893102,0.320590766418838
63.725179,93,85,366.274263669183,262.991741917468,0.999838155084032,-0.0179906541893102,0.33594791882453
63.775179,93,85,366.504866339048,262.928542023391,0.999883519097804,-0.0152626418614836,0.409156145953577
63.825179,93,85,366.64452065976,262.928700920272,0.999883519097804,-0.0152626418614836,0.399698444393283
63.875179,93,85,366.736416786701,262.639609655936,0.999883519097804,-0.0152626418614836,0.346984152151125
63.925179,93,85,366.909448913165,262.825667843873,0.999883519097804,-0.0152626418614836,0.368230624750809
63.975179,93,85,367.084924923856,263.095265247678,0.999883519097804,-0.0152626418614836,0.390736850433238
64.025179,93,85,367.40174361884,262.778382124374,0.999883519097804,-0.0152626418614836,0.563616645154744
64.075179,93,85,367.6024039621,262.882678715398,0.999883519097804,-0.0152626418614836,0.614024240275862
64.125179,93,85,367.668660252821,262.810534652169,0.999883519097804,-0.0152626418614836,0.532842064539576
64.175179,93,85,367.634169854757,262.928479838909,0.999883519097804,-0.0152626418614836,0.348134077623892
64.225179,93,85,367.839472543087,262.869333310804,0.999883519097804,-0.0152626418614836,0.406009266871958
64.275179,93,85,367.873797435624,262.9033658557,0.994640521545691,0.103393582486128,-0.085496789478598
64.325179,93,85,368.057210505975,263.166768564363,0.994640521545691,0.103393582486128,-0.0199397208519584
64.375179,93,85,368.246383561413,262.821693904422,0.994640521545691,0.103393582486128,-0.0114186947903802
64.425179,93,85,368.381763922906,262.77937548152,0.994640521545691,0.103393582486128,-0.0249469275268737
64.475179,93,85,368.515930004329,262.888205256121,0.994640521545691,0.103393582486128,-0.0238985177064673
64.525179,93,85,368.617568239953,263.0130986989,0.999992362401103,0.00390834229064106,0.238670362502651
64.575179,93,85,368.665992808716,262.949166583509,0.999998483388813,-0.00174161421514903,0.156705670197658
64.625179,93,85,368.676632742568,263.193877475044,0.999937319174323,0.0111963262933528,-0.0146909428649538
64.675179,93,85,368.735477224142,263.068396687603,0.999978132096001,0.00661326922132744,-0.0908282847463029
64.725179,93,85,368.876896749497,263.29498401347,0.999858148396372,0.0168428942102967,-0.12007092310987
64.775179,93,85,369.390565454549,263.446286691357,0.999990454139926,0.0043693968720327,0.279598010230441
64.825179,93,85,369.550217794155,263.731141365508,0.999974680466921,0.0071160680911933,0.288879040178297
64.875179,93,85,369.781752380343,263.780333141572,0.999985570307387,0.00537207380904982,0.378420810771323
64.925179,93,85,369.76880876223,263.825613334363,0.999974680466921,0.0071160680911933,0.216806919237568
64.975179,93,85,369.786465399772,263.773192992145,0.999984087943828,0.00564126396752522,0.0915212310855488
65.025179,93,85,369.637382313155,264.060835372699,0.987348981038142,0.158562257939719,-0.442139084493496
65.075179,93,85,369.824449843119,264.021057463672,0.99562232021836,0.0934676172960951,-0.299438686845735
65.125179,93,85,369.844695722132,263.812003371605,0.992440814613647,0.122724200910015,-0.491718290238017
65.175179,93,85,369.482285543679,264.383334250549,0.924560006691027,0.381036473355882,-1.17343400391042
65.225179,93,85,369.828171828401,264.498211373905,0.995694940305583,0.0926908077959218,-0.674610467317526
65.275179,93,85,370.111744767787,264.84799194523,0.995673071100211,0.0929254297050872,-0.500978559877103
65.325179,93,85,370.485222405941,264.917128737313,0.999718909609178,0.0237086855358258,-0.225644841843941
65.375179,93,85,370.727321564368,264.965224526855,0.999771706296487,0.0213666864303176,-0.12452862024179
65.425179,93,85,370.909701286276,264.976541809633,0.999744352466414,0.0226103894595259,-0.0855129996812172
65.475179,93,85,370.995589777293,264.743253493959,0.999811268330691,0.019427499040683,-0.145628497468516
65.825179,93,85,371.443758288077,264.292008465565,0.999643569319345,0.0266970844565371,-0.705521110830453
65.875179,93,85,371.677556233482,263.650961623039,0.999848865457637,0.0173852306017807,-0.615734103139382
65.925179,93,85,371.591562568793,263.180757385369,0.99976904944532,0.0214906438061043,-0.85832172116085
65.975179,93,85,372.104023075932,262.499292397438,0.999928428615055,0.0119640146868325,-0.476320184334866
61.325179,94,86,466.023880132252,213.671556114817,-0.999921560049859,-0.0125249250479685,0.45497509649096
61.375179,94,86,465.976492525821,213.671026233304,-0.999921560049859,-0.0125249250479685,0.359361992419293
61.725179,94,86,464.97839341041,213.577714561108,-0.982717178175765,-0.185113337494252,0.668088359303351
61.775179,94,86,464.971340748123,213.713330300774,-0.997488522799736,-0.0708282915422923,0.243919187529761
62.025179,94,86,464.050789222281,213.740713615278,-0.996811058840232,-0.0797979509374546,0.302058732171613
62.075179,94,86,463.956730532423,213.712056602186,-0.995756428243773,-0.0920279066979319,0.236654458746768
62.125179,94,86,463.818298552221,213.875079561494,-0.996811058840232,-0.0797979509374546,0.155404239941964
62.175179,94,86,463.876341623283,213.773539586213,-0.995756428243773,-0.0920279066979319,-0.0624297836571057
62.325179,94,86,463.276979085568,213.94295576824,-0.999998388624536,-0.00179520147386804,-0.172927217664063
62.375179,94,86,463.037595491104,213.848126147057,-0.999996241196143,0.00274182304046257,-0.133127165483359
62.425179,94,86,462.827468094796,213.998539532123,-0.999996381058847,-0.00269032882911193,-0.112728354024234
62.475179,94,86,462.66838840244,214.00005481133,-0.999999692079984,0.000784754699157579,-0.156051617173814
62.525179,94,86,462.591693206326,214.443397991464,-0.999944157578466,-0.0105679574513033,-0.273702701075422
62.625179,94,86,461.991423004412,214.263319343927,-0.999944157578466,-0.0105679574513033,-0.0817465461493608
62.675179,94,86,461.741835262078,214.062922205751,-0.99780796651217,-0.0661759923601397,0.00565693370869401
62.725179,94,86,461.632739626616,213.70616683236,-0.993290641325603,-0.115644722555649,-0.0194557223961308
62.775179,94,86,461.527330572833,213.775849566839,-0.999127737853664,0.0417583937840014,-0.297157677693549
62.825179,94,86,461.212076982647,213.532359631528,-0.9976417873484,0.068635735126026,-0.237299925938567
62.875179,94,86,460.771748043151,213.776846687435,-0.999351763218201,0.036000741001714,0.0344536857494988
62.925179,94,86,460.632978133424,213.768856096191,-0.997311912784726,0.0732731097857318,-0.0776311931896257
62.975179,94,86,460.423000083261,213.863403993673,-0.99925184778802,0.0386748586581459,-0.0542821280692191
63.125179,94,86,459.522710113892,213.919485841091,-0.975383087524474,-0.220517193368734,0.312656931654792
63.175179,94,86,459.432068899889,213.864731445716,-0.980263609825949,-0.197694853880926,0.166400172254313
63.225179,94,86,459.27855618024,213.970622497542,-0.975383087524474,-0.220517193368735,0.0695746656339758
63.275179,94,86,459.149078711473,213.73726363771,-0.999341096121105,-0.0362956416594077,-0.108344547856815
63.325179,94,86,458.859153463192,213.910565072624,-0.999908146638807,-0.0135535340537449,-0.0730297383605645
63.375179,94,86,458.544397315863,214.133863233345,-0.998508429005388,-0.054597776559048,0.00468942609497404
63.425179,94,86,458.294024911164,214.103651390982,-0.999283688274515,-0.0378432338533789,0.0104536423524474
63.475179,94,86,458.213409675951,213.875537492966,-0.998730792134268,-0.0503667037124442,-0.141201599820902
63.525179,94,86,458.313850354877,214.208635355412,-0.999908146638807,-0.0135535340537449,-0.505293414683832
63.575179,94,86,457.744987859421,213.842755317412,-0.99155794972124,-0.129664306363049,-0.143770199975084
63.625179,94,86,457.325421548597,213.892501681674,-0.999513543785093,-0.031187750642907,-0.00822931505493044
63.675179,94,86,457.153112365251,213.968983961807,-0.998271754621184,-0.0587665204477999,-0.0886148839638713
63.725179,94,86,456.876580796171,214.021084871089,-0.999908146638807,-0.0135535340537449,-0.0726705037731467
63.775179,94,86,456.664758801354,214.069861906563,-0.999453169267751,-0.0330660315225198,-0.119527299064272
63.825179,94,86,456.228379570723,214.030207422185,-0.999106013732482,-0.0422749727804599,0.0580052620674724
63.875179,94,86,456.012992868974,213.924501165493,-0.998833560379123,-0.0482858018507049,0.0161791682916063
63.925179,94,86,455.998887596162,213.996326805486,-0.996438489310559,-0.0843228143534762,-0.239160604128829
63.975179,94,86,455.797044720074,213.951367367081,-0.999990312745434,-0.00440163779621869,-0.296459298014519
64.025179,94,86,455.32881468881,214.358706439844,-0.999990312745434,-0.00440163779621869,-0.0967104422314719
64.075179,94,86,455.030429741071,214.148257016297,-0.999603234847112,-0.0281668756376948,-0.0735498043472078
64.125179,94,86,454.821181023768,214.00794261514,-0.996175270302688,-0.0873775190616342,-0.143238998362409
64.175179,94,86,454.458442594669,214.18300506,-0.999990312745434,-0.00440163779621869,-0.037384881439495
64.225179,94,86,454.199555419838,214.036557787183,-0.998921450666024,-0.046432051422328,-0.0643158615878771
64.275179,94,86,453.939710716876,214.168818067962,-0.999958027024474,-0.0091621061618611,-0.0715837614418559
64.325179,94,86,453.726530014779,214.113651789215,-0.999958027024474,-0.00916210616186109,-0.136315182182535
64.375179,94,86,453.633448904257,214.375162834782,-0.999958027024474,-0.00916210616186109,-0.325928457452206
64.425179,94,86,453.200413040813,214.40038075049,-0.999958027024474,-0.00916210616186109,-0.1753089398491
64.475179,94,86,452.850702556417,214.305795568238,-0.999958027024474,-0.00916210616186109,-0.108773090804455
64.525179,94,86,452.530474409131,214.17128806249,-0.998376522650804,-0.05695892396884,-0.10025574168185
64.575179,94,86,452.27117191483,214.520058550959,-0.994500503814527,-0.104731790363056,-0.194079473781561
64.625179,94,86,451.864320449801,214.242813242027,0.994048176484684,-0.108941373350419,-0.0957247091139058
64.675179,94,86,451.507823203235,214.180070896834,0.999944864268832,0.0105008772198677,-0.0799020282616868
64.725179,94,86,451.407853367249,214.352432451696,0.999977036994404,0.00677683435634052,0.111985161970702
64.775179,94,86,451.18133511679,214.467760830635,-0.999998954531709,-0.00144600673864053,-0.175945017376772
64.825179,94,86,450.779141715597,214.442298780229,-0.999773715735317,0.021272454602099,-0.0483024533193683
64.875179,94,86,450.35887679205,214.268314023758,-0.999998954531709,-0.00144600673864053,0.0519657801386614
64.925179,94,86,450.134584121704,214.190074213925,-0.999773715735317,0.021272454602099,-0.00661308239613257
64.975179,94,86,449.782971320382,214.215788984081,-0.999773715735317,0.021272454602099,0.0441619637839592
65.025179,94,86,449.413167501784,214.26983591139,-0.999773715735317,0.021272454602099,0.111992495306394
65.075179,94,86,449.196052443751,214.187392812575,-0.999773715735317,0.021272454602099,0.0225439714407775
65.125179,94,86,448.994782143463,214.440684035724,-0.999773715735317,0.021272454602099,-0.0773124919597509
65.175179,94,86,448.593981786132,214.405457288075,-0.999773715735317,0.021272454602099,0.0144824696979509
65.225179,94,86,448.218491899009,214.386895621692,-0.999773715735317,0.021272454602099,0.0796438199550977
65.275179,94,86,447.958647913514,214.365967224646,-0.999989921778626,0.00448958140341628,0.0100178004910231
65.325179,94,86,447.600753465793,214.269712979455,-0.999989921778626,0.00448958140341628,0.0539979862120419
65.375179,94,86,447.257742729861,214.258050803123,-0.999989921778626,0.00448958140341628,0.0818376845997937
65.425179,94,86,447.056878467187,214.253780225801,-0.999989921778626,0.00448958140341628,-0.0340587611504164
65.475179,94,86,446.710304417378,214.288086593449,-0.999989921778626,0.00448958140341628,-0.00568560777306823
65.525179,94,86,446.288086539091,214.326603756079,-0.999989921778626,0.00448958140341628,0.0967499321475548
65.575179,94,86,445.960372053064,214.452866086151,-0.999434041200613,0.0336392224852317,0.138455285440762
65.625179,94,86,445.676739529669,214.274587545319,-0.999989921778626,0.00448958140341628,0.0632055692478172
65.675179,94,86,445.325431978287,214.517645352208,-0.999989921778626,0.00448958140341628,0.0909245684241561
65.725179,94,86,445.04580055472,214.495888517928,-0.999789558853076,0.0205143366544173,0.0646420407178394
65.775179,94,86,444.754230585996,214.307748263088,-0.986452052672296,0.164049833217267,0.181887970059727
65.825179,94,86,444.332199229871,214.460107068591,-0.986452052672296,0.164049833217267,0.299691689793071
65.875179,94,86,443.907002782392,214.352441369257,-0.986452052672296,0.164049833217267,0.376379348691724
65.925179,94,86,443.753176968014,214.477776382598,-0.986452052672296,0.164049833217267,0.222027366108741
65.975179,94,86,443.327533008544,214.297278906119,-0.979674470445789,0.200593947956471,0.324121256806278
61.525179,95,87,352.37042668211,259.870385545238,0.997729630484881,0.0673467478984963,-2.49902073647379
61.575179,95,87,352.449407188876,260.279866164708,0.997729630484881,0.0673467478984963,-2.48005358433962
61.675179,95,87,352.563901620971,259.907945265743,0.997729630484881,0.0673467478984963,-2.5666176856649
61.775179,95,87,353.078398176399,260.379715564652,0.997729630484881,0.0673467478984963,-2.19848821435212
61.825179,95,87,353.247185132988,261.119260112407,0.997729630484881,0.0673467478984963,-2.06921504703761
61.875179,95,87,353.328330946646,261.388171295941,0.997729630484881,0.0673467478984963,-2.05937668651306
61.925179,95,87,353.428363872573,261.514823446501,0.997729630484881,0.0673467478984963,-2.04056908372956
61.975179,95,87,353.483239023105,262.029638737368,0.997729630484881,0.0673467478984963,-2.04096679100688
62.025179,95,87,353.663484311586,261.826500095201,0.99144113187993,-0.130554517411859,0.029065075439654
62.075179,95,87,353.913535031296,261.591772568544,0.99144113187993,-0.130554517411859,0.217515628544678
62.125179,95,87,353.701074616288,261.772812735376,0.99144113187993,-0.130554517411859,-0.107178561909303
62.175179,95,87,353.951497976747,261.854521563249,0.99144113187993,-0.130554517411859,0.0397083520077524
62.225179,95,87,354.195182024269,261.672288283683,0.99144113187993,-0.130554517411859,0.214066181657806
62.275179,95,87,354.677911315093,261.318226229349,0.99144113187993,-0.130554517411859,0.647552825235434
62.325179,95,87,354.623764763134,261.454240121936,0.99144113187993,-0.130554517411859,0.484476355555658
62.425179,95,87,354.81762377574,261.37621039601,0.99144113187993,-0.130554517411859,0.502700248857407
62.475179,95,87,354.903939138481,261.653144874644,0.99144113187993,-0.130554517411859,0.459600558588204
62.775179,95,87,356.408719331425,262.220966505896,0.986267664976173,-0.165154754767907,1.64819626714262
62.825179,95,87,356.941899857114,261.998118754931,0.993439719507019,-0.114357001122865,1.62140477058526
62.875179,95,87,357.217784183017,262.256028952774,0.986267664976173,-0.165154754767907,2.25183802872386
62.925179,95,87,357.721659929667,262.635666316471,0.998980993557211,-0.0451328540139844,1.50393167503435
62.975179,95,87,358.097670956702,263.12581259686,0.99768660866099,0.0679811069234133,0.777956939877215
63.025179,95,87,358.368369751779,263.801553671511,0.986267664976173,-0.165154754767907,2.84657110338301
63.075179,95,87,358.471724878929,264.136334345476,0.986267664976173,-0.165154754767907,2.79775596293307
63.125179,95,87,358.383833317121,264.420512805693,0.992613222646553,-0.121321845630642,2.25389188740871
63.175179,95,87,358.288241356723,264.841015154262,0.992950414339878,-0.118530479887091,1.99261490243641
63.225179,95,87,358.576785262198,265.552218325934,0.991029114046727,0.133646156367322,0.523894461510422
63.325179,95,87,358.740226865134,267.47603302291,0.814067915097395,0.580769687233228,-1.40670288569491
63.375179,95,87,358.531223819913,268.40766961437,0.841914514578236,0.539610924780525,-0.944852344006697
63.425179,95,87,358.512785748868,269.026680239394,0.876061440433122,0.482199494593518,-0.517153123505877
63.475179,95,87,358.253334733289,270.007001131595,0.907894874502018,0.419197920859544,-0.226626764727553
63.525179,95,87,357.879071279544,270.650476987364,0.860689482304958,0.509130253520279,-0.486334456636035
63.575179,95,87,357.895460987605,271.104618218042,0.926594921091993,0.37606096873582,-0.236932444547098
63.625179,95,87,357.953252979149,272.143625225338,0.879988837873147,0.474994363354628,0.160114654495707
63.675179,95,87,357.826541865887,273.027937777742,0.921613456617356,0.388109052434761,0.261433599498466
63.725179,95,87,358.095325822036,273.684734841557,0.946312216347561,0.323254062915483,0.546187657632657
63.775179,95,87,358.071708271673,273.990701025383,0.883730303319372,0.467996528827993,0.873241470947037
63.825179,95,87,358.095265987648,274.452525314147,0.875835893997752,0.482609041342119,1.06797074740365
63.875179,95,87,358.147023933745,274.358109874749,0.888791824144329,0.458311131584426,0.915168552638138
63.925179,95,87,358.364652702066,274.526638430092,0.84646940067049,0.532437370709966,1.31943344518187
63.975179,95,87,358.681261921847,274.464201905637,0.876277367642675,0.481806989319608,1.33308839502726
64.025179,95,87,358.719316346343,274.045494189944,0.765028498420089,0.643996425925722,1.47082575974999
64.075179,95,87,358.649146626081,273.967534333503,0.822277981049046,0.5690860408426,1.11007996840373
64.125179,95,87,358.98008773895,273.570596614946,0.909250229687595,0.416249948724388,0.787124139415202
64.175179,95,87,359.066615982664,273.768609782423,0.871339038425561,0.490681444641652,1.01765825545947
64.225179,95,87,359.013373958302,273.682222242336,0.849288370744419,0.527929221883285,0.924450907244554
64.775179,95,87,359.263714779664,273.366029544907,0.941348260524882,0.337436590201446,-0.368540399346648
64.825179,95,87,359.089656570227,273.311076561197,0.941348260524882,0.337436590201446,-0.644128078017121
64.875179,95,87,359.092574031597,273.280829344108,0.941348260524882,0.337436590201446,-0.744856827425218
64.925179,95,87,358.887494279125,273.062515706717,0.987094544850205,0.160138563522241,-1.45647283731323
65.125179,95,87,359.277422764067,272.705642153907,0.941348260524882,0.337436590201446,-1.23228656957301
65.175179,95,87,359.59311814726,272.740145662621,0.924699912560432,0.38069682387791,-0.936685970460598
65.225179,95,87,359.843889582655,272.809903501843,0.929329322422417,0.369251960706901,-0.791611892258155
65.275179,95,87,360.604549886742,272.691901265165,0.870132149307185,-0.49281846834515,-1.24821064436119
65.325179,95,87,361.352243237358,273.276567996476,0.984411864706353,-0.175878596268451,-0.408849035788945
65.375179,95,87,361.485217425465,273.281827941427,0.982333626367388,-0.187138041316822,-0.403859233160641
65.425179,95,87,361.735430450074,273.347185527685,0.970638311206898,0.240543694195923,0.550756326785478
65.475179,95,87,361.86082147489,273.17629713096,0.751575723924874,0.659646823085507,1.2522355895361
65.525179,95,87,362.105481657498,273.047304088885,0.615022776712128,-0.78850934308054,-1.15167324826925
65.575179,95,87,362.292361317377,272.955804118427,0.61183064897049,-0.790988784358128,-1.04316198110972
65.625179,95,87,362.500641867527,272.908781016798,0.603281149334041,-0.797528591875049,-0.965820497254558
65.675179,95,87,362.456254761298,272.618262219118,0.616934285182572,-0.787014668075678,-0.816496388624442
65.725179,95,87,362.651114568726,272.982925169288,0.598986915608754,-0.800758811958702,-1.08690382737372
61.525179,96,88,296.557251527213,268.375384582012,0.994041813467691,0.10899941778681,0.264824949057144
61.825179,96,88,296.909021114792,267.545536319455,0.967199941365133,-0.254016285744208,-0.44242245947527
61.875179,96,88,297.185050182717,266.899615143377,0.967199941365133,-0.254016285744208,0.00515884461348542
62.025179,96,88,297.572929297224,266.275972639601,0.967199941365133,-0.254016285744208,0.577355657393422
62.075179,96,88,297.4644041652,265.879538583543,0.967199941365133,-0.254016285744208,0.582294225725211
62.125179,96,88,297.398133555067,265.555087641233,0.967199941365133,-0.254016285744208,0.607973287320093
62.175179,96,88,297.116468603036,265.162003173297,0.967199941365133,-0.254016285744208,0.44090940636924
62.225179,96,88,297.39132879897,265.007052346668,0.967199941365133,-0.254016285744208,0.749774867435502
62.775179,96,88,297.326125400134,264.032610799208,0.967554423994999,0.252662693343727,-0.24738430851114
62.875179,96,88,297.1297259077,264.287055941944,0.967554423994999,0.252662693343727,-0.477468618420887
63.075179,96,88,297.041563712835,264.20892321308,0.98644271669347,0.164105961751564,-0.606593737624378
63.275179,96,88,295.950137355429,263.806783964402,0.953726601836862,-0.300675188448784,-0.536063881908566
63.325179,96,88,295.532444142713,263.958150923953,0.953726601836862,-0.300675188448784,-1.01443750584694
63.375179,96,88,295.569830320132,264.141016171969,0.862306057768729,-0.506387463051124,-0.309030856466239
63.425179,96,88,295.404060196401,264.071048655987,0.914146896340495,-0.405383092778967,-0.849573916311843
63.475179,96,88,295.742954089286,264.376392417512,0.845479805806072,-0.534007395055656,-0.214499146713632
63.525179,96,88,296.054354331342,264.741995011451,0.777596936783182,-0.628763074540333,0.174161824665729
63.575179,96,88,296.221215598869,264.953806559349,0.771027355799052,-0.636802023088434,0.186049666227757
63.625179,96,88,296.16623790552,265.12053717631,0.898161501965915,-0.439665687069541,-0.615411975840721
63.675179,96,88,296.468678511954,265.470623772976,0.767967512359433,-0.640488797685381,0.0294107338857152
63.875179,96,88,297.638874889024,266.044858373703,0.665338756280809,-0.746541585841476,0.704142358475107
63.975179,96,88,297.578515537533,265.76434651075,0.665338756280809,-0.746541585841476,0.852561154437184
64.325179,96,88,298.788957020385,267.412779582486,0.883413658248123,0.468593969680222,-0.512590315083489
64.375179,96,88,299.057428391165,268.285160978147,0.849422945164997,0.527712668245915,0.036659613049186
64.425179,96,88,299.064723792992,268.940866364506,0.833380810965156,0.552699216495789,0.299452183507721
64.475179,96,88,298.953501734453,269.330548155443,0.789607141751915,0.613612713113387,0.394272913146461
64.525179,96,88,298.884914753564,269.78858795898,0.789607141751915,0.613612713113387,0.507907188086506
64.625179,96,88,299.197868541531,269.842178897249,0.789607141751915,0.613612713113386,0.557361589928999
64.675179,96,88,299.382768124038,269.719133832921,0.789607141751915,0.613612713113387,0.510586389445208
64.825179,96,88,300.553979599681,270.163305379331,0.815588409090353,-0.578632480040196,-0.544115298330862
64.875179,96,88,301.11300499832,270.266425054417,0.806032772773975,-0.591870905869091,-0.243916647245089
64.925179,96,88,301.112893757077,270.301467659409,0.707004310958425,-0.70720923656737,-0.597227705410613
64.975179,96,88,301.189629090791,270.380370494137,0.751033699899532,-0.660263872716977,-0.537536280859529
65.025179,96,88,300.749506773358,270.01635867006,0.735672043818901,-0.677337909719603,-0.711111873638491
65.075179,96,88,300.985710909091,269.788675037516,0.729903701534,-0.68354998828686,-0.449070324164502
65.125179,96,88,301.077224549446,269.28037407351,0.733048253244415,-0.680176637657684,-0.0914655934397675
65.175179,96,88,301.401750291661,269.270824237654,0.72128105148924,-0.69264250863095,0.0818641455424431
65.225179,96,88,301.013610183263,268.997569212112,0.748076385049425,-0.663612629574953,-0.0700259307094069
65.275179,96,88,301.003368047698,269.151039944122,0.738266426407874,-0.674509216867307,-0.246534368768523
65.325179,96,88,301.249142821703,269.004472002906,0.813085548343087,-0.582144218450739,-0.0446395185386379
65.375179,96,88,301.061086676667,268.895246228001,0.93680410592932,-0.349854351286313,-0.315888337619219
65.425179,96,88,301.482973788384,268.740814062776,0.721532594218838,-0.692380470175058,0.186446694445829
65.475179,96,88,301.71675351799,268.655317697335,0.704219323595583,-0.70998249575224,0.35496420893914
65.525179,96,88,302.318708568948,268.862928473905,0.688090452968785,-0.725624922761899,0.562595830254228
65.575179,96,88,302.625292132947,269.125976223565,0.700218626649125,-0.713928480237071,0.521461034926013
65.625179,96,88,302.68735275922,269.349709752242,0.691551309049264,-0.722327340581989,0.330122092661142
65.675179,96,88,303.091766500677,269.119936218425,0.702860190535076,-0.711328020368239,0.71108813571417
65.725179,96,88,302.952967407636,268.977513532349,0.677914439036155,-0.73514081191721,0.639051901771549
61.625179,97,89,352.493507333713,244.418650984765,-0.979348528527125,-0.202179276068926,1.45941615100507
61.675179,97,89,352.729563194846,245.350780619313,-0.979348528527125,-0.202179276068926,1.26382125990375
61.725179,97,89,353.235544825598,245.749135929522,-0.979348528527125,-0.202179276068926,0.912180548703426
61.775179,97,89,353.236549362163,246.146649809454,-0.979348528527125,-0.202179276068926,1.05563814124269
61.825179,97,89,353.231186673867,245.97839896151,-0.979348528527125,-0.202179276068926,1.32008908425399
62.225179,97,89,354.191475011284,246.936137788614,0.993566260089134,-0.11325231482178,3.34210546853486
62.275179,97,89,354.9843231443,247.031846099601,0.997838565998132,0.0657129835480848,0.890448372847983
62.325179,97,89,355.376528465415,247.654491630492,0.983874233312398,0.178861658898551,-0.765510135718428
62.375179,97,89,355.876992005201,247.917361561093,0.981220395822719,0.19288995521153,-0.684750442362584
62.425179,97,89,355.954859122722,247.893848572544,0.996641496144911,0.0818885105618186,0.947091956395877
62.775179,97,89,357.821462899436,249.778974656968,0.992876825720909,-0.119145327001823,4.05140370187721
62.825179,97,89,358.02517409624,250.514548882707,0.994505381512245,-0.104685462902854,3.73900361915737
62.925179,97,89,358.268640935024,251.840121125358,0.999659214202888,-0.0261047018612643,2.4554118164065
62.975179,97,89,357.97496696073,252.640776874663,0.999818150756778,-0.0190700135630918,1.82237017014683
63.025179,97,89,358.037506761326,253.201469038085,0.999985265186349,-0.00542857349469282,1.49253769585683
63.075179,97,89,358.094280277819,253.559330297086,0.999936055146073,0.0113086523914196,1.14055363285759
63.125179,97,89,358.138418018844,254.223790340394,0.99980229867912,0.019883751053274,0.871367742266335
63.175179,97,89,358.220317980666,254.831855393321,0.999477895564739,0.0323100027465305,0.617403721002647
63.225179,97,89,358.128948142617,255.472468928658,0.999477895564739,0.0323100027465305,0.304315382017593
63.275179,97,89,358.196883218931,256.01855906495,0.990875407560862,0.134781032386222,-0.593266864664119
63.325179,97,89,358.412976048107,256.564765868636,0.990875407560862,0.134781032386222,-0.543011720518842
63.375179,97,89,359.061647607965,256.796498636642,0.990875407560862,0.134781032386222,-0.106648712733469
63.425179,97,89,359.192864894454,257.334331006916,0.990875407560862,0.134781032386222,-0.141892065878481
63.475179,97,89,359.072527366054,257.25892125375,0.990875407560862,0.134781032386222,-0.50916980122239
63.525179,97,89,359.169201177631,257.234771666756,0.990875407560862,0.134781032386222,-0.654620352206915
63.575179,97,89,358.920169487565,257.452698040922,0.990875407560862,0.134781032386222,-1.11009905607676
63.625179,97,89,359.30176399897,257.222695235527,0.990875407560862,0.134781032386222,-1.00117384120352
63.675179,97,89,359.365951785128,257.535901785515,0.990875407560862,0.134781032386222,-1.13363193323076
63.725179,97,89,359.435594624456,257.670111079647,0.991662961931859,0.128858720824526,-1.25427781247139
63.825179,97,89,360.408678629239,257.799422855702,0.975125974306044,0.221651379949886,-1.21707760272542
64.025179,97,89,361.408659332394,258.483736070351,0.999037478931446,0.0438647431350161,-0.268320143712935
64.075179,97,89,361.566460535658,258.709013343648,0.999037478931446,0.0438647431350161,-0.344747886781053
64.125179,97,89,361.502449803695,258.759293322906,0.999037478931446,0.0438647431350161,-0.650486668309704
64.175179,97,89,361.529600776759,258.841445802579,0.997171228671985,0.0751634266701861,-0.979980917642278
64.225179,97,89,361.978078382567,259.45046153545,0.995060368644474,0.0992716613798856,-0.803303407245432
64.275179,97,89,361.936919939782,259.512968575906,0.999037478931446,0.0438647431350161,-0.915492293273833
64.325179,97,89,362.390069606751,260.04813090371,0.999037478931446,0.0438647431350161,-0.68335821751285
64.375179,97,89,362.648589874716,260.463065892698,0.999037478931446,0.0438647431350161,-0.650933037924621
64.425179,97,89,362.799610265282,260.581096110204,0.999037478931446,0.0438647431350161,-0.73891233665831
64.475179,97,89,362.724610155356,261.153305141901,0.999037478931446,0.0438647431350161,-1.03274789691323
65.025179,97,89,364.070976393082,265.615130086945,0.771604422669343,0.636102676395179,0.543406957454243
65.075179,97,89,363.989513133526,266.381027124189,0.750279471173968,0.661120802225214,0.974437383535203
65.125179,97,89,363.883334525701,266.772783562911,0.745978640982518,0.665969869587112,1.03462727201587
65.175179,97,89,363.78134106801,267.170332704894,0.820267861279696,0.571979576341353,0.314516789256423
65.225179,97,89,364.14071554837,267.273139933982,0.828804757661368,0.559537910849552,0.395407615617698
65.275179,97,89,364.203387722289,267.222005534563,0.666766908588279,0.745266321264841,1.818112236563
65.325179,97,89,364.541348731935,267.522649204679,0.777538686851556,0.628835105929335,1.08621330045636
65.375179,97,89,364.784474761083,267.925014353946,0.806680394482259,0.590987936558731,1.0301650640846
65.425179,97,89,364.616799344217,267.895488198709,0.725956910252825,0.687740186739275,1.6193092265608
65.475179,97,89,364.854175030297,267.928736358142,0.817441848465127,0.576011132164923,0.610637993501687
65.575179,97,89,365.332286891869,267.882700160255,0.643655642771403,0.765315238008843,2.4986649282321
65.625179,97,89,365.602865023107,267.292387701149,0.853449854460902,0.521174966705679,-0.12142236742247
65.675179,97,89,365.976455611113,266.214829829667,0.643655642771403,0.765315238008843,1.39230157083407
65.725179,97,89,366.668055134245,265.414264734013,0.643655642771403,0.765315238008843,1.10300008841538
65.775179,97,89,366.917609991765,265.107969531961,0.805615515218392,0.592438723953292,-0.265077452738713
65.825179,97,89,367.118455208645,265.000868572596,0.68933847044472,0.724439419941332,0.534048949486715
65.875179,97,89,367.093590199015,265.103574606656,0.727639303532452,0.685959943403992,0.174337891649556
65.925179,97,89,367.090615120836,264.91219146852,0.78694158366501,0.617027506598211,-0.583283199164252
65.975179,97,89,367.245925518155,264.569562760772,0.860617451079915,0.509252003331072,-1.48810053104403
61.775179,98,90,363.6459312684,287.776163648317,-0.819009884158614,-0.573779408527783,-0.110929404890546
61.925179,98,90,363.54153048857,287.703022873267,-0.819009884158614,-0.573779408527783,0.0711244820770301
62.075179,98,90,363.202894538833,287.777548365745,0.971584788106018,-0.236691781692953,-0.0404715001777507
62.125179,98,90,363.0748313682,287.633274584094,0.94977241344682,-0.312941468417661,-0.0991706944965574
62.175179,98,90,363.377215105803,287.698770973411,0.94977241344682,-0.312941468417661,0.149788182768873
62.425179,98,90,363.019422651253,288.040079028164,0.989134944052795,-0.147010416140059,-0.437158682746802
62.475179,98,90,363.253823080437,287.807594466347,0.94977241344682,-0.312941468417661,-0.110707619555851
63.175179,98,90,363.740257314349,287.588430185163,-0.920134900389495,0.391601538665535,-0.203267060617623
63.225179,98,90,363.702983217937,287.889489522613,-0.837381336105113,0.546619152557624,-0.103230552198399
63.275179,98,90,363.990279176942,287.913109135949,-0.691936309958163,0.721958546567239,-0.359400647237751
63.375179,98,90,364.140299984288,287.546669326689,-0.840531171506938,0.541763186018738,-0.601591300804492
63.425179,98,90,363.87024815548,287.681246801281,-0.94797248881441,0.318352258435547,-0.141247298831076
63.475179,98,90,364.356165466693,287.856291164728,0.431912513704905,0.901915506300402,-0.220520662058555
63.525179,98,90,364.760767925618,287.8361950574,0.964277503170374,0.264894123905212,0.637420070810535
63.575179,98,90,364.578334091746,287.821189725974,0.955459637662357,0.295121806713968,0.414751301512061
63.625179,98,90,364.596260180194,287.725700838535,0.964277503170374,0.264894123905212,0.403137053366716
63.675179,98,90,364.617819416129,287.642661421246,0.966094330751379,0.25818935704255,0.384094621528462
63.725179,98,90,364.427095522734,287.724235069011,0.95527642799849,0.295714298116352,0.171637739801425
63.775179,98,90,364.483694480915,287.563434346828,0.874219433055989,0.485531031827282,-0.0189616101343911
63.825179,98,90,365.226431168216,287.497725925207,0.972365392388902,0.233464223564077,0.891198659621681
63.875179,98,90,365.504806278609,287.667493193379,0.939778765279738,0.341783370469208,1.06298637884128
63.925179,98,90,365.07388943226,287.534207140393,0.903263884330941,0.429085487127426,0.487411377878143
63.975179,98,90,365.299697874419,287.68385503815,0.95580663413844,0.293996051226792,0.877290555827023
64.025179,98,90,364.978128728825,287.549530841953,0.999272633835769,0.0381340171883909,0.737709874933323
64.125179,98,90,364.439516676829,287.751808462633,0.940598479001486,0.339520988011186,-0.0254167128460785
64.175179,98,90,363.527096643872,287.764602360827,0.978081821994523,0.208220915097103,-0.857385236119468
64.225179,98,90,362.970155463158,288.251765127745,0.993006797663191,0.118057188661659,-1.33806709804611
64.275179,98,90,363.096774853358,288.178359954289,0.205860568011683,-0.978581333634516,-0.103933233725833
64.325179,98,90,363.022395395414,288.486862351805,0.603192023648332,-0.797596002125782,-0.927409277230569
64.375179,98,90,363.373529922849,288.296522471974,-0.371682938022598,-0.928359732852998,0.411649023310473
64.425179,98,90,363.253472797692,288.135593036381,0.882859652368224,-0.469636917437565,-0.924242431160092
64.475179,98,90,363.123289679874,288.313574216482,0.919541755206972,-0.392992315994703,-1.19415837693265
64.525179,98,90,363.181749165664,287.856349960535,0.996755755644737,0.0804857974371221,-1.31125865079631
64.625179,98,90,363.169222331592,287.394985226866,0.996755755644737,0.0804857974371222,-1.41168571105388
64.675179,98,90,363.58833915254,287.715211495488,0.97384546301018,0.227211386542332,-1.06450349998194
64.775179,98,90,363.657758347994,287.50173666689,0.996755755644737,0.0804857974371222,-0.993030328473543
64.825179,98,90,363.857045725611,287.39754993552,0.996755755644737,0.0804857974371221,-0.828582302421924
64.875179,98,90,364.007714022803,287.490234025219,0.996755755644737,0.0804857974371222,-0.696838362186062
65.275179,98,90,364.922963741298,286.885793299617,0.994523287294167,-0.104515219129105,0.228905529242831
65.325179,98,90,365.430458219351,287.220886091875,0.994523287294167,-0.104515219129105,0.672138825012545
65.525179,98,90,365.663130412369,287.539205450132,0.994523287294167,-0.104515219129105,0.763516079001596
65.575179,98,90,366.159462113518,286.902493024954,0.994523287294167,-0.104515219129105,1.29676249881776
65.675179,98,90,366.578073243816,286.764963436246,0.994523287294167,-0.104515219129105,1.673362648137
61.925179,99,91,360.337393485592,260.089030519265,-0.996112482228675,0.0880904237033043,0.144096017967512
61.975179,99,91,360.20270769224,260.080459983312,-0.995650735824244,0.0931644366303017,0.428263058476033
62.025179,99,91,360.171970037617,259.752940862845,0.999868357774165,-0.0162255083740083,-0.623895880779136
62.075179,99,91,360.356601224504,259.863209527167,0.999868357774165,-0.0162255083740083,-0.592399807596497
62.125179,99,91,360.688941764239,259.639407107546,0.999868357774165,-0.0162255083740083,-0.407855592380247
62.175179,99,91,360.995870071897,259.556006304013,0.999868357774165,-0.0162255083740083,-0.251055467945131
62.225179,99,91,361.222287154092,259.814876813199,0.999868357774165,-0.0162255083740083,-0.18036148582098
62.275179,99,91,361.373178157453,259.80454178045,0.999868357774165,-0.0162255083740083,-0.180862501916451
62.325179,99,91,361.4063805207,259.818995538447,0.999868357774165,-0.0162255083740083,-0.299480600072919
62.375179,99,91,361.596133878653,260.134304779972,0.999868357774165,-0.0162255083740083,-0.266486431420759
62.475179,99,91,362.062581749381,260.266931627346,0.999868357774165,-0.0162255083740083,-0.105577407379278
62.525179,99,91,362.293347070869,260.537892151196,0.999838187596795,-0.0179888471880667,-0.0317702099704219
62.575179,99,91,362.405715048461,260.723334588802,0.999838187596795,-0.0179888471880667,-0.0745047438489313
62.625179,99,91,362.513995527705,260.682605670083,0.999838187596795,-0.0179888471880667,-0.1172687052313
62.675179,99,91,362.804243297511,260.72585481294,0.999838187596795,-0.0179888471880667,0.0203885125775748
62.725179,99,91,363.0276243556,260.757144702686,0.999838187596795,-0.0179888471880667,0.0914041293121696
62.775179,99,91,363.324642356775,260.969618952801,0.999838187596795,-0.0179888471880667,0.23278979087594
62.825179,99,91,363.443481147997,260.827321470283,0.999838187596795,-0.0179888471880667,0.202416481883668
62.875179,99,91,363.645315170141,260.93605490865,0.999838187596795,-0.0179888471880667,0.250523849880811
62.925179,99,91,363.689639619981,260.455687146581,0.999838187596795,-0.0179888471880667,0.151764176568135
62.975179,99,91,363.912763958401,260.705998968173,0.999838187596795,-0.0179888471880667,0.218656329215757
63.025179,99,91,364.017763340977,260.928451948747,0.99924362915127,-0.0388866249576705,0.144914504271326
63.075179,99,91,364.215242647678,260.783777082551,0.99924362915127,-0.0388866249576705,0.195824182870111
63.125179,99,91,364.347225273354,260.76563487741,0.99924362915127,-0.0388866249576705,0.176403097602865
63.175179,99,91,364.457839395767,260.88490537899,0.99924362915127,-0.0388866249576705,0.130327997446473
63.225179,99,91,364.584997898334,260.630688646385,0.99924362915127,-0.0388866249576705,0.115355299967454
63.275179,99,91,364.766506783531,260.4896745397,0.999949568394971,-0.0100429411384646,0.173040055614785
63.325179,99,91,364.914498489588,260.044740874005,0.999972960600742,-0.00735377912283732,0.175278526789631
63.375179,99,91,365.274314346017,259.620316251493,0.999983133206825,-0.00580803769450776,0.387090715323641
63.425179,99,91,365.433828654592,259.218883180904,0.999986542842507,-0.00518788337289085,0.397726622587701
63.475179,99,91,365.497295874689,258.798230682829,0.99999966635276,-0.000816880878079634,0.30898964049771
63.525179,99,91,365.617867166263,258.737011280003,0.999995473111036,-0.00300894623325841,0.280790399707162
63.575179,99,91,365.79278354253,258.72970788977,0.99999966635276,-0.000816880878079634,0.303286994059756
63.625179,99,91,365.883680034054,258.987330971014,0.999986542842507,-0.00518788337289085,0.245847090416429
63.675179,99,91,366.015088735687,259.369572165288,0.999986542842507,-0.00518788337289085,0.224770505311349
64.125179,99,91,367.37785841862,258.717834111129,0.999988617310411,-0.00477129433305674,0.241379119833929
64.225179,99,91,367.547247533672,258.565419133659,0.999988617310411,-0.00477129433305674,0.113160880877197
64.275179,99,91,367.77748221062,257.930044699476,0.999514622921796,0.0311531469598154,0.152662557397482
64.375179,99,91,368.111489482081,257.6195816121,0.999514622921796,0.0311531469598154,0.181624008532928
64.425179,99,91,368.174149186751,257.756151478572,0.999514622921796,0.0311531469598154,0.101162880088689
64.475179,99,91,368.282082324792,257.551229804619,0.999528992357906,0.0306886532123525,0.0561980174054384
64.525179,99,91,368.456536363871,257.773309543955,0.999917542758757,-0.0128416386528451,0.14528051707131
64.575179,99,91,368.523900330638,257.715670843565,0.999917542758757,-0.0128416386528451,0.0652592786371554
64.625179,99,91,368.626419870366,257.605620640452,0.99997855652501,-0.00654877776064626,0.0126332005259217
64.675179,99,91,368.908230782708,258.093713715767,0.999998308278876,0.00183941278315541,0.136529866953478
64.725179,99,91,368.972490775526,258.057462667434,0.999981807148334,0.00603202887532258,0.0499959143522715
64.775179,99,91,369.238442961605,257.950771185069,0.998296331406934,0.0583475337907017,0.119211118808737
64.825179,99,91,369.338765658919,258.160309407286,0.99665305554726,0.0817477025261936,0.0702653386486206
64.875179,99,91,369.491428489176,258.259039012155,0.999917542758757,-0.0128416386528451,0.141127478172507
64.925179,99,91,369.548830838339,258.437824090439,0.999917542758757,-0.0128416386528451,0.0495252517416172
64.975179,99,91,369.639525143117,258.308874976368,0.999917542758757,-0.0128416386528451,-0.00461500575689001
65.025179,99,91,369.871452633041,258.385266444197,0.99996662590838,0.00816988796804989,0.0726396983985068
65.075179,99,91,369.822980673152,258.228741699146,0.99996662590838,0.00816988796804989,-0.122509013587054
65.125179,99,91,370.084920684872,258.37478677158,0.99996662590838,0.00816988796804989,-0.0045465583732469
65.175179,99,91,370.227164249598,258.603948351497,0.99996662590838,0.00816988796804989,-0.0053553029645684
65.225179,99,91,370.463455079125,258.973084736638,0.99996662590838,0.00816988796804989,0.0892704525699898
65.275179,99,91,370.559330349285,258.961001579424,0.99996662590838,0.00816988796804989,0.0406221947549399
65.325179,99,91,370.643977156742,259.11395679764,0.99996662590838,0.00816988796804989,-0.0176498509150476
65.375179,99,91,370.62033874067,258.976076972213,0.99996662590838,0.00816988796804989,-0.186319077521206
65.425179,99,91,370.769520414194,259.150819367158,0.99996662590838,0.00816988796804989,-0.179354823235841
65.475179,99,91,370.884400590542,259.057378436836,0.99996662590838,0.00816988796804989,-0.20861233792556
65.525179,99,91,371.080514506124,258.626774490371,0.999928428615055,0.0119640146868325,-0.158368719005507
65.575179,99,91,371.201767259211,258.889240172896,0.999928428615055,0.0119640146868325,-0.17667735294532
65.625179,99,91,371.456052241317,258.790892505981,0.999928428615055,0.0119640146868325,-0.0659964539792595
65.675179,99,91,371.568561412423,258.84657230627,0.999928428615055,0.0119640146868325,-0.0949503421921589
65.725179,99,91,371.611424465076,258.999406591266,0.999928428615055,0.0119640146868325,-0.192090440728201
65.775179,99,91,371.550771497992,259.358821386005,0.999928428615055,0.0119640146868325,-0.389970588991763
65.825179,99,91,371.665181630351,259.638197863236,0.999928428615055,0.0119640146868325,-0.41345626770221
65.925179,99,91,371.862070807211,259.457501135209,0.999928428615055,0.0119640146868325,-0.500281041765938
62.025179,100,92,469.51200290574,285.492190275073,-0.920581484707277,0.390550547322808,-0.697635682707505
62.525179,100,92,467.685793477723,285.835457005834,-0.998717383036745,-0.0506318952858317,0.365809687789709
62.725179,100,92,467.062934741937,285.921548486773,-0.998717383036745,-0.0506318952858317,0.0364282924522456
62.775179,100,92,466.775537452165,286.094113387148,-0.999417672949215,0.0341220602657122,0.00631465879787419
62.875179,100,92,466.329458067885,286.163992523536,-0.99977266837137,0.0213216223020198,-0.00976740824202868
62.975179,100,92,465.921168684882,286.088369359006,-0.99977266837137,0.0213216223020198,-0.0850327071616392
63.125179,100,92,465.265315478681,286.803765517669,-0.996734448054145,0.0807492418676384,-0.108443017170628
63.325179,100,92,464.252367391056,286.859823907206,-0.990615362282435,0.13667920108795,-0.00751970646163408
63.525179,100,92,463.131969374469,286.492203670646,-0.984904548052803,0.173098328197889,0.115260300164688
63.625179,100,92,462.802777038211,286.435040968962,-0.98300424868246,0.183582807125919,-0.0480560995336093
63.675179,100,92,462.343213135729,287.008114368986,-0.989919143849329,0.141633642333349,0.171625756466844
63.725179,100,92,461.920166842439,286.684997821245,-0.983016073385184,0.18351947980085,0.367403575975748
63.775179,100,92,461.635158320307,286.605524511449,-0.984097064976221,0.177631547606804,0.369894506140493
63.875179,100,92,461.158411501935,286.688860745029,-0.984097064976221,0.177631547606804,0.34252653405319
63.925179,100,92,460.875370417592,286.178805478619,-0.977170222127378,0.212457894622747,0.334270921895289
63.975179,100,92,460.602988309071,286.098215949116,-0.982225451753551,0.187704986421598,0.283472326658219
64.025179,100,92,460.652914357851,286.008532663873,-0.999850254396239,0.017305166389722,-0.357780848889975
64.175179,100,92,459.602942487015,285.666998648253,-0.999850254396239,0.017305166389722,-0.171502500721183
64.275179,100,92,459.116181135872,285.304465000158,-0.997828471831508,0.0658660823367973,-0.194344822973543
64.325179,100,92,458.691247252689,285.272278831262,-0.997079509202197,0.0763704938382973,-0.0428124128305373
64.375179,100,92,458.439469515818,285.233211941825,-0.997685486069686,0.0679975800002752,-0.0972357894178188
64.425179,100,92,458.103595715093,284.766799140165,-0.994203719047873,0.107512627311301,-0.0322294925337477
64.525179,100,92,457.421967286953,284.211129022422,-0.98972540134535,0.142981222304837,0.0416776258244816
64.575179,100,92,457.249260046075,283.93011151371,-0.991800739902954,0.127793944801598,-0.126236440244902
64.675179,100,92,456.452020250637,283.251542252972,-0.996509358822152,0.0834811222963857,-0.0158867303444717
64.725179,100,92,455.963242304438,282.730524605165,-0.992917269946998,0.118807807155089,0.121060723703426
64.775179,100,92,455.683132513967,282.383572487183,0.922603273365145,-0.385750178192986,0.0690075601737475
64.825179,100,92,455.57087492242,281.859774903426,0.880462204930974,-0.474116341933166,0.497312225629024
64.875179,100,92,455.338682882594,281.797210669331,-0.870853764820017,-0.491542185675657,0.289513564965172
65.025179,100,92,454.172995066437,281.11997550454,-0.99922283044464,0.0394174468757385,0.00658514950591164
65.075179,100,92,453.771263346842,281.839594186282,-0.99922283044464,0.0394174468757385,0.121544882353109
65.125179,100,92,453.685583722959,282.352258472962,-0.999004046020009,0.0446196821554407,-0.0885228824086609
65.175179,100,92,453.346484424492,282.198560695906,-0.99922283044464,0.0394174468757385,-0.0740686111786776
65.225179,100,92,453.108816741811,282.351316750444,-0.99922283044464,0.0394174468757385,-0.149927494423915
65.275179,100,92,452.715138712636,282.233906210753,-0.99922283044464,0.0394174468757385,-0.082035807577353
65.325179,100,92,452.390856757035,282.249141396314,-0.99922283044464,0.0394174468757385,-0.0797353520973006
65.425179,100,92,451.705730742859,282.351343265679,-0.99922283044464,0.0394174468757385,-0.0401600001944153
65.475179,100,92,451.454067084917,281.403124294491,-0.99922283044464,0.0394174468757385,-0.152762022643106
65.775179,100,92,449.266330184598,280.684480716807,-0.980062039868894,0.198691716002509,-0.0847675742350118
65.825179,100,92,449.209260619773,280.57392597745,-0.980062039868895,0.198691716002509,-0.369891149855778
65.875179,100,92,448.742552499892,281.190861077113,-0.980062039868895,0.198691716002509,-0.110450638797115
65.925179,100,92,447.943755297474,281.039052876111,-0.985931848531402,0.167147808993871,0.32432314442054
65.975179,100,92,447.554536378634,281.477422340311,-0.982017044476344,0.188792278332423,0.461822297987659
62.075179,101,93,453.942390691842,248.906906659734,-0.999989966555164,0.0044795969687641,0.287795390602064
62.425179,101,93,452.819228269462,248.901038774858,-0.999987456375197,0.0050087016545425,0.314274927389012
62.475179,101,93,452.747081184463,248.274716974218,-0.999999106224908,0.00133699266450959,0.227075042521616
62.775179,101,93,451.786240097022,248.090496862794,-0.999061924314721,0.043304403754895,0.0612588034788779
63.025179,101,93,450.926507059445,247.78603239413,-0.998835755925306,0.0482403636503971,-0.00730387865275155
63.075179,101,93,450.779691814995,247.607518343056,-0.997227336263605,0.0744153197170813,-0.113549749699184
63.275179,101,93,450.100255230307,246.832424488516,-0.994162972307226,0.107888759809643,-0.341683189121901
63.325179,101,93,449.80128179628,247.092409211501,-0.996852168778123,0.0792827446696516,-0.13966578161239
63.375179,101,93,449.736611144536,247.202967418873,-0.99620146338733,0.0870783804680771,-0.279475987101642
63.525179,101,93,449.29835037759,247.444814748377,-0.996020585535307,0.0891234715992607,-0.422899955325717
63.575179,101,93,448.868068766035,247.470296592497,-0.993337683004321,0.115239956280825,-0.238676598172126
63.625179,101,93,448.575820370634,247.538285782567,-0.992276862232299,0.124042850170511,-0.156788606593006
63.775179,101,93,447.944114407332,247.470716533349,-0.999363732586449,0.0356669313353559,-0.0285222080671515
63.825179,101,93,447.607829819932,247.602921992364,0.999373706790998,-0.0353863557719774,-0.0963173454500091
63.875179,101,93,447.702363816386,247.390995353418,0.785008276786988,0.619485274543248,-0.724664389111095
64.025179,101,93,446.811266937837,247.549128827931,-0.999865596759338,-0.0163947679792115,0.0617555310105526
64.075179,101,93,446.51466290814,247.553284728466,-0.999934884025349,-0.0114117355915595,0.1248393148056
64.225179,101,93,446.069313711242,247.415962135088,-0.995720157875902,-0.0924195174169929,-0.044604426489769
64.275179,101,93,445.639690550212,247.62998055151,-0.993749866312215,-0.111629759492959,0.138049352813634
64.325179,101,93,445.386039365726,247.503882521002,-0.996752304082358,-0.0805285310092654,0.139737379148416
64.425179,101,93,445.047394936805,247.796677260064,-0.975840145936288,-0.218485719393839,0.0210670073995757
64.475179,101,93,444.669868945091,247.984468993132,-0.986759304008351,-0.16219147928592,0.0951366075739303
64.525179,101,93,444.328069099362,248.01978158285,-0.996995991785383,0.0774531623878644,0.170673126309548
64.575179,101,93,444.262944751366,248.196815981629,-0.997844781999716,0.0656185266212097,0.00714473398748532
64.625179,101,93,444.309279252954,248.406254422033,-0.996312580847339,-0.0857976762232844,-0.335232837526123
64.675179,101,93,443.766868707581,248.626056169612,0.957531384659502,-0.288329060956499,-0.203898642767452
64.725179,101,93,443.465760370425,248.655070580003,0.98869473157684,-0.149942414787147,-0.167114306603614
64.775179,101,93,443.552271467467,248.849405579901,-0.998421856253826,-0.056158676575073,-0.347490226236007
64.875179,101,93,442.867026410516,248.953729247863,-0.99915428095063,-0.0411184004799414,-0.162379371706446
64.925179,101,93,442.379339940292,249.271185964242,-0.999865616094422,-0.0163935887505256,0.0939204702171628
64.975179,101,93,442.269340249713,249.553879786517,-0.999999938479753,-0.000350771278976807,-0.027975421023361
65.025179,101,93,442.237819820633,249.691329805546,-0.994306670563549,-0.106556299076262,-0.479102993825593
65.075179,101,93,441.620587199292,249.861180245937,-0.998513968716052,-0.0544963694104483,-0.0256139094221962
65.125179,101,93,441.206455472804,250.084972333364,-0.998730217937519,-0.0503780882773106,0.122216199031406
65.175179,101,93,441.337869802757,249.882580722556,-0.99676874526416,-0.0803247686863244,-0.337358652872284
65.225179,101,93,440.962807267084,250.367744054793,-0.995529241271926,-0.0944538499614681,-0.312338381668131
65.275179,101,93,440.583468424722,250.194563942302,-0.999336166085668,-0.0364311289037139,-0.0227838941326819
65.325179,101,93,440.237347094387,250.139314703822,-0.999492715748622,-0.0318482521568318,0.0684656009573984
65.375179,101,93,440.222494959483,250.060741307617,-0.99856481046148,-0.0535566924672239,-0.245674461351121
65.425179,101,93,439.95258311923,249.912500601093,-0.997848401735736,-0.0655634589801137,-0.27344685964104
65.475179,101,93,439.337698888438,249.830480511544,-0.999668186917515,-0.0257588055827252,0.176371625881703
65.525179,101,93,439.046580530168,249.751976535211,-0.999697784516911,-0.0245833201984423,0.197365868793657
65.625179,101,93,438.541395351682,249.792279742338,-0.998217353530653,-0.0596834575930322,0.051033151595013
65.675179,101,93,438.028837982308,249.683838524905,-0.999408430065739,-0.0343917128613264,0.356511181352992
65.725179,101,93,437.822113639889,249.653491132382,-0.999649450969921,-0.0264759357820702,0.304264256480189
65.775179,101,93,437.425099104137,249.188058336825,-0.972497840867897,-0.232911892155121,-0.04292227682344
65.825179,101,93,437.038841888619,249.345816184476,-0.977317912739132,-0.211777471510134,0.0666747552674817
65.875179,101,93,436.733013791435,249.130381154485,-0.98384770796761,-0.179007506900911,0.203582344951439
65.975179,101,93,436.306483831152,249.528146263972,-0.979903294412539,-0.199473140045102,-0.081033781737597
62.125179,102,94,453.756266819226,225.094447702721,-0.999987106627118,0.00507804879105172,0.281104796739451
62.175179,102,94,453.683356395723,225.094817654765,-0.999987106627118,0.00507804879105172,0.203797563747012
62.475179,102,94,452.732912302889,225.09545181783,-0.999979209983153,-0.00644822467581459,0.227363767225509
62.525179,102,94,452.612441261552,224.990803533247,-0.999999958724797,0.000287315861589907,0.168587267672949
62.775179,102,94,451.697802388522,224.762417177914,-0.999998423207978,-0.00177583263791235,0.222876181879026
62.825179,102,94,451.55084984545,224.88094440691,-0.999999834589407,-0.000575170546939536,0.188055449333287
63.075179,102,94,450.605108074016,224.880322567501,-0.999953330573948,0.00966109072872275,0.189610978780547
63.125179,102,94,450.433511799387,224.388007043242,-0.999953330573948,0.00966109072872275,0.16492044348995
63.325179,102,94,449.552300528367,224.212016006105,-0.999998351839203,0.00181557673385925,0.272913190218234
63.375179,102,94,449.361035716618,224.222181135557,-0.999998351839203,0.00181557673385925,0.262063334400788
63.575179,102,94,448.624807273875,224.139864366598,-0.9999817173996,0.00604688899741888,0.162074871454787
63.625179,102,94,448.475470176708,224.400082266051,-0.999987240952393,0.00505152773137044,0.102583465471523
63.675179,102,94,448.592738499266,225.047536552129,-0.999959600051603,0.00898878549296941,-0.228403413271389
63.775179,102,94,448.395154964929,225.356815852851,-0.994658172781609,0.103223637403216,-0.49664038031025
63.825179,102,94,447.87163613019,225.525765286925,-0.999989605334437,0.0045595200488901,-0.154902614662577
63.875179,102,94,447.534043079667,225.645613989655,-0.999906205432662,-0.0136959971252953,-0.0377754475148322
63.925179,102,94,447.768628606397,225.522045584552,-0.999311963056799,0.0370890885782718,-0.50041087770251
64.025179,102,94,447.219106817651,225.795063206498,-0.996693927713615,0.081247858179815,-0.379513331864156
64.075179,102,94,446.704142531909,225.929134739794,-0.999342184637205,0.0362656587495443,-0.0993937002361548
64.125179,102,94,446.474247609697,225.979476358273,-0.999256673850717,0.0385499645239905,-0.0963027428952251
64.225179,102,94,446.181464999242,225.862666007864,-0.99395096793464,0.109824739206575,-0.239191461777421
64.275179,102,94,445.71635364268,225.845964503544,-0.999853202378272,-0.0171339923518573,-0.0698951689520922
64.325179,102,94,445.303313150737,225.785316845674,-0.999968010470485,-0.00799862711347144,0.109232899858503
64.375179,102,94,445.291509949169,225.992906525879,-0.999889953157104,-0.0148351466283138,-0.125747924326889
64.425179,102,94,445.393215427048,226.090702876102,-0.999221533193425,-0.0394503181556291,-0.491131119341754
64.475179,102,94,444.918398794113,226.054367815292,-0.99955538390954,-0.029816681529858,-0.252330645355114
64.525179,102,94,444.479399497483,226.013681606346,-0.999950241203126,0.00997572643016703,-0.0265912120569342
64.575179,102,94,444.391058726053,225.962081881517,-0.999823430793817,0.0187911478010643,-0.178694723846738
64.625179,102,94,444.923128256225,226.18224149048,-0.999359085144577,0.0357969124226373,-0.936730654830803
64.675179,102,94,444.497653096931,225.955972359655,-0.999458573886526,0.0329022656470798,-0.771546379523803
64.725179,102,94,443.735502300313,225.868674897898,-0.999933331063107,0.0115470095279804,-0.280856836815545
64.775179,102,94,443.302790979786,225.718653277945,-0.999901832033739,0.014011648567267,-0.101975246102011
64.825179,102,94,443.056439249557,225.422020493276,-0.999783938126607,0.0207864634811568,-0.112410920489492
64.875179,102,94,442.804769604959,225.402708456074,-0.999759648931362,0.0219236030031292,-0.11751320167967
64.925179,102,94,442.206897033231,225.485667761418,-0.999971874552255,0.00750000696323907,0.216153138317094
64.975179,102,94,441.965704807724,225.504460790776,-0.999924920067254,0.0122537434482645,0.199623470338291
65.025179,102,94,442.002228027032,225.95657384848,-0.999829145824036,0.0184845654744558,-0.0868737350100522
65.075179,102,94,441.514385364091,225.866495355392,-0.999875175454312,0.0157997946255423,0.133095069642382
65.125179,102,94,441.213513080668,225.612825977725,-0.999737143463453,0.0229269269535936,0.170080594149961
65.175179,102,94,441.081065880303,225.679927465191,-0.999841687168932,0.0177932739872097,0.0330778133751314
65.225179,102,94,440.968628818997,225.933401018782,-0.999840767442326,0.0178448805078965,-0.118302597617703
65.275179,102,94,440.514993185163,225.939830720735,-0.999992517609583,0.00386842666325234,0.0492407738218679
65.325179,102,94,439.92616364693,225.936715435252,-0.999997801419412,-0.00209693975628989,0.359101833486013
65.375179,102,94,440.094062498216,225.742169970267,-0.999954565642787,0.00953240002025129,-0.0703024805782148
65.425179,102,94,439.875524199452,225.54207006982,-0.999164056530956,0.0408801680109658,-0.102456800264872
65.475179,102,94,439.322415270474,225.686444455589,-0.999598121866358,0.0283477470224546,0.168124563274516
65.525179,102,94,438.875286548142,225.63994933026,-0.999588242061086,0.0286940121493469,0.336607602621628
65.575179,102,94,438.827912207135,225.60088320504,-0.997541325122912,0.0700807011382162,0.143178443638884
65.625179,102,94,438.530754147736,226.027025811842,-0.998044495062266,0.062507486558861,0.179806527120071
65.675179,102,94,438.008707550467,226.018504201871,-0.99942853641935,0.0338023755182445,0.379271533992047
65.725179,102,94,437.71642987431,226.042565883553,-0.999420679673712,0.0340338807739618,0.389126161236197
65.825179,102,94,437.156589550281,225.934899812952,-0.997376211023996,-0.072392635560657,0.225441695826954
65.875179,102,94,436.745822635545,225.917080342041,-0.999114784109559,-0.0420671864249166,0.390080627418006
65.925179,102,94,436.723785835376,225.880384853182,-0.997653807833386,-0.0684607896211105,0.0867096052670617
62.125179,103,95,453.779937094489,229.920284356664,-0.999942466942184,0.0107267332202353,0.426141827284093
62.425179,103,95,452.788230581479,229.685854913223,-0.99997266246676,-0.00739420848630145,0.499884166567034
62.475179,103,95,452.674807989708,230.235317208397,-0.999978262358723,-0.0065935430558017,0.438346209438734
62.525179,103,95,452.613608427786,230.292399645625,-0.999739722262651,-0.0228142001875552,0.358091460732037
62.775179,103,95,451.726091619756,230.737232956117,-0.999994903012585,0.00319279639977769,0.311688422460013
62.825179,103,95,451.567820463345,230.762431821182,-0.999994903012585,0.00319279639977769,0.286321407833015
63.025179,103,95,450.710994844276,231.080998101715,-0.999992922906946,0.00376219829670953,0.388067850445694
63.075179,103,95,450.507417009072,230.785504071221,-0.999992922906946,0.00376219829670953,0.396442140134866
63.125179,103,95,450.387695899976,230.468367421749,-0.999992922906946,0.00376219829670953,0.318832728471898
63.275179,103,95,450.331446156706,230.345792181366,-0.999995381183563,-0.00303934393241947,-0.219174133563116
63.325179,103,95,450.012556045139,230.308202537357,-0.999999839130432,-0.000567220512453725,-0.107151148693789
63.375179,103,95,449.768787212841,230.252994040599,-0.999999867199472,-0.00051536495722615,-0.069812572223995
63.425179,103,95,449.784150264143,229.998620819739,-0.999999811422247,-0.000614129848268279,-0.293308376956748
63.525179,103,95,449.44439572501,230.177742282386,-0.998867206673988,0.0475846974489179,-0.420144206646876
63.575179,103,95,449.117797638689,230.108848214956,-0.999933522017138,0.0115304616733603,-0.275306906160802
63.625179,103,95,448.76651851712,229.887073197146,-0.999922706378327,0.012433071585145,-0.143196946018107
63.675179,103,95,448.872259052817,230.377228243714,-0.999378978262321,0.0352371651436316,-0.473235998380667
63.775179,103,95,448.412749929414,230.761087381467,-0.99954800651066,-0.0300629785710783,-0.432145333024754
63.825179,103,95,447.95325040663,230.783531381294,-0.999981930809252,-0.00601149357485792,-0.199467166681592
63.875179,103,95,447.660258494381,230.745126525662,-0.999984896554542,-0.00549605884263408,-0.132134543130989
63.925179,103,95,447.742878928665,230.612685879023,-0.999998736791437,-0.00158947020434512,-0.442203540250984
63.975179,103,95,448.013724461307,230.268389441082,-0.999969495293465,-0.00781079269558259,-0.939235845282404
64.025179,103,95,447.368454026463,230.665757364901,-0.998347945100263,-0.0574576410417493,-0.528608578656258
64.075179,103,95,446.795294866943,230.74539378204,-0.99974923817433,-0.0223933197593932,-0.191333454518251
64.125179,103,95,446.438848964822,230.765441784001,-0.999906809340721,-0.0136518362888963,-0.0693365260971597
64.175179,103,95,446.51282727363,230.834965013414,-0.999717980708557,-0.0237478219633785,-0.38444717361681
64.275179,103,95,445.881498997783,230.971524108453,-0.999808842415529,-0.0195519469035871,-0.234650795020937
64.325179,103,95,445.414920902355,230.7955566581,-0.999981989024429,0.00600180195828987,0.00257908778075518
64.375179,103,95,445.304775330868,230.63717189056,-0.999976846575743,0.00680487416730442,-0.131468245740451
64.475179,103,95,444.850789793345,230.866439587739,-0.999926431175879,-0.0121298077424864,-0.178861642807968
64.525179,103,95,444.381869255547,230.850446836795,-0.999898974546914,0.0142141021534691,0.0565349110465807
64.575179,103,95,444.403006888962,230.752923275039,-0.999762856804846,0.0217768260638051,-0.212002778597478
64.675179,103,95,444.030786508963,230.774889033665,-0.9999080026243,0.0135641545215162,-0.349222285018607
64.725179,103,95,443.428806749464,230.793714818185,-0.999837570581812,0.0180231088622505,0.000792209044930272
64.775179,103,95,443.201246951016,230.759641663316,-0.99992365957199,0.0123561736860046,-0.0328287905635087
64.875179,103,95,442.57979681675,230.551644034048,-0.999872144218139,0.0159904726828571,0.069157396910344
64.925179,103,95,442.153556205137,230.778532261074,-0.999929236792035,0.0118962770856425,0.234007878523382
64.975179,103,95,442.039185350828,230.66044155122,-0.999908732667974,0.0135102307280612,0.0846006184946221
65.075179,103,95,441.467056287077,230.675909274405,-0.99953452079533,0.0305080602210291,0.138413875902592
65.125179,103,95,441.06852930473,230.671240007808,-0.999985356879579,0.00541165653200694,0.248774853816294
65.175179,103,95,440.641332771106,230.913351585532,0.999694838008705,0.0247028512271239,-0.374536338438983
65.225179,103,95,440.613004085317,230.310152753631,-0.999933638429926,0.0115203618124436,0.163616507544011
65.275179,103,95,440.317649238606,230.684430199241,-0.999977615780063,0.00669088475614066,0.185831150273452
65.325179,103,95,439.956081143821,230.647158196863,-0.999996219252811,0.00274981455438631,0.268853906887599
65.375179,103,95,440.067540091723,230.620971106208,-0.999973339347142,0.00730209524219437,-0.114990405772544
65.475179,103,95,439.431818021209,230.680916011692,-0.999979643378505,0.00638066051429719,-0.0369055409415493
65.525179,103,95,438.903266554149,230.82512269723,-0.999974664963566,0.00711824634328351,0.212571112148008
65.575179,103,95,438.966133237199,230.779219848398,-0.999943464311115,0.0106333523164951,-0.128872028100005
65.625179,103,95,438.541655909669,230.75393951355,-0.997453442274461,0.0713206175998847,0.0818541640882264
65.675179,103,95,438.017808237791,230.820133268327,-0.999965276231212,0.00833344657610381,0.248054050087022
65.725179,103,95,437.756530209894,230.647103459476,-0.999973424881491,0.00729037247206407,0.220016838137101
65.825179,103,95,437.088599648775,230.367452868166,-0.999894959577608,-0.0144937852645337,0.289232940912862
65.875179,103,95,436.669611044079,230.527368346892,-0.999994473225484,-0.003324683215996,0.42604305478461
62.125179,104,96,453.817842373435,236.886968774728,-0.999999555201353,-0.000943184550833285,0.513050135334116
62.475179,104,96,452.699331113999,236.840748257558,-0.999993415119799,-0.00362901047686537,0.480460142653507
62.775179,104,96,451.662346308208,236.785325785019,-0.999958707875955,-0.00908749377174333,0.449689963273935
63.075179,104,96,450.577481821171,236.747132615087,-0.997420995331371,-0.0717729619855297,0.449805813399274
63.325179,104,96,449.644393244766,236.463934493492,-0.999973391616904,0.00729493373412483,0.284762753408798
63.375179,104,96,449.515057415153,236.359152690001,-0.999972296354401,0.00744355585097993,0.205060110962391
63.425179,104,96,449.635717891132,235.903707519853,-0.999988515069738,0.00479267447473952,-0.124948387509547
63.525179,104,96,449.412833676982,236.134785160331,-0.984039492833837,0.177950208045189,-0.529983687976249
63.575179,104,96,448.917672756891,236.367627033964,-0.999310170898321,0.0371373442665006,-0.0763948075944062
63.625179,104,96,448.732570218093,236.449088023118,-0.998865945071617,0.0476111728083396,-0.112578938684983
63.725179,104,96,448.871595265199,236.449681387013,-0.984039492833837,0.177950208045189,-0.76675117184121
63.775179,104,96,448.381999381887,236.090768077511,-0.99975101471751,-0.0223138650015912,-0.368274647900858
63.825179,104,96,447.808150861133,236.222304102134,-0.999956180424819,0.00936147585628166,-0.0497078032699639
63.875179,104,96,447.517188654281,236.426860797035,-0.999852266921521,0.0171884941718387,0.0118729394469784
63.925179,104,96,447.644547838597,236.441107051299,-0.99999264901309,-0.00383430825361022,-0.333327518889497
64.025179,104,96,447.077957892851,236.551698135835,-0.999999895762625,0.000456590341371856,-0.232684796887286
64.075179,104,96,446.591987704301,236.61724345209,-0.999970269895936,0.00771098724214718,0.0174159036232089
64.125179,104,96,446.449333125849,236.660228099426,-0.999981702105253,0.00604941771425508,-0.0755487472109762
64.225179,104,96,446.227448127902,236.637252924723,-0.998952843574726,-0.0457516809960917,-0.330241950521047
64.275179,104,96,445.781654816421,236.715295228836,-0.999764505345886,-0.0217010103565538,-0.129554080421071
64.325179,104,96,445.476058108579,236.862693853473,-0.999970414546973,-0.00769220584457234,-0.067445490393055
64.375179,104,96,445.607376287791,236.500333395243,-0.999801492270608,-0.0199242579150644,-0.441141702162924
64.475179,104,96,444.967565337285,236.566314813554,-0.999625329638693,-0.0273715243407283,-0.300785585371774
64.525179,104,96,444.511538104523,236.631285842216,-0.999681615421081,0.0252322767323387,-0.0857422341406801
64.575179,104,96,444.342044039057,236.708930065701,-0.999696400688257,0.0246395302500792,-0.165438315479887
64.675179,104,96,443.721610543632,236.637842728436,-0.999852390557245,0.0171813007936608,-0.0565174302927495
64.725179,104,96,443.346657588915,236.764140724152,-0.99968886562626,0.0249433747292173,0.0683638929344484
64.775179,104,96,443.281707296469,237.013489504679,-0.999860069942625,0.0167284349037644,-0.124773609222956
64.875179,104,96,442.541757712919,237.325155729214,-0.999705236138475,-0.0242784026928661,0.0502460193968824
64.925179,104,96,442.170416291786,237.230021736544,-0.999736284037977,0.0229643719256006,0.213513770994217
64.975179,104,96,442.027110182392,237.204347547135,-0.999749242250017,0.022393137799687,0.0913790318548496
65.075179,104,96,441.445329958178,237.10511324432,-0.999160229994663,-0.0409735865773616,0.0663163669422663
65.125179,104,96,441.056817754335,236.84808614512,-0.999035487923893,-0.0439100656873587,0.191397914578502
65.175179,104,96,441.023216716923,237.286816263236,0.999343642290468,0.0362254691290809,0.0562851399578853
65.275179,104,96,440.321430904913,237.323094859578,-0.999077975976314,0.0429324809331001,0.211315531525719
65.325179,104,96,440.06691713451,237.288387501919,-0.999135287012642,0.0415773766147629,0.187835834280858
65.375179,104,96,440.073740564104,236.888335050254,-0.999998236870064,0.00187783299669237,-0.155526190545192
65.425179,104,96,439.994982889573,236.815923501805,-0.999643280064078,-0.0267079131107658,-0.386068928487898
65.475179,104,96,439.287598056624,236.73829701189,-0.999653571497543,0.0263198972681795,0.0959719714358761
65.525179,104,96,438.897767569124,236.890544703179,-0.99999986672874,-0.000516277544154883,0.176548777547936
65.575179,104,96,439.223883371524,236.82973349924,-0.999643280064078,-0.0267079131107658,-0.46333480353214
65.625179,104,96,438.579861044243,236.813248517074,-0.999894812870052,-0.0145039027700745,-0.0901819214363856
65.675179,104,96,438.021835986401,236.747320877514,-0.999999249271289,-0.00122533948719446,0.197310299908141
65.725179,104,96,437.690946390395,237.005520665521,-0.99999999298863,0.000118417647685679,0.242091519664239
65.825179,104,96,436.894407116961,236.97673720973,-0.999999305633781,0.00117844471872463,0.460559417778861
65.875179,104,96,436.583217903735,236.975763948829,-0.999984720650172,0.00552797125505105,0.486284444500265
65.925179,104,96,436.430123322036,237.146724698189,-0.999991981170035,0.00400469669611792,0.344610644586046
62.175179,105,97,204.370161056548,236.589962687576,-0.999538215455329,0.0303867708777362,-0.206492157730184
62.225179,105,97,204.11573003949,236.477586607581,-0.999556964657467,0.0297636423300453,-0.327537558211075
62.275179,105,97,203.543341076958,236.861939605354,-0.9998533934886,0.0171228364861219,-0.13872548833909
62.325179,105,97,203.281172605546,236.676974573539,-0.999647420800188,0.026552477992298,-0.226700768461457
62.375179,105,97,202.860176926248,236.781202753934,-0.999874279882294,0.015856368747707,-0.184207433751213
62.425179,105,97,202.850698111022,236.479533038617,-0.999724547212878,0.0234697613964496,-0.527784413684854
62.475179,105,97,202.696529618295,236.507503270535,-0.999713735049982,0.0239258845690964,-0.729059123349079
62.525179,105,97,202.284443920857,236.874972455849,-0.999877176703066,0.0156726356528195,-0.674122689942849
62.575179,105,97,202.027197697892,236.896201260903,-0.999864388628953,0.0164682832028848,-0.765649970850665
62.625179,105,97,201.911652803287,236.972014891511,-0.999877176703066,0.0156726356528195,-0.997344508534467
62.675179,105,97,201.56495264123,237.180938145834,-0.999871836732885,0.0160096879546983,-0.991543240562505
62.775179,105,97,201.073302437462,237.312092251167,-0.999796670593441,0.0201647581257636,-1.17371037904571
62.825179,105,97,200.704273571622,237.227645931027,-0.999509873209833,0.0313051650061685,-1.13224644322765
62.875179,105,97,200.369019133864,237.406475953128,-0.99945771003869,0.0329284959300833,-1.12514088817337
62.925179,105,97,199.883053732559,237.597192732546,-0.999325361406096,0.0367263127822016,-0.961623373903698
62.975179,105,97,199.101471595099,237.579150871151,-0.998980532386476,0.0451430605168997,-0.503686737772406
63.025179,105,97,198.990780334044,237.668790815045,-0.99985588048632,0.0169769919869482,-0.741603790617257
63.075179,105,97,198.804243481495,237.554117316759,-0.999789775001871,0.0205037996895021,-0.876574437827419
63.125179,105,97,198.129985740382,237.419184421346,-0.999711817704691,0.0240058647330774,-0.523214062936205
63.175179,105,97,197.428696630017,237.660013341851,-0.999644230300363,0.0266723232432782,-0.131793748103957
63.225179,105,97,196.464603355774,237.812725544262,-0.999538431270012,0.0303796710693932,0.523712335473013
63.275179,105,97,195.286878513525,238.219545187949,-0.998937009221382,-0.0460961127194111,1.34692890937468
63.325179,105,97,194.789177995489,238.688101168618,-0.999387541399313,-0.0349934579005294,1.53713477764805
63.375179,105,97,194.334616020125,238.842065291834,-0.998341976694095,-0.0575612505990614,1.66412177736376
63.425179,105,97,194.132387781378,239.282218293682,-0.998341976694095,-0.0575612505990614,1.55097837000792
63.475179,105,97,193.828876217486,239.573341469563,-0.998341976694095,-0.0575612505990614,1.55066388839751
63.525179,105,97,193.493123692663,240.026623752679,-0.998636642082996,-0.0522001636893868,1.58671514596358
63.575179,105,97,193.30951928155,240.277844504106,-0.998616580079567,-0.0525825635566619,1.47514608567138
63.625179,105,97,193.005108532437,240.83309338212,-0.998341976694095,-0.0575612505990614,1.45990948791967
63.675179,105,97,192.999992663142,240.94373901447,-0.998636642082996,-0.0522001636893868,1.19786489041243
63.725179,105,97,192.833040799063,241.144443156473,-0.998599070682506,-0.0529140438072481,1.08101426135673
63.775179,105,97,192.613486830318,241.832454547652,-0.996810326079836,-0.0798071038229703,0.913903464008653
63.825179,105,97,192.381055062194,241.846406116218,-0.997687965601588,-0.0679611896141026,0.918710283438695
63.875179,105,97,192.201822193809,242.042127427731,-0.998372319328386,-0.0570325520984142,0.857751528815477
63.925179,105,97,191.978727384153,242.090485766706,-0.997584231230514,-0.0694672699926004,0.784421191443906
63.975179,105,97,191.970965772921,242.243958929032,-0.998048082453977,-0.0624501810240687,0.549766185751398
64.025179,105,97,191.739214613872,242.511324972277,-0.998147444250221,-0.0608414294436876,0.519509203030719
64.075179,105,97,191.598433094785,242.936013252829,-0.998841857988525,-0.0481138517480363,0.429794684494214
64.125179,105,97,191.476016871354,243.266429964129,-0.99937910022653,-0.035233705885287,0.336273950606834
64.175179,105,97,191.243199814418,243.277494508049,-0.998565836550424,-0.0535375576054021,0.263474706197325
64.225179,105,97,191.01405161503,243.390217641249,-0.999010895655886,-0.0444660585258615,0.279584292429991
64.275179,105,97,190.878464439852,242.79089567987,-0.997836454531065,-0.0657450379030515,0.150905758690026
64.325179,105,97,190.771934130862,242.303605575864,-0.997836454531065,-0.0657450379030515,0.0609682930525174
64.375179,105,97,190.519477104096,241.862866612185,-0.998946128100729,-0.0458980735169003,0.145560695329566
64.425179,105,97,190.544427715707,241.629456070882,-0.998709070313259,-0.050795598963154,-0.0977204592297436
64.475179,105,97,190.321740651467,241.452862634413,-0.998946128100729,-0.0458980735169003,-0.0822668991276338
64.525179,105,97,190.084949144551,241.334505799314,-0.999375956963876,0.035322749645763,-0.0161978217755599
64.575179,105,97,189.999972362989,240.96997970581,-0.997150817285877,0.0754337297639909,-0.166944862395916
64.625179,105,97,189.931787846961,240.897043253943,-0.999012886169834,0.044421315453483,-0.323404607882416
64.675179,105,97,189.76472309773,240.911528944029,-0.997857741112439,0.0654211624933481,-0.378927763373671
64.725179,105,97,189.590913251346,240.974586705681,-0.998670126636568,0.0515555832446986,-0.412144253080751
64.775179,105,97,189.36657465998,240.53890543241,-0.999970769840021,0.00764587899166849,-0.380093774546557
64.825179,105,97,189.201588437538,240.917305866046,-0.999811638311101,0.0194084491310488,-0.42119343324276
64.875179,105,97,189.015053718198,240.600258135429,-0.999708983208206,-0.0241236169098761,-0.390153033129799
64.925179,105,97,188.854542538603,240.350919016454,-0.999689426617871,0.024920880972257,-0.486606995409369
64.975179,105,97,188.917412556373,240.253005878701,-0.999984967093413,-0.0054832095698283,-0.690830723509025
65.075179,105,97,188.733952663543,240.624048864874,-0.999918512095403,0.0127659378392428,-0.901885989111521
65.175179,105,97,188.663737269835,240.946099343044,-0.997584990398872,0.0694563671011018,-1.26362722415573
65.425179,105,97,188.035920839769,241.418481971486,-0.997708151826176,0.0676641986548037,-1.44146038878208
62.325179,106,98,352.341185964771,214.374663368669,0.998103573410002,-0.061556939057955,-2.50592451779331
62.375179,106,98,352.981685356406,214.531184357669,0.998103573410002,-0.061556939057955,-2.05623676365157
62.425179,106,98,353.470473321375,214.281169246689,0.998103573410002,-0.061556939057955,-1.73296962473459
62.475179,106,98,354.423182486945,213.980883231432,0.998103573410002,-0.061556939057955,-0.943582309000131
62.775179,106,98,357.204462639393,213.167419262391,0.999864108155952,-0.0164853031971547,0.715812491504619
62.825179,106,98,357.296568648708,213.264907750758,0.999332267022891,-0.036537926691172,0.663649656334987
62.875179,106,98,357.601683564426,213.718066624807,0.998481234709894,-0.0550928664366422,0.796874280687487
62.925179,106,98,357.820072880894,213.831810516523,0.998481234709894,-0.0550928664366422,0.828936305367955
62.975179,106,98,357.949450431573,213.451426967763,0.973966665984485,0.226691273654428,0.346695536604032
63.025179,106,98,358.108932512258,213.587259308421,0.97897373998506,0.203986314295015,0.401000663868915
63.075179,106,98,358.070526939277,213.614111511903,0.999918794560292,0.0127437939834532,0.463275384668539
63.125179,106,98,358.03208036158,213.558754750128,0.95730637533252,0.289075256201067,-0.136248926912341
63.175179,106,98,358.106820725831,213.62958142618,0.999943350820173,0.0106440194722283,0.147141727965757
63.225179,106,98,357.913410968394,213.534460844429,0.999677709745742,0.0253865444184099,-0.244036355332345
63.325179,106,98,358.145961079492,213.784910379475,0.987557830793795,-0.157256258501385,-0.173551173139081
63.375179,106,98,358.319579049777,213.902512351199,0.987557830793795,-0.157256258501385,-0.200936371824202
63.475179,106,98,358.679190808502,214.227515880039,0.987557830793795,-0.157256258501385,-0.257322502407754
63.525179,106,98,358.807947500211,214.234041041484,0.99563731261963,-0.0933077795232638,-0.341063621519172
63.575179,106,98,358.869265927727,214.130728007364,0.995906352089264,-0.0903910275871128,-0.45127612252886
63.625179,106,98,359.061537550074,214.149252531885,0.911243698571818,-0.411867602286406,-0.258616735143262
63.675179,106,98,359.697356358347,214.22835675786,0.965177016907555,-0.261597641490579,0.0632824166761549
63.725179,106,98,360.110955256622,214.382969963746,0.994498979767295,-0.104746261230695,0.227138724716159
63.775179,106,98,360.900576233148,214.66930332779,0.999518561792453,-0.0310265149887474,0.820639276061498
63.825179,106,98,361.13244524496,214.645068560475,0.98253733098541,-0.186065561617586,0.832164215493143
63.875179,106,98,361.203887669355,214.671120457695,0.980235414068701,-0.197834610231783,0.713668113181976
63.925179,106,98,361.333145162095,214.272401030634,0.999620661934129,-0.0275414639112485,0.733416178811727
63.975179,106,98,360.971406394121,214.28448923049,0.704077724980824,-0.710122916955809,0.191491020989058
64.025179,106,98,361.416958071711,214.309059874469,0.998978776027918,-0.0451819106032767,0.462947966232654
64.075179,106,98,361.747085947913,214.277319321959,0.998954121921039,-0.0457237607482869,0.617317899877058
64.125179,106,98,361.562361390076,214.381956105177,0.944226559524642,-0.329296529420306,0.204222059778019
64.175179,106,98,361.758831903567,214.662584310783,0.965720193984772,-0.259585259462117,0.157097663260736
64.225179,106,98,361.893067020858,214.266203229971,0.90485952856258,-0.425710269513793,0.186679326956141
64.275179,106,98,361.985176542844,214.410489846087,0.943343888283632,-0.331816678962826,0.0652965590764185
64.325179,106,98,362.293284826625,214.368239006001,0.999100749906132,-0.0423991926456828,0.278226895888194
64.375179,106,98,362.586704769175,214.664185231051,0.999148832583104,-0.0412505799695096,0.383937620089145
64.425179,106,98,362.741475858204,214.665733632796,0.9989650888001,-0.0454835284318238,0.360600778136427
64.475179,106,98,362.827163612652,214.501529383419,0.998954121921039,-0.0457237607482869,0.278362792963694
64.525179,106,98,362.830760297139,214.502112561192,0.999951756939562,0.00982261642757302,0.134893159117364
64.575179,106,98,362.896906045697,214.358632927854,0.999855702644306,0.0169874627199488,0.0293733464142824
64.625179,106,98,362.778059664784,214.711787207951,0.999996418625671,-0.00267632879722992,-0.271308739978983
64.675179,106,98,363.336649710859,214.521049958214,0.999992869638454,0.00377633052709616,0.118819197935181
64.725179,106,98,363.374713991255,214.635798318759,0.999996418625671,-0.00267632879722992,-0.0201261846589065
64.775179,106,98,363.706396309856,214.506679209314,0.999626191582984,0.0273400274560695,0.159577489282665
64.825179,106,98,363.821229054241,214.717681574354,0.999937825349742,0.0111510284202282,0.0942271879022891
64.875179,106,98,363.950808414717,214.441124438421,0.999641486806945,0.0267749482614066,0.0598102202317793
64.925179,106,98,364.076670420009,214.46553168652,0.999667496804722,0.0257855741099835,0.0150008765782257
64.975179,106,98,364.267904820396,214.843365328255,0.999995595517142,0.00296798691303568,0.0195287374410281
65.025179,106,98,364.493524640694,214.713632521629,0.99971523167509,0.0238632679409234,0.0957922605714223
65.125179,106,98,364.971343221862,214.505072569996,0.99971523167509,0.0238632679409234,0.229243706858403
65.175179,106,98,365.147314208123,214.77852243983,0.99971523167509,0.0238632679409234,0.2425281581327
65.225179,106,98,365.312540829837,214.651019851614,0.99971523167509,0.0238632679409234,0.23582078813214
65.275179,106,98,365.251320878614,214.327260524313,0.999604791943014,0.0281115621153308,0.0019029006064319
65.325179,106,98,365.334284803444,214.38572066523,0.999557684473336,0.0297394588098559,-0.0800435348848333
65.375179,106,98,365.355613064365,214.417610062458,0.999557684473336,0.0297394588098559,-0.225407849139449
65.475179,106,98,365.904677464002,214.327266963016,0.999713456730399,0.0239375109850109,-0.0191318655369047
65.525179,106,98,365.840196933409,214.5172464495,0.999488515004733,0.0319798119699573,-0.236221109802794
65.575179,106,98,366.097522956932,214.455703584987,0.999612448728187,0.0278379659392964,-0.15199315879516
65.625179,106,98,366.075027166619,214.20670831029,0.999557684473336,0.0297394588098559,-0.345538558351985
65.675179,106,98,366.26451234805,214.310791775178,0.999572887100385,0.0292240204934318,-0.319120671501613
65.725179,106,98,366.333484959995,214.24066428474,0.99963879695617,0.0268751859532486,-0.419890091817576
65.775179,106,98,366.458740010221,214.661180877768,0.999959275577228,-0.0090248095307306,-0.502540676272444
65.825179,106,98,366.531635272607,215.166678191328,0.999959275577228,-0.0090248095307306,-0.599995750025801
65.925179,106,98,366.708623287006,215.546975473042,0.999959275577228,-0.0090248095307306,-0.756852251512544
65.975179,106,98,367.192405033196,215.257293978728,0.999959275577228,-0.0090248095307306,-0.435085102156242
62.425179,107,99,452.744463734557,243.297427896454,-0.999999977102185,-0.00021399913223774,0.801328044813431
62.475179,107,99,452.672040539342,242.769220658408,-0.999999977102185,-0.00021399913223774,0.697403938016697
62.775179,107,99,451.716942124555,242.065594704602,-0.999994066561545,0.00344482825468515,0.543970964888736
63.025179,107,99,451.03851580808,241.867891422309,-0.999627127467321,0.0273057875080013,0.211805965186323
63.075179,107,99,450.975212662985,241.910715238715,-0.999712248665157,0.0239879108897679,0.0816106692134302
63.275179,107,99,450.32135780111,242.144955060796,-0.999442212514196,0.0333955662435733,-0.0854336438141954
63.325179,107,99,449.909923979999,242.172050330696,-0.999873449138205,0.0159086677150742,0.132450624445295
63.375179,107,99,449.720745430089,242.052629131255,-0.999861867546246,0.0166206446003928,0.107295334071059
63.425179,107,99,450.018517449648,241.567831604892,-0.999442212514196,0.0333955662435733,-0.433986329376346
63.525179,107,99,449.73562414085,241.736487683648,-0.997646489778176,0.0685673496154212,-0.611704710268512
63.575179,107,99,449.049447937611,241.89774528859,-0.999683956484219,0.0251393545672412,-0.096966756654093
63.625179,107,99,448.829390242679,241.569872658636,-0.999244135940808,0.038873600140825,-0.120743275071005
63.675179,107,99,448.786150622508,241.863456384968,-0.999271061551651,0.0381751954210695,-0.2873210921346
63.775179,107,99,448.452822868401,241.89901744698,-0.998872350582526,0.0474765967792462,-0.407272226078659
63.825179,107,99,447.907628225325,241.829825952379,-0.998775622638672,0.049469744518569,-0.0938862408188225
63.875179,107,99,447.557764812777,241.888231018437,-0.998651800342646,0.0519093601616406,0.028812545241508
63.925179,107,99,447.620209162724,241.590372967855,-0.998220797964414,0.0596258208437366,-0.284685727248255
63.975179,107,99,447.583820632929,241.746953330629,-0.999953716854177,0.00962102642742272,-0.444683919605599
64.025179,107,99,447.134715874394,241.813908957708,-0.999822053995802,-0.0188642610143061,-0.219365929543995
64.075179,107,99,446.626402663699,241.742035515118,-0.99999430812052,0.00337397785460075,0.0412398485999291
64.125179,107,99,446.618403647751,241.830487169789,-0.999996885076376,-0.00249596425168662,-0.188750883318558
64.175179,107,99,446.80808648393,241.441951364097,-0.999914101852385,-0.0131068271041737,-0.612735557961364
64.225179,107,99,446.478825367325,242.118850746479,-0.999914101852385,-0.0131068271041737,-0.536648936230934
64.275179,107,99,445.853070752837,241.942264122582,-0.999855239253883,-0.0170147152947206,-0.154464795048877
64.325179,107,99,445.393266563939,241.910666869574,-0.999981866908516,-0.00602211376167448,0.0577368188372594
64.475179,107,99,444.577943039749,241.931007553641,-0.999537684213883,-0.0304042404336723,0.117296558524761
64.525179,107,99,444.246885840559,241.796838342865,-0.999729261111674,0.0232680999891749,0.199937068778251
64.575179,107,99,444.272649989979,241.887132190933,-0.999593128595825,0.0285232758288824,-0.0770763290115574
64.675179,107,99,443.491344696628,241.9015767719,-0.999999147436097,0.00130580514604634,0.18350559858402
64.725179,107,99,443.218240753648,241.940943242857,-0.999690278776648,0.0248866735316051,0.205015944852485
64.775179,107,99,443.136506035577,241.892647706488,-0.999508996375517,-0.0313331480130353,0.0043349989259006
64.875179,107,99,442.61348440631,242.173676305199,-0.99999947761183,-0.00102214287968047,0.00932502154552181
64.925179,107,99,442.164475004336,242.039876540048,-0.998873427808361,-0.0474539273229896,0.162138501402716
64.975179,107,99,442.144611521775,241.977811670188,-0.999750220515379,-0.0223494201144306,-0.0696432263800494
65.075179,107,99,441.613416331014,242.042073907346,-0.999984112117489,-0.00563697725701971,-0.0702220658938899
65.125179,107,99,441.164179593663,242.085492160633,-0.990409903405976,-0.13816013620204,-0.00594007277353382
65.175179,107,99,441.124323713421,241.762519221866,-0.99985513648695,-0.0170207532343084,-0.133497325520776
65.225179,107,99,441.133600421174,241.813333375002,-0.999580182813546,0.0289734037772326,-0.390754524272127
65.275179,107,99,440.47675914692,241.940135146484,-0.999428549210208,0.0338019973312058,-0.00289419885026437
65.325179,107,99,440.054670382279,242.086344071408,-0.998620473952306,0.0525085612378717,0.164630436117399
65.375179,107,99,439.779323097278,242.014621716163,-0.999107211281338,0.0422466609997495,0.14804076762097
65.425179,107,99,439.674064094179,242.522232101284,-0.999369768587557,-0.0354974031902656,-0.121117046312413
65.475179,107,99,439.188881413995,242.060755882357,-0.999003156533786,0.0446395926900391,0.180677016406717
65.525179,107,99,438.874703743977,241.961867299585,-0.999999999416238,3.41690473176793e-05,0.16297034018359
65.575179,107,99,438.919413999713,242.132962353534,-0.999999872686781,-0.000504605214515525,-0.168563607337121
65.625179,107,99,438.594894493518,242.125355541623,-0.99903731981491,-0.043868366929284,-0.184562892513096
65.675179,107,99,438.031633776522,242.130221022545,-0.999997093618535,0.00241096546698269,0.146221359736174
65.725179,107,99,437.635861303287,241.972647762193,-0.999867857101237,0.0162563321748963,0.266910991671384
65.775179,107,99,437.439816901213,241.81230814841,-0.999977095696521,-0.0067681668382926,0.145958126458159
65.825179,107,99,436.983676641598,241.610114326422,-0.999916884830435,0.0128927666153559,0.326367341019437
65.875179,107,99,436.662391828936,241.672057323271,-0.999833327541291,0.0182569750426932,0.359164462615404
65.925179,107,99,436.406784016395,241.759832119563,-0.999850028338697,0.0173182225158228,0.319994206491742
65.975179,107,99,436.392574249829,241.475905920308,-0.999977095696521,-0.0067681668382926,0.0136674122827019
62.475179,108,100,452.660738585541,219.40885803687,-0.999999583262921,0.000912947963627504,0.0647779660463165
62.525179,108,100,452.586219503081,219.470896285443,-0.99992514581786,-0.0122353079704167,-0.0124506496662981
62.775179,108,100,451.659283949847,219.3267886818,-0.99999136331177,-0.0041561162000075,0.0740668168171583
62.825179,108,100,451.517220930377,219.223522790158,-0.999986407483452,-0.00521390912267959,0.0434068348799538
63.075179,108,100,450.558004855527,219.301856353384,-0.999999931758034,0.000369437311997641,0.0989626085745798
63.125179,108,100,450.413289457261,219.142134231028,-0.99999954281167,-0.00095623033388933,0.0576841987810288
63.325179,108,100,449.54392102989,219.007674085937,-0.999998766945736,-0.00157038435019589,0.160285345895515
63.375179,108,100,449.360758766187,219.028782521487,-0.999999006800683,-0.00140939619961495,0.146371659517275
63.575179,108,100,448.442509896355,219.216786831098,-0.999999408839872,-0.0010873453482879,0.256039763534048
63.625179,108,100,448.266547839599,219.211332696536,-0.999999325257001,-0.00116167359598763,0.224897227427432
63.825179,108,100,447.599915444332,219.432540445404,-0.999784151378459,0.0207762039953305,0.052324203530379
63.875179,108,100,447.41699883829,219.368619410666,-0.999978871461041,0.00650051009551813,0.0121005094435069
63.925179,108,100,447.688739858089,219.236795328971,-0.998787152040764,0.0492364186177232,-0.465839675634282
64.025179,108,100,447.408629156618,219.523185877094,-0.997887787820449,0.0649612416661728,-0.600778974297009
64.075179,108,100,446.758588608846,219.591766710894,-0.999911646575621,0.0132928192055044,-0.208912471165189
64.125179,108,100,446.501007540611,219.420744079126,-0.999779170531349,0.0210145228746322,-0.174892056393684
64.225179,108,100,446.331296699118,219.940653576336,-0.995710173268402,0.0925270276719641,-0.364040902459241
64.275179,108,100,445.791520337015,219.887833314145,-0.999873388224819,-0.0159124957131372,-0.18755500020825
64.325179,108,100,445.327654574278,219.703035735182,-0.999920019991384,-0.0126472771942918,0.0481737059050994
64.475179,108,100,444.701571043694,219.306863014148,-0.999915208720842,-0.0130221107642114,-0.0347080027441158
64.525179,108,100,444.323573751506,219.49848604537,-0.999800930806208,-0.0199524123614357,0.0928386720414077
64.575179,108,100,444.285807291752,219.142053137291,-0.999835854971645,-0.0181180328159392,-0.104621351079618
64.675179,108,100,443.91415946798,219.314414364818,-0.999350119292077,-0.036046346152022,-0.242839511795029
64.725179,108,100,443.456300493465,219.386334605338,-0.999590835113895,-0.0286035374788833,-0.0299943230151287
64.775179,108,100,443.193738084599,219.138853263908,-0.999590057322388,-0.0286307055837761,-0.0110411558837738
64.875179,108,100,442.933017540869,218.947894110083,-0.9998537861742,-0.0170998910265001,-0.24486744063014
64.925179,108,100,442.261721380174,219.043165221559,-0.999684564879616,-0.025115149640283,0.16381558674071
64.975179,108,100,441.951717347763,218.792670480523,-0.9996775664529,-0.0253921864125179,0.222608718082472
65.025179,108,100,442.160982413493,218.706832189315,-0.995281826560883,-0.0970262114978819,-0.269723562285973
65.075179,108,100,441.664788898647,218.937118689825,-0.999667855618797,-0.0257716596771709,-0.0140210796797135
65.125179,108,100,441.283904628717,218.957765406153,-0.999604231826344,0.0281314719640743,0.140397421711301
65.175179,108,100,441.099736521171,218.924521342043,-0.999473191083845,-0.0324552045853421,0.020577169887055
65.275179,108,100,440.548464226567,219.074722654784,-0.999397062535159,-0.0347204751709472,0.0319479667380016
65.325179,108,100,439.973379661585,218.833979986939,-0.998928497231684,-0.0462802054711161,0.338741521108833
65.375179,108,100,439.780319276139,218.285043916392,-0.99861780258647,-0.0525593412950556,0.285775385428965
65.425179,108,100,439.681459567294,217.86336206146,-0.99865922992813,-0.0517662291397945,0.134338835925962
65.475179,108,100,439.321806915379,217.633468496824,-0.996580278027588,-0.0826301969406756,0.247206965346694
65.525179,108,100,438.911276760051,217.474053574048,-0.988371970770252,-0.152055408965706,0.437132105187104
65.575179,108,100,438.987641004075,217.252510279329,-0.985381674072112,-0.170361252645203,0.13561807795849
65.625179,108,100,438.646434116796,217.549158408859,-0.995081229179385,-0.0990623406489272,0.106253051745348
65.675179,108,100,438.046963507308,217.355166097881,-0.981661199665201,-0.190633913750618,0.504108152730725
65.725179,108,100,438.045286896918,217.195897513253,-0.984851162811152,-0.173401808264857,0.242858614305353
65.775179,108,100,438.649513890074,217.219717602483,-0.969631365996848,-0.244571081845518,-0.565559976003806
65.825179,108,100,437.685220792954,217.303177916328,-0.998101840598371,-0.061585028977375,-0.0674397610360491
65.875179,108,100,437.00083979103,217.845172278101,-0.977607387910587,-0.210437152381988,0.317595323078872
65.925179,108,100,437.181834599893,218.19846576787,-0.999981249320557,-0.00612380660199373,-0.182882005634755
65.975179,108,100,437.642514412991,217.963438874827,-0.989042956910523,-0.147628010166397,-0.91512496227437
62.525179,109,101,442.846762548187,242.590213845882,-0.999990950876819,0.00425419375156188,0.235474246727584
62.575179,109,101,442.803693451384,242.384163309721,-0.999990950876819,0.00425419375156188,0.128816789775586
62.875179,109,101,441.887155144388,242.541971080733,-0.999990950876819,0.00425419375156188,0.112653183161941
62.925179,109,101,441.768039645573,242.183328756654,-0.999990950876819,0.00425419375156188,0.0680581418093932
63.175179,109,101,440.881174562252,242.229209874322,-0.999363060828992,0.0356857485631084,0.111406555023022
63.225179,109,101,440.726694496669,242.581899817035,-0.999507454628877,0.0313822902495067,0.105875235218867
63.475179,109,101,439.777791894606,242.28573652728,-0.999998681266759,0.00162402732219879,0.153008526877136
63.525179,109,101,439.618200037422,242.142171646391,-0.999998681266759,0.00162402732219879,0.12827358855613
63.775179,109,101,438.665836424811,242.143122917263,-0.999969010114253,-0.00787266226383737,0.13055370479946
63.825179,109,101,438.512197987489,241.674058616762,-0.999969010114253,-0.00787266226383737,0.0929753321368104
64.025179,109,101,437.813167809945,241.436151460466,-0.999992749808124,0.00380793003955362,-0.0037367768750582
64.075179,109,101,437.712058479518,241.372137673271,-0.999992749808124,0.00380793003955362,-0.105603850362994
64.225179,109,101,437.63273891023,241.223131009586,-0.999568804682268,0.0293633224629119,-0.648115722025453
64.275179,109,101,437.07643615564,241.55432896178,-0.999909103174139,0.0134827812223285,-0.294275405447117
64.325179,109,101,436.662467883231,241.573739232894,-0.999968948794293,0.0078804471470184,-0.0922096642371148
64.375179,109,101,436.7014779985,241.331816703385,-0.999849359749636,0.0173567798926773,-0.344437832355223
64.475179,109,101,436.271221460365,241.399510691605,-0.99998858968599,-0.00477708047090748,-0.347166865763298
64.525179,109,101,435.945304757038,241.450606039034,-0.998276078369246,-0.0586930264658352,-0.257031952647868
64.575179,109,101,435.608639581411,241.475243242508,-0.997836104730574,-0.065750346737595,-0.146092151975923
64.725179,109,101,434.832674593781,241.684945132483,-0.998567919772494,-0.0534986878459001,-0.0488977273312686
64.775179,109,101,434.502610964406,241.480731459445,-0.999613417118783,-0.0278031709722037,0.0794729861714119
64.825179,109,101,434.515800879324,241.475477340623,-0.9993491754833,-0.0360725028359372,-0.165995575432805
64.925179,109,101,434.063332527397,241.975746190547,-0.999573553496905,-0.0292012182891325,-0.183852216598834
64.975179,109,101,433.594029751572,241.555738145732,-0.999638191055987,-0.0268977133287323,0.0673282635645463
65.025179,109,101,433.444652296281,241.450874585999,-0.999527513988272,-0.0307367659395772,-0.0166747963238014
65.125179,109,101,433.073693030414,241.414525735588,-0.999592062607045,-0.028560608764418,-0.114494617595249
65.175179,109,101,432.69518634554,241.253810608944,-0.999539411418914,-0.0303474054958903,0.0295708712398375
65.225179,109,101,432.394084532657,241.12910042138,-0.999522038621383,-0.0309143059141757,0.0947851404955231
65.275179,109,101,432.376254915023,240.589144373313,-0.999398135889079,0.0346895658870928,-0.109836773684417
65.375179,109,101,431.747241638307,240.471900196903,-0.999996927037983,-0.00247909551865196,0.0346195477207418
65.425179,109,101,431.344050264721,240.25288668655,0.999919607489209,0.0126798485253659,-0.196502741449589
65.475179,109,101,431.313645762464,239.992849666127,-0.999398135889079,0.0346895658870928,-0.0367557404391366
65.525179,109,101,431.302117357673,239.662801746631,-0.998979471391999,-0.0451665333777418,-0.222408066222594
65.575179,109,101,430.84406035798,239.474493163805,-0.999618209231097,-0.0276303415399607,-0.0214556416831202
65.625179,109,101,430.352160137691,239.416842075641,-0.999971193660774,-0.00759024694240466,0.202973477131817
65.675179,109,101,430.329940242204,239.111387036643,-0.999579280672925,-0.0290045108456957,0.00243293961300091
65.775179,109,101,429.254254847989,238.916798613474,-0.999993180622295,0.0036930622667095,0.53223180837094
65.825179,109,101,428.862858840624,238.809157448959,-0.999999978707929,-0.000206359254162931,0.674069519075222
62.525179,110,102,442.958599053199,249.371971309296,-0.99989311163999,-0.0146207145823259,0.223944559912006
62.875179,110,102,441.838875887171,248.756272431488,-0.99993113162754,-0.0117359278315266,0.246536363546511
62.925179,110,102,441.7710826477,248.44681159658,-0.999988435542274,-0.00480923920338453,0.146565735725967
63.175179,110,102,440.895915909771,248.167222601599,-0.991720968248601,0.128411530385937,0.0508673043196322
63.225179,110,102,440.75549030875,248.182867439541,-0.991720968248601,0.128411530385937,0.0260453450752695
63.475179,110,102,439.82396768001,247.790613217924,-0.998548843738456,0.0538535669068616,0.112867719039278
63.525179,110,102,439.660820719161,247.953840903135,-0.998548843738456,0.0538535669068616,0.102219869532119
63.725179,110,102,439.219174378567,248.70997741147,-0.452991201807126,-0.891514986461437,-0.305547946977212
63.775179,110,102,438.929754019009,248.736682406736,-0.99256246025902,-0.121736446820833,-0.121264244301667
63.825179,110,102,438.660680113159,248.642670180752,-0.999998390644156,-0.00179407611258244,-0.00862186729332293
64.025179,110,102,437.836101058946,248.324508815842,-0.999962177985515,0.00869727534717515,0.0183303969901564
64.075179,110,102,437.664375841231,247.889058162701,-0.999981110897016,0.00614636877924766,-0.0167741656453238
64.275179,110,102,436.826789600317,247.609075923429,0.998900982162572,-0.0468703300036202,0.0238526538509984
64.325179,110,102,436.650125231799,247.447247848223,-0.984207652149552,-0.177017788513662,0.0280590305428709
64.375179,110,102,436.575655016187,247.298839898016,-0.940235954564793,-0.340523640506253,0.00112050332304395
64.475179,110,102,436.341700032292,247.333881807455,-0.999976874986023,0.00680069799275132,-0.384881344990521
64.525179,110,102,435.879550225538,247.340114497217,-0.999832962069744,-0.0182769789309187,-0.132178411184866
64.575179,110,102,435.573622590293,247.264793674702,-0.999902507688515,-0.0139633491046969,-0.0470243362335714
64.725179,110,102,434.887477516963,247.060652681863,-0.99961039352067,-0.0279116671922395,-0.0220087340219596
64.775179,110,102,434.643349564118,247.209207645561,-0.999906674142912,-0.013661735045775,-0.0125488646114626
64.825179,110,102,434.634964138296,246.855215534049,-0.999638483554433,-0.0268868405915006,-0.219636061729257
64.925179,110,102,434.424310347752,246.649414738994,-0.999579950363347,-0.0289814221805864,-0.463020026873901
64.975179,110,102,433.831563998678,246.885063858801,-0.999850343838102,-0.017299997885265,-0.11489788205575
65.025179,110,102,433.556712304363,247.278417216106,-0.999959305480136,0.0090214956456269,-0.0800621095523877
65.125179,110,102,433.371296285992,247.547777120919,-0.997640379674755,0.0686561930375526,-0.339147490307622
65.175179,110,102,432.918794267347,247.600993086351,-0.999807513185404,0.0196198006620181,-0.141179572437174
65.225179,110,102,432.489405466921,247.476181887935,-0.999994284316492,0.0033810256352981,0.0416134909822106
65.325179,110,102,432.420621724201,247.477358161,-0.999405098913562,0.0344883787031599,-0.356998058844014
65.375179,110,102,431.860217484408,247.449169615273,-0.999866475877741,0.016341065321041,-0.0477715326185713
65.425179,110,102,431.484157217159,247.294643922761,-0.999926003293271,0.0121650293031213,0.0805820511799843
65.475179,110,102,431.329828979384,247.312920608585,-0.999940995029719,0.0108630777855631,-0.0106512003104706
65.525179,110,102,431.329374850642,247.322973865925,-0.999405098913562,0.0344883787031599,-0.246391103782963
65.575179,110,102,430.827228921728,247.389416634706,-0.999912983399935,-0.0131918773585266,-0.0147791087473507
65.625179,110,102,430.345982646093,247.206911770404,-0.999981664435109,0.00605564146796701,0.226077982960453
65.675179,110,102,430.278945125959,247.136244954654,-0.999907933051186,0.0135692822693708,0.0444136258548713
65.725179,110,102,430.205694790888,247.000259196865,-0.999405098913562,0.0344883787031599,-0.130983615189699
65.775179,110,102,429.352587168135,247.447821605621,-0.988700008902469,-0.149907612869586,0.346665119211194
65.825179,110,102,428.912483524301,247.03890978172,-0.99838588704996,-0.0567945467405558,0.624545977463504
65.975179,110,102,427.826486712482,247.422525962121,-0.988700008902469,-0.149907612869586,0.825035903765166
62.525179,111,103,463.64146632732,291.665719176569,-0.999267401235259,-0.0382708874803395,0.215660928388033
63.025179,111,103,461.776387006334,291.114604720884,-0.999862473627626,0.0165841439708034,-0.257868665294045
63.325179,111,103,459.879516150891,290.945471122181,-0.999836282018542,0.0180944510648664,0.126596828524157
63.575179,111,103,458.493338968625,290.857725591179,-0.999807667358644,0.0196119425572088,0.204773910021765
64.075179,111,103,456.05127139634,290.867171207252,-0.999643186460634,-0.0267114163388966,-0.246498013240693
64.375179,111,103,454.271160142675,290.369433496652,-0.999450354261819,0.0331510085204713,-0.0176973330748497
64.425179,111,103,453.999059764705,289.68536822898,-0.999581718724464,0.0289203663850786,-0.0717681769857892
64.525179,111,103,453.61644691548,289.366404137205,-0.999935722492422,0.0113380282041397,-0.331695885458501
64.625179,111,103,452.729471903889,289.035173270047,-0.999801426255902,0.0199275702649584,-0.0289215591490216
64.725179,111,103,452.270067002983,288.502848515209,-0.999965889196167,-0.00825956682391319,-0.23799322822683
64.775179,111,103,451.595080066306,288.452171738857,-0.999999679095433,-0.000801129846760346,0.144959885454411
64.825179,111,103,451.241353054392,287.683644519578,-0.999167964873647,-0.0407845310167319,0.142032983960941
64.925179,111,103,450.618367595925,286.805485085348,-0.998263004765492,-0.0589149668299321,0.16520704214501
64.975179,111,103,450.495516072875,286.76115316842,-0.998263004765492,-0.0589149668299321,-0.0255672319371317
65.025179,111,103,450.243433779055,286.444591833372,-0.99999998548276,-0.000170395071184847,-0.0543780471526825
65.125179,111,103,449.494117825786,286.426962026545,-0.999976483635851,-0.00685800082223532,0.0609364932986577
65.175179,111,103,449.302201606251,285.891228094799,-0.999995368746673,-0.00304343312808617,-0.0616186157433504
65.325179,111,103,448.302666026003,284.884915412243,-0.999020499115975,-0.0442497722713748,0.0121634416280735
65.375179,111,103,448.097613985339,284.523839489724,-0.998513347309834,-0.0545077539815358,-0.081725412534036
65.475179,111,103,447.443884826676,283.832717222778,-0.99571492716868,-0.092475855300024,0.0142815090638455
65.525179,111,103,447.114190796431,283.497857886899,-0.999859429319878,-0.0167666812496419,-0.102965751177655
65.575179,111,103,446.544735455381,283.161684629698,-0.999791077090176,-0.0204402096580555,0.1505466739794
65.675179,111,103,445.950404801112,282.420601773169,-0.999117947669781,-0.0419919830935008,0.156424787013987
65.725179,111,103,445.649347765972,282.083660322373,-0.998443001814313,-0.0557814676037029,0.178606582502062
65.775179,111,103,445.375256313805,282.261152635172,-0.999765095494047,-0.0216738051984268,0.010215985751453
65.825179,111,103,444.833999988133,282.047145342899,-0.998660098464317,0.0517494708691863,0.00332819527086686
65.875179,111,103,444.591135985837,281.96336572157,-0.998660098464317,0.0517494708691863,-0.0906400840061284
65.975179,111,103,443.941433462844,281.851351879446,-0.999955146229976,-0.00947130023747445,0.0650576229111255
62.575179,112,104,442.813431315535,225.081282439797,-0.999963494331926,-0.00854458913494549,0.25212647241734
62.925179,112,104,441.699484723755,224.939342520349,-0.999979299856833,-0.00643427212962193,0.265493354483761
62.975179,112,104,441.638879536376,225.268370206414,-0.999989961222579,-0.00448078721495138,0.155556363902722
63.225179,112,104,440.761695510984,225.689276585428,-0.999920030316634,-0.012646460832247,0.192639114126444
63.275179,112,104,440.61273551098,225.554865568649,-0.999994322137735,-0.00336982080994939,0.153062060466963
63.525179,112,104,439.665315790209,225.680114773317,-0.999997663792297,-0.00216157580213275,0.192813551877498
63.575179,112,104,439.501710647682,225.636995008217,-0.999998007406674,-0.00199629223368932,0.169721934255182
63.775179,112,104,438.820938025734,225.888985686555,-0.999963546830391,0.00853844308906558,0.0771734084280648
63.825179,112,104,438.730296151495,225.780153437094,-0.999971018008929,0.00761335288726147,-0.0274145728949849
63.875179,112,104,438.712734511751,225.664728843977,-0.999980405445,0.00626008993977778,-0.206339755539787
64.025179,112,104,438.076749725749,225.772650532009,-0.999960898137107,0.00884320059881841,-0.17295780378608
64.075179,112,104,437.805969448338,225.600660255742,-0.999982036181562,0.00599393978762455,-0.104982687286145
64.125179,112,104,437.715057453783,226.037534698449,-0.999982747282866,0.00587410730341965,-0.217017045313699
64.275179,112,104,437.113618744218,226.400972122128,-0.999999976357958,0.000217449036259482,-0.240700597575881
64.325179,112,104,436.748287360154,226.523869409293,-0.999992290386203,-0.00392672486389046,-0.0886881040349194
64.375179,112,104,436.641132082052,226.608479106082,-0.999997532490958,-0.00222148868918266,-0.195652359048272
64.475179,112,104,436.66131806287,226.630504972805,-0.999965837070511,0.0082658751425896,-0.645195924513086
64.525179,112,104,436.023316842811,226.748095312956,-0.999997763477344,-0.00211495633782962,-0.230717776267996
64.575179,112,104,435.623789661101,226.584571392962,-0.999996467898463,-0.00265785451050919,-0.0518490718114662
64.625179,112,104,435.59811602296,226.695945863794,-0.999993924241708,-0.00348589725459182,-0.249326446340129
64.725179,112,104,435.10349535496,226.824084669841,-0.999999861998067,0.000525360682749508,-0.201863814107863
64.775179,112,104,434.65802569328,226.751999132676,-0.999996418328542,-0.00267643981589189,0.0143037749101333
64.825179,112,104,434.545914822127,226.484374352825,-0.99999992819767,-0.000378952047566697,-0.100582295912124
64.925179,112,104,434.274517094079,226.409016081466,-0.999998536073498,0.00171109639144799,-0.290281258414145
64.975179,112,104,433.750766301692,226.48065873031,-0.99999279549604,-0.00379591306732875,-0.0024985612052066
65.025179,112,104,433.355592027993,226.551514102862,-0.999997629187623,-0.00217752592033437,0.158470258259668
65.075179,112,104,433.35724284952,226.278916916615,-0.999976050129354,-0.0069209224598924,-0.0806951564437162
65.175179,112,104,432.639449671106,226.221239609924,-0.999950483803306,-0.00995137887604202,0.158896209498548
65.225179,112,104,432.36354588804,226.190728377813,-0.999987377814203,-0.00502436187726768,0.195720553451898
65.275179,112,104,432.192793485642,225.705654109076,-0.999893715397985,0.0145793658165472,0.124066684593966
65.325179,112,104,432.486381879972,226.378120751894,-0.999977746234696,0.00667135933507328,-0.407698703087033
65.375179,112,104,431.93167071804,226.360218018286,-0.999965412480615,0.00831708136749739,-0.0972834969521155
65.425179,112,104,431.375078957098,226.489079645922,-0.999876038879452,0.0157450587403409,0.219190566939888
65.475179,112,104,431.231593363184,226.487629413603,-0.999908102279045,0.013556806287551,0.113211091789455
65.575179,112,104,430.779060142247,226.440191000456,-0.999998220408795,0.00188657871391558,0.0564923729554808
65.625179,112,104,430.287620447247,226.583225974254,-0.999999622284615,-0.000869155123155428,0.293356847049664
65.675179,112,104,430.145521363715,226.579337590499,-0.999999806110054,-0.000622719723981407,0.181850753319518
65.725179,112,104,430.142416438189,226.915535991637,-0.999985711152352,0.00534579190815576,-0.0629378849113435
65.775179,112,104,429.705115733251,226.909063040618,-0.999961139778552,0.00881583420781077,0.122237670562367
65.825179,112,104,429.284208765542,227.008135476905,-0.999996258736414,0.00273541828165999,0.277753770668438
65.875179,112,104,429.19632907027,226.898477547482,-0.999989802817491,0.00451600055743958,0.108349885772984
65.975179,112,104,428.606814985004,226.945285437988,-0.999957362650042,0.00923433170148441,0.181959982583158
62.575179,113,105,442.804266486255,230.374475362274,-0.999994947198709,-0.00317892702822467,0.310135228757092
62.625179,113,105,442.746214080082,230.533160552574,-0.999999679119689,-0.000801099568609116,0.210014283502152
62.925179,113,105,441.794406943801,230.546229366529,-0.999992671898533,-0.00382833504700011,0.21090365224449
63.225179,113,105,440.756635812005,230.720452597952,-0.999892946865404,-0.0146319789781999,0.236445761120391
63.275179,113,105,440.613808607552,230.554198159113,-0.999980866715608,-0.00618596821049031,0.191550234426553
63.525179,113,105,439.672542823448,230.697270136888,-0.99999981126784,-0.000614381220436219,0.210571387325286
63.575179,113,105,439.519807939333,230.583559988133,-0.999999751160585,0.000705463512386264,0.173624488431793
63.775179,113,105,438.97783662219,230.690777838235,-0.999935561440256,0.0113522230052153,-0.0640991416087248
63.825179,113,105,438.80500536824,230.778203310505,-0.999929210851301,0.011898457307354,-0.0872401138417677
63.875179,113,105,438.878750688037,230.812834444876,-0.99998340489133,0.00576107124947993,-0.35468256251838
63.975179,113,105,438.654910682078,229.948441191828,-0.999976728379331,0.00682222102912472,-0.53955980518065
64.025179,113,105,438.271208787846,230.555303131539,-0.999993993661161,0.00346592579294509,-0.352589918921021
64.075179,113,105,437.842201049954,230.824212815519,-0.9999992941929,0.00118811350528346,-0.126917292119831
64.125179,113,105,437.702250758672,230.496737951412,-0.999999972295272,-0.000235392132645801,-0.193414592873118
64.225179,113,105,437.381674948285,229.966850919865,-0.999972016098998,0.0074811108069326,-0.301971677816923
64.275179,113,105,436.858188894372,230.446993402291,-0.999998493486816,-0.00173580646932179,0.0200172831391382
64.325179,113,105,436.558163175317,230.944562257775,-0.99999988405718,0.000481545042207143,0.104764107344687
64.375179,113,105,436.546982870291,231.055233178423,-0.999999518909101,0.00098090854088314,-0.0995311696581996
64.525179,113,105,435.768510929635,231.727124355652,-0.999882528600456,-0.0153273937627538,0.0120312459995342
64.575179,113,105,435.627108186568,231.824460073507,-0.999871745954346,-0.016015356449581,-0.0710557243660381
64.625179,113,105,435.524134689329,231.896423717896,-0.999742316495687,-0.022700233651595,-0.19947636516614
64.725179,113,105,435.072028235444,232.093853476245,-0.999655721637195,-0.0262381058390263,-0.209228686096664
64.775179,113,105,434.713676835045,231.877441825778,-0.999915472787412,-0.0130018183469507,-0.0609326790883831
64.825179,113,105,434.351644681062,232.037043596958,-0.999990732710622,0.00430517048123627,0.0895809437717416
64.875179,113,105,434.363499130523,231.458657720691,-0.999894416945702,-0.014531172038609,-0.168115007068367
64.925179,113,105,434.159986810291,231.790092704719,-0.999201497621988,-0.0399545635688462,-0.228141533860036
64.975179,113,105,433.667444151751,232.031087246013,-0.999916346235392,-0.0129344706603228,0.053648269090674
65.025179,113,105,433.456113370354,231.829768753593,-0.999719528858246,0.0236825593939228,0.0717629965022915
65.075179,113,105,433.48923976492,231.910554254955,-0.999404298084373,0.034511577339814,-0.182888552349698
65.175179,113,105,432.802438775961,231.797030896262,-0.99944766265987,0.0332320568686781,0.0210862960422656
65.225179,113,105,432.492852049123,231.454564970149,-0.999669791377129,0.0256964629474072,0.072064556993352
65.275179,113,105,432.267528865095,231.392275678807,-0.999905887755045,0.0137191702662667,0.0436779999142458
65.375179,113,105,431.797976115964,230.903059483581,-0.999879423356591,0.0155286428283962,0.0170368198390241
65.425179,113,105,431.335279829617,231.051184498237,-0.999912524863925,0.0132265876268143,0.233619899934274
65.475179,113,105,431.23905186318,231.253264787831,-0.999900381434457,0.0141147868289421,0.0845411579300018
65.575179,113,105,430.764724214344,231.230871275263,-0.99989939863311,0.0141842381940674,0.0570866933188547
65.625179,113,105,430.3378056925,231.087347359059,-0.999985127423232,0.00545389148608885,0.223402476273427
65.675179,113,105,430.316192200991,231.027604587382,-0.999959973480718,0.00894714683247708,-0.00759324352835778
65.775179,113,105,429.750930351573,230.86267129914,-0.999983694399688,0.00571059845829322,0.0417577617369542
65.825179,113,105,429.303379745511,230.990868441238,-0.999999951604298,0.000311113165495835,0.228062956478451
65.875179,113,105,429.042539422,230.912220560597,-0.999999343041999,0.00114626156279281,0.229383857697687
65.925179,113,105,428.982859219024,230.260927881374,-0.999925060797171,0.0122422542766747,0.0264295449720493
65.975179,113,105,428.68063628106,230.5928840391,-0.999964514714915,0.00842432851718568,0.0691592872219875
62.575179,114,106,442.825589411973,236.818057051831,-0.999999274953125,-0.00120419816654142,0.089854784544673
62.925179,114,106,441.727603093341,236.566482515343,-0.999999274953125,-0.00120419816654142,0.0905848365394259
63.225179,114,106,440.710157891695,236.367932173323,-0.999833339394979,-0.0182563258703703,0.112250314842566
63.275179,114,106,440.604264840262,236.466413800797,-0.999999756061871,-0.000698481351353018,0.023675918858739
63.475179,114,106,439.769876044528,236.80472350247,-0.999999999952687,-9.72759465032326e-06,0.137526169334902
63.525179,114,106,439.577841750364,236.564035460272,-0.999998489998494,-0.00173781493054139,0.146137801194384
63.575179,114,106,439.495609536023,236.446514198464,-0.999998709747811,-0.00160639432085814,0.0421922199873885
63.775179,114,106,438.655080892022,236.470399856472,-0.999964586817918,0.00841576556646967,0.1154618314361
63.825179,114,106,438.541511854229,236.299791200402,-0.999906688679545,0.0136606710635624,0.0299967329006672
64.025179,114,106,437.782075169919,235.859811871265,-0.999997216373201,0.00235950118653936,-0.00129823971701304
64.075179,114,106,437.699203986206,235.627086462016,-0.999995675695788,0.00294084847006182,-0.122860644191618
64.125179,114,106,437.570293116163,235.828897866742,-0.99999992701222,0.000382067473430109,-0.196230547722933
64.275179,114,106,436.677116723773,235.836659863125,-0.999970546689408,0.00767500838354507,0.0670894762015533
64.325179,114,106,436.39123752602,236.060132476459,-0.999970546689408,0.00767500838354507,0.143384465581935
64.375179,114,106,436.268334729211,236.252327549646,-0.999970546689408,0.00767500838354507,0.05484920592163
64.525179,114,106,435.622760140848,236.606821096054,-0.999866403629128,-0.0163454854242196,0.0478688855192949
64.575179,114,106,435.514072003895,236.6930463821,-0.999578861406035,-0.0290189563943134,-0.0701848701840229
64.625179,114,106,435.501374886366,236.645184674507,-0.998625323293331,-0.0524162539417924,-0.287248928096541
64.725179,114,106,435.249675267969,236.718315584425,-0.998430232302138,-0.0560095636931677,-0.491581483936836
64.775179,114,106,434.759761213822,236.725802581094,-0.999777929820047,-0.021073467791066,-0.210098643949746
64.825179,114,106,434.495381334082,236.643220156803,-0.999683417561726,-0.0251607760633026,-0.174175264678629
64.925179,114,106,434.267411454174,236.730011454063,-0.997285827121491,-0.0736272980802864,-0.441497024449483
64.975179,114,106,433.727775960701,236.775545811097,-0.999736994002063,-0.0229334433463126,-0.101694950760351
65.025179,114,106,433.35447230767,236.667267719147,-0.999813446824826,-0.019315060141248,0.0424965660265293
65.075179,114,106,433.370274685044,236.78574900035,-0.999745542049854,-0.0225577293060158,-0.213660195964897
65.175179,114,106,432.653126158236,236.602374968119,-0.999888963044363,-0.0149017308413379,0.0376581709339541
65.225179,114,106,432.399191103798,236.448812342153,-0.999932290515441,-0.0116367686469587,0.0561812525380045
65.325179,114,106,432.355110177083,235.993660145327,-0.999970603114184,-0.00766765332122811,-0.377027330691393
65.375179,114,106,431.727424870362,235.94916456758,-0.999219461175997,0.0395027645507245,0.015667927398952
65.425179,114,106,431.259369065977,235.965357127903,-0.998228152508319,0.0595025675061937,0.244583301153657
65.625179,114,106,430.018865850938,235.493300146879,-0.999983902053606,0.00567411963599371,0.477900245119504
65.825179,114,106,428.76413229233,235.015360612035,-0.999954865510175,-0.00950089167011322,0.722963919541213
62.625179,115,107,433.108112233648,236.760590199511,-0.999599197398575,0.0283097961865626,0.309658850515725
63.325179,115,107,431.03105755087,236.670591629449,-0.999886404170602,-0.0150724501917807,0.383851725633213
63.375179,115,107,430.993240369992,236.385107560426,-0.999904150332617,-0.013845221110777,0.26293105947082
63.425179,115,107,430.993094231325,236.2485906452,-0.999904150332617,-0.013845221110777,0.102207716887056
63.675179,115,107,430.264541235037,236.00374748022,-0.999908508982883,-0.0135267758031493,-0.00417315268075899
63.725179,115,107,429.967172775013,235.969778512923,-0.999999705859781,-0.000766994361973216,0.10048133815443
63.975179,115,107,428.960083639701,235.927223126806,-0.999998804580291,-0.00154623348438279,0.226568406561673
64.025179,115,107,429.050878914209,236.280172889639,-0.999618559426676,-0.0276176691582859,-0.0170813960649265
64.075179,115,107,429.098432256033,236.321397001821,-0.999492973028864,-0.0318401769141331,-0.244836651479557
64.175179,115,107,428.9936868978,236.476497483796,-0.995755047902585,-0.0920428409846211,-0.466505086904142
64.225179,115,107,428.602305210395,236.280392561389,-0.998751111701716,-0.0499621544229775,-0.289612192136904
64.275179,115,107,428.197288961467,236.345089951509,-0.999672198762564,-0.0256026369973925,-0.0994328237197882
64.325179,115,107,428.057175418367,236.223818342929,-0.999728334674727,-0.0233078709558928,-0.149222557439671
64.525179,115,107,427.099543358633,236.293024484842,-0.999565218411385,-0.029485151215504,0.033908743866367
64.575179,115,107,426.926645037363,236.303731869868,-0.999667159413985,-0.0257986509177164,0.00574654678908185
64.675179,115,107,426.852437680902,236.675447579392,-0.999468423390933,-0.0326016969564795,-0.327842220960698
64.725179,115,107,426.67390527884,236.780213656166,-0.999642556143731,-0.0267349947900999,-0.356046603319408
64.775179,115,107,426.203616292028,236.723246370159,-0.999692150875458,-0.024811357842753,-0.0883068111813964
64.825179,115,107,425.906371813797,236.759800890234,-0.999649306260255,-0.0264813990074179,0.00321025350760906
64.875179,115,107,425.8753754813,236.240307133314,-0.999682685088128,-0.025189861750127,-0.159135310077902
64.975179,115,107,425.53849612839,236.58560307334,-0.99999737775627,-0.00229008309559206,-0.25224335045089
65.025179,115,107,424.967754806451,236.659029631552,-0.999643408686916,-0.0267030984869275,0.110802798979827
65.075179,115,107,424.750111615992,236.750300607615,-0.999754340919494,-0.0221643365032427,0.114339533464711
65.125179,115,107,424.765607239806,237.365160701141,-0.999798094987732,-0.0200940105230801,-0.126353351996071
65.225179,115,107,424.225255243845,237.677345675489,-0.999892679034259,-0.0146502700893965,-0.016546507563798
65.275179,115,107,423.901959794617,237.673320944575,-0.999879664603466,0.0155131013166414,0.121684531447517
65.325179,115,107,423.713895978724,237.946165984789,-0.999766895821964,0.0215906002351728,0.104842010931736
65.375179,115,107,423.688558946552,237.876630531796,-0.999972464462879,0.00742093767904384,-0.108209092227361
65.425179,115,107,423.606244264634,237.720387624186,-0.999276777654781,-0.0380252763287453,-0.30006582682893
65.475179,115,107,423.098304547638,237.804680949236,-0.999966318246173,0.00820745838822641,0.0410013288066028
65.525179,115,107,422.741940798617,237.807325987077,-0.999994799868768,-0.00322493959975175,0.159858788416738
65.575179,115,107,422.729717749548,237.531389419502,-0.999883368441464,-0.0152725084433388,-0.0638173043841366
65.625179,115,107,422.981025713372,237.399354404452,-0.998701289675911,-0.0509483463880032,-0.571550564157489
65.675179,115,107,422.408514595352,237.229712019406,-0.999485570002716,-0.0320717220670317,-0.203809957562485
65.725179,115,107,421.927608170871,236.964107692546,-0.999828808419391,-0.0185028066698224,0.0643548031094087
65.775179,115,107,421.436350227125,236.88429527342,-0.999984653362516,0.00554012991267751,0.339263418532162
65.925179,115,107,420.369445309062,236.732039826255,-0.999984653362516,0.00554012991267751,0.711029604673326
65.975179,115,107,420.165593761255,236.630936931865,-0.999984653362516,0.00554012991267751,0.680472175901326
62.675179,116,108,294.983222629154,196.764029241097,0.997653531234771,-0.0684648202713835,0.717740988763518
62.725179,116,108,295.03191097763,196.760561879761,0.997653531234771,-0.0684648202713835,0.644702472513668
62.775179,116,108,295.113905244619,196.70925730413,0.997653531234771,-0.0684648202713835,0.606337942635769
62.825179,116,108,295.061783274872,196.770916235441,0.997653531234771,-0.0684648202713835,0.424609280683988
62.875179,116,108,295.15164628704,195.924181434031,0.997653531234771,-0.0684648202713835,0.444897336095003
63.025179,116,108,295.179223725711,196.100845851833,0.99932417321452,0.0367586293149689,0.0776953663724141
63.075179,116,108,295.143533053263,196.569795577679,0.99932417321452,0.0367586293149688,-0.0745573161149098
63.125179,116,108,295.316337561507,196.955089523892,0.997273975229508,-0.0737876570297098,-0.130606996842226
63.175179,116,108,295.360263074999,197.370908368024,0.99844420745323,0.0557598834565878,-0.074850356869821
63.225179,116,108,295.335669062244,197.666257953668,0.99621343104635,0.0869413584139316,-0.167953698449543
63.275179,116,108,295.341681955539,197.714898197507,0.992773511684917,0.120003143695483,-0.237829156711668
63.325179,116,108,295.593631324674,197.47449741634,0.997459115411355,0.0712412316204373,-0.233900166495443
63.375179,116,108,295.862127149655,197.497678842328,0.995958876654753,0.0898104448970328,-0.0788170968299767
63.425179,116,108,296.239684588524,197.41614543903,0.999767361491639,-0.0215690263119508,-0.0224903074506786
63.475179,116,108,296.409278002614,197.336391599421,0.998921149397691,0.0464385323410956,0.0973635032379886
63.525179,116,108,296.653893220145,197.419857550285,0.922053001855288,-0.387063640464527,-0.477319023768224
63.575179,116,108,296.723654590522,197.278096058121,0.175676254828275,-0.984447994304174,-1.37308024104562
63.625179,116,108,296.815391630628,197.448785937037,0.595535721188935,-0.803328827310445,-1.28655059739287
63.675179,116,108,296.845360040254,197.403835307109,0.653540911121703,-0.756891192636177,-1.27292025038844
63.725179,116,108,297.084035055981,197.698491438841,0.925687723962208,-0.37828856406937,-0.765501856505086
63.775179,116,108,297.120006933435,197.535571949643,0.998650832843002,-0.0519279699389327,-0.277235764139182
63.825179,116,108,297.364134498754,197.286018134542,0.997598613106051,-0.0692604297480426,-0.207867567755432
63.875179,116,108,297.448563768798,197.039030685355,0.999328472158033,-0.0366415711220459,-0.22976305649315
63.925179,116,108,297.614068543059,196.966061553253,0.999990729307131,-0.00430596096042062,-0.188503723415144
63.975179,116,108,297.949954901776,196.886507336037,0.99727237953399,-0.073809220417329,-0.0974450220583461
64.025179,116,108,298.078140114052,196.763504553863,0.999271717254395,0.0381580279292876,-0.0151620768078893
64.075179,116,108,298.439754792055,196.504179349468,0.999916180391121,0.0129472851220164,0.147308430238856
64.125179,116,108,298.578997729459,196.269610901181,0.999856585497739,0.0169354195933346,0.114058091076941
64.175179,116,108,298.760193053031,196.259250276544,0.999966409661404,0.00819631312732945,0.116701343516675
64.225179,116,108,298.735038697135,196.487851083403,0.999246248770979,0.0388192518877767,-0.0567985391579378
64.275179,116,108,299.099365199958,196.255780327814,0.999997860549605,0.00206854930134403,0.0997462933580155
64.325179,116,108,299.331328891852,196.048475206249,0.999847914345299,0.0174398445909467,0.158673348581636
64.375179,116,108,299.475205187043,195.73599517757,0.999197724252851,0.0400488183087022,0.119340460979108
64.425179,116,108,299.647533198053,195.317714445071,0.999871417617699,0.0160358420786777,0.099914697659964
64.475179,116,108,299.788121055655,194.987725954543,0.999871417617699,0.0160358420786777,0.0512514295211405
64.525179,116,108,299.86486468736,194.520109723626,0.996379634286342,0.0850154361243634,-0.136478399065843
64.575179,116,108,300.094629814986,194.536001597763,0.996410458760321,0.0846533972918161,-0.0912102305453086
64.625179,116,108,300.174764782286,194.503549170756,0.996379634286342,0.0850154361243634,-0.201576560423269
64.675179,116,108,300.356217427145,194.465061309977,0.996353746286772,0.0853182996801634,-0.213161460931817
64.725179,116,108,300.572881045736,194.444873137583,0.99639408479471,0.0848459061246505,-0.189024336545811
64.775179,116,108,300.711571870374,194.041238583744,0.612897635088788,-0.790162318073047,1.01666324459821
64.825179,116,108,300.868347470819,193.878022540663,0.583136071467817,-0.812374496247317,1.14416599840194
64.875179,116,108,301.079866804712,193.501181690179,0.653694718649818,-0.756758359589992,1.32084293376416
64.925179,116,108,301.396219190917,193.734090189925,0.928238703412212,-0.371985093098654,0.550075632282031
64.975179,116,108,301.826206894907,193.461487700515,0.999641620910657,-0.0267699410368121,0.210743203611035
65.025179,116,108,301.944971810697,193.561417186474,0.999740130370262,0.0227963095094615,0.0348375336948565
65.075179,116,108,302.073601582911,193.600739841603,0.999671217954903,0.025640904675155,-0.0450704911003276
65.125179,116,108,302.220782760073,193.644697010489,0.999755238250633,0.0221238240460368,-0.0971870160481846
65.175179,116,108,302.381919859318,193.927826041176,0.999334734873141,0.0364703670947827,-0.156910001063917
65.225179,116,108,302.613482733469,194.057996557312,0.999321612879961,0.036828168987805,-0.130386353002493
65.275179,116,108,302.688375495261,194.380731108682,0.999021009423796,0.0442382496247161,-0.260653944711484
65.325179,116,108,302.845483004985,194.543463117465,0.999092400253275,0.0425954898569153,-0.307779680634092
65.375179,116,108,303.175905519197,194.697219593736,0.998991791527909,0.0448932117347192,-0.186212922205114
65.425179,116,108,303.362133484209,194.753402692715,0.999047516684226,0.0436355291830022,-0.212823435628459
65.475179,116,108,303.599050832413,194.861979664102,0.999598151790249,0.0283466918267121,-0.185062619812896
65.525179,116,108,304.147943381808,194.740002502208,0.997001949511955,-0.0773764348452555,0.176433003431583
65.575179,116,108,304.551585420117,194.554966584191,0.996983881920289,-0.0776088860321523,0.369761188977084
65.625179,116,108,304.888226077976,194.353859935158,0.997121540788123,-0.0758197394899261,0.494623234485207
65.675179,116,108,305.187926776733,193.925802370849,0.997121540788123,-0.0758197394899261,0.599020935760298
65.725179,116,108,305.323246842647,193.1669214538,0.997121540788123,-0.0758197394899261,0.562911447715685
65.775179,116,108,305.067282875132,192.409487794321,0.996511923470043,-0.0834505025870699,0.154221253804513
65.825179,116,108,304.883843916555,191.395535753699,0.996873346123666,-0.0790160223512036,-0.191743360111125
65.875179,116,108,304.987885427042,190.574281219604,0.996073417204554,-0.0885310540908789,-0.215279177143817
65.925179,116,108,304.841290670964,190.378090968375,0.997708310504483,-0.0676618589035977,-0.674338132364597
65.975179,116,108,305.149851419694,189.926651875802,0.997021915920472,-0.0771187342626444,-0.525807531083599
62.675179,117,109,466.373657726992,220.257408586365,-0.999501533187971,-0.0315703207917597,0.481759016881644
62.775179,117,109,466.198849478804,220.356082036693,-0.999957999132305,-0.00916514982512911,0.129228374507943
62.925179,117,109,465.392114935469,220.614221685054,-0.999835503654494,-0.0181374097369271,0.266087740811113
62.975179,117,109,465.27397390001,220.450749448102,-0.999965590393909,-0.00829566321408286,0.122779362397512
63.025179,117,109,465.213889301132,220.745059364208,-0.999943203217751,-0.0106578768347023,-0.0512655079649834
63.075179,117,109,465.210115733885,221.012075952521,-0.999929274902919,-0.0118930732833303,-0.287687912944448
63.125179,117,109,464.840307919467,221.219847621946,-0.999925482199395,-0.0122077863803054,-0.162189023603173
63.175179,117,109,464.356367903827,221.001098997357,-0.999957999132305,-0.00916514982512911,0.0731943544947949
63.225179,117,109,464.118327683766,221.406149664886,-0.999931732785103,-0.0116845953879789,0.0649581078959253
63.275179,117,109,463.957467165674,221.527725136577,-0.999513709707161,-0.0311824326733764,0.00467633183600847
63.325179,117,109,463.758977809025,221.438181582909,-0.9996346453982,-0.0270291642418782,-0.0527682260519001
63.375179,117,109,463.463363178482,221.849111866204,-0.999523585228998,-0.0308642604150766,-0.0183842754098976
63.425179,117,109,463.159942971046,221.945056262764,-0.999523585228998,-0.0308642604150766,0.0254141069172376
63.475179,117,109,462.83837079474,222.026893137072,-0.999513709707161,-0.0311824326733764,0.0859017438284327
63.525179,117,109,462.675930820904,222.262594247622,-0.999822516602228,-0.0188397265157406,-0.0264809924297647
63.575179,117,109,462.419390741973,222.40068020198,-0.999771741952414,-0.0213650179835297,-0.0341478756758328
63.625179,117,109,462.168823468145,222.504172808967,-0.999822516602228,-0.0188397265157406,-0.0510120991328785
63.675179,117,109,461.792516011856,222.63437636116,-0.999826569565962,-0.0186233936209161,0.0561156348338527
63.725179,117,109,461.681827403172,222.559157467438,-0.999795479118789,-0.0202237467753116,-0.100453356590729
63.775179,117,109,461.41974188013,222.601605304318,-0.999822516602228,-0.0188397265157406,-0.110104752285672
63.825179,117,109,460.948507534515,222.71321313278,-0.999824408253017,-0.0187390677864308,0.0860944854255148
63.875179,117,109,460.791165545745,222.676058753359,-0.999825298285905,-0.0186915196680458,-0.0307922972443081
63.925179,117,109,460.636151280381,222.415243913196,-0.999817127157298,-0.0191236043393444,-0.147849041066035
63.975179,117,109,460.249160035968,222.495699733254,-0.998845801228926,-0.0480319202962544,-0.0440288424455843
64.025179,117,109,459.840078321417,222.572675844239,-0.999404786640782,0.0344974265633289,0.0962748404182823
64.075179,117,109,459.702651181939,222.711266256414,-0.999397287254691,0.0347140062217554,-0.0422320689148524
64.125179,117,109,459.522604101807,222.532823468697,-0.999390804575283,0.034900139403282,-0.151154000424557
64.175179,117,109,459.125486445883,222.365351985859,-0.999380716977193,0.0351878179794022,-0.0447849980196358
64.225179,117,109,458.744060156726,222.24588166902,-0.999380716977193,0.0351878179794022,0.0455404353531993
64.275179,117,109,458.46213605298,222.307366146132,-0.999773703760401,0.0212730173978744,0.0389817351520851
64.325179,117,109,458.229297635579,222.346851085456,-0.99976130931123,0.0218477551316898,-0.0184658866269955
64.375179,117,109,458.039647313127,222.389904369078,-0.999750209783398,0.0223499001799081,-0.120872281741096
64.425179,117,109,457.687081656497,222.515696658597,-0.999736073472183,0.0229735369158194,-0.0602944136430356
64.475179,117,109,457.327086009991,222.417949620611,-0.999786116466754,0.0206814245236331,-0.000390391375248638
64.525179,117,109,457.107029170647,222.454644234832,-0.999769681269893,0.0214612304749131,-0.0781124805794029
64.575179,117,109,456.723651144522,222.514476313752,-0.99976130931123,0.0218477551316898,0.00598388101639952
64.625179,117,109,456.366574954601,222.651969032533,-0.99975718420522,0.0220357126059215,0.0635796824078453
64.675179,117,109,456.125849216676,222.637959423257,-0.999747575074805,0.022467446050827,-0.000116567958311147
64.725179,117,109,455.851111828652,222.654629688906,-0.999762819396041,0.0217785434150152,-0.0318034945871648
64.775179,117,109,455.519849687621,222.579105155275,-0.999383992591592,-0.03509466272368,-0.0522921141570869
64.825179,117,109,455.226403705606,222.554976111259,-0.999398439777909,-0.0346808098158202,-0.0692893764568179
64.875179,117,109,454.980501568188,222.673046292017,-0.999419077603252,-0.0340808938067266,-0.140261873315988
64.925179,117,109,454.684656354695,222.530184240511,-0.999501442942864,-0.0315731777800963,-0.152677561922971
64.975179,117,109,454.239072982529,222.583194528958,-0.999317126592162,-0.036949702293594,-0.0301855000868466
65.025179,117,109,454.106726020424,222.402389434163,-0.999998892825897,-0.00148806820436776,-0.184776852141054
65.075179,117,109,453.763598268579,222.556494991648,-0.999995437655297,-0.00302070663773543,-0.162596455373727
65.125179,117,109,453.278662936809,222.498766141278,-0.999999764341266,-0.000686525609387846,0.00339212122451481
65.175179,117,109,453.026157824136,222.363983215815,-0.999998892825897,-0.00148806820436776,-0.0673575897744739
65.225179,117,109,452.74235180244,222.334315563325,-0.99999870315744,-0.0016104916758508,-0.108054241489887
65.275179,117,109,452.346104090871,222.304798634858,-0.999999977602987,0.000211645988842959,-0.0365529909397892
65.325179,117,109,451.949014651267,222.463454820498,-0.999999765386043,0.000685002087067732,0.0332562301573753
65.375179,117,109,451.695128472775,222.415762695587,-0.999997824208615,0.00208604363212906,-0.0410249596445537
65.425179,117,109,451.302139274785,222.435421928651,-0.999999202338822,0.00126306045769513,0.0202496675473471
65.475179,117,109,450.840633511431,222.451532521373,-0.999997771264788,0.00211127105249577,0.149971654716996
65.525179,117,109,450.594835057683,222.471022816377,-0.999999907512418,-0.000430087380636625,0.0590207097283833
65.575179,117,109,450.152200603208,222.587527588622,-0.999998945528542,0.0014522196126511,0.16789917049071
65.625179,117,109,449.81546035287,222.460689296296,-0.999998063638964,0.00196792233637919,0.167578594084851
65.675179,117,109,449.547279122738,222.602696965647,-0.999999023281533,0.00139765374130332,0.0963780114700468
65.725179,117,109,449.394058272916,222.437796683413,-0.999999870288113,0.000509336586103931,-0.092115602816855
65.775179,117,109,448.916037381461,222.589606439617,-0.999987380523009,0.00502382272090592,0.049413645784109
65.825179,117,109,448.556038841781,222.533190206104,-0.999987380523009,0.00502382272090593,0.0655667724512218
65.875179,117,109,448.290714387561,222.443195263329,-0.999988808621601,0.00473102859334389,-0.0149716481803584
65.925179,117,109,447.844065890257,222.558452729685,-0.999987380523009,0.00502382272090592,0.0859846235918378
65.975179,117,109,447.418215527252,222.739153712493,-0.996472583376351,0.0839189524437784,0.277920676474085
62.725179,118,110,422.904710557668,248.167000394247,-0.999196974367631,0.0400675231898737,0.475114388748752
63.175179,118,110,422.042126700796,247.717056065054,-0.999608519631439,-0.0279786969003883,0.291480655303976
63.525179,118,110,421.236023699439,247.903412200426,-0.994045873721128,-0.108962383132893,0.173166534250845
63.575179,118,110,421.271230624914,247.837879634769,-0.996853714634399,-0.0792633056312994,-0.00688324814159335
63.875179,118,110,420.458140585877,247.992829892057,-0.994045873721128,-0.108962383132893,-0.0893243866165429
63.925179,118,110,420.33500460332,247.712357057674,-0.995759140769475,-0.0919985520214086,-0.0912592202306104
64.175179,118,110,419.777263232222,247.582934166517,0.992039790234808,-0.125924797362867,0.325189652096035
64.225179,118,110,419.687942511559,247.771163891057,0.992573672766681,-0.121644992212843,0.36431083687653
64.275179,118,110,419.477175383354,247.722051354458,-0.999999759158616,0.000694033651818695,-0.326673983122078
64.475179,118,110,418.776786854313,247.7595370679,-0.999982653988759,-0.00588996787742871,-0.271782603252883
64.525179,118,110,418.43209363536,247.545561063619,-0.99990515828786,-0.013772233999272,-0.0908034424850331
64.725179,118,110,418.136514930825,246.954794788832,-0.999605211694495,-0.0280966324175117,-0.452256852575504
64.775179,118,110,417.691486391817,247.188410789284,-0.999398827377731,-0.0346696385330954,-0.184307790938147
64.825179,118,110,417.498229558492,246.979829157657,-0.998665004885785,-0.0516546998488436,-0.151316293595954
65.075179,118,110,416.219325174583,247.005123683219,-0.99843639709541,-0.0558995613143512,0.242705595722724
65.125179,118,110,416.033385959574,247.281021159026,-0.99843639709541,-0.0558995613143512,0.23288172488829
65.275179,118,110,415.680777514013,247.436291869352,-0.999041428461051,-0.0437746983827634,0.0343225240490487
65.325179,118,110,415.287520571917,247.068571642443,-0.999966373633989,-0.00820070736515843,0.261832065917375
65.375179,118,110,415.166988058977,246.889752442731,-0.999913954425272,-0.013118069431717,0.199423884262983
65.525179,118,110,414.834468768814,247.155577067914,-0.998379774193267,-0.0569019022687481,-0.0445636948147421
65.575179,118,110,414.497594041753,246.974180360551,-0.999748899269225,-0.0224084450592271,0.115786912397989
65.625179,118,110,414.280750930631,247.106299635133,-0.999783253309707,-0.0208193756260567,0.13934751516974
65.775179,118,110,413.762438905361,247.085945175648,-0.976529822599241,-0.215382231333725,0.0164840500012567
65.825179,118,110,413.3240171327,247.138588278795,0.991823002578671,-0.127621046680512,-0.376669718505246
65.875179,118,110,413.229590209121,246.955809058262,-0.939773425462684,-0.341798052648245,0.136979590736169
65.975179,118,110,413.120321527383,247.595764751836,-0.963051431872611,-0.269317544114961,-0.299862124472846
62.775179,119,111,451.597491444095,214.170845262002,-0.99999629238679,-0.00272308881115884,0.393425199890808
62.825179,119,111,451.512151969169,214.276903521526,-0.99999629238679,-0.00272308881115884,0.296675318417811
63.075179,119,111,450.57569184209,214.335902881289,-0.99999629238679,-0.00272308881115884,0.291558578689033
63.325179,119,111,449.530197705132,214.19100690772,-0.999997892183438,-0.00205319962050888,0.342579379837935
63.375179,119,111,449.349854726399,214.231454056135,-0.999997892183438,-0.00205319962050888,0.317778343821503
63.575179,119,111,448.76143253507,214.208840188859,-0.99393451092914,-0.10997357857254,0.131217383062332
63.625179,119,111,448.550705540517,214.34419058799,-0.998679650453372,-0.0513707676634386,0.0827377890132985
63.675179,119,111,448.666325983819,214.435726959709,-0.991682677389126,-0.128706904889884,-0.229209712719243
63.775179,119,111,448.549762031508,214.363516677177,-0.999939342897607,-0.0110141057513537,-0.592510629485898
63.825179,119,111,447.913269929102,214.347069110621,-0.99996435461762,0.00844331061649805,-0.185335510726098
63.875179,119,111,447.542494535312,214.405824890792,-0.999980977310652,0.00616806426951952,-0.0382152344291254
63.925179,119,111,447.770278597376,214.327755603372,-0.999827038693558,0.0185981906988349,-0.496507429454671
64.025179,119,111,447.023998955745,214.512094533547,-0.996622571779256,0.0821185083894151,-0.206891651522744
64.075179,119,111,446.654010589388,214.435287013453,-0.998039539047815,0.0625865680256208,-0.0723930967291569
64.125179,119,111,446.462023176143,214.58034242214,-0.999946600884056,0.010334185039066,-0.108689984854845
64.275179,119,111,445.647087180942,214.45784253609,0.999862639083857,0.0165741655676616,0.00977879949421033
64.325179,119,111,445.379736157668,214.728781285026,0.999694978598463,0.0246971610720294,-0.00810064947728571
64.375179,119,111,445.475808572452,214.911906014332,0.943229650489039,0.332141274818903,0.485464572447356
64.475179,119,111,445.17534336555,214.783100614602,-0.999991680386417,-0.004079112397227,-0.517460511049309
64.525179,119,111,444.517682562796,214.630027736944,-0.987324775789656,-0.158712907830162,-0.158110598777569
64.575179,119,111,444.255042433874,214.49262796412,-0.989408013506466,-0.14516123039293,-0.125407150741636
64.675179,119,111,443.839073566864,214.350491990445,-0.998747494008331,-0.0500344202732337,-0.191659387409587
64.725179,119,111,443.33331315466,214.41203226757,-0.986520015249566,-0.163640641382254,0.0303909462530463
64.775179,119,111,443.257191954311,214.497401000544,-0.997931053375631,0.0642931777765193,-0.0983943242174979
64.825179,119,111,443.103183268421,214.161087555753,-0.999075835182564,-0.0429822702315941,-0.222803022368738
64.875179,119,111,442.739952994113,214.204952451895,-0.999146064275232,0.0413175778974667,-0.119505271965705
64.925179,119,111,442.261305136927,214.387138164775,-0.997131769845078,0.0756850947388102,0.11269075402492
64.975179,119,111,442.067346115478,214.385609504367,-0.999692103415632,0.0248132700067779,0.0300474293052456
65.075179,119,111,441.322826645135,214.425043033909,-0.988704161260181,-0.14988022386827,0.180391759808009
65.125179,119,111,440.938328605187,214.430339946149,-0.999996832413634,0.00251697491003959,0.34961483101358
65.175179,119,111,440.799268101821,214.652088877396,-0.999752338873893,-0.0222544583438828,0.203201890291341
65.275179,119,111,440.28970114126,214.514818807634,-0.997436267576499,-0.0715604089078768,0.14329302661087
65.325179,119,111,439.894302820025,214.447779186298,-0.997263450785917,-0.0739297621162426,0.265026389249158
65.475179,119,111,439.168286965422,213.822230172281,-0.988236146102101,-0.152935671238817,0.207096994586252
65.525179,119,111,439.006021702633,213.690450805694,-0.997361901801416,-0.0725895091253683,0.0857439083649809
65.675179,119,111,437.896975652054,213.412367279577,-0.997275935040055,-0.073761164510764,0.356166650016521
62.775179,120,112,357.200478714994,219.443234041804,0.99796547090881,-0.0637567163031151,-0.365266719642506
62.825179,120,112,357.237421104524,219.166698259271,0.996911014236897,-0.0785393512397551,-0.434414110075735
62.875179,120,112,357.683140813063,219.378425987072,0.997620932876251,-0.068938191788872,-0.176614458063781
62.925179,120,112,358.058547723913,219.743219309862,0.998498264686323,-0.0547833498282251,0.000905288821542768
62.975179,120,112,358.018666413956,219.71836175415,0.997036495721625,-0.0769300084436682,-0.160736258648955
63.025179,120,112,358.200064446999,219.432346640857,0.997318080869271,-0.0731891082828141,-0.116946852789707
63.075179,120,112,358.312528710749,219.409625614945,0.997835002035929,-0.0657670792414929,-0.167944476338154
63.125179,120,112,358.648057416201,219.750924746933,0.998230168444592,-0.0594687380653269,-0.0160369321497984
63.175179,120,112,358.45495709764,219.614851937593,0.997686321474625,-0.0679853215218699,-0.341866480271891
63.225179,120,112,358.427523703493,219.545067417542,0.997453048083894,-0.0713261303320753,-0.512493260418449
63.275179,120,112,358.420060541999,219.380260845339,0.987557830793795,-0.157256258501385,-0.524366955390613
63.325179,120,112,358.829621376412,218.528640326618,0.987557830793795,-0.157256258501385,-0.139358580815314
63.375179,120,112,359.427389962092,218.52147820678,0.987557830793795,-0.157256258501385,0.298801455304235
63.425179,120,112,359.380187900253,218.604071969105,0.987557830793795,-0.157256258501385,0.0859880675818611
63.475179,120,112,359.541368903685,218.589516708987,0.987557830793795,-0.157256258501385,0.0943344330747848
63.525179,120,112,359.897220424407,218.428713364559,0.99742683403639,-0.0716917759868108,0.119322286458996
63.575179,120,112,359.955027364934,218.870596224649,0.994149134313927,-0.108016196669157,0.0607967264032998
63.625179,120,112,360.449971648197,218.940434547595,0.994998181055533,-0.0998930412800671,0.378789952912947
63.675179,120,112,360.517445897882,219.074364046189,0.997734518564963,-0.0672742927420444,0.2287792264326
63.725179,120,112,360.634325166398,219.438821946961,0.997214177013279,-0.0745914550315866,0.177945517462106
63.775179,120,112,360.872969681407,219.878388838817,0.999036223316191,-0.043893330952693,0.209387736339534
63.825179,120,112,361.034197866131,220.148171292748,0.999036223316191,-0.043893330952693,0.207686458921672
63.875179,120,112,361.232161491278,220.129906324063,0.999036223316191,-0.043893330952693,0.255471591312409
63.925179,120,112,361.069956853838,220.226352842181,0.999036223316191,-0.043893330952693,-0.0614514789063459
63.975179,120,112,361.280542177286,220.561970227537,0.999036223316191,-0.043893330952693,-0.0162888848925863
64.025179,120,112,361.607032314343,220.365475752475,0.999743394944192,-0.0226526878197984,0.166059219452233
64.075179,120,112,361.76087897614,220.663553911562,0.999743394944192,-0.0226526878197984,0.163433649923297
64.125179,120,112,361.854447698508,220.480370705266,0.999743394944192,-0.0226526878197984,0.11161679230854
64.175179,120,112,362.154019174075,220.819596445394,0.999743394944192,-0.0226526878197984,0.254089940785381
64.225179,120,112,362.515148759319,220.523994792265,0.999743394944192,-0.0226526878197984,0.47266478417033
64.275179,120,112,362.313511342266,220.622985187493,0.999743394944192,-0.0226526878197984,0.119862044384637
64.325179,120,112,362.337842865668,220.934777351229,0.999743394944192,-0.0226526878197984,-0.0116619524750579
64.375179,120,112,362.701002602115,221.254155376102,0.99981521299113,-0.0192234198700611,0.198953261978184
64.425179,120,112,362.695829765293,221.29185756576,0.999822176866939,-0.018857747613522,0.0451308593858733
64.475179,120,112,362.851181759687,221.465320752454,0.99981521299113,-0.0192234198700611,0.0486305216829585
64.525179,120,112,363.073608798039,221.150308426131,0.996090538829095,-0.0883382049577831,0.0621595644168128
64.575179,120,112,363.112531855938,220.714602261869,0.996090538829095,-0.0883382049577831,-0.00969433846847585
64.625179,120,112,363.098513313913,220.611431888506,0.996090538829095,-0.0883382049577831,-0.163446937630343
64.675179,120,112,363.360837729902,220.454783952635,0.996090538829095,-0.0883382049577831,-0.0369965531114628
64.725179,120,112,363.722748484113,220.625635674915,0.996090538829095,-0.0883382049577831,0.159941085855624
64.775179,120,112,363.933256411759,220.498990368354,0.997219216540066,-0.0745240509045006,0.239153161106956
64.825179,120,112,364.100763070521,220.392583113303,0.993939611516322,-0.109927469991734,0.252054718926511
64.875179,120,112,364.037164876327,220.488355682156,0.995333679123831,-0.0964928349765849,0.037080092226886
64.925179,120,112,364.160821306124,220.175648348383,0.997603935149534,-0.0691837305597524,0.0487559914817227
64.975179,120,112,364.352728259222,220.229832968023,0.994815159733022,-0.101699547517979,0.0794148069114343
65.025179,120,112,364.581681455818,220.161787525711,0.994576423092554,-0.104008358454598,0.166204613954689
65.075179,120,112,364.780695474632,220.454146584,0.994576423092554,-0.104008358454598,0.186705652111649
65.125179,120,112,364.900684680644,220.693900981848,0.992777121522719,-0.119973276112074,0.120327495247459
65.175179,120,112,365.105183280898,220.794616721566,0.992458423343755,-0.122581719412102,0.161897345451021
65.225179,120,112,365.123874514479,220.639461442429,0.994576423092554,-0.104008358454598,0.0692326539094974
65.275179,120,112,365.135096314903,220.483472532381,0.999930083582047,0.0118248867901692,0.0353500868611819
65.325179,120,112,365.128817751911,220.105362434497,0.999832476485768,0.0183035232765695,-0.115965883774773
65.375179,120,112,365.061091123012,220.335391528378,0.999891039262655,0.0147617614886693,-0.324316974104966
65.425179,120,112,365.345118396013,220.841788203353,0.999982974291042,-0.00583533444122419,-0.199480217674235
65.475179,120,112,365.621922707132,220.831403358451,0.999891039262655,0.0147617614886693,-0.0406826672146367
65.525179,120,112,365.946567100617,221.021026558264,0.999990266453911,-0.00441214204611959,0.117820327171583
65.575179,120,112,365.934949205323,221.266755268533,0.999988211348563,0.00485563218354026,-0.0212694018974403
65.625179,120,112,366.219571341984,221.150933042058,0.999930083582047,0.0118248867901692,0.132491553073806
65.675179,120,112,366.25977263307,221.344037585466,0.999999896985986,-0.000453903092990884,0.0115909466358578
65.725179,120,112,366.150251862214,221.23947976135,0.999961356670932,0.00879119814530675,-0.22266762618525
65.775179,120,112,366.345460625211,221.175089973393,0.997584456389615,-0.0694640365213319,-0.30246346191972
65.825179,120,112,366.516016714919,221.381191947725,0.996279633735728,-0.0861794140349258,-0.321180393550695
65.875179,120,112,366.787029471883,221.434376350493,0.997795949043342,-0.0663569444195312,-0.157470453131191
65.925179,120,112,366.836802344157,221.463323350258,0.99600023807637,-0.0893505777922756,-0.299084519966508
65.975179,120,112,366.950082633869,221.506803724335,0.996279633735728,-0.0861794140349258,-0.324755329124741
62.775179,121,113,423.381303949255,219.543757184495,-0.999999707395563,-0.000764989404231144,-0.0516128246134013
63.175179,121,113,422.332493505735,219.07437126987,-0.999999540293314,-0.000958860344671715,0.0450138071354439
63.225179,121,113,422.286674661528,219.159341311226,-0.999999963815463,-0.000269015002869823,-0.0354156071088564
63.525179,121,113,421.409129180587,219.286818914158,-0.999962037697468,0.00871338992171247,0.0554392187421042
63.575179,121,113,421.277637594659,219.166394342415,-0.999962037697468,0.00871338992171247,0.0491360467849916
63.625179,121,113,421.222785005328,219.265259707375,-0.999962037697468,0.00871338992171247,-0.0334083910070725
63.925179,121,113,420.35225679633,219.313484873207,-0.999962037697468,0.00871338992171247,-0.0234747365026293
64.225179,121,113,419.357855199718,219.410473449129,-0.999555705756356,-0.0298058901882432,0.0285339613915762
64.275179,121,113,419.181858953283,219.231646055818,-0.999929234201213,-0.0118964948524977,0.0626174808894467
64.525179,121,113,418.262717221427,219.303751350012,-0.999981360628725,-0.00610560358389218,0.175725903261741
64.575179,121,113,418.1064957888,219.211712905678,-0.999981773061795,-0.00603767705231718,0.16658458703045
64.775179,121,113,417.553796200102,219.053521905294,-0.999090313842415,0.0426443992367694,0.0717197857297775
64.825179,121,113,417.31087421885,219.153682007166,-0.999857769078327,0.0168653969330948,0.128601684138913
64.875179,121,113,417.278001550209,219.089112997676,-0.999655682739646,0.0262395877698629,-0.00712593008969142
64.925179,121,113,417.318146653756,218.377923480626,-0.999386520798487,0.0350225933690594,-0.241040851824309
65.025179,121,113,416.878791561747,217.976237789714,-0.997651415826128,0.0684956385481694,-0.182866517769746
65.075179,121,113,416.542896038006,217.83524478234,-0.999386520798487,0.0350225933690594,-0.0173324673747596
65.125179,121,113,416.404756407809,217.559387942923,-0.999506210580848,0.0314218874403445,-0.0660426814293258
65.175179,121,113,416.565705200478,217.56574216406,-0.998048228183329,0.0624478520056357,-0.431770828549003
65.275179,121,113,416.138736267381,217.417105227769,-0.99804745078239,-0.0624602752697556,-0.266931680810685
65.325179,121,113,415.588607777868,217.422712086203,-0.999957151653661,-0.0092571516514371,0.0484901937859099
65.375179,121,113,415.30157636122,217.442986954751,-0.99917628605949,0.0405801598858755,0.105395849717319
65.425179,121,113,415.238460495325,217.527930195374,-0.997504388143786,0.0706045015129489,-0.0386262589918102
65.525179,121,113,415.034443094638,217.544484671599,-0.99804745078239,-0.0624602752697556,-0.115066321393888
65.575179,121,113,414.67382622338,217.320191139002,-0.999706965801778,-0.0242070759779447,0.03074348965451
65.625179,121,113,414.248324282773,217.364624596391,-0.999821580678199,0.018889330590224,0.223525687709831
65.675179,121,113,414.266091315639,217.678744215116,-0.999440390370263,-0.0334500537598544,0.0471152699985816
65.775179,121,113,413.995229830562,217.904739192037,-0.993843891018984,0.110789531474077,-0.128357597709937
65.825179,121,113,413.362051866266,217.980056570824,-0.658275373024548,0.752777213569454,0.0448884062848161
65.875179,121,113,413.130938884157,218.218232648764,-0.978187056084458,0.20772598130427,0.367098199141641
62.775179,122,114,357.060282288223,223.893389928497,0.993256647201585,-0.115936330759024,-0.0560405586950226
62.875179,122,114,357.244441318112,223.605742313189,0.990317426519115,-0.138821449108406,-0.069458785328155
62.925179,122,114,357.270611998863,224.128500336006,0.987908913103434,-0.155035413408654,-0.220266106225434
62.975179,122,114,357.446876663522,224.185000922093,0.99973770665547,-0.0229023555832305,-0.662352735966369
63.025179,122,114,358.113542768359,224.622357505046,0.99973770665547,-0.0229023555832305,-0.165321087902528
63.075179,122,114,358.242598016584,224.740804515016,0.99973770665547,-0.0229023555832305,-0.198428050674387
63.125179,122,114,358.504773768631,224.656986266332,0.99973770665547,-0.0229023555832305,-0.0937842940770054
63.175179,122,114,358.561976102365,225.283512839102,0.99973770665547,-0.0229023555832305,-0.21029065643887
63.225179,122,114,358.782630518843,225.458707256967,0.999997685215049,0.00215164229015629,-0.200793363840372
64.025179,122,114,361.910517726089,227.64504637138,0.999994982676026,0.00316774727137343,0.404429878526678
64.075179,122,114,362.078818976067,227.224323461124,0.999994982676026,0.00316774727137343,0.414353319036406
64.125179,122,114,362.265241569111,226.766671012107,0.999994982676026,0.00316774727137343,0.442422134578024
64.175179,122,114,362.237683420608,225.999323163897,0.999994982676026,0.00316774727137343,0.255676404800117
64.225179,122,114,362.479666785282,225.419165545267,0.999994982676026,0.00316774727137343,0.339215013714658
64.275179,122,114,362.194879103499,225.672113370176,0.999994982676026,0.00316774727137343,-0.101219465731781
64.325179,122,114,362.677836461689,225.614325067945,0.999994982676026,0.00316774727137343,0.225264191577835
64.375179,122,114,362.771231542054,225.800286137268,0.999994982676026,0.00316774727137343,0.163125972459449
64.425179,122,114,362.995707308601,226.383308233609,0.999994982676026,0.00316774727137343,0.233496902517505
64.475179,122,114,363.227946521948,226.70384139095,0.999994982676026,0.00316774727137343,0.310976087645299
64.775179,122,114,364.276873974445,227.244760463324,0.994695880795373,-0.102859636051837,0.347621549867112
64.825179,122,114,364.345229504831,227.328222437481,0.994695880795373,-0.102859636051837,0.250270247553121
64.875179,122,114,364.366516771524,227.488416893083,0.996345416652218,-0.0854155180053266,0.117392864675182
64.925179,122,114,364.359838425015,227.617723585487,0.998145700626451,-0.0608700281002989,-0.0261557931497271
65.075179,122,114,364.874932412015,228.263007635719,0.999465460676597,-0.0326923984209958,0.0386952061598079
65.125179,122,114,365.084440413339,228.607638701556,0.999465460676597,-0.0326923984209958,0.0827844993805378
65.175179,122,114,365.133178529306,228.733829597175,0.999011812878852,-0.0444454466566654,-0.0557816894407224
65.225179,122,114,365.165401775319,228.982459830283,0.999343847322015,-0.0362198125289764,-0.165677505134459
65.775179,122,114,366.159273978324,230.962876825439,0.997557714601869,0.0698470188218167,-0.374608799068258
65.875179,122,114,366.338020142698,231.53836535625,0.997557714601869,0.0698470188218167,-0.449166860362566
65.925179,122,114,366.592456689846,231.175710687049,0.997557714601869,0.0698470188218167,-0.366734763532378
65.975179,122,114,366.917455792071,231.223043675278,0.997557714601869,0.0698470188218167,-0.184950385217018
62.775179,123,115,466.352473152172,256.976616848066,-0.943051226659247,-0.33264753703656,-0.18288746454733
62.875179,123,115,465.664992656242,257.327579981677,-0.943051226659247,-0.33264753703656,-0.122516689166708
62.925179,123,115,465.219933643589,257.634684778515,-0.943051226659247,-0.33264753703656,-0.0432970036604644
62.975179,123,115,465.246902723726,257.648226384258,-0.943051226659247,-0.33264753703656,-0.31337441504518
63.025179,123,115,464.936463176047,257.773053704154,-0.943051226659247,-0.33264753703656,-0.304068103363894
63.075179,123,115,464.714257466649,257.566823132908,-0.943051226659247,-0.33264753703656,-0.269623716174006
63.125179,123,115,464.096500584868,257.459113103394,-0.943051226659247,-0.33264753703656,0.103307048393865
63.175179,123,115,464.098366097576,257.515569770669,-0.943051226659247,-0.33264753703656,-0.164461085701139
63.225179,123,115,463.970940955281,257.602153213997,-0.943051226659247,-0.33264753703656,-0.322064294643094
63.275179,123,115,463.762014686514,257.916830709972,-0.976837065905893,-0.213984454277329,-0.737032216577594
63.325179,123,115,463.31068190203,257.78263010285,-0.976837065905893,-0.213984454277329,-0.517614279693311
63.375179,123,115,462.726063960043,257.849067958717,-0.976837065905893,-0.213984454277329,-0.212793331631473
63.425179,123,115,462.431354265468,257.792897539753,-0.976837065905893,-0.213984454277329,-0.166777827677819
63.475179,123,115,462.405699527788,257.816325388961,-0.976837065905893,-0.213984454277329,-0.402453815214636
63.525179,123,115,461.812661392859,258.061654314314,-0.883942746728141,-0.467595145940064,0.225760888744653
63.575179,123,115,461.351235425292,258.180454995073,-0.904306741163288,-0.426883260255815,0.273418874151869
63.625179,123,115,461.135988969404,258.243765776937,-0.90742313069709,-0.420218112265394,0.173681665471295
63.675179,123,115,460.881888521088,258.12664682702,-0.83490477329503,-0.550394421782392,0.33202292390394
63.725179,123,115,460.674148160908,258.33879122081,-0.938246836822086,-0.345966578144986,-0.0306938273069347
63.775179,123,115,460.237572044657,258.235043276655,-0.745668015806603,-0.666317649625945,0.385209424923598
63.825179,123,115,459.980110533503,258.185280145525,-0.71667371419496,-0.697408622962177,0.388962285622542
63.875179,123,115,459.317252706571,258.442016980159,-0.83434237772198,-0.551246584331579,0.434147167330732
63.925179,123,115,458.864537346274,258.401854474213,-0.89329873065964,-0.449463433219963,0.574107661055924
63.975179,123,115,458.620323198092,258.414827002246,-0.861227340158118,-0.508219901778919,0.512805643795309
64.025179,123,115,458.29152943189,258.265438725045,-0.936857995387738,-0.34971001769762,0.604116392417798
64.075179,123,115,458.035237356175,258.224349736775,-0.936857995387738,-0.349710017697621,0.582258616166283
64.125179,123,115,457.794948227332,258.175724639007,-0.897570975599935,-0.440869985098306,0.545400292508938
64.175179,123,115,457.497772648975,258.252286921893,-0.936957138264179,-0.349444303224133,0.518896833788737
64.225179,123,115,457.37115590697,258.286479397787,-0.936934142035006,-0.349505956299928,0.344764980315648
64.275179,123,115,456.902779605552,258.391319686894,-0.922388202659565,-0.386264162969407,0.447798559706104
64.325179,123,115,456.95515725219,258.14259555351,-0.934681557690352,-0.355486125908646,0.217943821219679
64.375179,123,115,456.676346346968,258.141481503778,-0.934681557690352,-0.355486125908646,0.193979149012079
64.425179,123,115,456.358793029831,258.296276836931,-0.949437148208456,-0.313957165234039,0.168121551950284
64.475179,123,115,455.909744670082,258.155550050031,-0.931627145154509,-0.363415550590863,0.327740528686233
64.525179,123,115,455.720793296579,258.070161764555,-0.943003045753229,-0.332784097727239,0.258050234614365
64.575179,123,115,455.44287002963,258.04230548213,-0.934681557690352,-0.355486125908646,0.228210159489653
64.625179,123,115,455.075275366936,258.078317680741,-0.933719596693036,-0.358005188162677,0.265604759096864
64.675179,123,115,454.739423288223,257.966325203459,-0.933719596693036,-0.358005188162677,0.326087880960835
64.725179,123,115,454.485507513533,257.884237689069,-0.922390180639594,-0.38625943957353,0.283242983895133
64.775179,123,115,454.114836483303,258.084193964534,-0.524512353053873,-0.851402837377166,-0.239528715404849
64.825179,123,115,453.856993002351,257.993616163981,-0.459469753631995,-0.888193416715838,-0.289569646688381
64.875179,123,115,453.637590712752,257.728717629166,-0.459469753631995,-0.888193416715838,-0.145819257073385
64.925179,123,115,453.321871128134,257.73042684609,-0.459469753631995,-0.888193416715838,-0.194744253512783
64.975179,123,115,453.150959519547,257.805506807673,-0.459469753631995,-0.888193416715838,-0.375497705555302
65.025179,123,115,453.207850399134,257.614399801969,-0.980971182381862,-0.194153391256327,-0.135470217258175
65.075179,123,115,452.980817245257,257.841930660094,-0.980971182381862,-0.194153391256327,-0.264886172630656
65.125179,123,115,453.316264850382,257.56598334398,-0.980971182381862,-0.194153391256327,-0.849780363242073
65.175179,123,115,453.447165460858,257.577766549642,-0.980971182381862,-0.194153391256327,-1.29132479864432
65.275179,123,115,452.121733236199,257.43420290143,-0.770653105663146,-0.637254886785302,-0.739397029168902
65.325179,123,115,451.220494859212,257.483959766252,-0.770653105663146,-0.637254886785302,-0.351926417843249
65.375179,123,115,450.518570451273,257.540232260354,-0.770653105663146,-0.637254886785302,-0.122961738095313
65.425179,123,115,449.916171716291,257.457257090778,-0.803114487066638,-0.595824739888913,0.174366746121362
65.475179,123,115,449.486032479763,257.292352295776,-0.803114487066638,-0.595824739888913,0.332559099001495
65.525179,123,115,449.109976386884,257.251852947695,-0.738697572041127,-0.674037014607168,0.258351254942371
65.575179,123,115,448.938325562169,257.396919089169,-0.743754808218573,-0.668452530290487,0.0254527325270402
65.625179,123,115,448.544360783481,257.352999786573,-0.71533431446608,-0.698782382825543,0.0231824042743053
65.675179,123,115,448.318108100814,257.317634133778,-0.663422076623372,-0.748245379704234,-0.141600327346403
65.725179,123,115,448.00554953441,257.278039102881,-0.631107239780444,-0.775695592289081,-0.207172911748117
65.775179,123,115,447.532371897475,257.031811458571,-0.599665463480237,-0.800250793132398,-0.00811146185433764
65.825179,123,115,447.108216517302,257.152589353577,-0.578639238840656,-0.815583613907186,-0.120799689190766
65.875179,123,115,447.027851330112,257.284369505432,-0.652849064206332,-0.757488019288039,-0.290950973186265
65.925179,123,115,446.702541566416,257.279225800937,-0.599258877315851,-0.800555305995873,-0.415488348463902
65.975179,123,115,446.722725006506,257.292350344728,-0.615046402940351,-0.788490914488008,-0.653052181340442
62.825179,124,116,495.074599941792,243.951690478043,-0.998621387645044,-0.0524911815249615,-0.218506935005482
63.225179,124,116,493.092610166667,244.022418008137,-0.999595007305077,0.0284573605726642,-0.528844789721803
63.275179,124,116,492.406600187371,244.188456625178,-0.999971713040204,0.00752151044930335,-0.107341317247618
63.425179,124,116,491.353738623582,244.17932846406,-0.999911119489579,-0.0133324086757727,0.0849236073774212
63.575179,124,116,490.617061259265,244.255366352464,-0.999683410743304,0.025161046970165,-0.0724515715316161
63.775179,124,116,489.221899387031,243.769563922749,-0.999609853980614,0.0279309832418348,0.0938348452842809
63.825179,124,116,489.089590124035,243.709013762848,-0.996840942477182,0.0794237710084503,-0.0842522697242486
63.925179,124,116,488.244662385296,243.413504663416,-0.999620287148812,-0.0275550634281149,0.127549015240775
64.025179,124,116,487.916043889277,243.898296625451,-0.999575892465133,0.0291210439808332,-0.172224655526829
64.075179,124,116,487.332194673259,243.37390484488,-0.997795020761342,0.0663709013338937,0.0789825291125524
64.125179,124,116,486.678480677767,243.368690633695,-0.997795020761342,0.0663709013338937,0.409945720424941
64.175179,124,116,486.489455944457,243.441641937936,-0.997869591336622,0.0652401616006755,0.2795772620429
64.225179,124,116,486.074684153808,242.905320716171,-0.998390807697697,0.0567079809615879,0.333231997988949
64.325179,124,116,485.332919765694,242.609375747977,-0.996125864471409,0.0879389682171027,0.389454447908665
64.375179,124,116,485.09936565394,242.387762997184,-0.996125864471409,0.0879389682171027,0.272047344633107
64.625179,124,116,483.560899265162,241.397439802476,-0.999729921119263,-0.0232397250171202,0.131002833177222
64.675179,124,116,483.418565315559,241.368579138427,-0.999676700215376,-0.0254262668612105,-0.0785686843537037
64.725179,124,116,483.469538142784,241.648952154679,-0.999733753133892,-0.0230742896926871,-0.494584320526129
64.775179,124,116,482.987329593643,241.617636078357,-0.999965722655759,-0.00827970491897829,-0.377302245329019
64.825179,124,116,482.519204961915,241.881179360363,-0.999890590339395,0.0147921381394328,-0.273807880540805
64.875179,124,116,482.12591860416,241.799349200262,-0.99998540740475,0.00540231224161975,-0.240783367394769
64.925179,124,116,481.558592230085,241.860811803887,-0.999958422060434,0.00911888975734089,-0.0360707172590336
64.975179,124,116,481.110790544358,242.202758254944,-0.999890590339395,0.0147921381394328,0.0524581479225556
65.025179,124,116,480.531988815174,242.408639004445,-0.99972271293744,0.0235477650108146,0.273939455597132
65.075179,124,116,480.101538683425,242.349977790301,-0.999669848900538,0.0256942250160437,0.336597941174191
65.125179,124,116,479.827987815957,241.977225768188,-0.999777145051038,0.0211106663465409,0.22889851899637
65.175179,124,116,479.430384520308,241.825280983253,-0.99998710906391,0.0050775689069207,0.24581237891072
65.325179,124,116,478.343243825577,241.591109186047,-0.999984511261767,0.00556571977062944,0.200068599657165
65.375179,124,116,477.905804084997,241.109541180374,-0.999927442301034,0.0120461667476958,0.252902830121268
65.425179,124,116,477.704705273881,240.986916847669,-0.999927442301034,0.0120461667476958,0.0698450766433679
65.575179,124,116,476.595821518576,240.809323346762,-0.999765591028013,0.0216509352316991,0.01550873339653
65.625179,124,116,476.267755090363,240.760255785019,-0.999934798012149,0.0114192698717062,-0.0456972334555529
65.675179,124,116,476.233682171462,240.538887321635,-0.999914032130888,-0.0131121450476001,-0.398811640065593
65.725179,124,116,475.638551202487,240.174003547386,-0.999996908071911,0.00248673412672738,-0.203963745852593
65.775179,124,116,475.200058148,240.16451239777,-0.999996908071911,0.00248673412672738,-0.161884420275234
65.825179,124,116,474.761970910496,240.107750114958,-0.999079933631987,-0.0428869002599269,-0.096624104261451
65.875179,124,116,474.421624179705,239.998134655924,-0.999996908071911,0.00248673412672738,-0.182035653743618
65.975179,124,116,473.550865815912,239.953562169167,-0.999996908071911,0.00248673412672738,-0.116641917304158
62.825179,125,117,441.940402439278,254.35192652835,-0.985451060026122,-0.169959431316395,0.414931160710851
62.875179,125,117,441.759306424433,254.505613380474,-0.958917439841577,-0.283685289656824,0.333159730352791
63.175179,125,117,440.832821204141,254.003359394464,-0.748368605626179,-0.663283069370181,0.0765850843031519
63.225179,125,117,440.771675121946,253.833449967121,-0.686667031161354,-0.72697206845659,0.0346169399009996
63.475179,125,117,439.837185193473,253.191266264391,0.924043478471228,-0.382287391754937,-0.149954779989996
63.525179,125,117,439.706435893718,253.149665665425,-0.949743408024189,-0.313029485695197,0.216003853257678
63.675179,125,117,439.465420964601,252.768194738633,-0.0349909792236876,-0.999387628186865,0.36325768838052
63.725179,125,117,439.259930483711,253.115086984486,-0.545968017161823,-0.837806018262215,-0.114241148514003
63.775179,125,117,439.075034787069,253.322893920621,-0.994186042193357,-0.107675965321461,-0.20276896275278
63.825179,125,117,439.033950036267,253.437009250812,-0.999994184519384,0.00341041455136879,-0.329744253028756
63.875179,125,117,439.391720099287,252.873991519671,-0.984148649442566,0.17734552658687,-0.884829170574635
63.975179,125,117,438.479998845958,253.420435529271,-0.823058347961763,0.567956825692282,0.0266051141634274
64.025179,125,117,437.958501488601,253.284043089551,-0.760044084041288,0.649871518312535,0.285692950767693
64.075179,125,117,437.737196093578,253.231193364607,-0.886176176523785,0.463348447889583,0.188895749826428
64.225179,125,117,437.256114806505,253.339468337576,-0.98122840689198,0.192849198878882,-0.0603836817334695
64.275179,125,117,436.797626955053,253.176459679009,0.978737382529017,0.205117371376121,0.111676249805532
64.325179,125,117,436.679663002746,252.957675896864,0.967583821832627,0.252550089542189,0.19653061756006
64.525179,125,117,435.603893099289,252.744750072395,-0.651535502061433,-0.758618144756343,-0.287076099342409
64.575179,125,117,435.486476698005,252.554682084454,-0.863083556520097,-0.505061159132852,-0.157883645369726
64.725179,125,117,434.537529123676,252.493890172604,-0.52277688737798,-0.8524695455108,-0.206691295204136
64.775179,125,117,434.378053468753,251.767534306134,-0.99998041470549,-0.00625861050362707,0.215418805078285
64.925179,125,117,433.942151377345,250.777435499279,-0.998903546876664,0.0468156388103329,-0.101617728101511
64.975179,125,117,433.754804190679,250.764798096314,-0.999915127466326,0.0130283484755872,-0.111676481536826
65.175179,125,117,432.789823536238,250.850736906451,-0.99997692083245,0.00679395337423078,-0.0952662129203143
65.225179,125,117,432.506558465098,251.026420804359,-0.99997692083245,0.00679395337423078,-0.0532832741569525
65.375179,125,117,431.797149997773,251.085909962723,-0.999876443734491,0.0157193277486,-0.0831538011759465
65.425179,125,117,431.448808149495,251.19072033559,-0.999984103351026,0.00563853218887203,0.0223955817742476
65.575179,125,117,430.641289965463,251.553998537186,-0.994443840812395,-0.105268454298011,0.0619247038138352
65.625179,125,117,430.356022489087,251.764719091417,-0.994070828783912,-0.108734481011616,0.0662139141464101
65.775179,125,117,429.221251978286,252.006473178489,-0.941798725801619,-0.33617727477991,0.197575520074405
65.825179,125,117,428.907388563968,252.021750580039,-0.941798725801619,-0.33617727477991,0.233338955205754
65.975179,125,117,427.942009494998,252.19769886464,-0.941798725801619,-0.33617727477991,0.313270707505855
62.825179,126,118,301.1797399963,273.635307391974,0.970351787376471,0.24169693571762,-0.290572753050206
63.575179,126,118,303.497190357073,273.636203936118,0.956760196830526,0.290877853678847,0.509512260269916
63.625179,126,118,303.447422415812,274.110429780496,0.956760196830526,0.290877853678847,0.48579092098762
63.675179,126,118,303.375307193005,273.971442731555,0.956760196830526,0.290877853678847,0.260624746014941
63.775179,126,118,303.908825589975,273.784316614656,0.990978898073137,0.134017997200942,0.374833150972538
63.825179,126,118,303.589700781983,273.796353245797,0.928458746739111,0.371435533577012,0.117418683756009
63.875179,126,118,303.83483995965,273.592671269575,0.98331664603365,0.181902099034434,0.0621876019854529
63.925179,126,118,303.799753873993,273.825160077382,0.961211966654217,0.275810723433178,0.0100118961914176
63.975179,126,118,303.578217827663,273.686810525658,0.92666841491627,0.3758798329208,-0.306465244533924
64.025179,126,118,303.992146025034,273.71006792744,0.962369055567768,-0.271745838764098,-0.309535208846697
64.075179,126,118,304.3203411395,274.104659850659,0.996374441538389,0.0850762731263163,0.0632885518534826
64.125179,126,118,304.320439372411,273.910609166017,0.999101019964976,0.0423928284612443,-0.100389542368702
64.175179,126,118,304.230924164794,274.029961999265,0.998208389894961,-0.0598331876412174,-0.368460475251353
64.225179,126,118,304.610671897968,274.031513630388,0.999444906695021,-0.0333148387566396,-0.0980425303486025
64.275179,126,118,304.580707915387,274.066040083096,0.895537539959087,0.444985971154177,0.013554340456868
64.325179,126,118,304.719268920523,273.781622273217,0.901423470637061,0.432938478983603,-0.129667333878808
64.375179,126,118,304.537035326422,274.047182856705,0.899114407683225,0.437713698547856,-0.314810263416022
64.425179,126,118,304.820959899496,273.928443964088,0.898083251280094,0.439825503774139,-0.251045456657764
64.475179,126,118,305.156586051783,273.842300840078,0.904509288651469,0.426453921008136,-0.131912600777317
64.525179,126,118,305.2590166698,273.818017349355,0.921461414619453,0.388469897633673,-0.198011140728011
64.575179,126,118,305.206810024458,273.75660928469,0.917903464010996,0.396803768576628,-0.414996055644964
64.625179,126,118,305.719068429155,273.613682451035,0.925269428771235,0.379310537925527,-0.14432072969942
64.675179,126,118,305.839688721409,273.738420451942,0.922669921122295,0.385590737254123,-0.135528711792042
64.725179,126,118,306.232167225783,274.089018965151,0.922156590837693,0.386816780885478,0.21125184702599
64.775179,126,118,306.369015787858,273.945508711996,0.98887492879339,0.148749370431837,0.15953489772398
64.825179,126,118,306.585487300242,273.578825646439,0.99676808080769,0.0803330136553763,0.201264685499838
64.875179,126,118,306.778533953411,273.646115611642,0.994723725896459,0.102590005062217,0.235161398279213
64.925179,126,118,306.982978508752,273.854572312685,0.981799736285695,0.189919134974177,0.273921920135423
64.975179,126,118,307.030355478999,273.696825750457,0.998404452500793,0.0564672402955125,0.201898586406278
65.025179,126,118,307.412490374161,274.013291138005,0.999840559383345,-0.0178565341541986,0.460977154972601
65.075179,126,118,307.36656433287,274.247884520774,0.993991924439993,-0.109453433697072,0.255758438136782
65.125179,126,118,307.257442967585,273.939292091741,0.991457573465315,-0.130429597938007,0.0353275158853864
65.175179,126,118,307.382355184946,274.050448376368,0.998683526716622,-0.0512953551976304,-0.0350327199627023
65.225179,126,118,307.705548683466,273.9690400586,0.999998905181113,-0.00147974206359069,0.109506484129555
65.275179,126,118,307.645616115832,273.870008399626,0.999967388843359,0.00807596742158312,-0.120704951641048
65.325179,126,118,307.654635076129,274.15441629504,0.994541394054683,0.104342778915307,-0.307013151184349
65.375179,126,118,307.847503254711,273.830308112603,0.984965817846339,-0.172749349273136,-0.125843329075331
65.425179,126,118,308.110130941215,274.243163613414,0.997478559852768,0.0709684622494284,-0.180146452195976
65.475179,126,118,308.400080907677,274.15991586639,0.9987943213264,-0.0490907698670172,-0.0183726317120791
65.525179,126,118,308.500723216702,274.214088065513,0.999147216472712,-0.0412897059184371,-0.0961153012311486
65.575179,126,118,308.375851698977,274.182614586413,0.97814942562727,-0.207903105183741,-0.302483055971773
65.625179,126,118,308.795608584079,274.101545612642,0.985039340807245,-0.172329617483556,-0.0645104514316772
65.675179,126,118,308.777196839942,274.129761520736,0.993613225005991,-0.112839528061726,-0.298677446525599
65.725179,126,118,309.232136356655,274.360599453902,0.998493145654517,0.0548765713301072,-0.121776835219947
65.775179,126,118,309.585424895699,274.274441524281,0.998137089554156,0.0610110683102523,0.037536291910115
65.825179,126,118,309.834620426104,274.594056451616,0.99559118260449,0.0937987053225822,0.109351156567951
65.875179,126,118,310.089462855476,274.191180410893,0.99534624701039,0.0963631078905823,0.133652702856359
65.925179,126,118,310.179584244415,274.276661177644,0.993898442461111,0.110299075578072,0.0307035032005285
65.975179,126,118,310.77032132706,274.405288847513,0.998440166318966,0.0558321975293379,0.471275106277743
62.925179,127,119,441.73214107275,213.42134561655,-0.997651291449414,-0.0684974500935399,0.632906697536438
63.225179,127,119,440.586061426052,213.594487313978,-0.999968095535885,-0.00798798537404077,0.365136634711012
63.275179,127,119,440.534670832909,213.942557869081,-0.9999523362342,0.00976346556124058,0.135936298859349
63.475179,127,119,439.752946208298,215.355117508186,-0.994936120543296,0.100509283343658,-0.168728793753119
63.525179,127,119,439.561503577453,215.65464607944,-0.9999523362342,0.00976346556124059,0.215359788140556
63.575179,127,119,439.474372112936,216.052474522914,-0.9999523362342,0.00976346556124059,0.118711501118988
63.625179,127,119,439.427082048358,216.822035408962,-0.9999523362342,0.00976346556124058,-0.0159823357929649
63.725179,127,119,439.387844075721,217.096607008986,-0.9999523362342,0.00976346556124058,-0.358521848707382
63.775179,127,119,439.048466706475,217.373854640553,-0.997625051859418,-0.0688785590913002,-0.0603575107611996
63.825179,127,119,438.618598018138,217.607748876611,-0.998388681547904,-0.0567454011972659,0.133734781245641
63.875179,127,119,438.407797754238,217.757929087979,-0.998982707083113,-0.0450949104544504,0.118385796365159
64.025179,127,119,438.100800979061,218.399266683268,-0.980430890716992,-0.196863578469673,-0.0966540498571721
64.075179,127,119,437.837631468388,218.693395404718,-0.991509208249765,-0.130036494707922,-0.134107964880156
64.125179,127,119,437.972582174653,218.543957713985,-0.979803812972606,-0.199961216450447,-0.413511908201001
64.325179,127,119,436.739409034868,219.45148405422,-0.975328949859654,-0.220756516473841,-0.246749086018587
64.375179,127,119,436.370415264929,219.566186209707,-0.975328949859654,-0.220756516473841,-0.128365855301156
64.525179,127,119,435.726164906513,219.994238265014,-0.999985258513365,0.00542980257088836,-0.00232443410289843
64.575179,127,119,435.603332097396,220.092967683613,-0.999992444176086,0.00388736295428319,-0.103405497706751
64.625179,127,119,435.533061750711,220.185821685978,-0.999989794352331,0.00451787463107523,-0.256150187162991
64.725179,127,119,435.149669883283,220.150813416035,-0.999957680174314,0.0091998837169228,-0.319856869602052
64.775179,127,119,434.7351231663,220.137419547305,-0.999997430875316,0.00226676923538745,-0.143803399838297
64.825179,127,119,434.325906223792,220.300303942851,-0.999997885988845,-0.0020562144441721,0.0284430049450896
64.925179,127,119,434.175792064678,220.04193425423,-0.999950518189266,0.0099479230504663,-0.271291969984787
64.975179,127,119,433.84177445503,219.828612523415,-0.99998653807517,0.00518880221595806,-0.180015519374826
65.025179,127,119,433.441516690281,219.774862774984,-0.999995837049503,-0.0028854607369186,-0.0257386261875298
65.175179,127,119,432.69871169638,219.494814854044,-0.999995649612925,-0.002949704260319,-0.00246900691284142
65.225179,127,119,432.334873469444,219.334615155278,-0.999995255852802,-0.00308030386307225,0.11862083745118
65.375179,127,119,431.769720684569,219.328994813783,-0.999905346418362,0.0137585683839476,-0.0417193449819094
65.425179,127,119,431.320207781699,219.103243569193,-0.999997969115764,-0.00201538193596633,0.147188253926679
65.475179,127,119,431.150553224546,219.372118270269,-0.999980252850939,0.00628441788652202,0.0727087079564168
65.575179,127,119,430.905790480131,219.484884190458,-0.999930663332882,0.0117757601309684,-0.181592174586035
65.625179,127,119,430.333124309431,219.476597081212,-0.999900104121667,-0.0141344181868081,0.11098016364998
65.675179,127,119,430.060842567792,219.327395762814,-0.999835696786505,-0.0181267600923143,0.125609992452966
65.725179,127,119,430.020865610897,219.687296061272,-0.999971026674731,0.00761221459788379,-0.067564683676318
65.825179,127,119,429.056316797789,219.626788602891,-0.988671845672582,-0.150093242933749,0.187961497845171
65.875179,127,119,428.6511313202,219.217777371542,0.892101013195035,-0.451836012571366,-0.806647832971701
62.925179,128,120,297.958558987197,266.552680146078,0.967554423994999,0.252662693343727,0.453490142962605
63.425179,128,120,299.213369282164,267.637626284607,0.788145158963024,0.615489405597814,0.466161513468602
63.525179,128,120,299.255318048827,267.878840216941,0.689959332698826,-0.723848132705881,-0.866385362702503
63.725179,128,120,299.831566414057,268.372478706271,0.836014744124259,-0.548706977909749,-1.08927672273404
63.775179,128,120,300.253206021307,268.176384649263,0.717501126413505,-0.696557344082562,-0.890307613839308
63.825179,128,120,300.630645009679,267.815056033918,0.728197587119714,-0.68536725491741,-0.47709133724654
64.025179,128,120,302.073191763668,267.854448127731,0.808293128670948,-0.588780280022464,0.150955422969411
64.075179,128,120,302.415801933933,267.91838906353,0.814291887151026,-0.58045561632223,0.25191584254528
64.225179,128,120,302.944083076434,267.433145698286,0.83202433930092,-0.554739126807248,0.51554101517675
64.275179,128,120,303.050273472058,267.093152986399,0.973571249866519,0.228383496411941,0.380525266299729
64.425179,128,120,303.735198463438,266.148396933512,0.983156817351561,0.182763980300137,0.241762981938598
64.475179,128,120,304.269600376974,265.781176293924,0.977158937733913,0.212509788966839,0.415475114932904
64.525179,128,120,304.362212933999,265.693800314776,0.978797742285782,0.204829147574892,0.277240609393349
64.575179,128,120,304.456674611828,265.439619287917,0.983156817351561,0.182763980300137,0.141081996714916
64.675179,128,120,305.156490567436,264.904815118321,0.983156817351561,0.182763980300137,0.267937167828936
64.725179,128,120,305.322019183636,264.700239780553,0.983156817351561,0.182763980300137,0.158648737545796
64.775179,128,120,305.33427020072,264.757276862295,0.99162656191856,0.129138536841549,0.111344888884596
64.825179,128,120,305.326369474899,264.584532855292,0.99162656191856,0.129138536841549,-0.157955705174828
64.875179,128,120,305.67460959036,264.345150104403,0.99162656191856,0.129138536841549,-0.0846857645329053
64.925179,128,120,305.934841051135,264.747904137075,0.99162656191856,0.129138536841549,-0.0177412666213707
64.975179,128,120,306.120678259198,264.261878890878,0.99162656191856,0.129138536841549,-0.141317734406936
65.025179,128,120,306.31380620341,264.322741421881,0.996674128689587,0.081490374896988,-0.0166265614564449
65.075179,128,120,306.294532855258,264.618956458867,0.999995492742316,-0.00300241487009937,0.0192751951555263
65.125179,128,120,306.353965873845,264.825500327006,0.998838065625456,-0.0481925166140691,-0.0303069630306072
65.175179,128,120,306.416145328888,264.56445472765,0.998632778628653,-0.0522740226921119,-0.192477891455249
65.225179,128,120,306.921199175826,264.616878822989,0.996987547677589,0.0775617803807256,-0.38271990902949
65.275179,128,120,307.147265977894,264.667987751237,0.985134959121355,-0.171782165305266,0.427330561626612
65.325179,128,120,307.252238053639,265.056684886088,0.979032257354214,-0.203705274992848,0.310106415941472
65.375179,128,120,307.476136968605,265.129426178569,0.990211694861168,-0.139573634187024,0.071807139911235
65.425179,128,120,307.790566888593,265.466134823046,0.990211694861168,-0.139573634187024,0.0790404734236583
65.475179,128,120,308.300457770374,265.770868808567,0.999996987892959,-0.00245442559655163,-0.037411438672211
65.525179,128,120,308.469203657432,265.733164040949,0.996635602951115,0.0819602033322742,-0.335660075710542
65.575179,128,120,308.749195635014,265.725364862388,0.995721691721005,0.0924029904075628,-0.35120889471413
65.625179,128,120,308.928696683667,265.541340783635,0.995594636829144,0.0937620345184831,-0.463794383322626
65.675179,128,120,309.493415296453,265.750948090492,0.995832165701129,0.0912047024829306,-0.148426456235643
65.725179,128,120,309.683162123235,265.813048463957,0.995797151805925,0.0915862023189477,-0.229372132814383
65.775179,128,120,309.868291941079,265.736168191946,0.988617905276483,-0.150448121845167,0.268081979585564
65.825179,128,120,309.807790581754,265.331795221942,0.991576047595154,-0.129525834626046,-0.0654384319201784
65.875179,128,120,310.331360119961,265.463151590827,0.991718903800887,-0.128427473088769,0.157535947291675
65.925179,128,120,310.513964479721,265.637318683776,0.989212684333608,-0.146486399209956,0.0858423996581248
65.975179,128,120,310.674811975149,265.625760654361,0.990704637113971,-0.136030592150716,-0.060706250128776
63.025179,129,121,494.090067065225,238.416261010839,-0.998480365792468,0.0551086120941078,-0.605265464763843
63.375179,129,121,491.66782604465,238.721863559545,-0.99979550628052,0.0202224039441303,-0.0825183257639107
63.475179,129,121,490.893498509187,238.81012746176,-0.99979550628052,0.0202224039441303,0.116463597574135
63.875179,129,121,488.298521839004,239.000765352988,-0.969183638311385,-0.246339349738339,-0.0700970342323303
63.925179,129,121,488.011871338808,238.52859673484,-0.959318381652143,-0.282326482329083,-0.0397027588090235
64.125179,129,121,486.765246632305,238.048291156587,-0.999461938211353,-0.0327999095548458,0.179918441045407
64.225179,129,121,486.22503525514,237.531833207243,-0.999970044324467,0.00774018434681425,0.0939314379208758
64.325179,129,121,485.359303526415,237.058276058189,-0.999970044324467,0.00774018434681425,0.29073532398144
64.425179,129,121,485.011420232445,236.828832447489,-0.999970044324467,0.00774018434681425,-0.0377730516995376
64.475179,129,121,484.762589720781,236.768328489121,-0.999970044324467,0.00774018434681425,-0.130187565964874
64.625179,129,121,483.575932097162,236.567557587892,-0.99999615439863,0.00277329910944834,0.0183936845718314
64.675179,129,121,483.301347224808,236.084934214163,-0.999852841401581,-0.0171550441906705,-0.0524764253120419
64.725179,129,121,482.946975546526,235.987019485937,-0.999964495307295,-0.00842663187916193,-0.0531035884222893
64.775179,129,121,482.272722895756,236.073949152636,-0.999823470633332,0.0187890279343954,0.260284563438304
64.875179,129,121,481.476653271114,235.452137563659,-0.999708412481667,-0.0241472568501066,0.359457954781081
64.975179,129,121,480.859155967799,235.421772557788,-0.999997747004458,0.00212273079041733,0.235411540229935
65.025179,129,121,480.427215462522,235.11717482531,-0.992632949999326,0.121160334167726,0.204554072782694
65.125179,129,121,479.671461926267,234.960869065127,-0.998302939557555,0.0582343615981552,0.273283761122321
65.275179,129,121,478.629112735571,234.282214409503,-0.997216189919833,-0.0745645395732566,0.340578724030603
65.425179,129,121,477.686229559526,234.351704642854,-0.998303856004838,-0.0582186489526518,0.109227919202511
65.575179,129,121,476.598062232442,234.311029852718,-0.999125133998588,-0.0418206481573913,0.018152813280242
65.675179,129,121,476.325750458685,234.361801897628,-0.998991446307952,-0.0449008931263784,-0.493753393984697
65.725179,129,121,475.874981671561,234.706499198027,-0.981365643106574,-0.192149614961937,-0.389755595293327
65.775179,129,121,475.276669351834,234.600951366403,-0.999125133998588,-0.0418206481573913,-0.24967462936259
65.875179,129,121,474.403428916857,234.540616768151,-0.99897854739627,-0.0451869653997578,-0.172116828697056
65.975179,129,121,473.598143513182,234.511436834449,-0.99897854739627,-0.0451869653997578,-0.172370652335717
63.025179,130,122,493.74286890723,248.588408058891,-0.997620092283876,-0.0689503551224386,0.250347559415771
63.725179,130,122,489.937089593359,248.456762542058,-0.99850343050254,-0.0546891147730524,-0.134153218101008
63.875179,130,122,489.087426374738,248.350956031127,-0.996079638151908,0.0884610335637325,-0.442681840677366
64.025179,130,122,487.823941474455,248.18030163482,-0.999662821027143,0.0259662137412024,-0.0452160294444665
64.175179,130,122,486.807272362339,248.418416155504,-0.996079638151908,0.0884610335637326,-0.0473408816593477
64.275179,130,122,486.174148189879,248.116575121038,-0.994902806630096,0.100838511291856,-0.101670769592874
64.375179,130,122,485.736962165299,248.553668246628,-0.993566451035602,0.113250639629622,-0.279336703205855
64.575179,130,122,483.997793341934,248.077279364448,-0.993485841378169,0.113955618471012,0.0662077833596061
64.675179,130,122,483.302262580134,247.845802506471,-0.999827690272675,0.0185631291545409,0.100111300991266
64.725179,130,122,482.908100856724,247.590482775369,-0.99965461035154,0.0262804110110598,0.13179290164858
64.775179,130,122,482.64640552715,247.624678801399,-0.999731517225513,0.0231709616971992,0.0419356016294925
64.875179,130,122,481.849891424523,247.51161125203,-0.999885491562984,0.0151328702449388,0.124472415795529
64.925179,130,122,481.24137064937,247.275749345585,-0.999731517225513,0.0231709616971992,0.362754862097628
65.075179,130,122,480.227615336914,247.296758158295,-0.998502692870724,-0.0547025806512988,0.311298895594425
65.225179,130,122,479.093714135314,247.109647173618,-0.999667128619777,0.025799844129173,0.297626238751997
65.325179,130,122,478.303907177701,246.95115339345,-0.993987327491859,-0.109495172430532,0.37627602871294
65.425179,130,122,477.784253050871,247.607133862751,-0.929493501167783,-0.36883848943251,-0.07854267096934
65.475179,130,122,477.622587634434,247.438360480284,-0.929493501167783,-0.36883848943251,-0.249788934810113
65.525179,130,122,477.226727646937,247.435676243983,-0.999572421903643,-0.0292399276621055,-0.128830711488041
65.575179,130,122,476.690976013073,247.580315645466,-0.999877983031728,-0.0156211090644241,0.0210988604287317
65.625179,130,122,476.525978574208,248.029263875054,-0.999572421903643,-0.0292399276621055,-0.227804395548359
65.675179,130,122,475.872012721348,248.237012952832,-0.999948364406497,-0.0101621120232145,0.0534737926486167
65.725179,130,122,475.60680673867,248.380262038148,-0.999958782258446,-0.00907930527111957,-0.0754193548492231
65.775179,130,122,475.243318414801,248.278275855245,-0.999884317339818,0.0152102576535202,-0.0680352824097348
65.875179,130,122,474.56631259158,248.371284472346,-0.999884317339818,0.0152102576535202,-0.184072627474468
65.925179,130,122,474.038424206504,248.997123697511,-0.999884317339818,0.0152102576535202,-0.046574140669992
65.975179,130,122,473.665798480234,248.787380990305,-0.999884317339818,0.0152102576535202,-0.0787808679974012
63.075179,131,123,431.96143328225,213.797735188735,-0.996580284076435,0.0826301239871473,0.503284357736819
63.375179,131,123,431.213679183285,214.016806573247,-0.999630521847716,0.0271812396785747,0.366586853794041
63.425179,131,123,431.164841238848,214.32233534421,-0.998480311905355,0.0551095884341888,0.223397182904145
63.525179,131,123,431.420527861957,214.931475576218,-0.991045580006704,0.133523999150625,-0.371198873795077
63.575179,131,123,431.615363243783,215.160245418267,-0.999851861464944,-0.0172120633593782,-0.69194667583589
63.675179,131,123,431.091099240097,215.379869194884,-0.999937522308433,-0.0111781697818584,-0.529872995002014
63.725179,131,123,430.653247348018,215.346785531201,-0.998965028237276,0.0454848585674213,-0.266356312621812
63.775179,131,123,430.10415573438,215.25131448613,-0.999995404130424,0.00303178462798109,0.0937294824172243
63.825179,131,123,430.462818229935,215.026074981561,-0.981038393505169,0.193813494031755,-0.471507297211528
63.975179,131,123,429.691045514307,214.842258091937,-0.991819628662365,0.127647264757413,-0.276121139089812
64.025179,131,123,429.115804551834,214.609398400403,-0.999613400421465,0.0278037712879973,0.127496468652128
64.075179,131,123,429.071285299315,214.823712971991,-0.994804436617947,0.101804385393009,-0.0333793587614648
64.275179,131,123,427.936066090658,214.566686455712,-0.999998897915326,0.00148464411013418,0.339902188502718
64.325179,131,123,427.690693696967,214.380334540329,-0.999998897915326,0.00148464411013418,0.384289879991093
64.525179,131,123,426.706202142465,214.168778392614,-0.999998897915326,0.00148464411013418,0.550398858998238
64.575179,131,123,426.548124318774,214.326518258498,-0.999998897915326,0.00148464411013418,0.500429286768742
64.775179,131,123,425.919492976936,214.286781455914,-0.999843278688654,0.0177036171762468,0.271767595087741
64.825179,131,123,425.703604540299,214.305842420409,-0.999330773440573,-0.0365787541431602,0.30173057627658
64.875179,131,123,425.805497480206,214.760250041875,-0.999849311361,0.0173595671298233,-0.0380856061361095
65.025179,131,123,425.098685468554,214.867955147059,-0.99988251236732,0.0153284526947624,0.0111879258578798
65.075179,131,123,424.812337924056,215.027384635375,-0.999946861035679,0.0103089817582407,0.0761609782179378
65.125179,131,123,424.950328750987,215.055144350727,-0.999687322709761,0.0250051357402851,-0.281459361381556
65.275179,131,123,424.19556327704,215.292006034209,-0.999771367739161,0.0213825220441104,-0.202918392687912
65.325179,131,123,423.803288203659,215.547250083273,-0.993984556926046,0.109520320454842,0.036527696320405
65.425179,131,123,423.701166066502,215.461179078932,-0.998872548907461,0.0474724239860581,-0.37792243665775
65.475179,131,123,423.271229630642,215.469986523833,-0.999589231571457,0.0286595206935521,-0.195452328695378
65.525179,131,123,422.803847408082,215.473247422989,-0.999570831271426,0.0292942532137528,0.0375489822012126
65.575179,131,123,422.765689368005,215.907319354476,-0.999585206944136,0.028799549622321,-0.148278894938924
65.675179,131,123,422.594236412794,215.726663504581,-0.998872548907461,0.047472423986058,-0.438629733544678
65.725179,131,123,421.950199241753,215.909148199366,-0.999846490308144,0.0175212961417315,-0.0630435301070073
65.775179,131,123,421.68840385104,216.033027829989,-0.988016379683855,0.15434906373674,0.144692237218521
65.875179,131,123,421.503839271153,216.019427293261,-0.979875742082077,0.199608441903391,-0.0911381582524737
65.925179,131,123,420.910854859786,216.145340946375,-0.990610819353245,0.136712123018747,0.182486723976706
65.975179,131,123,420.560443281134,216.21235582438,-0.988735199409472,0.14967533346785,0.314719994843971
63.075179,132,124,431.953854835647,224.629375614803,-0.999975894026161,-0.00694344054343743,-0.0586223349401955
63.375179,132,124,430.96130214498,224.889591186261,-0.999999879548171,0.000490819358565281,0.00399566276193489
63.425179,132,124,430.850521534303,225.13600990571,-0.99999999993394,1.14943814878161e-05,-0.0427646966686384
63.675179,132,124,430.027789706916,225.43607160634,-0.999998302649393,-0.0018424707141877,-0.0348234142537103
63.725179,132,124,429.845431256118,225.571886926652,-0.999982051989564,0.00599130192371748,-0.0265556250325566
63.775179,132,124,429.760340959854,225.60452140915,-0.999993705348587,0.00354813517261794,-0.109297757751991
63.975179,132,124,428.936613887072,225.861340411587,-0.999975878820285,0.00694563010807305,0.019645425898105
64.025179,132,124,428.764453077707,225.645540859383,-0.999984873964542,0.00550016746288764,0.013419854722736
64.075179,132,124,428.692230116076,225.607714066205,-0.999985671714364,0.00535316410853813,-0.0936552261036904
64.275179,132,124,427.857201959071,225.893893564103,-0.999992475258784,0.00387935894311919,0.0108493637970204
64.325179,132,124,427.681158213848,225.731956414888,-0.999986555386957,0.00518546481306284,-0.000917063448045701
64.525179,132,124,426.801433499803,225.602910913971,-0.99999936121315,-0.00113029787723137,0.117034177113605
64.575179,132,124,426.606760194869,225.780778030594,-0.99999997273678,-0.000233508968420548,0.116951214410227
64.625179,132,124,426.507770245219,225.663474599156,-0.999999794933556,-0.000640416151019178,0.0200438038493507
64.775179,132,124,425.756042940662,225.835523305222,-0.999999709813275,-0.00076182239727729,0.174947290470387
64.825179,132,124,425.553744821756,225.474880598025,-0.999999161740157,-0.00129480461205838,0.175850450551838
64.875179,132,124,425.459661904314,225.549821341069,-0.999999430742293,-0.00106701222547519,0.0665784237764411
65.025179,132,124,424.670402630438,225.486421881332,-0.999980201203794,-0.00629263064388489,0.238407048861483
65.075179,132,124,424.467033771942,225.665883890981,-0.999981707494538,-0.00604852678820815,0.231705106264972
65.275179,132,124,423.676675978328,225.732140645551,-0.999909106214177,-0.0134825557653285,0.170484786618872
65.325179,132,124,423.703754689058,225.419540363102,-0.999080249209659,-0.0428795480289261,-0.0658271937779693
65.425179,132,124,423.720355199484,225.571655940641,-0.991272291129509,-0.131830363872875,-0.530652299520321
65.475179,132,124,423.187034283134,225.612608938451,-0.998950020298298,-0.0458132835106905,-0.214979687957608
65.525179,132,124,422.791497841815,225.641926645109,-0.999501578448388,-0.0315688878356798,-0.03978408392319
65.575179,132,124,422.67431434981,225.717779194969,-0.999139573940561,-0.0414742303831571,-0.150677684473795
65.675179,132,124,422.260935942221,226.037406265176,-0.995525119480146,-0.0944972829452889,-0.234095960729852
65.725179,132,124,421.895652546612,225.970825209942,-0.998957653297627,-0.0456465433313266,-0.061697569587292
65.775179,132,124,421.55634763911,225.78059430315,-0.9999680778138,0.00799020358775702,0.0806553757337188
65.875179,132,124,421.189894484446,226.115311642466,-0.999002920063988,-0.0446448844059954,-0.0499078100090505
65.925179,132,124,420.801800692027,226.136623680395,-0.999983763907664,-0.00569841390751998,0.137126160436742
65.975179,132,124,420.603983806986,226.071370749729,-0.999999936687444,0.000355844219315622,0.10733575431227
63.075179,133,125,316.192629166779,232.788907420233,0.637366398083847,0.770560883119318,-0.291680400566215
63.225179,133,125,316.578820634233,233.326732067251,0.602927114689546,0.797796273726657,-0.297436505231707
63.325179,133,125,316.801020664218,233.726063938532,0.711203446965167,0.702986242415074,-0.262359305090056
63.375179,133,125,317.23365774732,233.535063864079,0.716188175948006,0.697907226379172,-0.334943127932405
63.475179,133,125,318.149687710312,233.477202826071,0.7276411792207,0.68595795374229,-0.216041148827874
63.525179,133,125,318.17931672915,233.838076288673,0.755880345562938,0.65470978547113,-0.217885556480767
63.575179,133,125,318.657299833261,233.891898025228,0.745541675515242,0.666459008544356,-0.0842867740198361
63.625179,133,125,318.972376171026,233.709782474141,0.7276411792207,0.68595795374229,-0.22767523805407
63.675179,133,125,319.387022881561,233.718120793177,0.728514904001891,0.685029951642346,-0.178861260088592
63.725179,133,125,319.82479257394,233.810042636843,0.72835303979052,0.685202050075677,-0.0562458257733896
63.775179,133,125,320.228487075284,233.84683611616,0.644994379528843,0.764187313671329,0.0528295542870763
63.825179,133,125,320.428788946958,233.964364539549,0.599913576689914,0.800064810189222,0.0860528862790838
63.875179,133,125,320.751623809477,233.867484918304,0.562900639459774,0.826524573195364,0.0278292568861769
63.925179,133,125,321.177496660094,233.759508048172,0.562900639459774,0.826524573195364,-0.0127098629567004
63.975179,133,125,321.620528950768,233.840092453389,0.607281760209559,0.794486540928655,0.0750228656472735
64.025179,133,125,322.448916174241,233.454444886049,0.67875847394347,0.73436158263483,0.0488129431141593
64.075179,133,125,322.964574486911,233.297166583112,0.67875847394347,0.73436158263483,0.0407279129178141
64.125179,133,125,323.659743117524,233.016067102138,0.741504656022588,0.670947721582556,0.0991109530348442
64.175179,133,125,324.275264645093,232.730427482925,0.764261575898905,0.644906383597281,0.116944664871046
64.225179,133,125,324.921262585353,232.530269952869,0.788815059877164,0.614630621846151,0.237226681056022
64.275179,133,125,325.158255539858,232.632592369735,0.758191118645103,0.652032382330577,0.154770094428852
64.325179,133,125,325.678141755752,232.362371310864,0.760915026277236,0.64885154140644,0.0953562501026448
64.375179,133,125,326.116415976289,232.378301821932,0.759726816095352,0.650242389348479,0.153731826543986
64.425179,133,125,326.542097881583,232.368840602038,0.760915026277236,0.64885154140644,0.188960091100392
64.475179,133,125,327.044979181035,232.213678453845,0.760915026277236,0.64885154140644,0.18587622577302
64.525179,133,125,327.585465375519,232.093129750553,0.760915026277236,0.64885154140644,0.233172493408996
64.575179,133,125,327.828434328772,232.246955574693,0.760915026277236,0.64885154140644,0.231429677323252
64.625179,133,125,328.154017763598,232.224167998745,0.778777822931162,0.627299850558407,0.202697372512997
64.675179,133,125,328.582174552988,232.154449941218,0.77985563681627,0.625959412203291,0.197738306811858
64.725179,133,125,328.89563424788,232.229683645262,0.760915026277236,0.64885154140644,0.168993753481806
64.775179,133,125,329.05496566778,232.423256104689,0.768145316514103,0.640275544369336,0.131450945109422
64.825179,133,125,329.3595968518,232.479228555315,0.758908375040346,0.651197418832125,0.104416092214207
64.875179,133,125,329.748199057877,232.454295893028,0.785218086166427,0.619219312648704,0.102782537874355
64.925179,133,125,330.147470962532,232.451469760584,0.786738945112757,0.617285859422412,0.112247239728576
64.975179,133,125,330.535213149947,232.515546791038,0.782793099704803,0.622282060688356,0.152456211404571
65.025179,133,125,330.924916374192,232.439297754175,0.754693642253542,0.65607736307701,0.105163684952577
65.075179,133,125,331.163652042225,232.533477838127,0.732199190381751,0.681090556096844,0.0636664547825946
65.125179,133,125,331.611645014919,232.50084248173,0.767082427637847,0.641548555613079,0.0804928254467733
65.175179,133,125,332.062647072864,232.359066251849,0.804848077869419,0.593480894005782,0.0321491190765976
65.225179,133,125,332.340806816973,232.471463320071,0.756108795685996,0.654445940537699,0.0324725224182335
65.275179,133,125,332.680635883937,232.454846137759,0.773436987814631,0.63387319384892,-0.025166172332346
65.325179,133,125,333.119626257579,232.337540796573,0.774507802020623,0.632564356100771,-0.0621688177638957
65.375179,133,125,333.596835321022,232.324705341923,0.778240505582446,0.627966333071112,-0.00550801815031116
65.425179,133,125,333.945379650164,232.396138926664,0.783794577691119,0.621020176791383,0.000915805033499029
65.475179,133,125,334.213279598279,232.437035920622,0.783794577691119,0.621020176791383,-0.0720302547257122
65.525179,133,125,334.613495727869,232.458202191622,0.783794577691119,0.621020176791383,-0.0540215405607355
65.575179,133,125,334.86346071619,232.485108440631,0.778852299459811,0.627207378485111,-0.142985380532341
65.625179,133,125,335.273738571107,232.499472819535,0.792353018260962,0.610062861066582,-0.144559644966337
65.675179,133,125,335.626682129026,232.537470676164,0.775538810896097,0.631299891330473,-0.124469563485522
65.725179,133,125,336.114230495192,232.536776942142,0.783794577691119,0.621020176791383,-0.0690071861416379
65.775179,133,125,336.519592877256,232.526370206528,0.758626574655702,0.651525686543637,-0.0191819229295657
65.825179,133,125,336.856000895907,232.455243757239,0.804360167090892,0.594142004572571,-0.205284609365972
65.875179,133,125,337.289688649041,232.435104993487,0.791988243741783,0.610536339438372,-0.163467028260837
65.925179,133,125,337.71691949336,232.436232379999,0.779648666312262,0.626217180471369,-0.112946374728104
65.975179,133,125,338.125067765576,232.423269378673,0.801266983024795,0.598306962949908,-0.16532870785354
63.175179,134,126,422.354628582434,225.05843821947,-0.999993057774022,0.00372617817080507,0.300611349530492
63.225179,134,126,422.296318725359,225.058660112962,-0.999993057774022,0.00372617817080507,0.223356678586374
63.575179,134,126,421.348459979495,225.195252824649,-0.99999731744079,0.00231627097385276,0.181865421546959
63.625179,134,126,421.246705694494,225.42046050222,-0.999999771767043,-0.000675622573518735,0.138314642971249
63.675179,134,126,421.225799891429,225.528100554045,-0.999999771767043,-0.000675622573518735,0.0100710284859996
63.875179,134,126,420.471047879412,225.463933750424,-0.999995659797551,0.00294624949053001,0.152669597488832
63.925179,134,126,420.268009811881,225.626998565615,-0.999996031636792,0.00281721683017426,0.200040948993596
63.975179,134,126,420.170599919725,225.487045354195,-0.999996771606611,0.00254101876310693,0.139552146971109
64.025179,134,126,420.357613598607,225.6475523324,-0.999999998314705,-5.8056790721371e-05,-0.205695021591743
64.125179,134,126,420.220007891869,225.947950926365,-0.999987413386364,0.00501727703531173,-0.389411993840705
64.175179,134,126,420.339778768832,226.190599832768,-0.999987413386364,0.00501727703531173,-0.671105944505539
64.225179,134,126,419.93986464034,226.470602746618,-0.999976446703295,0.00686338390673829,-0.432886122576923
64.275179,134,126,419.646049396905,226.59648620957,-0.999974260103409,0.00717489586262998,-0.303784072392292
64.325179,134,126,419.599028735785,226.339592250749,-0.999973317860404,0.00730503711533255,-0.425737560365086
64.475179,134,126,419.141281859251,226.660094894121,-0.999982151139807,0.0059747302704118,-0.476876616426319
64.525179,134,126,418.472468953494,226.502640417123,-0.999999467024086,-0.00103244929406865,0.011817432493639
64.575179,134,126,418.147549170137,226.458845419477,-0.99983488267241,0.0181716094897377,0.18003500287993
64.625179,134,126,418.022344799179,226.231882414484,-0.999812568665472,0.019360463283497,0.126877565404727
64.825179,134,126,417.111302012769,225.935634808746,-0.9999324989761,0.0116188420856848,0.315145167713394
64.875179,134,126,416.960610934914,225.770471456603,-0.999987397021168,-0.00502053770312638,0.276757187340317
65.075179,134,126,416.091445153547,225.534998589761,-0.999922517363767,0.0124482636904713,0.409064406136197
65.125179,134,126,415.987594293788,225.422096546948,-0.999922517363767,0.0124482636904713,0.323455096244643
65.275179,134,126,415.75662291445,225.006558954721,-0.996201561685235,0.0870772559047418,-0.0455257975691712
65.325179,134,126,415.435877996118,225.233409291883,-0.999559130212776,0.0296908270056239,0.106931410215253
65.375179,134,126,415.24398678191,225.307278994633,-0.999828955111222,0.0184948782424327,0.10686168962567
65.525179,134,126,414.81844758001,224.779729187797,-0.996201561685235,0.0870772559047418,-0.0992013067294272
65.575179,134,126,414.630992361026,224.926953271863,-0.998873485568551,0.0474527114940184,-0.0847995560662821
65.625179,134,126,414.273250928183,224.928395742567,-0.999718904997598,0.0237088799905041,0.0802208784035904
65.675179,134,126,414.394662548652,224.848912440318,-0.998886434542392,0.0471793481004901,-0.252691266338713
65.775179,134,126,414.00497115572,225.011173570812,-0.993389286213636,-0.114794277017463,-0.229609077134149
65.825179,134,126,413.548438766066,224.959014309136,-0.999008068640798,-0.0445295271767265,0.00916912463701275
65.875179,134,126,413.126546446658,225.065101927124,-0.999905256433186,-0.0137651065119101,0.216337649646375
65.925179,134,126,413.055175431941,225.062048581718,-0.999239611495048,-0.0389897270986378,0.0829290295043916
63.175179,135,127,422.350979851211,230.164525627541,-0.999937212243769,-0.0112058721285078,0.258179103889964
63.225179,135,127,422.285910764815,230.061660251587,-0.999937212243769,-0.0112058721285078,0.19060381578781
63.575179,135,127,421.341906175282,230.060447250615,-0.999999971278166,-0.000239674083570505,0.145044053901097
63.925179,135,127,420.31052205481,230.274408386588,-0.999999654520039,-0.000831239919283614,0.130230082613143
64.225179,135,127,419.651566555044,230.414638315722,-0.999997076610707,0.00241800952033251,-0.16383778365014
64.275179,135,127,419.520406622436,230.973459309387,-0.99999242031807,-0.00389349539716621,-0.196221043693308
64.325179,135,127,419.491345876458,230.89505413519,-0.999975993469401,0.00692910419060599,-0.329624610026204
64.525179,135,127,418.606468908691,231.179503358599,-0.999983493318242,0.00574570196276009,-0.115193700006408
64.575179,135,127,418.335183737478,231.433370993828,-0.999958171615705,0.00914631176908174,-0.0108381091688453
64.775179,135,127,417.809386717239,231.858990214258,-0.994814437120354,0.101706615797174,-0.0519004883245209
64.825179,135,127,417.438425324235,231.395428536879,-0.999955173168653,0.00946845569503907,0.0103565700620137
64.875179,135,127,417.366678946016,231.320280810405,-0.999347867327824,0.0361087256397851,-0.0744474112755751
64.975179,135,127,417.464652553628,231.417299666697,-0.991356429972953,0.131196146099195,-0.42945094188544
65.025179,135,127,417.160482895774,231.674632710606,-0.983077899955068,0.183187998023706,-0.202772207107314
65.075179,135,127,416.627358645055,231.69446339771,-0.999235904941029,0.0390846040875713,-0.0440317805740009
65.125179,135,127,416.267456949157,231.149792322209,-0.999780177684962,0.0209665521301531,0.0954718250926591
65.175179,135,127,416.181315548428,230.723657667747,-0.999249865862894,0.0387260322391482,-0.00672210460201502
65.275179,135,127,415.889784173613,230.465211481268,-0.995278434729606,-0.0970609981515988,-0.122105417735597
65.325179,135,127,415.546948654667,230.216374042297,-0.999491367799621,-0.0318905267131692,0.0477891583606539
65.375179,135,127,415.272159728844,230.34327656248,-0.99983145081186,-0.0183594653367262,0.127499482066885
65.525179,135,127,414.796942609192,230.098554464914,-0.998051343416155,-0.0623980440815864,0.0301825068033579
65.575179,135,127,414.548692450897,230.329744096203,-0.999477352333725,-0.0323268026870331,0.0705229953955483
65.625179,135,127,414.19051431231,230.290770992898,-0.999941084225419,-0.0108548642595778,0.234230578544801
65.775179,135,127,413.892346397343,229.898508328058,-0.997672055991832,-0.0681943450223792,-0.048272962834973
65.825179,135,127,413.455664902225,229.965681977137,-0.999491685396717,-0.0318805712437849,0.174480121230085
65.875179,135,127,413.129838967483,230.134250817375,-0.999865835349374,-0.0163802106548775,0.291614854388623
63.175179,136,128,422.370059870389,235.953842242222,-0.999991161512295,-0.00420439024016258,0.0379570773849672
63.525179,136,128,421.357237599337,236.328656166872,-0.999964273201874,-0.00845294740591306,0.107248206995748
63.575179,136,128,421.270562584797,236.133860015855,-0.999939527739465,-0.0109973116794803,0.0565921424779561
63.875179,136,128,420.348784675362,236.013921946153,-0.999957955680119,-0.00916988942340946,0.10328526640634
63.925179,136,128,420.23602117424,236.427120757443,-0.999957955680119,-0.00916988942340946,0.0615725723047999
64.175179,136,128,419.371812177744,236.545698831294,-0.999661156127386,-0.0260302310796139,0.149650496578253
64.225179,136,128,419.209370382551,236.222887731486,-0.999661156127386,-0.0260302310796139,0.161155501129841
64.275179,136,128,419.130290670566,236.349235344736,-0.999661156127386,-0.0260302310796139,0.0763066830265299
64.475179,136,128,418.329565066318,236.403132826586,-0.999661156127386,-0.0260302310796139,0.219762170905242
64.525179,136,128,418.395737490759,236.535064132472,-0.998728785431687,0.0504064792476813,0.00192893302268622
64.575179,136,128,418.484571717688,236.614944315865,-0.997357321993468,0.0726524071591414,-0.240793552797419
64.625179,136,128,418.447117137971,236.52764684193,-0.998612337123029,0.0526630814298014,-0.382877650284367
64.675179,136,128,418.350712886789,236.20340231749,-0.990833697745953,0.135087317728502,-0.4693142873022
64.725179,136,128,418.206519207875,236.426568178218,-0.987788986450128,0.155797683704957,-0.456422989343857
64.775179,136,128,417.780561142425,236.612761704613,-0.997951426453567,0.0639761708708134,-0.21772271780752
64.825179,136,128,417.507302549685,236.708212624238,-0.999120442938702,0.041932570896296,-0.123989018404523
64.875179,136,128,417.313918766777,237.079323047278,-0.99964668348937,0.0265802217579925,-0.104427683733397
64.975179,136,128,417.166702982565,236.927813609814,-0.987268225759869,0.159064296449454,-0.195896621106068
65.025179,136,128,416.513647146168,236.458506545785,-0.999997538434835,-0.00221881145460857,0.135335523594122
65.075179,136,128,416.155742505457,236.532826414098,-0.99991280018817,-0.0132057570723259,0.306948989977503
65.125179,136,128,416.105800948093,236.443741347802,-0.999967063240081,0.00811618352473773,0.185721817516477
65.275179,136,128,415.605943367361,236.226347559718,-0.999854642853261,-0.0170497262376098,0.124807634747971
65.325179,136,128,415.338969868192,236.354764952623,-0.999862622612896,-0.0165751591745386,0.203009479115768
65.375179,136,128,415.19064208621,236.558545479188,-0.99991374046085,-0.0131343685646631,0.162317685860262
65.475179,136,128,414.994931949934,236.511773198348,-0.999805383532633,-0.0197280272496756,-0.0249728303695694
65.525179,136,128,414.853908139756,236.573870559434,-0.999999537378546,-0.000961895365498353,-0.062778870735539
65.575179,136,128,414.460155867742,236.70181864757,-0.99997840402106,-0.00657202339424326,0.13355727143662
65.625179,136,128,414.331680917825,236.598347956522,-0.999915476190489,0.0130015566278312,0.0848538535064245
65.675179,136,128,414.297705344433,236.605433290456,-0.999742724604006,0.0226822530044592,-0.0673938532059315
65.775179,136,128,413.933179693717,236.477569479998,-0.99803044873124,-0.0627313590265656,-0.160079515529704
65.825179,136,128,413.516338540961,236.517033019445,-0.999548643616972,-0.0300417882868558,0.0808257539834362
65.875179,136,128,413.296644082359,236.613191796499,-0.999596402099094,-0.0284083246698396,0.0995160177665958
65.975179,136,128,412.957883502739,237.028855039496,-0.998525702986803,-0.0542809402526391,-0.0109184314271605
63.175179,137,129,422.387950429965,242.430266564167,-0.999944453365378,0.0105399328183351,0.206032510792927
63.525179,137,129,421.362703068835,242.306825658958,-0.999986326558714,-0.00522940681227339,0.249794245557245
63.575179,137,129,421.285876565421,241.863712684031,-0.999986326558714,-0.00522940681227339,0.18206711408611
63.875179,137,129,420.343732765212,241.539819264041,0.999297550827805,-0.0374753907191218,-0.182004062326022
63.925179,137,129,420.243054446043,241.663460353419,-0.999953551792257,0.00963816673696493,0.149930261913651
64.125179,137,129,420.058769731878,241.556475297148,-0.999737498903259,-0.0229114226240055,-0.284326726989049
64.275179,137,129,419.772895915226,241.23404100052,-0.999461745359885,-0.0328057854984943,-0.477548377420743
64.475179,137,129,418.989517983691,241.443285927558,-0.999512234978562,-0.0312296674359608,-0.380980979520205
64.525179,137,129,418.591046239262,241.494911824664,-0.99982967919218,-0.0184556930637168,-0.162573995281507
64.575179,137,129,418.392939904374,241.787598858694,-0.999088454534961,0.0426879375812891,-0.149772639358408
64.725179,137,129,418.121596178753,241.773042048294,-0.999758774452687,0.0219634447403173,-0.402067039591563
64.775179,137,129,417.869460570997,241.712077367843,-0.999959692712582,-0.00897847148227918,-0.32689604673598
64.825179,137,129,417.445024118813,241.770349487922,-0.999712717410735,-0.0239683676382915,-0.0829190760496429
65.075179,137,129,416.067645006732,241.729661684293,-0.999721282317218,-0.0236084239630024,0.376889632473884
65.125179,137,129,415.957139318378,241.885254015798,-0.999721282317218,-0.0236084239630024,0.296503481404018
65.275179,137,129,415.5152221804,241.570568808497,-0.998508966488092,0.0545879459485555,0.179961039411228
65.325179,137,129,415.2399264017,241.511196256099,0.999998179943849,-0.00190790696538833,-0.262082906112286
65.375179,137,129,415.173253543527,241.531678792012,0.999753917096543,0.0221834454068681,-0.13524194614282
65.525179,137,129,414.775928988171,241.983310638456,-0.999448519323851,0.0332062828597402,-0.0321306030939507
65.575179,137,129,414.352011633301,241.712023181019,-0.999604890380726,0.0281080616004926,0.184753130792363
65.625179,137,129,414.153090089281,241.485678781684,-0.999480134595747,0.0322406660673519,0.180131493073727
65.675179,137,129,414.172898181045,241.991149083086,-0.999998974583145,0.00143207285380451,-0.0412662017795134
65.775179,137,129,414.083123691966,241.646700581461,-0.998866174210349,-0.0476063653136873,-0.369148941535541
65.825179,137,129,413.588468763226,241.609645244032,-0.999914146594683,-0.0131034132891714,-0.0660839834420405
65.875179,137,129,413.14237616992,241.602242709893,-0.999970826384721,0.00763848017992642,0.182746290576445
63.275179,138,130,295.779284201139,193.167098752959,0.969798354351441,-0.243908080836281,-0.0941274780932705
63.325179,138,130,295.686997795736,192.674533506497,0.996808914307754,-0.0798247352428881,-0.142764411403518
63.375179,138,130,295.773614933265,192.423127791708,0.985430920215262,-0.170076163772885,-0.193645450992278
63.425179,138,130,296.140833503523,191.87454890449,0.981922468909925,-0.189283557262215,0.122279035193721
63.475179,138,130,296.452966260165,192.246049988051,0.998504344220726,-0.0546724297277654,0.215925933206636
63.525179,138,130,296.619326366108,192.551025419263,0.998904844183649,-0.0467879500132321,0.218035855492834
63.575179,138,130,296.789668084382,192.61677753772,0.999743182209439,-0.0226620746125595,0.243547723404363
63.625179,138,130,296.831233173252,192.814375549102,0.998436501386072,-0.0558976985209638,0.106252174923528
63.675179,138,130,296.860007104417,193.151050224788,0.8426079965245,-0.538527403381637,-0.515257195270383
63.725179,138,130,297.127606279494,192.948952667001,0.998436501386072,-0.0558976985209638,0.0819755589144029
63.775179,138,130,297.302155093117,192.863545643935,0.99780083144732,-0.0662834878611266,0.0943632403603668
63.825179,138,130,297.538097341475,192.781596332333,0.99953777668727,-0.0304012002241734,0.198505347746855
63.875179,138,130,297.641072866353,192.51020149261,0.998867715459405,-0.0475740161528152,0.140234476523323
63.925179,138,130,297.680799705909,192.642857681054,0.997096386455722,-0.0761498267689557,-0.00675373764592849
63.975179,138,130,297.657616805576,192.216629549242,0.999784309720014,0.0207685829481884,-0.149365000478377
64.025179,138,130,297.733601013835,192.186672350524,0.999954252694336,0.00956517216324549,-0.2423571624851
64.075179,138,130,297.914026178244,191.663419325947,0.99990489685871,0.0137912014695473,-0.23717885662549
64.125179,138,130,298.305914898985,191.76421605128,0.999898000282317,0.0142824728749264,-0.0144314597325425
64.175179,138,130,298.397287701439,191.901850163488,0.999907091114921,0.0136311825641665,-0.0931624937138776
64.225179,138,130,298.735175744389,191.768227279449,0.999895370446573,0.0144654125247048,0.0688279394160106
64.325179,138,130,298.939790758563,192.112853174476,0.999400849274206,0.0346113055228421,-0.0707378869674196
64.775179,138,130,300.618009029114,191.213479561582,0.541791873096081,-0.840512680598598,0.386690745971814
65.525179,138,130,303.701827887613,190.786291854915,0.997121540788123,-0.0758197394899261,-0.05498112292053
65.575179,138,130,304.087853955624,190.6240201415,0.997121540788123,-0.0758197394899261,0.120312758966575
65.775179,138,130,304.718262302562,190.025706742589,0.996698910152646,-0.0811867138177592,-0.103888119426627
63.275179,139,131,433.040542928083,231.0151695482,-0.998000097222773,-0.0632123875781919,-1.07683286825428
63.375179,139,131,431.905770274135,230.697345354059,-0.999623718863845,-0.0274302877275563,-0.303350276876764
63.425179,139,131,431.491971770767,230.445968831724,-0.999535447150178,-0.0304776949636072,-0.0555081017662392
63.475179,139,131,431.222056441045,230.260028089773,-0.999696134685341,-0.0246503203871463,0.0354212652800562
63.625179,139,131,430.701226752524,230.094227571984,-0.998000097222773,-0.0632123875781919,0.0669157552687204
63.675179,139,131,430.536608568805,230.236103472999,-0.999482139331718,-0.0321784579632522,0.00395682529665011
63.725179,139,131,430.258237543144,230.467627328753,-0.999919657036804,-0.0126759406515334,0.0733601820425344
64.025179,139,131,428.777777245199,230.473078186077,-0.999999521566778,0.000978195387520901,0.403237411195648
64.075179,139,131,428.777668127978,230.814212728491,-0.999973007278515,-0.00734742909882907,0.21051438944628
64.275179,139,131,427.901726126942,230.962439387564,-0.999976395436252,-0.00687084931583773,0.288470123200853
64.325179,139,131,427.767630995666,230.724906859896,-0.999976395436252,-0.00687084931583773,0.221302754757725
64.525179,139,131,427.01210355865,231.020259230351,-0.999967983595704,-0.00800198622483002,0.148507825131679
64.575179,139,131,426.695963256665,230.828914360438,-0.999999811975387,-0.000613228497640535,0.256333994747666
64.625179,139,131,426.671741632581,230.920045261919,-0.999987916283208,-0.00491602355234699,0.0684907811247355
64.775179,139,131,425.914024594353,230.984081609704,-0.999997361721138,-0.00229707439245704,0.183873329075386
64.825179,139,131,425.687144769695,230.77261950286,-0.999999014377864,-0.00140400972244726,0.19435823918866
64.875179,139,131,425.623634678333,230.889336501296,-0.999995957728026,-0.00284333037271513,0.0390372523949306
65.025179,139,131,424.747049334213,230.816782458653,-0.999987386285141,0.00502267564273743,0.254429674373945
65.075179,139,131,424.496053905839,230.578061296935,-0.999987386285141,0.00502267564273743,0.280627702459677
65.275179,139,131,423.722396022828,230.609996752682,-0.999860664819205,-0.0166928411990981,0.144091997526768
65.325179,139,131,423.647328555688,230.633919744543,-0.999828794795212,-0.0185035428595362,-0.0121032425825135
65.475179,139,131,423.179071415655,230.501254264444,-0.999440396940809,-0.0334498574406361,-0.242058047710834
65.525179,139,131,422.738044841502,230.40880107688,-0.999935758850627,-0.0113348212081409,-0.0337711204314516
65.575179,139,131,422.659899951284,230.594239541937,-0.9997180141865,-0.0237464125922253,-0.197136610536959
65.675179,139,131,422.417232745644,230.541540966161,-0.998345228721232,-0.0575048197071446,-0.436769326175184
65.725179,139,131,421.991692896124,230.531127832154,-0.9997180141865,-0.0237464125922253,-0.245875830539799
65.775179,139,131,421.611695058911,230.460859811767,-0.999987803789462,0.00493885334151155,-0.102182215990302
65.875179,139,131,421.200159887685,230.572904366692,-0.999586865991106,-0.0287419090889874,-0.186091797455819
65.925179,139,131,420.850518159146,230.475839525498,-0.999914489582127,-0.0130772139125748,-0.0762317593524003
65.975179,139,131,420.525276725307,230.443792128984,-0.999991704132851,0.00407328681481525,0.00590208404979853
63.275179,140,132,357.924652132457,244.680353080522,0.999264225759267,-0.0383537106123184,-0.969776072080016
63.325179,140,132,358.440799883317,244.67882747354,0.999264225759267,-0.0383537106123184,-0.623438561361614
63.425179,140,132,359.130048499652,244.86065452999,0.999264225759267,-0.0383537106123184,-0.280768797461391
63.525179,140,132,359.72414673868,244.648024413586,0.999185257445958,-0.0403586583356706,-0.0189858577546736
63.575179,140,132,360.075084474305,244.581043826839,0.999071404085158,-0.0430851429069432,0.16367213811725
63.625179,140,132,359.885379185351,244.54803054663,0.99917071722135,-0.040717046152356,-0.193350777965334
63.675179,140,132,360.384570038933,244.70861721764,0.999001953548367,-0.0446665065406666,0.126995938700625
63.725179,140,132,360.746904036742,244.742060351514,0.998971932378637,-0.0453329716618303,0.317270514794039
63.775179,140,132,361.106422004449,244.524211980589,0.998911475479706,-0.0466461590589895,0.51591694990934
63.825179,140,132,361.248301054542,244.784989156283,0.998911475479706,-0.0466461590589895,0.475660495291879
63.875179,140,132,361.241164511967,244.663103666214,0.998911475479706,-0.0466461590589895,0.304414320769574
63.925179,140,132,361.193133583293,244.787330041249,0.998911475479706,-0.0466461590589895,0.0808577494239088
63.975179,140,132,361.108667053976,244.594760717152,0.998911475479706,-0.0466461590589895,-0.164292084672549
64.025179,140,132,361.565900978932,244.905012346694,0.997158459090267,-0.0753326454116964,0.0811991781603746
64.075179,140,132,361.856595367108,245.056155896082,0.997158459090267,-0.0753326454116964,0.189485772595638
64.125179,140,132,361.927041384638,244.856491274482,0.997158459090267,-0.0753326454116964,0.104614978216831
64.175179,140,132,362.211532315536,244.42083587663,0.997158459090267,-0.0753326454116964,0.251002071473037
64.225179,140,132,362.187937553545,244.36069102222,0.997158459090267,-0.0753326454116964,0.0619396412927819
64.325179,140,132,362.611586422252,244.536208667089,0.997158459090267,-0.0753326454116964,0.1312003196875
64.375179,140,132,362.751103382941,244.406371008666,0.997158459090267,-0.0753326454116964,0.110216366721535
64.425179,140,132,362.814089174811,244.548205141595,0.997158459090267,-0.0753326454116964,-0.00747591639482937
64.475179,140,132,362.982969602014,244.378545238867,0.997158459090267,-0.0753326454116964,0.00396787186683821
64.775179,140,132,364.136524682362,244.111539498451,0.99991970994494,-0.0126717663972938,0.194410874365336
64.825179,140,132,364.305255433293,243.699698527428,0.999855028015397,-0.0170271240181702,0.199872923542
64.875179,140,132,364.37431937428,243.379843329826,0.999831540702495,-0.0183545693622724,0.106887028822072
64.925179,140,132,364.409714455303,243.039406430017,0.999840166992037,-0.0178784918081656,-0.0191829152479832
64.975179,140,132,364.531714943038,242.526717004666,0.999766012697061,-0.0216314552404443,-0.0520546247427737
65.025179,140,132,364.567425947489,242.417498852967,0.999840166992037,-0.0178784918081656,-0.184953414677986
65.075179,140,132,364.712138085818,242.383930208411,0.994088581897616,-0.108572055984898,-0.117433852543588
65.125179,140,132,364.978570596117,242.147485984252,0.999785628117508,-0.0207050189490156,-0.0996880300886973
65.175179,140,132,365.176368933664,241.973742555256,0.999785628117508,-0.0207050189490156,-0.0651589366779433
65.225179,140,132,365.252649372646,241.463696457922,0.999680889307706,-0.0252610283431547,-0.136783343509103
65.275179,140,132,365.296797164998,241.416958999094,0.999993658374807,-0.00356134948709297,-0.297512193103037
65.475179,140,132,365.981092489305,240.890098682587,0.999990906966081,-0.00426450292006765,-0.271861448996842
63.325179,141,133,412.810660544998,225.049172805884,-0.999999808505422,0.000618861146601629,0.521407403128594
63.375179,141,133,412.770058814991,224.927065917668,-0.999999995374198,9.61852627563587e-05,0.434225009411446
63.725179,141,133,411.922459713875,225.053623732667,-0.999935650557441,-0.0113443705981381,0.372426972492308
63.775179,141,133,411.788846844305,225.247549804184,-0.999940989888226,-0.0108635510471584,0.362940372671576
64.025179,141,133,411.577267829168,225.789233193213,-0.990111699639905,0.140281225529928,-0.433135114408173
64.075179,141,133,411.577457691335,225.971978395833,-0.995843071433477,0.0910855481288812,-0.468822559328405
64.125179,141,133,411.285415986927,226.005803072364,-0.99802856209828,0.0627613673850397,-0.274469763586034
64.175179,141,133,411.023701390302,226.066530783597,-0.999347100455028,0.0361299434282419,-0.115662157165352
64.225179,141,133,410.894917372482,225.969268152396,-0.999706280631994,0.0242353556801981,-0.120615446316888
64.375179,141,133,410.726947252448,226.061810090041,-0.990111699639905,0.140281225529928,-0.577836837643842
64.425179,141,133,410.548905030202,226.197124695216,-0.994885361108872,0.101010485848096,-0.482573210862699
64.475179,141,133,410.167215758887,226.300000869156,-0.998638848610429,0.0521579336825911,-0.186714971850699
64.525179,141,133,409.783431269698,226.731506207724,-0.999669304223235,-0.0257154077127638,0.123642653589993
64.775179,141,133,408.75148722028,227.599442044854,-0.999997753752006,-0.00211954970253957,0.330906808057115
64.825179,141,133,408.667704717103,227.954115860917,-0.999999996636628,-8.20167335753578e-05,0.250748030324583
64.875179,141,133,408.818253433287,228.374638567718,-0.999999084209729,-0.00135335867530882,-0.0664107822499402
65.025179,141,133,408.443632865135,229.400342464857,-0.999999945937219,0.00032882451256375,-0.19249440396991
65.075179,141,133,408.107809622185,229.749984831385,-0.99999213124122,0.00396704621142081,-0.017607602740077
65.125179,141,133,407.823305760767,229.76194882395,-0.999986296878297,0.00523507933367115,0.0992207631371119
65.175179,141,133,407.754677922304,229.902547456559,-0.999989474957306,0.00458802513206536,-0.00491589146420034
65.325179,141,133,407.441806892807,230.553360219411,-0.999395972548272,0.0347518352651158,-0.112945489968796
65.375179,141,133,407.173206210079,230.267524402251,-0.99981406036585,0.0192832750006971,-0.0761441505329023
65.425179,141,133,406.843162856262,230.13703867561,-0.999975887414545,0.00694439266550982,0.0391829893921658
65.475179,141,133,406.717237354167,230.229393783944,-0.999962155035681,0.0086999135856342,-0.00723324144742113
65.625179,141,133,406.293686116662,230.550639282957,-0.999514502530235,0.0311570093516253,-0.0473590390340731
65.675179,141,133,406.025820978973,230.323471681888,-0.999992610247168,-0.00384440516290959,-0.0765481581004918
65.725179,141,133,405.784011359344,230.207652336966,-0.999931369093693,-0.0117156776335348,-0.0410600905822181
65.925179,141,133,404.645469474836,230.13543891439,-0.999869169615641,-0.0161754026882756,0.34157193942468
65.975179,141,133,404.416721429938,229.953318321833,-0.999861090290953,-0.0166673369854642,0.383513597801325
63.325179,142,134,431.057178652206,250.123471196984,-0.941199698823371,-0.337850746535797,-0.0639991295097186
63.375179,142,134,430.97708277589,250.03973507151,-0.992189709413505,-0.124738047659665,0.207428213151009
63.675179,142,134,430.008382049961,249.594512236632,-0.997402088081967,-0.072035232280687,0.224907865990228
63.725179,142,134,429.910865804512,248.997929013161,-0.997402088081967,-0.072035232280687,0.182849787138646
63.975179,142,134,429.021032775394,249.051326329003,-0.966044098280248,-0.25837724392427,-0.0712667227913613
64.025179,142,134,428.947709180754,248.592978072194,-0.999501196147302,-0.0315809895366297,0.0747750301331436
64.225179,142,134,428.267089739583,247.950724812243,-0.999333053383709,-0.0365164129508065,0.00158872013231291
64.275179,142,134,428.145964908008,247.7869453676,-0.999563963987684,-0.029527646320485,-0.068041423703708
64.325179,142,134,427.963903510401,247.335255895604,-0.999871796114378,-0.0160122245490138,-0.075867596183839
64.525179,142,134,427.179679470028,246.400831216029,-0.998253751825545,0.0590715410855577,-0.167794547851295
64.575179,142,134,427.01804092291,246.651841188978,-0.997289596988027,0.0735762172135681,-0.205526450858157
64.725179,142,134,426.633316113016,246.254791813733,-0.994730143204719,0.102527763068931,-0.494167124313211
64.775179,142,134,426.203431913843,246.271448940634,-0.999999911575396,0.000420534421895209,-0.157275990924618
64.825179,142,134,425.93727880316,246.397937023342,-0.999883863750822,-0.0152400462836513,-0.0869059404763567
64.975179,142,134,425.316414863312,246.151361246856,-0.998680622537181,0.0513518662635351,-0.176511370744115
65.025179,142,134,424.764631766476,246.359978223316,0.999931100508126,-0.0117385789859427,-0.205341899070394
65.075179,142,134,424.635251201891,246.388817916163,0.999848199193865,-0.0174235062138693,-0.11369830117624
65.225179,142,134,423.693405765958,246.965473979171,-0.998995020175177,-0.0448213081602695,0.415202460338436
65.275179,142,134,423.774986833035,247.378644314283,-0.999593963388776,-0.0284940056278052,0.0970450936734982
65.325179,142,134,423.526461690438,247.393720984735,-0.999884972033803,-0.01516715863179,0.125629225576629
65.425179,142,134,423.360190590013,247.99602835528,-0.998341889369993,-0.0575627651277522,-0.212018233248729
65.475179,142,134,423.045193368023,248.106823262938,-0.999548229513948,-0.0300555631378322,-0.100517148942936
65.525179,142,134,422.725429706655,247.921661547028,-0.999898012853648,-0.0142815927447114,0.0113326588466548
65.575179,142,134,422.776332584058,247.522051420184,-0.999356103059195,-0.035880067981245,-0.277393819794277
65.675179,142,134,422.263151559547,247.46798336773,-0.999018101330461,-0.0443038735787309,-0.232365579490707
65.725179,142,134,421.90268565948,247.296561346877,-0.999723228805665,-0.0235258535737837,-0.0888013490372451
65.775179,142,134,421.481217916529,247.21150924319,-0.993956163092991,-0.1097777110777,0.062353833909383
65.925179,142,134,420.484656169092,247.266239251583,-0.997208864776276,-0.0746624404343361,0.353619027909933
65.975179,142,134,420.26374174364,246.973668101139,-0.999137871479733,-0.0415152234120069,0.365736656080633
63.325179,143,135,412.978192358072,254.114683296915,-0.988373849515403,-0.152043196474235,0.145819714610407
63.725179,143,135,411.904531255084,253.215047070375,0.326095646665381,-0.945336780848966,-1.14823720473679
64.025179,143,135,410.958271350579,252.852283215053,-0.764223389963221,-0.644951634026244,-0.28586840796561
64.075179,143,135,410.83908215814,252.649369390296,-0.77783633689778,-0.628466890934951,-0.183011521774742
64.125179,143,135,410.795829680216,252.559925568867,-0.685902907014921,-0.727693068641223,-0.320575068025907
64.425179,143,135,409.920225227705,251.993699624773,-0.975706262730777,0.219082835630588,0.219431191040637
64.475179,143,135,409.789306742282,251.986185493063,-0.975473730175928,0.220115882517962,0.192432918037667
64.725179,143,135,408.930072177797,252.011152293022,-0.885146654480767,-0.46531215335676,-0.0542879664807746
64.775179,143,135,409.037984216806,250.993218150586,-0.999427218452904,-0.0338413211250935,-0.0943138468364637
64.825179,143,135,408.945991102567,250.104908947993,-0.999679094883824,-0.025331941344037,-0.155214456714534
64.975179,143,135,408.525378133691,249.274011784616,-0.99901285037959,-0.0444221203506537,-0.188975285538153
65.025179,143,135,408.330595065536,248.766731239494,-0.999186096583953,-0.0403378778981228,-0.157580822511178
65.075179,143,135,408.089386672558,248.215526088568,-0.999725860804347,-0.0234137403890993,-0.12446924904946
65.125179,143,135,407.992132925767,247.748988896076,-0.999650412648384,-0.026439600827449,-0.181549198048564
65.325179,143,135,407.420456822315,246.020369246687,-0.998737715832304,-0.0502292243029107,-0.152638133235739
65.375179,143,135,407.045883482554,246.07512584888,-0.999887444480383,-0.015003278657996,-0.147392671556456
65.425179,143,135,406.832654318015,245.795954898217,-0.999999999891759,-1.47133237782173e-05,-0.194268542398713
65.575179,143,135,406.476080987265,245.006970559853,-0.996470695316023,-0.0839413686831605,0.136541778382351
65.625179,143,135,406.148837344214,244.82085164086,-0.999306662967255,-0.0372316176018245,-0.00755699026061399
65.675179,143,135,405.854260030872,245.037164122647,-0.999754667046962,-0.0221496211664921,-0.00101598223835736
65.725179,143,135,405.746733995471,244.37868355067,-0.999776974724326,-0.0211187312846635,-0.0733446388991398
65.875179,143,135,405.171980843262,243.686541392191,-0.993739466140387,-0.111722305002264,0.625444688400372
65.925179,143,135,404.84034393135,243.261916552492,-0.998993689381036,-0.0448509595980412,0.28490510150446
65.975179,143,135,404.738879014793,243.250442054338,-0.998360822808284,-0.0572334472276939,0.292329661902463
63.325179,144,136,431.088336462003,254.088282431284,-0.85956285328195,-0.511030039486715,0.369004442025563
63.375179,144,136,431.281251763338,254.36955205986,-0.916853145048591,-0.399224636532502,-0.0142482652722166
63.625179,144,136,430.48666882698,253.859971045397,-0.971569627174279,-0.236754006412631,0.0856737591265045
63.675179,144,136,430.379477698293,253.803251285105,-0.975050199580167,-0.221984477607506,0.020166562329305
63.925179,144,136,429.587033650692,253.57215265445,-0.847136838329738,-0.531374799124587,-0.275140068446751
63.975179,144,136,429.212929539294,253.368136861324,-0.29950183061678,-0.954095725520871,-0.260270587049358
64.025179,144,136,429.30606741346,253.583891838464,-0.798345877679274,-0.602199185977953,-0.454117111363785
64.225179,144,136,428.263320640243,253.223631210518,-0.99768503822677,-0.0680041505972142,0.0922935957229725
64.275179,144,136,427.958522217302,252.916320960237,-0.99768503822677,-0.0680041505972142,0.213018908755962
64.325179,144,136,427.836731518446,252.77226139005,-0.99768503822677,-0.0680041505972142,0.138717539766406
64.475179,144,136,427.019065361894,252.501449663699,-0.99768503822677,-0.0680041505972142,0.348123107417002
64.525179,144,136,427.075331242922,251.64669265401,-0.990700281017259,0.136062313637262,-0.0538677598997995
64.575179,144,136,427.079114571116,251.272023476331,-0.989704551356077,0.143125473012548,-0.320367684535602
64.725179,144,136,426.599350855222,250.732175070606,-0.995423139941607,0.0955655401742302,-0.458757014056854
64.775179,144,136,426.183414842735,250.754346030635,-0.999802244261468,-0.0198864871139396,-0.0635497268012218
64.825179,144,136,426.122562769667,250.773515929295,-0.999996661938359,0.00258381735806686,-0.256234521248423
64.975179,144,136,425.438057546685,250.697965330342,-0.999915544583983,0.012996295599777,-0.245464079689619
65.025179,144,136,424.872703188459,250.613422700938,-0.998995020175177,-0.0448213081602695,0.190700036586869
65.075179,144,136,424.728850259915,250.951745823403,-0.997177575893969,-0.0750791724396865,0.132500220246389
65.225179,144,136,423.951638512303,250.992441619214,-0.995937760797803,-0.0900443036347021,0.23898371927511
65.275179,144,136,423.809412346963,251.034760608321,-0.999800867947267,-0.0199555619287564,0.0750334801232905
65.525179,144,136,422.693451480148,251.796204848413,-0.994977497011372,-0.10009885334501,0.0244609326342597
65.675179,144,136,422.004574066893,251.657458668673,-0.994826118107888,-0.101592296609488,0.0103383502035051
65.725179,144,136,421.699228273788,251.93123985201,-0.990488608254667,-0.137594756141842,0.0412298107061023
65.925179,144,136,420.529514071223,252.09527705848,-0.949134668816584,-0.314870418506459,0.124777614096613
63.325179,145,137,349.253938252524,268.079117479067,0.791994795904231,-0.610527839873511,-0.913314670899823
64.125179,145,137,351.601922798122,267.200161268546,0.639027177557104,-0.7691841563263,-0.303741387209197
64.175179,145,137,352.038166295734,266.996041893361,0.639027177557104,-0.7691841563263,0.0375905378856646
64.225179,145,137,352.245378333724,266.957775332125,0.639027177557104,-0.7691841563263,0.104582333209203
64.275179,145,137,352.335133465229,266.717870437765,0.639027177557104,-0.7691841563263,0.251204256149703
64.325179,145,137,352.56631612505,267.326027421246,0.639027177557104,-0.7691841563263,-0.164519539445331
64.475179,145,137,353.20121006087,266.742817201586,0.639027177557104,-0.7691841563263,0.400369414597535
64.525179,145,137,353.004444869122,266.672739034491,0.863924402720377,-0.503621511042013,0.201916758249862
64.575179,145,137,352.935059050362,266.792866227154,0.879952190360194,-0.475062251373752,-0.0495020826716746
64.625179,145,137,353.047097834525,266.444377024203,0.923881279755305,-0.382679214117647,0.0408949913105299
64.675179,145,137,353.227133211277,266.014378965533,0.870403746035437,-0.492338622177336,0.333024824756981
64.725179,145,137,353.513846802342,266.018186086192,0.913577068092404,-0.406665637416891,0.383193018588775
64.775179,145,137,353.554164175457,266.093890927589,0.866177865838177,-0.499735834948847,0.325350676169782
64.825179,145,137,353.618527744753,266.177720742963,0.865742634483274,-0.50048945127541,0.210267418065092
64.875179,145,137,353.719876857485,266.111006189489,0.891959269584405,-0.452115761063972,0.163183432899404
64.925179,145,137,353.79545970383,266.11155432113,0.897498752746397,-0.441016993798042,0.0878924603994652
64.975179,145,137,353.711328897512,265.850299750659,0.879980193146799,-0.475010378485905,0.0332454589004912
65.075179,145,137,353.935613367362,265.703040969552,0.787831322393131,-0.615891067849088,0.23407504951288
65.125179,145,137,353.863256438438,265.780886150171,0.787831322393131,-0.615891067849088,0.00744246400236837
65.175179,145,137,353.957851855169,265.782663715967,0.787831322393131,-0.615891067849088,-0.0411778068870307
65.225179,145,137,353.927337050658,265.718898178263,0.787831322393131,-0.615891067849088,-0.148360031613044
65.375179,145,137,354.442410883676,265.898799906984,0.830575039174472,-0.556906728546464,-0.308519600254657
65.475179,145,137,354.705802929662,265.736099848418,0.855269472493954,-0.518183490107427,-0.317567593030927
65.525179,145,137,355.303223607077,265.956643994617,0.968150561955402,-0.25036870688135,-0.296811432010496
65.575179,145,137,356.000364006898,266.259355385171,0.959714835946837,-0.280975859574335,0.166934890960575
65.625179,145,137,356.441915518111,266.680700971449,0.943807393571026,-0.330495996708987,0.318056191220705
65.675179,145,137,356.765512249367,267.73135803724,0.827570060154924,-0.561362445782737,-0.187445878944867
65.825179,145,137,357.504752363435,268.178467707778,0.848101887294211,-0.52983317069432,-0.15312087459634
65.875179,145,137,357.614437093569,268.085764689757,0.848101887294211,-0.52983317069432,-0.145522958116757
65.925179,145,137,357.563821650633,268.080330189764,0.848101887294211,-0.529833170694321,-0.320418917953526
63.375179,146,138,431.199449350807,219.067344670617,-0.999999911629011,-0.000420406910295695,0.159286807690061
63.425179,146,138,431.167793857167,219.389566241059,-0.999998538662517,-0.00170958264825331,0.0267387534074689
63.625179,146,138,431.017912327149,219.45719368602,-0.999851861464944,-0.0172120633593782,-0.490263495379287
63.725179,146,138,430.290193757094,219.794990611138,-0.99999656302471,0.00262181974359149,-0.12414514245945
63.775179,146,138,430.050626578371,219.795685937366,-0.99863310654633,0.0522677578400624,-0.0751844458141455
63.975179,146,138,429.523836784978,219.473301170617,-0.993053921573471,0.117660141286462,-0.314498567427201
64.025179,146,138,429.092045609631,219.41347031202,-0.99896227695529,0.045545243662775,-0.0346166388751986
64.225179,146,138,428.771058582176,219.268853408441,-0.981038393505169,0.193813494031755,-0.550409625948878
64.275179,146,138,428.043044047757,219.503344335167,-0.999999992744137,-0.000120464621965018,0.0914196100672565
64.325179,146,138,427.700157432199,219.518094423354,-0.999999969890278,0.000245396502570056,0.240039860795946
64.525179,146,138,426.566200992313,219.539862941979,-0.999999867298366,0.000515173028693043,0.582181930779253
64.575179,146,138,426.457174398895,219.521214630835,-0.999999993907261,-0.000110387856800628,0.489634506395948
64.625179,146,138,426.408920334053,219.481537525401,-0.999997335092519,0.00230863766337216,0.334183506049713
64.775179,146,138,425.915824499394,219.3686096918,-0.999873546341754,0.0159025572146002,0.205002603638344
64.825179,146,138,425.740302762776,219.455761962711,-0.999975826065365,0.00695322118810696,0.174723098702161
64.875179,146,138,425.7713433572,219.515235361629,-0.999942215525139,0.0107501446816958,-0.0666118396196623
64.975179,146,138,425.520323860501,219.184542228043,-0.999524153582399,0.030845849078763,-0.251852530406087
65.025179,146,138,424.970858118386,219.578670623652,-0.999985162939056,0.00544737567549205,0.0950382392127997
65.075179,146,138,424.691884062341,219.779068376798,-0.999992123269304,0.00396905522122297,0.158709670246828
65.275179,146,138,423.72333214613,220.035744173564,-0.999998583596275,-0.00168309400915995,0.247017558077577
65.325179,146,138,423.636781400932,220.327145345697,-0.999937776832247,-0.0111553782447774,0.102009120502188
65.475179,146,138,423.191715607968,220.395179549646,-0.999454584369643,-0.0330232309519328,-0.151950511229673
65.525179,146,138,422.826969129205,220.348872344672,-0.999947034209754,-0.010292170573621,0.00627375359718077
65.625179,146,138,422.567686775302,220.275522919252,-0.997804693284542,-0.0662253279292773,-0.242420058470661
65.675179,146,138,422.353308223081,220.22609640354,-0.999976417746285,-0.00686760156871449,-0.209363315636646
65.725179,146,138,421.916632638657,220.343249201299,-0.999752762955077,-0.0222353988875905,-0.0217573808191681
65.775179,146,138,421.8200808988,220.741956743238,-0.995833724539924,-0.0911876804669547,-0.262103694765569
65.925179,146,138,421.020855344195,221.028252576272,-0.995833724539924,-0.0911876804669547,-0.203919552267961
65.975179,146,138,420.612591193075,221.122132243241,-0.999119233908161,-0.0419613683615083,0.0418670677040562
63.375179,147,139,430.960217394887,242.400484154712,-0.999908135369939,-0.0135543653858147,0.37411299511774
63.675179,147,139,429.933959961368,242.21540543985,-0.999999491733931,0.0010082320561276,0.361840604269406
63.725179,147,139,429.729156395442,241.963268353353,-0.999923559797896,-0.0123642452702455,0.393303061705826
63.975179,147,139,428.831213535029,241.816304881434,-0.999995614473473,-0.00296159312225152,0.374985294077402
64.025179,147,139,428.857266721499,241.633845591181,-0.999976091200861,-0.00691498565772953,0.16413085327657
64.175179,147,139,428.782175441967,241.022443373731,-0.99873736534086,-0.0502361928493653,-0.28537994244455
64.225179,147,139,428.455426329425,241.359798188827,-0.999963870732826,-0.00850042522610179,-0.19508695349221
64.275179,147,139,428.17350493063,241.521268347362,-0.999987784198722,-0.00494281835896553,-0.110576462006432
64.325179,147,139,428.064999401773,241.485036049246,-0.999959751824096,-0.00897188563754237,-0.196292633320762
64.525179,147,139,427.243792334903,241.242858844991,-0.999998418884696,0.00177826547729116,-0.176820989148004
64.575179,147,139,427.016130375946,241.112276067232,-0.999995586368359,-0.002971067788324,-0.149391186127008
64.625179,147,139,426.996932971337,241.141105518863,-0.999924645515138,0.0122761268902735,-0.342645613126364
64.725179,147,139,426.793955166294,241.429800608689,-0.99398779608197,0.109490918528016,-0.561730415143577
64.775179,147,139,426.212519310176,241.37531667127,-0.999853189690585,-0.0171347327251683,-0.16934356656445
64.825179,147,139,426.069088655439,241.471219103631,-0.999999836855652,-0.000571216831608288,-0.239013299670921
64.975179,147,139,425.467652773243,241.238757920234,-0.999054043628468,0.0434858357354044,-0.283883747565155
65.025179,147,139,424.942491120223,241.405492285643,0.99999924672658,-0.00122741446639857,-0.035256778290185
65.075179,147,139,424.901521319678,241.430811853956,0.999944172723017,-0.0105665243709631,0.139743067451934
65.275179,147,139,423.77895459909,241.821768057114,-0.999362924857557,0.0356895561775335,0.123022919090558
65.325179,147,139,423.755751431797,241.965306626089,-0.999763771235087,0.0217348044803188,-0.0802921105875992
65.475179,147,139,423.007784267691,242.147960300451,-0.999833189493429,0.0182645335937094,-0.0060949568163385
65.525179,147,139,422.72260579553,242.191535752962,-0.999724179553232,0.0234854171054345,0.0578639623644481
65.675179,147,139,422.266947700171,241.689105056766,-0.999459927884587,-0.0328611100381025,-0.221171428879139
65.725179,147,139,421.812536160203,241.654256838375,-0.99979771126539,0.0201130939561435,0.0319359274337593
65.775179,147,139,421.396730724164,241.62747462522,-0.998904583747222,0.0467935099003077,0.22906105762663
65.925179,147,139,420.380382606016,241.620666266554,-0.998904583747222,0.0467935099003077,0.538850513299491
65.975179,147,139,420.184411970899,241.585949946825,-0.998904583747222,0.0467935099003077,0.495552365301655
63.475179,148,140,403.373341653176,229.708930263778,-0.999877330847294,0.0156627985267826,0.239577083612791
63.525179,148,140,403.320708248747,229.851792633042,-0.999986678472719,-0.00516167386603739,0.187179084390232
63.575179,148,140,403.312628830629,229.412751781559,-0.999979484935771,-0.00640544359045707,0.0886284639056642
63.925179,148,140,402.487498007676,228.740980813449,-0.999979484935771,-0.00640544359045707,0.12193954199986
63.975179,148,140,402.344827167889,228.546502902855,-0.999979484935771,-0.00640544359045707,0.14793126843244
64.025179,148,140,402.360979152119,228.771803001393,-0.999998078624191,-0.00196029281637926,0.00720703979594932
64.275179,148,140,401.968079642341,228.091155404616,-0.995702087883883,0.09261399561447,-0.353352815184236
64.325179,148,140,401.762731171605,228.339982552108,-0.99893892340951,0.046054612119193,-0.189790290594485
64.375179,148,140,401.574759703024,228.536119185818,-0.999997229189659,-0.00235406308430641,-0.0664958189567428
64.425179,148,140,401.508005781217,228.58617938301,-0.999996911130175,-0.00248550399503208,-0.126733011239842
64.475179,148,140,401.821855718583,228.789730481348,-0.999990999358009,-0.0042427824561185,-0.567699655091108
64.725179,148,140,400.832210080573,229.635039978884,-0.999995144937976,-0.00311610341225952,-0.23633423574138
64.775179,148,140,400.453888287349,229.956963708536,-0.999671205696352,-0.0256413825992681,-0.00314617107186897
65.075179,148,140,399.419019211487,230.317453035423,-0.999935495508546,0.0113580289697617,0.230525930634289
65.125179,148,140,399.23703900598,230.327032560079,-0.99993869247883,0.0110729979557078,0.27203899171704
65.325179,148,140,398.990843970594,230.458504134996,-0.999886919435528,0.0150382293415923,-0.0465440933618043
65.375179,148,140,398.763302431362,230.281002656499,-0.999910306803274,0.0133932202469094,0.0319610932633688
65.425179,148,140,398.568831401417,230.078074022003,-0.999918750010432,0.0127472890284779,0.0774619627567041
65.475179,148,140,398.429697734374,230.21877540935,-0.999921181827726,0.0125550839201749,0.0715304474164589
65.675179,148,140,397.963322062767,230.253697322432,-0.999881009112338,0.0154261990293446,-0.0546632380232902
65.725179,148,140,397.647310108879,230.355831792055,-0.999906190513605,0.0136970862802944,0.110032170201722
65.775179,148,140,397.442794360113,230.12961633391,-0.999996130967057,0.00278173523495107,0.150632862073564
65.825179,148,140,397.434277939936,230.348523799247,-0.999960579239927,0.00887918724598731,0.0131717846895736
65.975179,148,140,397.074210707125,230.356014483139,-0.999792706559505,-0.0203603514316244,-0.12141003305773
63.525179,149,141,403.361227748418,218.952627390099,-0.999984164840688,-0.00562761653554753,-0.247999253395481
63.925179,149,141,402.321159106026,218.950915549947,-0.999984164840688,-0.00562761653554753,-0.0230168368497903
63.975179,149,141,402.266881401659,219.256639285902,-0.999984164840688,-0.00562761653554753,-0.0773448167191162
64.025179,149,141,402.266700391257,219.099164795915,-0.999994674592786,-0.00326355420787634,-0.18213810440219
64.325179,149,141,401.46295117375,219.054239448224,-0.990923009442593,0.134430611682142,0.0792578952427165
64.375179,149,141,401.321455242065,219.22914256049,-0.996631505207974,0.082010016625334,0.0716603319033835
64.425179,149,141,401.262111917743,219.204031939917,-0.99996784199794,0.0080196614631667,-0.0680180651187587
64.725179,149,141,400.407357022821,218.955010227607,-0.999941859041369,0.0107832526118589,0.0666385611703982
64.775179,149,141,400.267210687914,218.860703151572,-0.999465685422769,-0.0326855268030895,0.0461402429850255
65.025179,149,141,399.402217373939,218.297686778847,-0.99879220646593,-0.0491337796522864,0.288573137741934
65.075179,149,141,399.234117930423,218.615127063838,-0.997342966185043,-0.0728492127700842,0.295359743409208
65.125179,149,141,399.15772292812,218.566831607204,-0.998209195454105,-0.0598197468305348,0.251952401236837
65.175179,149,141,399.125953828981,218.567585529577,-0.996462732349793,-0.0840358437691012,0.136808875513297
65.375179,149,141,398.669505706354,218.334462488554,-0.999569642139672,-0.0293348003703384,0.095480406777577
65.425179,149,141,398.479578521053,218.558117184666,-0.998149572698496,-0.0608065006542026,0.122240691220489
65.475179,149,141,398.354392045655,218.512855626277,-0.999284339915282,-0.0378260227896091,0.125690454175497
65.525179,149,141,398.572987098406,217.940677482882,-0.999219569278242,-0.0395000300177755,-0.209823312277456
65.675179,149,141,398.09994429693,217.723096659536,-0.99882540330249,-0.0484542435460224,-0.148516982419585
65.725179,149,141,397.72681905299,217.306855832597,-0.999700461654144,-0.024474210273077,0.087539487530113
65.775179,149,141,397.68562679284,217.020350903378,-0.991112348947889,0.133027484990876,-0.146800003375493
65.825179,149,141,397.588637090994,216.393710959227,-0.986416865677529,0.1642612769551,-0.323223305318236
65.975179,149,141,397.123242447179,214.957574603497,-0.997442602029296,0.0714720620734254,-0.258905401716449
63.775179,150,142,302.17108607795,201.157053000971,0.891868278748136,0.452295228100891,0.414648012078604
63.825179,150,142,302.100789115271,201.672294354908,0.475684464151273,0.879615990398718,-0.376632157625942
63.875179,150,142,301.8601832924,202.066705908919,0.475684464151273,0.879615990398718,-0.211372550682482
63.925179,150,142,301.788950746449,202.39587540954,0.386661970776431,0.922221513713102,-0.0640664642741119
63.975179,150,142,301.732508668647,202.404785645511,0.475684464151273,0.879615990398718,-0.110680158295626
64.025179,150,142,301.827385777971,202.387657789077,0.37784751658173,0.925867838415948,-0.164393268590516
64.075179,150,142,301.805631452024,202.437773384683,0.475684464151273,0.879615990398718,-0.184849599315949
64.125179,150,142,301.919765053447,202.642913553037,0.314171105372276,0.949366376352756,0.0160589131086344
64.175179,150,142,302.12280269503,202.655011949027,0.386661970776431,0.922221513713102,0.0355794272490375
64.225179,150,142,302.251789954381,202.727390196296,0.367110687124157,0.930177264503508,0.102974905722117
64.775179,150,142,303.981047908023,203.701397022411,-0.983370488541856,-0.181610798866561,0.243160703644753
64.825179,150,142,304.647732266399,203.674027382675,-0.999997208698936,-0.00236275143346223,0.017910097080718
64.875179,150,142,304.944771270443,203.592739063216,-0.999997208698936,-0.00236275143346223,-0.0836351257221591
64.925179,150,142,305.066014394447,203.727976453599,-0.999997208698936,-0.00236275143346223,-0.00825890502285364
64.975179,150,142,305.231835188231,203.608754450693,-0.999167690064322,-0.0407912629312444,-0.0258299782886494
65.025179,150,142,305.354250693321,203.146142358735,0.999998172545148,0.00191178094069406,-0.104048976497006
65.075179,150,142,305.728494276821,203.451631182869,0.999998172545148,0.00191178094069406,0.0689403020835142
65.125179,150,142,305.929160585087,203.393269038105,0.999998172545148,0.00191178094069406,0.06603469890571
65.175179,150,142,306.052550719663,203.680650343273,0.999998172545148,0.00191178094069406,-0.0151041811662708
65.225179,150,142,306.102857238095,203.370863841982,0.999998172545148,0.00191178094069406,-0.17208225406105
65.275179,150,142,306.540143598504,203.514883133453,0.999998172545148,0.00191178094069406,0.0571765867649075
65.325179,150,142,306.78282553747,203.323396756078,0.999998172545148,0.00191178094069406,0.0895844920679737
65.375179,150,142,306.958892330841,203.526492509865,0.999998172545148,0.00191178094069406,0.054530697969
65.425179,150,142,307.123673026212,203.702009123498,0.999998172545148,0.00191178094069406,0.0065415817305253
65.475179,150,142,307.334064277439,203.426634183085,0.999998172545148,0.00191178094069406,0.00170900785810513
65.525179,150,142,307.717898520006,203.255117011571,0.985181294792373,-0.171516227778082,-0.0401460942996195
65.575179,150,142,307.922328745125,203.577699361068,0.997189843670172,-0.0749160575648344,0.0376144735981099
65.625179,150,142,308.057241117681,203.535439067184,0.997189843670172,-0.0749160575648344,-0.0452969122807103
65.675179,150,142,308.30261755321,203.51309020781,0.997189843670172,-0.0749160575648344,-0.021141023949087
65.725179,150,142,308.422874636388,203.093927340676,0.982919881518123,-0.184033981960939,-0.21608736909771
65.775179,150,142,309.032757255398,202.94641878245,0.986752055801273,-0.162235570612493,0.20894819964179
65.825179,150,142,309.071528245687,202.934021514709,0.998917637245747,-0.0465140193852874,0.141942067427246
65.875179,150,142,309.225979121577,203.036990288035,0.999960660757938,-0.00887000206019644,0.106269688915268
65.925179,150,142,309.498140044903,202.794940090617,0.955829962232376,-0.29392019886162,-0.118828318782734
65.975179,150,142,309.665558863467,202.877721072377,0.997985196932002,-0.063447196191743,0.0310500096220294
63.775179,151,143,295.396653960556,237.212252098459,0.999063828186208,0.0432604578098756,-0.251552788836621
63.875179,151,143,295.745973299493,237.096835700635,0.999436261315557,0.0335731971605658,-0.202181209653333
64.125179,151,143,296.604491686402,236.861625757206,0.999436261315557,0.0335731971605658,-0.0957932294292525
64.175179,151,143,296.713861935438,236.845315625359,0.999292608051713,0.0376069607015263,-0.13874246347762
64.525179,151,143,298.291135214443,236.473143177129,0.980158602286746,0.198214818727794,0.320212239976908
64.725179,151,143,299.144818623649,236.834344834818,0.999876491475481,0.0157162907418286,0.44484926794479
64.775179,151,143,299.126176013874,236.438538459133,0.992403573729922,-0.123024984649782,0.21861577944791
64.825179,151,143,299.102932821179,236.14834293947,0.992403573729922,-0.123024984649782,0.0539553047362553
65.175179,151,143,300.287354876868,235.72989570969,0.973499203410809,-0.228690404167995,0.052711571784037
65.325179,151,143,300.958556234609,235.616596399137,0.99817174286975,-0.0604414736448937,0.0280531996817248
65.375179,151,143,301.368208458021,235.627034920123,0.990705237982244,-0.136026215982603,0.29244552041975
65.425179,151,143,301.423610192994,235.624643549217,0.996663295475224,-0.0816227630778691,0.104174861251049
65.475179,151,143,301.456276750592,235.924957863934,0.981048341870108,-0.193763130945779,-0.0352602991174854
65.525179,151,143,301.585779125226,235.980465158832,0.999052078412558,-0.043530961619841,-0.191758415666089
65.575179,151,143,301.872643546044,236.09044564064,0.997561812342519,-0.0697884700785838,-0.110193807143795
65.625179,151,143,302.00590430807,236.189364251261,0.998245339330897,-0.059213533116523,-0.197684683711089
65.675179,151,143,302.724196239524,235.950826386863,0.999945796657837,-0.0104117119785417,0.297257516655092
65.775179,151,143,302.630626662025,236.220166937077,0.999292605343616,-0.0376070326610248,-0.225811478579993
65.825179,151,143,302.916927074603,236.550360224094,0.999840739326809,-0.0178464557383446,-0.169375542583449
65.875179,151,143,303.216843882915,236.69256506437,0.999361524232725,-0.0357287542918059,-0.0976082272528416
65.925179,151,143,303.518744987913,236.585748357407,0.999368092533264,-0.0355445583236874,-0.0151384977464082
65.975179,151,143,303.709619776951,236.726914082173,0.999170120354097,-0.0407316902617496,-0.0558217003037678
63.775179,152,144,411.83777697565,243.172392127706,-0.998141011425731,0.0609468728485548,0.178326339952461
64.025179,152,144,411.379089912404,242.221093421299,-0.999999115591115,0.00132996879196978,-0.135285867671106
64.075179,152,144,411.230868481822,242.025259410404,-0.999999997076934,-7.64600051877552e-05,-0.129005215790074
64.125179,152,144,411.059116877421,241.750698004594,-0.999908440112344,0.0135318658026028,-0.0973459760656057
64.175179,152,144,410.834542604433,241.700621223095,-0.999988381073069,-0.00482055171760285,-0.0190324154198243
64.375179,152,144,410.396506433034,241.630731705684,-0.999995202225612,0.00309766456499194,-0.164972150498704
64.425179,152,144,410.191432540505,241.518320358373,-0.999997476032789,0.00224675945588607,-0.109330888445414
64.475179,152,144,409.986333031938,241.650432121633,-0.999999975420071,0.000221720225019358,-0.0545532028500801
64.725179,152,144,408.873939879649,241.610019170892,-0.999999173020513,-0.00128606309705011,0.289871539808554
64.775179,152,144,408.68582666355,241.594975823929,-0.999994605799883,0.0032845655934003,0.322603222714695
64.825179,152,144,408.599646913772,241.590697021593,-0.999994605799883,0.0032845655934003,0.250999640006424
65.025179,152,144,408.0778371147,241.688735716044,0.999630799181389,-0.0271710384044631,-0.143300490928198
65.075179,152,144,407.962655602118,241.513099255779,-0.995276284693289,-0.0970830424282424,0.0482524613904225
65.125179,152,144,407.770433864028,241.635529712411,-0.999999999915557,-1.29956192541132e-05,0.109927459181951
65.175179,152,144,407.906160865263,241.349712711258,0.998415449733366,-0.0562724598157933,0.178524954597069
65.275179,152,144,407.7519234554,241.0693005109,-0.999999956787588,-0.000293980988289875,-0.370167561729081
65.325179,152,144,407.409009149428,240.736166827395,-0.999948523686885,0.0101464267808953,-0.198991421363501
65.375179,152,144,407.020556848709,240.581394269764,-0.999836149530077,0.0181017704346919,0.0149599567717049
65.425179,152,144,406.886481008915,240.351955035669,-0.999717606994178,0.0237635491001237,-0.02899836379157
65.575179,152,144,406.357249457924,239.515953657254,-0.999993046213428,-0.00372927939258832,0.00556448284501812
65.625179,152,144,406.009123325039,239.981052079038,-0.999967751503267,-0.00803093727413072,0.182002705514385
65.675179,152,144,405.839719478142,240.142410777454,-0.99996329499558,-0.00856788547910299,0.175255868074856
65.725179,152,144,406.064989781371,240.347523426151,-0.999983754277935,-0.00570010352595177,-0.229772619216682
63.825179,153,145,438.469354747002,212.743797464038,-0.992788532558401,0.119878812225246,0.0289516311484705
64.075179,153,145,437.687878486686,213.449977646042,-0.999410493846122,0.034331687844468,-0.00902316844552646
64.125179,153,145,437.655138632099,214.074323586388,-0.999360026784288,0.0357706145559016,-0.163708445625418
64.525179,153,145,435.785228248269,214.781746235956,-0.999997397052839,0.00228164141507145,-0.00925366615474352
64.575179,153,145,435.354470290448,214.651075768224,-0.99848004094199,-0.055114497552662,0.18135207052507
64.775179,153,145,434.542427529726,214.703647769127,-0.999997451742669,0.0022575447212247,0.0957149179960405
64.825179,153,145,434.257477358988,214.87702715619,-0.999999893203751,0.00046216067220167,0.147633809176107
64.925179,153,145,434.027785270373,214.545879196979,-0.999974292266428,0.00717041186097542,-0.0905334132892942
64.975179,153,145,433.634592057318,214.674214251917,-0.999997494203582,0.00223865731114322,0.0644274104345197
65.025179,153,145,433.552153168796,214.744790141731,-0.999996510914014,0.00264162067643001,-0.0914666700262209
65.175179,153,145,432.795103509251,214.617608801864,-0.999992535952405,0.00386368211405634,-0.0595907137706788
65.225179,153,145,432.415193309325,214.550448195665,-0.999998211616255,0.00189123353703045,0.0745008129715904
65.275179,153,145,432.301400805888,214.368384617643,-0.999999989618502,-0.000144093705011551,-0.0588261025029027
65.325179,153,145,432.422518221084,214.876255781496,-0.99978081615509,0.0209360848360665,-0.412659532550812
65.375179,153,145,431.763057331924,214.654776665725,-0.999999683381869,0.000795761372220571,-0.0173324398591812
65.425179,153,145,431.336507542909,214.501722490317,-0.99998604775448,-0.00528245173903315,0.155999940955727
65.475179,153,145,431.212941002036,214.320109603781,-0.999999308585459,-0.00117593732977044,0.0289328492582423
65.525179,153,145,431.291957205328,215.217871808034,-0.999909391904538,0.0134613513844717,-0.288775321447099
65.575179,153,145,430.655070482397,214.579053243569,-0.999997011777244,0.00244467514866724,0.0791251371873229
65.625179,153,145,430.293948447448,214.558222972809,-0.999925554781012,0.0122018398565553,0.188016086480686
65.675179,153,145,430.176929838883,214.712490532104,-0.999997011777244,0.00244467514866724,0.0427928746006137
65.775179,153,145,429.470038022514,214.466368277069,0.999975345856455,0.00702194269870004,-0.224833345028702
65.825179,153,145,429.070098937503,214.57510869325,0.996404470513871,-0.0847238522493637,-0.407203358363111
65.875179,153,145,429.273328883723,214.730547041516,0.999858221605883,0.0168385476547465,0.11316370938349
65.925179,153,145,429.535879414763,214.433330350853,-0.92820696460217,0.372064283241521,-0.441839246525672
63.825179,154,146,301.00775752451,242.517591014006,0.995920207281405,0.0902382442679529,-0.228825120928141
64.275179,154,146,302.703206645078,243.343052499306,0.998322184301024,0.0579035088093308,-0.0984290695599572
64.325179,154,146,302.934238914184,243.291890332342,0.998184448807709,0.0602312722632504,-0.0629329732831298
64.375179,154,146,303.022654817212,243.53177130866,0.998236425145143,0.0593636211281471,-0.153617133404549
64.475179,154,146,303.62518243451,243.751053443996,0.998322184301024,0.0579035088093308,0.0681736992365209
64.525179,154,146,303.927730484985,243.57860371655,0.997677966103947,0.0681078259137117,0.160588283855909
64.575179,154,146,304.063789015914,243.593598723806,0.998168975750457,0.0604871544154853,0.0968018448233232
64.625179,154,146,304.114405834575,243.40601191428,0.998236425145143,0.0593636211281472,-0.0665581760154147
64.675179,154,146,304.364113586123,243.644905430215,0.996774707559847,0.0802507468437581,-0.00806810253551697
64.725179,154,146,304.669716560119,243.430022398465,0.995523498439976,0.0945143589822828,0.0693174985062721
64.775179,154,146,304.943842435206,243.774734520097,0.98535023810261,0.170542980714919,0.172236773481778
64.825179,154,146,305.174854836127,243.460676252389,0.767727978799364,0.64077589730626,-0.00874363924597235
64.875179,154,146,305.151147765426,243.561565264282,-0.994269106268201,0.106906240793665,0.0414411401311369
64.925179,154,146,305.243432985293,243.115088754569,-0.987249228678171,0.159182161294403,0.0814365606655608
64.975179,154,146,305.959889896168,243.823375212101,0.985698357571204,0.168519280444201,0.336463297445865
65.025179,154,146,306.08605904023,243.367874693019,0.999612479557388,0.0278368588948246,0.221463694349456
65.075179,154,146,306.051605076925,243.272817874898,0.999463905563852,0.0327399064606432,-0.0374249633847324
65.125179,154,146,306.1500466143,243.23393127164,0.999710074561805,0.0240783475269891,-0.15740280875399
65.175179,154,146,306.37967237536,243.257380401732,0.999463905563852,0.0327399064606432,-0.154716397471749
65.225179,154,146,306.764326537903,243.635261053253,0.999000968809154,0.04468852557841,0.0156262602571474
65.275179,154,146,307.047526880673,243.746574267634,0.999205725339091,-0.0398486944526452,0.0773356055627236
65.325179,154,146,307.268807003497,243.632772149784,0.999080715088218,-0.0428686918253191,0.0749987640785422
65.375179,154,146,307.424013545088,243.213442504143,0.999990546869981,-0.00434812266112564,-0.00336268419658683
65.425179,154,146,307.695085871702,243.295457114201,0.999990546869981,-0.00434812266112564,0.0349520489141486
65.475179,154,146,308.030713045331,243.596652793847,0.998710668960269,-0.0507641576797143,0.143004857492437
65.525179,154,146,308.117865726188,243.677575344424,0.999520195094553,-0.0309738534597711,-0.0116302113165177
65.575179,154,146,308.330070465228,243.578574106848,0.996124578423802,-0.0879535346646307,-0.0226745537433404
65.625179,154,146,308.47268330369,243.629659715348,0.998195890816192,-0.0600413487329273,-0.128204681504274
65.675179,154,146,308.980841432154,243.938780900923,0.999520195094553,-0.0309738534597711,0.124195622291939
65.725179,154,146,309.369266641861,244.110337937356,0.99548265876516,-0.0949435416331646,0.241885490529327
65.775179,154,146,309.301561411156,244.394958283184,0.999520195094553,-0.0309738534597711,-0.0575994434554589
65.825179,154,146,309.481084396863,244.332475908094,0.999995812833214,0.00289384105292242,-0.104557178123243
65.875179,154,146,309.708404719055,244.542914707901,0.999926087157567,-0.0121581339751416,-0.136802914138827
65.925179,154,146,309.976380514531,244.367705847496,0.999667395138974,-0.0257895152350582,-0.125193982757899
65.975179,154,146,310.211680773852,244.582316390717,0.999561217905513,-0.0296204601457689,-0.150841352971688
63.875179,155,147,460.687582766742,226.763611833215,-0.999869454425796,-0.0161577877898307,0.260197463942819
63.925179,155,147,460.803625121633,226.388086623276,-0.999869454425796,-0.0161577877898307,-0.131983592351899
64.025179,155,147,460.181949768832,226.660674710953,-0.999496249781239,0.0317371497340189,-0.197344394063968
64.075179,155,147,459.860791278773,227.025049395957,-0.999496249781239,0.0317371497340189,-0.150593411400498
64.125179,155,147,459.583074194253,227.13304564067,-0.999496249781239,0.0317371497340189,-0.157361500931012
64.175179,155,147,459.10769989801,227.491083685842,-0.999496249781239,0.0317371497340189,0.0394147910806891
64.225179,155,147,458.79681401698,227.574202334141,-0.999496249781239,0.0317371497340189,0.0611254064435177
64.275179,155,147,458.607504027503,227.599964230926,-0.999597165064393,0.0283814656990869,-0.0384497331437298
64.325179,155,147,458.33209322508,227.381072012511,-0.99962279734843,0.0274638493532976,-0.0637716198319323
64.375179,155,147,458.030763985572,228.045104833244,-0.999563195668702,0.0295536438459395,-0.0432791568563989
64.425179,155,147,457.560619772637,228.204805307191,-0.999573618236413,0.0291990021364887,0.132174276572055
64.475179,155,147,457.329273808569,228.144586195484,-0.999590350047061,0.028620483797359,0.0606888500095023
64.525179,155,147,456.999488121384,228.288930030075,-0.998173316501322,-0.0604154800092808,0.117023440206299
64.575179,155,147,456.721477748626,228.287045183669,-0.999545182537379,-0.0301567250595712,0.0790883613265208
64.625179,155,147,456.314156881441,228.531045724154,-0.999838193640237,-0.0179885112843884,0.170249450702969
64.675179,155,147,456.05910212649,228.640017475073,-0.999838193640237,-0.0179885112843884,0.112876385761019
64.725179,155,147,455.983066638454,228.828772558283,-0.999838193640237,-0.0179885112843884,-0.12668850051359
64.775179,155,147,455.534336853116,228.802120748494,-0.999558787958985,-0.0297023469437306,0.00368425238890877
64.825179,155,147,455.19786957782,228.77648537644,-0.999583969466475,-0.0288424684388193,0.0251131482665012
64.875179,155,147,455.105893460641,229.000091418517,-0.999547414325012,-0.0300826613879515,-0.207944652154651
64.925179,155,147,454.655800022755,228.832898427059,-0.999960470959262,-0.00889137328708019,-0.060914060447366
64.975179,155,147,454.13372707857,228.875777399042,-0.999748210804429,-0.0224391397638675,0.131726646143972
65.025179,155,147,453.934126659315,228.737080808789,-0.999975434164609,0.00700935569810826,0.0269984632100216
65.075179,155,147,453.55299400951,228.533495936823,-0.999999117704043,0.00132837913883287,0.0813079160286908
65.125179,155,147,453.298961018753,228.749992846705,-0.999969254603932,0.00784154620315699,0.0142106676279138
65.175179,155,147,452.90708463639,228.685079489557,-0.999975434164609,0.00700935569810826,0.0783633475184531
65.225179,155,147,452.744733766281,228.770364756104,-0.999967392118935,0.0080755618291793,-0.0863864945952299
65.275179,155,147,452.191518956166,228.70801451942,-0.999004660735578,-0.0446059169684085,0.102259612567165
65.325179,155,147,451.956480937645,228.665913950898,-0.999284342081021,-0.0378259655752652,0.0103646228926231
65.375179,155,147,451.6616278454,228.802434762616,-0.998321165410256,-0.0579210729692436,-0.0504794257126155
65.425179,155,147,451.216256405075,228.691302764301,-0.997667663318332,-0.0682585787204818,0.0570016568267017
65.475179,155,147,450.867555849841,228.800377268486,-0.996168317714188,-0.087456748067169,0.0432242171120105
65.525179,155,147,450.592254150104,228.896548067866,-0.997700118920058,-0.0677825398380827,-0.0110256357748521
65.575179,155,147,450.271138084199,228.795223823468,-0.996787457903978,-0.080092220379539,-0.0356272319976878
65.625179,155,147,449.777647349894,228.879746564439,-0.996450207624786,-0.0841842249148906,0.103044527962167
65.675179,155,147,449.626213151151,228.782007145972,-0.99751351233626,-0.0704754759230324,-0.0687961191243707
65.725179,155,147,449.436248167401,228.851789423162,-0.998004749218898,-0.0631388987592022,-0.222014342312897
65.775179,155,147,448.918241094411,228.795418815262,-0.999768973272817,0.0214941871448261,0.0359281556640248
65.825179,155,147,448.580708829986,228.604152802101,-0.99941756617575,0.0341251874623394,0.0328503263320896
65.875179,155,147,448.354655630069,228.822229445369,-0.998840039018077,0.048151598668857,-0.0667099353729834
65.925179,155,147,447.949152767698,228.695678256051,-0.996810409301564,0.0798060643563438,0.0138346178360992
65.975179,155,147,447.556626375867,228.705140662433,0.996326251046827,0.0856387848756345,0.107075342109614
63.875179,156,148,402.375541006251,236.202355083005,-0.999996102550496,-0.00279193191514846,0.24596757572791
63.975179,156,148,402.240886658452,235.95826701942,-0.999996102550496,-0.00279193191514846,0.149350644027277
64.275179,156,148,401.705303616253,236.044407693695,-0.99988045947077,0.0154617841312749,-0.0471293273717375
64.325179,156,148,401.64330577953,236.130133597637,-0.999976480119847,0.00685851347755021,-0.102143572481442
64.375179,156,148,401.395187741911,236.172144895281,-0.999838194176601,-0.0179884814721493,0.0343378369780369
64.425179,156,148,401.513912420348,236.1935106863,-0.999675257226625,0.0254829372106392,-0.230191296774841
64.725179,156,148,400.569857920279,236.090333205949,-0.999922588041286,0.0124425851339623,-0.0523002270479523
64.775179,156,148,400.511566388419,236.308236265372,-0.999342129533004,0.0362671771777147,-0.128573255418779
65.025179,156,148,399.883018149756,236.71744181972,-0.999852456537855,0.0171774606743197,-0.161052078896406
65.075179,156,148,399.565430154122,236.644773453226,-0.999877169924497,0.015673068103576,0.0177363302068475
65.125179,156,148,399.383715965174,236.840478212733,-0.99988353707219,0.0152614642811836,0.0641781195060286
65.325179,156,148,398.988390912548,236.611705182881,-0.999786247646702,-0.0206750820198349,-0.113274182350196
65.375179,156,148,398.711729638056,236.778150557953,-0.999971438016163,-0.00755798596768812,0.0219987668091008
65.425179,156,148,398.518230056603,236.449020422552,-0.999998789101605,-0.0015562118505498,0.0746549502460753
65.475179,156,148,398.39208650051,236.894553707693,-0.999964170925377,-0.0084650378335103,0.0518846206393492
65.625179,156,148,398.076871267742,236.562374008635,-0.999930827248246,-0.0117618331325724,-0.0698984015128509
65.675179,156,148,397.830375754436,236.502821116146,-0.99996250747913,-0.00865930921332689,0.0297548636887386
65.725179,156,148,397.516272550504,236.886250567494,-0.999998871466223,-0.00150235358008506,0.195720595658478
65.775179,156,148,397.437931340698,236.445972336232,-0.999771430776779,0.0213795744239981,0.128203403115365
65.825179,156,148,397.483654456647,236.790160095978,-0.999535265511461,0.0304836513386043,-0.0559215335127771
65.925179,156,148,397.209931672147,237.078204998975,-0.998590256722094,0.0530801203813858,-0.0582516687818174
65.975179,156,148,396.987154704414,236.948809362467,-0.998529888405191,0.0542038924941514,0.00578300153832282
63.925179,157,149,402.390782190945,242.170023753217,-0.999112716574205,0.0421162626512858,0.190819124142548
64.325179,157,149,401.312072416578,241.651743067856,-0.99974146032905,0.0227379088558867,0.273037447497205
64.375179,157,149,401.274455298399,241.596513008422,-0.99974146032905,0.0227379088558867,0.182798259405936
64.625179,157,149,400.948559692178,241.855657510713,-0.996693845150494,0.0812488710021463,-0.115497883936343
64.675179,157,149,400.769350792782,241.679291211232,-0.998293061683909,0.05840345018718,-0.0850725488883189
64.725179,157,149,400.643598700593,241.520294322684,-0.998673453727421,0.0514910945712387,-0.101108584820947
64.775179,157,149,400.491341529744,240.980616379096,-0.997671371869221,0.0682043528859178,-0.119264162611503
64.925179,157,149,400.249665268075,241.205234084753,-0.996939320122632,0.0781792299362425,-0.270039298214951
64.975179,157,149,400.10445646707,241.076682251948,-0.996295952662163,0.0859905501144902,-0.27464530595367
65.025179,157,149,399.869065812724,241.449145921437,-0.99998443701531,0.0055790435716037,-0.146009170455527
65.075179,157,149,399.602037892324,241.636081578297,-0.999998703840256,-0.0016100676407019,-0.0191432264456719
65.125179,157,149,399.429702510449,241.544369129248,-0.999995692400937,-0.00293516261404037,0.0124550490617356
65.325179,157,149,398.957060046189,241.579192733724,-0.99930905187835,-0.0371674431995687,-0.0938644447589963
65.375179,157,149,398.684063928104,241.616987915037,-0.999861770298821,-0.0166264937646952,0.037604094552766
65.425179,157,149,398.459768703286,241.676360114345,-0.999948301239428,-0.010168325741309,0.117015909368891
65.475179,157,149,398.415905842244,241.521300974648,-0.999917695795377,-0.012829716881684,0.0151259807349562
65.675179,157,149,397.77973019946,241.249607864743,-0.999682200141709,-0.0252090999409218,0.0594788543072452
65.725179,157,149,397.541449082704,241.606905444436,-0.999909774308818,-0.0134329163508556,0.141569903875442
65.775179,157,149,397.462622764363,241.686297740098,-0.999848443367001,-0.0174094886939614,0.0658523510645228
65.975179,157,149,396.8352599944,241.920641846399,-0.99815683515896,0.0606871685403867,0.127927375790402
63.925179,158,150,301.746313829603,291.045836355305,0.99865936276384,-0.0517636664478217,-0.386581130488055
64.225179,158,150,302.937787892988,291.021909744184,0.999773273927816,0.0212932087684581,-0.00418462120604893
64.325179,158,150,303.262455108375,291.090829512793,0.998187285898005,0.0601842360720318,0.0687609631194514
64.475179,158,150,303.906555091381,291.06249014696,0.998622779070435,0.0524647035790929,0.114828619498993
64.575179,158,150,304.230768818513,290.494996625546,0.999944485893395,0.0105368463685047,-0.0713755609004877
64.675179,158,150,304.992550147569,290.467592740925,0.999911229719596,0.0133241390207885,0.298719919290733
64.775179,158,150,305.1996301497,290.158302379108,0.999800059621526,0.0199960191236201,0.106483183352495
64.825179,158,150,305.315808411095,289.737898739368,0.999817606263144,0.0190985393744183,0.00703929696623363
64.975179,158,150,306.017812429177,289.531230665313,0.99952064711808,0.0309592633093105,0.0824471606756968
65.025179,158,150,306.175327677584,289.055399881667,0.999358371638793,0.035816826149999,0.0110770331510956
65.075179,158,150,306.267005715498,288.75617275184,0.99906425924569,0.0432505017064679,-0.126396388380676
65.175179,158,150,306.929237566198,288.417996839939,0.999358371638793,0.035816826149999,0.0834544405387775
65.225179,158,150,307.214571340556,288.460325248502,0.999318673807752,0.0369078335738667,0.145936589439085
65.275179,158,150,307.279152122879,288.102776990223,0.999229418324956,-0.0392500898593792,0.0464911894373244
65.375179,158,150,307.768991322132,288.069685403994,0.999561317343566,-0.0296171043553509,0.075968601942964
65.475179,158,150,308.280165531831,287.84680058115,0.999349666957787,-0.0360588844996706,0.142591558636285
65.525179,158,150,308.260528611188,287.861619493867,0.999633745053047,-0.0270624417083856,-0.123408168062184
65.575179,158,150,308.686316649042,287.879430531445,0.999633745053047,-0.0270624417083856,0.0663975237561817
65.625179,158,150,308.819841659176,287.959414541442,0.999772683775763,-0.02132089997649,-0.0479228900757065
65.675179,158,150,309.009490907233,288.00496021075,0.999772683775763,-0.02132089997649,-0.0990471206667708
65.725179,158,150,309.267607632922,287.925019853214,0.999736714688821,-0.0229456162088226,-0.0785956743428179
65.775179,158,150,309.540303766142,287.764201102215,0.999972824540214,0.00737225752846693,-0.0990046153798152
65.825179,158,150,309.673389682679,287.921453772088,0.999990121069651,0.00444497054042118,-0.207118483245108
65.875179,158,150,310.144503448353,287.975703831273,0.999981124794315,0.00614410734739984,0.0124544059249732
65.925179,158,150,310.298374422637,287.96927274043,0.999984684111054,0.0055345770674991,-0.0838435391604409
65.975179,158,150,310.692987237817,287.762984929196,0.999984684111054,0.0055345770674991,0.0564811621074302
63.975179,159,151,302.165974278002,285.014306233145,0.999651160107662,-0.0264113251353514,-0.240073843006745
64.225179,159,151,303.040175797371,284.941911303475,0.998800841533754,-0.0489579304246546,-0.258916851416896
64.325179,159,151,303.202809941121,284.871795581682,0.998364371112144,0.0571715182049022,-0.204538972118446
64.475179,159,151,303.724741928011,285.06406394788,0.999993728106652,0.00354171531302313,-0.348698387416796
64.525179,159,151,304.078973636534,284.914526876653,0.9978199994954,0.0659943073832807,-0.0513812043377809
64.575179,159,151,304.208880265432,284.594623718095,0.991062283871177,0.133399960599872,-0.0172086935871479
64.725179,159,151,304.978724908992,284.374236941467,0.993986486460306,0.109502806969937,0.0931331374449628
64.775179,159,151,305.276947485629,284.10830511552,0.987770063436163,0.155917612152439,0.207638011799585
64.875179,159,151,305.869361121996,283.944086756916,0.987770063436163,0.155917612152439,0.358659288664385
64.975179,159,151,306.256802277241,284.004496145675,0.987770063436163,0.155917612152439,0.334426973358396
65.025179,159,151,306.480702654046,283.443872874266,0.984726104641949,0.174110593694622,0.258970075605475
65.175179,159,151,307.253713304086,282.81486359191,0.977729223566604,0.209870353751659,0.240719849363485
65.225179,159,151,307.421234869382,282.697544805308,0.970404449506696,0.241485412349496,0.134101975830731
65.325179,159,151,307.699612700189,282.357635262948,0.998781282999179,-0.0493553313281707,0.231402430900031
65.425179,159,151,308.207700440663,282.067725724658,0.999072968586664,-0.0430488494553622,0.303629354470322
65.475179,159,151,308.287983321915,281.871615467222,0.999406503438335,-0.0344476542766094,0.153572295628509
65.525179,159,151,308.441513987482,282.095712378684,0.999487605448319,-0.0320082263673675,0.0696405277978537
65.625179,159,151,309.038150169624,282.303622113095,0.99998333252758,0.00577361819269927,0.145696699710365
65.675179,159,151,309.192152241012,282.215910083113,0.99988004436267,0.0154886050148463,0.0501574428830978
65.725179,159,151,309.318019965739,281.755680107068,0.999690215666912,0.0248892085017477,-0.0866317745522732
65.775179,159,151,309.524630655846,282.166608775608,0.993646689210622,0.11254446685986,-0.258829438960703
65.825179,159,151,309.765733966299,282.150210348907,0.99925997705502,0.0384642464634393,-0.131430346404975
65.875179,159,151,309.90419769035,282.179183343534,0.997264395748192,0.0739170140968526,-0.297234463933914
65.925179,159,151,310.187956929152,282.284602095291,0.994240916291338,0.107168094002649,-0.308081316525764
65.975179,159,151,310.386210888415,282.180074601751,0.9928376073171,0.119471693286968,-0.392076602362997
64.025179,160,152,361.060784365795,209.539127324305,0.998854806432606,-0.0478442856199339,-0.220108445678195
64.125179,160,152,361.402960692794,210.016374330066,0.998854806432606,-0.0478442856199339,-0.208296855586984
64.175179,160,152,361.869838594687,209.887049215769,0.998854806432606,-0.0478442856199339,0.110998137489933
64.225179,160,152,362.279133566333,210.022519933336,0.998854806432606,-0.0478442856199339,0.360336334501975
64.325179,160,152,362.224546139145,209.879359860532,0.998854806432606,-0.0478442856199339,0.00735467961714959
64.475179,160,152,362.590019009339,209.810015540202,0.998854806432606,-0.0478442856199339,-0.080392169737075
64.525179,160,152,362.94746877288,210.129819899058,0.999531201545962,0.0306166153597251,0.148440729096121
64.575179,160,152,362.88702263056,210.163504501925,0.999531201545962,0.0306166153597251,-0.0599951205270104
64.625179,160,152,363.192371709817,210.052354497225,0.999531201545962,0.0306166153597251,0.0930295255380208
64.875179,160,152,363.987267040181,210.277442597783,0.999531201545962,0.0306166153597251,0.154783738546762
64.975179,160,152,363.884557036065,210.269596595841,0.999531201545962,0.0306166153597251,-0.241920312560082
65.275179,160,152,365.070135383892,209.620939010395,0.999996694966245,-0.00257100303110968,0.0351635577449145
65.325179,160,152,365.190841852775,209.289519233286,0.999996694966245,-0.00257100303110968,0.011164497870824
65.375179,160,152,365.069079835067,208.958595308188,0.999996694966245,-0.00257100303110968,-0.254963558904781
65.425179,160,152,365.253341614808,208.48822691704,0.999996694966245,-0.00257100303110968,-0.21436579188862
65.475179,160,152,365.642267084394,208.472722261448,0.999996694966245,-0.00257100303110968,0.0300746051842483
65.525179,160,152,365.871341042749,208.164149609833,0.999996694966245,-0.00257100303110968,0.115771102173328
65.575179,160,152,366.147784099238,208.319093228881,0.999996694966245,-0.00257100303110968,0.24800295876556
65.625179,160,152,366.129947063892,208.232690423512,0.999996694966245,-0.00257100303110968,0.0869388178930528
65.675179,160,152,366.100604706259,208.536018839712,0.999996694966245,-0.00257100303110968,-0.0862655046347354
65.725179,160,152,366.296328669473,208.757151472273,0.999996694966245,-0.00257100303110968,-0.0338213548510048
64.025179,161,153,366.761532991011,235.87946066499,0.999999278254982,0.00120145308472323,-0.184372972696209
64.075179,161,153,367.055613049455,235.88015533171,0.999999278254982,0.00120145308472323,-0.0176569175325343
64.125179,161,153,367.074205415642,235.548066339252,0.999993717083544,0.00354482629145887,-0.121526973738924
64.175179,161,153,367.284376237183,235.741467884532,0.99999986495493,0.000519701954669034,-0.0445771098180816
64.225179,161,153,367.388153780742,235.638352661076,0.999997502874707,0.00223478060450893,-0.0634754757483442
64.525179,161,153,368.312357959084,235.325964904463,0.999921939662684,0.012494582074483,0.129124992058852
64.575179,161,153,368.398986062997,234.936476809736,0.999921939662684,0.012494582074483,0.0867515239816788
64.625179,161,153,368.429657072855,235.046035040321,0.999921939662684,0.012494582074483,-0.00502637215469998
64.675179,161,153,368.516161174701,235.126483553744,0.999996468333874,0.00265769068525684,-0.0609691322971019
64.775179,161,153,368.850256759653,235.157486487933,0.998741565985023,0.0501526108371591,0.126993205836002
64.875179,161,153,369.192612685437,235.092557677131,0.999163650467582,0.0408900915173353,0.203894033098309
64.925179,161,153,369.353186450523,234.643542603276,0.999921939662684,0.012494582074483,0.177290894073307
64.975179,161,153,369.426087445075,234.257658804089,0.999921939662684,0.012494582074483,0.123844496620291
65.025179,161,153,369.443784547512,233.947080012488,0.999609523067712,-0.0279428236286322,-0.0257574464223084
65.075179,161,153,369.578067047346,233.475597796883,0.999972689636539,0.00739053320585192,0.0209633952027748
65.125179,161,153,369.660384298909,233.660381066974,0.999957345810479,0.0092361550258895,-0.014484448431946
65.175179,161,153,369.950198371292,233.241235218542,0.995011179374719,0.0997634848996896,0.188851104302981
65.225179,161,153,370.055827617408,233.05023939407,0.998173885752074,0.0604060742194436,0.148341324093071
65.275179,161,153,370.134289874904,232.634259227958,0.992544733993245,0.121880888667085,0.0754140685745642
65.375179,161,153,370.391780728181,232.090553697133,0.999780614059286,-0.0209457334853164,0.123348264295316
65.425179,161,153,370.441048814221,231.669897759322,0.999817507139198,-0.0191037278550497,0.0603216750552341
65.475179,161,153,370.463850244263,231.531348162451,0.999791420628068,-0.0204233992888038,-0.0315843353777057
65.525179,161,153,370.652378040214,231.406871460101,0.954373365674316,0.298615938776681,-0.346051985598824
65.575179,161,153,370.912001917339,231.346164473227,0.943150898815438,0.332364832772107,-0.263721435681444
65.625179,161,153,370.898584582172,230.970991981314,0.960167207866402,0.2794260777702,-0.417406058793627
65.725179,161,153,371.307051923619,230.537969924754,0.983270859552375,0.182149435231446,-0.158158003548804
65.775179,161,153,371.411214937307,229.895198168439,0.999952111200224,-0.00978648589712931,0.21650383484858
65.875179,161,153,371.512221769721,229.497267941039,0.999952111200224,-0.00978648589712931,0.0900950407518704
65.975179,161,153,371.537574438766,229.114645388491,0.999952111200224,-0.00978648589712931,-0.110491599021287
64.025179,162,154,314.66021920438,249.705133661649,0.994338500448045,-0.10625886563828,0.369067743132921
64.125179,162,154,314.669358554665,250.374001560604,0.976099416649711,-0.217324478179732,-0.198696974184478
64.225179,162,154,314.993392417101,250.695205019406,0.992707461352942,-0.12054831468833,-0.261789143182124
64.275179,162,154,315.277806624361,250.629726993352,0.992707461352942,-0.12054831468833,-0.185484975869474
64.325179,162,154,315.583013750756,250.795758131729,0.992707461352942,-0.12054831468833,-0.11805562895318
64.425179,162,154,315.768297077346,250.997716383222,0.985386904079828,0.17033099913983,0.0119980303472026
64.475179,162,154,316.117726319771,250.68084102343,0.992707461352942,-0.12054831468833,-0.229602577627221
64.525179,162,154,316.529256174517,250.594712241558,0.997372645889651,0.0724417368032938,0.157090115603821
64.575179,162,154,316.5540591455,249.891182370593,0.997372645889651,0.0724417368032939,-0.0942774430475778
64.725179,162,154,317.322644919497,249.792051173121,0.997372645889651,0.0724417368032939,-0.0193079381145195
64.775179,162,154,317.563053323105,249.687428686031,0.99232856360537,0.123628564065527,-0.0148969936624674
64.825179,162,154,317.857323722413,249.699928844063,0.99496871646843,0.100186093092626,0.0455494532682295
64.925179,162,154,318.529899005124,249.524028178292,0.986435395877103,0.164149961196407,0.220061388427223
64.975179,162,154,318.888861628274,249.377690139164,0.989626224800894,0.143666054398141,0.321994645116857
65.025179,162,154,318.9432525444,249.396350621925,0.997682683591981,0.0680386865004317,0.160629272653344
65.075179,162,154,318.921441169088,249.376066761625,0.999675033575339,0.0254917093609705,-0.0921668864877404
65.125179,162,154,319.468131097907,249.231323662151,0.996778889037141,0.0801987928206108,0.186682993917835
65.175179,162,154,319.886880476514,249.435785154904,0.967787066869324,0.251770119753061,0.334967192719761
65.225179,162,154,319.978615657319,249.288385900701,0.976575699708432,0.215174121908248,0.164251673849121
65.275179,162,154,320.154474886651,248.980691810893,0.964966923966529,0.262371560292984,-0.00213840144958363
65.325179,162,154,320.156519777306,249.273040792928,0.964966923966529,0.262371560292984,-0.161831133887279
65.375179,162,154,320.675266347125,249.200150332496,0.973178728475038,0.230050347627882,0.0946646159017583
65.425179,162,154,320.983879628989,249.157542121813,0.975734739684834,0.218955972223113,0.147632948490914
65.475179,162,154,321.052293183855,249.077010909397,0.964966923966529,0.262371560292984,-0.0716502175337908
65.525179,162,154,321.129280343073,248.866575518637,0.964966923966529,0.262371560292984,-0.296032490627016
65.575179,162,154,321.476428934648,248.738158624612,0.973483056229775,0.228759129290037,-0.211125029822725
65.625179,162,154,321.687190312515,249.150273498829,0.964966923966529,0.262371560292984,-0.173914385590416
65.675179,162,154,322.246730773458,248.748905909284,0.964966923966529,0.262371560292984,0.013509160137296
65.725179,162,154,322.343888561044,248.623404769696,0.968590676330801,0.248660615548665,-0.160914973084912
65.875179,162,154,323.44581844661,247.36967052338,0.98976026455701,0.142739688608452,0.0771347633902635
65.975179,162,154,324.094013366456,247.047793850929,0.970245704557083,0.24212243346813,-0.106368162122346
64.025179,163,155,340.803044059418,254.441270054291,0.999300665255104,0.0373922508109133,-0.593027578920357
64.375179,163,155,341.827596745164,254.494301435335,0.988447662550242,0.151562589048101,0.174688137904993
64.425179,163,155,342.056186553348,254.064835554544,0.983928558039422,0.178562573554663,0.31904874402649
64.475179,163,155,342.140262011749,253.81469159598,0.95311792386463,0.302599113032369,0.576312760460487
64.775179,163,155,343.236322530803,252.944357590451,0.566953316060958,-0.823749924071306,-1.08358261391139
64.925179,163,155,343.480884056329,252.163320264815,0.854664315564495,-0.519180997052736,-0.130715787832428
65.325179,163,155,344.396876196335,251.249408069816,0.991782116852755,-0.127938394124155,0.458363884415186
65.375179,163,155,343.910047321139,250.860468540939,0.984510948747334,-0.175323106853104,-0.0484428209290012
65.425179,163,155,344.043970947248,250.851785481321,0.991782116852755,-0.127938394124155,-0.0421487412718718
65.475179,163,155,344.095771717433,250.134810832612,0.978380910201115,-0.206811011684674,0.101592532176402
65.525179,163,155,344.140737391282,249.63747351118,0.978380910201115,-0.206811011684674,0.147781917293366
65.575179,163,155,344.131204422524,249.184303164821,0.978380910201115,-0.206811011684674,0.130968658375905
65.625179,163,155,343.860696514064,249.124118117161,0.978380910201115,-0.206811011684674,-0.222996533023041
65.675179,163,155,344.237347409631,248.02435013602,0.978380910201115,-0.206811011684674,0.270660618919294
65.725179,163,155,344.304339444697,247.658192866262,0.978380910201115,-0.206811011684674,0.309094698856711
65.775179,163,155,344.349696092098,247.2025492738,0.967254727633238,-0.253807588285203,0.547571294232519
65.825179,163,155,344.221550527539,246.005529279732,0.967254727633238,-0.253807588285203,0.624664261250666
65.875179,163,155,344.104511030809,245.688627618882,0.983864256968915,-0.178916527629519,0.0444808270098568
65.925179,163,155,343.97713783465,245.045824553797,0.995501369922026,-0.0947471502651658,-0.620213385357455
65.975179,163,155,343.944902840759,244.604788803007,0.999982860491375,0.00585480345412663,-1.40698407614338
64.025179,164,156,345.518332891563,253.93192763533,0.947495439831007,-0.319769278542274,-0.654885663974842
64.075179,164,156,346.062628471732,253.671671886946,0.947495439831007,-0.319769278542274,-0.178063172184013
64.125179,164,156,346.386571519806,253.714245434812,0.947495439831007,-0.319769278542274,-0.00737396648147753
64.175179,164,156,346.5350139473,253.587036798472,0.947495439831007,-0.319769278542274,0.0508090038069136
64.225179,164,156,346.542765293796,253.428044961081,0.947495439831007,-0.319769278542274,-0.0146567572140132
64.275179,164,156,346.674478881813,253.108384217043,0.963132604545838,-0.269027110270973,-0.0272890655539098
64.325179,164,156,346.486448973471,252.927535997008,0.958126471812932,-0.286345357935664,-0.242298195146948
64.425179,164,156,346.691565209075,252.707525362125,0.972029464686291,-0.234858935920442,-0.376903905332159
64.475179,164,156,347.287987413786,253.321635604333,0.989695652330938,-0.14318699576861,-0.249127798412477
64.525179,164,156,347.76730093613,254.41935578579,0.842587922081166,0.538558811610156,-0.547241897087566
64.575179,164,156,348.360158920691,255.192958428328,0.842587922081166,0.538558811610156,0.261218594800374
64.625179,164,156,348.463035445533,255.561254578328,0.859426239658971,0.51125975646988,0.431529013472234
64.725179,164,156,348.8384301102,255.652982273036,0.957573313464738,0.288189780075844,0.501184081578045
64.775179,164,156,348.964809826724,255.100075799599,0.988238509978009,0.152920395619569,0.352390735574489
64.825179,164,156,349.046231656162,255.082222448145,0.937107997513069,0.349039540735782,0.274595907009472
64.875179,164,156,349.0992575486,255.050518860092,0.881538753499955,0.472111666957878,0.169014612171859
64.925179,164,156,349.285118936199,255.135230427573,0.940913793310227,0.338646177534252,0.27067715153793
64.975179,164,156,349.651483977991,255.294410856903,0.93075049029714,0.365654925868138,0.544740666207961
65.025179,164,156,349.719993374451,255.17317427698,0.908513189620591,0.417856176555307,0.435229141042905
65.075179,164,156,349.774578064173,254.824570216989,0.981351744446456,0.192220585973247,0.303859331038743
65.125179,164,156,349.936049111786,254.752107152612,0.908513189620591,0.417856176555307,0.215017009062512
65.175179,164,156,349.849019045483,254.67656008619,0.882924344521935,0.469515283937073,-0.040585400719001
65.225179,164,156,349.872131922737,255.012636465639,0.794877814748682,0.606769527597061,0.0103384755176225
65.275179,164,156,350.136239238462,254.713072204979,0.900762768032923,0.434311450143405,0.0108562774254739
65.325179,164,156,350.355939476313,254.578813559961,0.907484326225496,0.420085940796711,0.038443623082143
65.375179,164,156,350.496273058109,254.527230328866,0.912887358494498,0.408211551405565,0.0298929731911672
65.425179,164,156,350.648927532313,254.648462770164,0.889678908081469,0.456586728360521,0.0718354235068409
65.475179,164,156,350.831591265994,254.275010897393,0.915207472654855,0.402982979785391,-0.0080429093268618
65.525179,164,156,351.109598242899,253.960843895715,0.960504950720515,0.278262896630833,0.146113410392072
65.575179,164,156,351.08977547764,253.814938085458,0.961158871353548,0.275995695651895,-0.0421600016265239
65.625179,164,156,351.422202943402,253.654919244427,0.961241080215723,0.275709241241039,0.101723571773368
65.675179,164,156,351.389941819912,253.589209865011,0.96134693062679,0.275339933490311,-0.07904574888478
65.725179,164,156,351.569749162119,253.62428583432,0.961546646617055,0.274641669051687,-0.0280126666007954
65.775179,164,156,351.533340166349,253.363689832786,0.900478518540742,0.434900491660645,-0.531153012335629
65.825179,164,156,351.723239078189,253.699970452971,0.883121555211405,0.469144240848152,-0.382495758081199
65.875179,164,156,351.798275133995,253.489394610856,0.891887483288007,0.452257357213993,-0.509408467526756
65.925179,164,156,352.092341973651,253.366357022098,0.904319436122155,0.426856366301017,-0.381358348480627
65.975179,164,156,352.499674137698,253.588405398289,0.897376198591719,0.441266312107638,-0.0648606650179774
64.025179,165,157,301.977817986553,261.943128223756,0.854924863854949,-0.518751845454641,-1.28924893502633
64.275179,165,157,302.780306502052,261.725832068506,0.986991060050888,0.160775145403835,0.485779489568603
64.325179,165,157,302.941640825174,261.241083850578,0.992066906837714,0.125710987417371,0.303214385198127
64.525179,165,157,303.760950622011,260.26005142268,0.99563041209309,0.093381382059511,0.165255282268904
64.575179,165,157,303.949278885454,260.296136786201,0.993243042143038,0.11605282949779,0.171921302322325
64.725179,165,157,304.638189799015,259.220236611254,0.998867212052067,0.0475845845556165,0.123799108816531
65.025179,165,157,305.781434211466,258.530560179242,0.999971994004018,0.00748406357723308,-0.0246369911894539
65.075179,165,157,305.980966633494,258.573013243858,0.999971994004018,0.00748406357723308,-0.0477652564555138
65.125179,165,157,306.079670948678,258.228591579481,0.999971994004018,0.00748406357723308,-0.176571603294544
65.175179,165,157,306.576360559542,258.193269911815,0.999971994004018,0.00748406357723308,0.0929558797877304
65.225179,165,157,306.905280940039,257.78983960733,0.999977397299414,0.00672345820909478,0.191448655857705
65.275179,165,157,307.056675998491,257.584078105608,0.999983079946327,0.00581720044847729,0.112601309302409
65.325179,165,157,307.040758079126,257.399859646565,0.999979643452559,0.0063806489084324,-0.138383783041057
65.375179,165,157,307.417356002917,257.394122205432,0.99998624121268,0.00524570160570309,0.00617585432273482
65.425179,165,157,307.841953286293,257.569595238754,0.999981640126981,0.00605965419416945,0.193358890215683
65.475179,165,157,308.103816616005,257.619242445157,0.999978328026491,0.00658357633390604,0.21589570713131
65.525179,165,157,308.210018407691,257.637355323166,0.999997966062006,-0.00201689658928675,0.100167649472478
65.575179,165,157,308.250629258978,257.413430688251,0.999999319858642,-0.00116631138774219,-0.103020742061758
65.625179,165,157,308.515187827957,257.578012021469,0.999994308740966,-0.00337379395893246,-0.077901141976184
65.675179,165,157,308.928125124626,257.371019111203,0.999990438976889,-0.0043728657433228,0.0921321703206111
65.725179,165,157,309.078031818599,257.638714871305,0.999998382948579,-0.00179836042761818,-0.0127205629680965
65.775179,165,157,309.224556239482,257.530215618685,0.999997966062006,-0.00201689658928675,-0.115378486360893
65.825179,165,157,309.459589772215,257.729015427959,0.99994660770411,-0.0103335251024505,-0.114821800303199
65.875179,165,157,309.703946990547,257.282705384752,0.999995697729508,-0.0029333466337296,-0.138574689474115
65.925179,165,157,310.010213004167,257.353648649007,0.999996394401392,-0.00268536481990394,-0.0886986602862783
65.975179,165,157,310.117595913304,257.496294282023,0.999996690882348,-0.00257259098083784,-0.239410809273879
64.075179,166,158,319.634964387305,235.629744220111,0.458113542446332,0.888893684434349,-0.482586237261752
64.125179,166,158,320.125421099136,235.802067718096,0.458113542446332,0.888893684434349,-0.245837009041743
64.175179,166,158,320.211612517961,235.886322882082,0.370958803086618,0.928649323702195,-0.266403996512775
64.225179,166,158,320.944748096219,235.81601067231,0.515725819666309,0.856753686265495,-0.122137874195107
64.275179,166,158,321.238707942846,235.89788404312,0.655529543317367,0.755169529203956,-0.0361509506022799
64.325179,166,158,321.939808740922,235.869115643189,0.737392181088856,0.675464855687562,0.226403686971082
64.425179,166,158,322.76183703852,235.743990110943,0.744582618289469,0.667530317319895,0.241470097842695
64.475179,166,158,323.206284224384,235.54556932072,0.747114483425607,0.664695380347786,0.18239863372243
64.525179,166,158,323.756217567007,235.214537627165,0.740279594901308,0.672299130873122,0.10161109093968
64.575179,166,158,324.058975155966,235.348765064143,0.725894602948775,0.687805950403048,0.139798277329315
64.625179,166,158,324.110543976262,235.657322201202,0.732495235013692,0.680772157687311,0.138196602180007
64.675179,166,158,324.571338944761,235.475825991739,0.728870902712459,0.68465115729043,0.0920418818201242
64.725179,166,158,324.571876992964,235.390131301939,0.728870902712459,0.68465115729043,-0.223057725517797
64.775179,166,158,324.870338552037,235.419209901142,0.674439710409851,0.738329924235958,-0.251162193939779
64.825179,166,158,325.418552459483,235.261431538856,0.66778075942612,0.744358016911401,-0.235244119006116
64.875179,166,158,325.50946878847,235.361017727756,0.668510995107638,0.743702258582153,-0.332839339736772
64.925179,166,158,325.995677631226,235.548545119778,0.668510995107638,0.743702258582153,-0.10158582632776
64.975179,166,158,326.190638585979,235.469695266653,0.66195290608619,0.749545428992832,-0.261572917142883
65.025179,166,158,327.287067380764,234.957383487394,0.648936729925111,0.76084237562987,-0.16149171481259
65.075179,166,158,327.604703480498,234.946014771493,0.648936729925111,0.76084237562987,-0.190274232828284
65.175179,166,158,328.407914718553,234.932715749599,0.659106156598671,0.752049914788725,-0.126724717330554
65.225179,166,158,328.713056891765,235.097221225589,0.664141254183925,0.747607112386582,-0.0322130010178321
65.275179,166,158,329.168579491287,235.313222188419,0.707863789610885,0.706348961461484,0.204325180283044
65.325179,166,158,329.395143972539,235.380505415335,0.707863789610885,0.706348961461484,0.157499431851323
65.375179,166,158,329.651601951781,235.162283712171,0.707863789610885,0.706348961461484,-0.0703452264642479
65.425179,166,158,330.014924918248,235.367948823129,0.719420068143598,0.694575241102259,0.0717059608433347
65.475179,166,158,330.458107468242,235.539542208112,0.719420068143598,0.694575241102259,0.248225814711997
65.525179,166,158,330.943717124695,235.545325314647,0.706753517958465,0.707459868016083,0.346771022839484
65.575179,166,158,331.333369024975,235.611435060607,0.701931402076388,0.712244555457658,0.415551660085993
65.625179,166,158,331.684138047946,235.726827956038,0.694490672929006,0.719501706192985,0.495683767467245
65.675179,166,158,331.976425928192,235.660443837595,0.72206521525928,0.691824995871478,0.370807989484571
65.725179,166,158,331.975135152451,235.83156400731,0.701931402076388,0.712244555457658,0.256681967156276
65.775179,166,158,332.378560226467,235.723766423553,0.785857207043174,0.618407996502553,0.0627283948837217
65.825179,166,158,332.768119918043,235.782106182504,0.828077719778549,0.560613315937429,0.0188567172903901
65.875179,166,158,333.170260536231,235.876693111316,0.935959462825496,0.352107773199356,-0.237750846811547
65.925179,166,158,333.917257821237,235.712129957829,0.984036344972269,0.177967614395481,-0.176616011420382
65.975179,166,158,333.982180037123,235.64242405561,0.9688409135681,0.247683839191277,-0.443339463502629
64.175179,167,159,301.806254643639,206.783733316834,-0.741286459515773,0.671188784872461,-1.00619129046816
64.425179,167,159,302.374539936131,206.948662023225,0.99995967094684,-0.00898089527201484,-0.519142560118809
64.475179,167,159,302.820536722769,207.257727701665,0.99995967094684,-0.00898089527201484,-0.271803812768929
64.525179,167,159,303.047964779719,207.744445460998,0.99995967094684,-0.00898089527201484,-0.246353953791063
64.625179,167,159,303.599625384326,208.194129157584,0.99995967094684,-0.00898089527201484,-0.0991365282819601
64.675179,167,159,303.980186029131,208.323676586132,0.99995967094684,-0.00898089527201484,0.0774679579693689
64.725179,167,159,304.071045033487,208.078543610986,0.99995967094684,-0.00898089527201484,-0.0339717551341962
64.825179,167,159,304.652686645859,208.103621760784,-0.447564469400731,-0.894251668005178,0.0850513247459623
64.875179,167,159,304.932821153539,208.270682774218,-0.97932472146427,-0.202294562282156,-0.202850675455871
64.925179,167,159,305.115860724019,208.344830391905,-0.987024175461807,-0.160571719346654,-0.190303713306471
64.975179,167,159,305.318089714509,208.573646658661,0.832416513895026,-0.554150473603381,-0.0630328455998471
65.025179,167,159,305.464256891608,208.445311956628,0.997166635956995,-0.0752243320622325,0.0762705562205568
65.075179,167,159,305.610489558881,208.925369809704,0.988684405197475,-0.150010489364297,-0.0871097071356332
65.125179,167,159,305.911353073976,208.548294236553,0.997562543293402,-0.0697780210238144,0.0807869744300884
65.175179,167,159,306.176286314979,208.435235721656,0.996932274980554,-0.0782690175107432,0.129969051428645
65.225179,167,159,306.406337537735,208.836061873043,0.994061043679962,-0.108823901041567,0.0835426748411361
65.275179,167,159,306.471525861605,208.607798213108,0.997562543293402,-0.0697780210238144,-0.0308450605055968
65.325179,167,159,306.794290935655,209.151234736145,0.990219948278381,-0.13951506739976,-0.047524251826702
65.375179,167,159,306.960452639617,209.249057127224,0.993717621147351,-0.111916439459313,-0.0906468114692931
65.425179,167,159,307.172860431826,209.50958232506,0.9916248605644,-0.129151600495832,-0.162905746477454
65.475179,167,159,307.475434683948,209.462942053325,0.994991333665563,-0.0999612221335109,-0.0448006488292749
65.525179,167,159,307.764939504125,209.624992999939,0.986575712912322,-0.163304509097401,-0.109449905572194
65.575179,167,159,308.007726202217,209.514044005877,0.987385911563912,-0.158332124488693,-0.0773331556350248
65.625179,167,159,308.255178445849,209.514318573167,0.988343652815533,-0.152239363960998,-0.0584330993667375
65.675179,167,159,308.35797785772,209.37616916429,0.988992008028675,-0.147968942874543,-0.166419898741911
65.725179,167,159,308.609668546187,209.569511675407,0.9897747797805,-0.142639003468413,-0.175747135854522
65.775179,167,159,309.02245908098,209.397242835864,0.999449987760802,0.0331620561023009,0.284855088630866
65.825179,167,159,309.049163750998,209.437905941425,0.999820396496617,0.0189519062193385,0.0504489534533856
65.875179,167,159,309.289269434285,209.578189885114,0.999998254462547,0.00186844102390479,0.0213703871920744
65.925179,167,159,309.690323981864,209.517952355253,0.999449987760802,0.0331620561023009,0.231330381165698
65.975179,167,159,309.855323365358,209.453099471943,0.999449987760802,0.0331620561023009,0.14924359857392
64.275179,168,160,302.978227814025,237.004689608542,0.993398830546954,0.114711653583866,0.278130808169819
64.325179,168,160,303.038581506087,237.411739635812,0.992778148199844,0.119964780068523,0.196541570719762
64.375179,168,160,303.058552620107,237.50589964701,0.994269581922042,0.106901816937638,0.042153790534968
64.425179,168,160,303.058731009523,237.243330242631,0.993398830546954,0.114711653583866,-0.17965866779739
64.575179,168,160,303.705592626496,237.306775686694,0.993398830546954,0.114711653583866,-0.111245083714005
64.625179,168,160,303.920270762864,237.563429572265,0.994848311766693,0.101374733414993,-0.0634852847558829
64.675179,168,160,304.034137411887,237.858452413583,0.997608966715228,0.069111138967428,-0.123197286838177
65.025179,168,160,305.485795246337,238.19002896056,0.997507548302541,-0.0705598404154471,-0.155838964810029
65.075179,168,160,305.858794008322,237.986165811954,0.997431702066219,-0.0716240163163472,0.0166767979531482
65.125179,168,160,306.024811873291,237.939025598485,0.998137880943315,-0.0609981198561826,-0.0285390513267495
65.175179,168,160,306.076870321265,237.988493219258,0.997897017240217,-0.0648193102638198,-0.197855083289523
65.275179,168,160,306.694550147571,238.021464945024,0.997897017240217,-0.0648193102638198,-0.0242687065870952
65.325179,168,160,306.949593643161,237.968536658261,0.997319298503684,-0.0731725141847684,0.00927735293247933
65.375179,168,160,307.067711107753,237.995063420051,0.998005918435247,-0.0631204148292757,-0.0979090273928208
65.425179,168,160,307.523440549207,238.158859508941,0.996358119373566,-0.0852672150264775,0.111955470463176
65.475179,168,160,307.7894182652,237.785699406448,0.996782864854694,-0.0801493626429386,0.180465114424524
65.525179,168,160,308.010229012383,237.662004706052,0.999657077310297,0.0261864045534213,0.164464718462633
65.575179,168,160,308.095731731256,237.545915822728,0.999596623316773,0.0284005396727763,0.0137318842872196
65.625179,168,160,308.247003268398,237.675151106065,0.999406788418151,0.0344393853562557,-0.0665408665969911
65.725179,168,160,308.84979563913,237.550046901436,0.999596623316773,0.0284005396727763,0.0593104075266461
65.775179,168,160,309.0330350327,237.755329121666,0.999772894465446,0.0213110180935463,0.00904508611582706
65.825179,168,160,309.100480048233,237.550916789099,0.999462240001164,0.032790712280392,-0.172183414763179
65.875179,168,160,309.452507949662,237.726372694844,0.999673420261298,0.0255548982208615,-0.0571553110582282
65.925179,168,160,309.843732433618,237.998460464398,0.999596623316773,0.0284005396727763,0.0965517214198718
65.975179,168,160,310.08354904379,238.32867247607,0.99980580316672,0.0197067489492962,0.0943798468808313
64.275179,169,161,303.005142827517,248.198524621536,0.998588671613904,0.0531099324456178,0.0118487629948045
64.325179,169,161,303.095138995983,248.704935149451,0.998588671613904,0.0531099324456178,-0.0510995788600167
64.475179,169,161,303.828278390885,249.032754193524,0.998588671613904,0.0531099324456178,0.147931689419976
64.525179,169,161,303.989215996505,249.506638038134,0.999100488527014,0.0424053513731758,0.149036245245445
64.575179,169,161,304.067073282702,249.764218718214,0.999335195156032,0.0364577525699907,0.0486315339289555
64.625179,169,161,304.090850292423,249.405529571118,0.999273051519863,0.0381230705240358,-0.132152245114092
64.725179,169,161,304.537943283852,249.752956958625,0.999604220596741,0.0281318709861416,-0.0590731825797292
64.775179,169,161,304.808371762672,249.630365528359,0.995903612469926,0.0904212069669083,-0.00062767737280214
64.825179,169,161,304.989746254525,249.445843771851,0.995903612469926,0.0904212069669083,-0.0353010042773858
64.875179,169,161,305.070793015175,249.002067924889,0.995903612469926,0.0904212069669083,-0.195178862975084
64.975179,169,161,305.670978250416,248.440235755263,0.995903612469926,0.0904212069669083,-0.054710492199303
65.025179,169,161,305.936098527606,248.973132061056,0.999979777477705,0.00635960970806538,0.130030833587736
65.075179,169,161,306.044042684962,248.812064627572,0.999709303456651,0.024110341810469,0.00990744370188915
65.125179,169,161,306.081196164663,248.93414468305,0.999920544973276,0.0126057026915076,-0.148115605831745
65.225179,169,161,306.629574171466,249.198597998863,0.999895057464989,0.0144870306511464,-0.0222889180665381
65.275179,169,161,306.911818014659,249.352174102361,0.999992652235155,-0.00383346784267907,0.0584083396619221
65.325179,169,161,307.048563798656,249.440541862862,0.999992789971023,-0.00379736829517046,-0.0218857726655195
65.375179,169,161,307.109734789505,249.320894856802,0.999992324458451,-0.0039180383080836,-0.178723644476936
65.425179,169,161,307.49961066552,250.061409380006,0.999993127208511,-0.00370749723443235,-0.0121407532085018
65.475179,169,161,307.882862741583,250.661430812159,0.999993127208511,-0.00370749723443235,0.146625792266841
65.525179,169,161,308.050468685547,250.573624221165,0.999829514414383,-0.0184646176753877,0.0823095936056465
65.575179,169,161,308.183540934851,250.861289891833,0.999576438887764,-0.0291022820489319,-0.0245392752122719
65.675179,169,161,308.844451016614,251.352985059154,0.999829514414383,-0.0184646176753876,0.17889794705798
65.725179,169,161,309.019761566812,251.595666667679,0.999829514414383,-0.0184646176753877,0.11838868641164
65.775179,169,161,309.15637555849,251.685614408019,0.999694546758085,-0.0247146349790394,0.0100514722280934
65.825179,169,161,309.263553644209,251.805353861049,0.999647336396649,-0.0265556554256441,-0.123843302955349
65.875179,169,161,309.559630057019,251.598127216774,0.999710126169653,-0.0240762047228524,-0.0553116557824657
65.925179,169,161,309.898298833038,251.643353297064,0.999829514414383,-0.0184646176753877,0.0523503667608557
65.975179,169,161,310.044190722853,251.701441258251,0.999829514414383,-0.0184646176753876,-0.0432950357330532
64.275179,170,162,362.806274970926,248.991565388223,0.995775429608029,0.0918220768058842,0.0450059587733029
64.425179,170,162,363.133887741112,249.184910992232,0.992595691096378,0.121465196731016,-0.147748022592915
64.475179,170,162,363.169644359021,250.241330565053,0.992595691096378,0.121465196731016,-0.1236724019802
64.525179,170,162,363.228158361241,250.696596358162,0.993724194003204,0.111858062975735,-0.128257767673431
64.575179,170,162,363.480923424104,250.719283411416,0.993724194003204,0.111858062975735,-0.0145393860205296
64.675179,170,162,363.7510223862,251.608355577121,0.993724194003204,0.111858062975735,0.0735296712461057
64.725179,170,162,364.001797868642,251.63583144738,0.993724194003204,0.111858062975735,0.186026997124184
64.775179,170,162,364.083254840306,252.194424569838,0.996370680886672,0.0851203046836018,0.20720550950965
64.825179,170,162,364.224649862726,252.742866648842,0.995990938231479,0.0894541835845515,0.253795853086981
64.875179,170,162,363.96085054499,252.952241524571,0.996370680886672,0.0851203046836018,-0.131449917267393
64.925179,170,162,364.16333284681,253.31809399438,0.994849446568904,0.101363596332932,-0.0296139246449478
64.975179,170,162,364.326873866394,253.380668486551,0.995305334205892,0.0967847699862852,-0.00336431286854753
65.025179,170,162,364.469273919972,253.297568683197,0.98930154469076,0.145885070080784,0.0204068817443707
65.075179,170,162,364.536074409395,253.521774116743,0.989817274450372,0.142343820377414,-0.0215019994435488
65.125179,170,162,364.676165915787,253.314033339389,0.989817274450372,0.142343820377414,-0.0500716262356908
65.175179,170,162,364.946128989774,253.452776068661,0.989817274450372,0.142343820377414,0.0993490180422017
65.225179,170,162,365.063783766996,252.852180830208,0.99603186134142,0.0889973662124149,-0.0210945668416663
65.275179,170,162,365.015177556535,252.857543281811,0.99935041283075,0.0360382071558633,-0.224626459566579
65.325179,170,162,365.208682029344,252.977715907179,0.9999261207415,0.0121553716050174,-0.178661371156967
65.375179,170,162,365.440081855063,252.603756422073,0.999450184454339,0.0331561275511478,-0.0918053269586653
65.425179,170,162,365.581179004171,252.581044346216,0.997357101535836,0.0726554334928601,-0.0888831919850538
65.475179,170,162,365.844695860082,252.803781155387,0.999569736250437,0.0293315934144711,0.0358643129442766
65.525179,170,162,366.004002287409,252.520284872499,0.999940490002154,0.0109094662679669,0.0443512504320099
65.575179,170,162,366.142744942637,252.749809164842,0.999938744424717,0.0110683060275908,0.0443020815116092
65.625179,170,162,366.289969093852,252.727367888367,0.999940490002154,0.0109094662679669,0.0500229541953963
65.675179,170,162,366.355806106703,253.322738623142,0.999896519008843,0.0143858011246411,-0.0153411246304523
65.725179,170,162,366.36431958024,253.738794020597,0.999900042919398,0.0141387471080782,-0.141984101834654
65.775179,170,162,366.809602683875,253.862629408846,0.999634207088498,0.0270453696323296,0.184440304619795
65.875179,170,162,367.081848247729,254.390134911022,0.999634207088498,0.0270453696323296,0.190844182035271
65.925179,170,162,367.092948473028,254.6387378662,0.999634207088498,0.0270453696323296,0.0689179855274909
65.975179,170,162,367.052973281373,254.837405382783,0.999634207088498,0.0270453696323296,-0.105237296349128
64.275179,171,163,401.389378787994,248.390682072805,-0.98764368338918,0.156716159541553,0.214026577387073
64.325179,171,163,401.34112416385,248.136411201639,-0.98764368338918,0.156716159541553,0.108369052343544
64.375179,171,163,401.331950480653,247.924883092342,-0.98764368338918,0.156716159541553,-0.03015078618967
64.625179,171,163,400.790450087792,247.547807215337,-0.9922442999763,0.12430305372171,-0.138732312960852
64.675179,171,163,400.66113852647,247.412096838637,-0.991926327904916,0.126815456506964,-0.149075119219233
64.725179,171,163,400.586482585565,247.198658509222,-0.991404950405412,0.130828988804633,-0.225739522729772
64.975179,171,163,399.944942111981,246.998800650389,-0.997925371536283,0.0643813081893475,-0.207389683739783
65.025179,171,163,399.538331598088,247.277163664138,-0.999618069082236,0.0276354114190903,0.0945937249654929
65.075179,171,163,399.319427328698,247.395782404961,-0.999802430282767,-0.0198771326069182,0.188897140734742
65.125179,171,163,399.225221093539,247.379919810409,-0.998515556322595,-0.054467272575177,0.152718072969359
65.325179,171,163,398.843702843822,247.630216660519,-0.999252565285545,-0.0386563160461208,-0.0178753602675293
65.375179,171,163,398.605329149234,247.687482937457,-0.999893297391149,-0.0146080057590244,0.088424288252178
65.425179,171,163,398.526269851052,247.658651272577,-0.999835914149448,-0.0181147668198835,0.0289163701521814
65.475179,171,163,398.527847823631,247.633661912499,-0.999732374714043,-0.0231339350007952,-0.112454860295288
65.625179,171,163,398.147827354621,247.622312335951,-0.998579397065282,-0.0532840290963177,-0.163339971669035
65.675179,171,163,397.82040836525,247.686996115338,-0.99973017654341,-0.0232287345432873,0.0299983400940298
65.725179,171,163,397.576466497656,247.749752651428,-0.999880788241128,-0.0154405086153246,0.13328050361828
65.775179,171,163,397.592528266301,246.908371626076,-0.98833659223358,-0.152285194461293,0.034468940905318
65.925179,171,163,397.306086736925,246.994356367354,-0.943986993433136,-0.329982660497591,-0.0840197582035608
65.975179,171,163,397.013862382623,246.853125639206,-0.975540486562002,-0.219819833223419,0.056460452830934
64.525179,172,164,340.467100545232,232.82611309228,0.801416066600047,0.598107254758968,-0.102806022019667
64.575179,172,164,340.64425562166,233.087253482327,0.801416066600047,0.598107254758968,-0.10559727299094
64.625179,172,164,340.973429397602,233.216447754072,0.801416066600047,0.598107254758968,-0.065847995313256
64.675179,172,164,341.028532614598,233.850419719712,0.801416066600047,0.598107254758968,0.0558083354326661
64.725179,172,164,341.316866250946,234.050503616838,0.801416066600047,0.598107254758968,0.104520282041293
64.775179,172,164,341.603042078284,234.130045690874,0.818612439047431,0.574346302013703,0.0777193987941047
64.825179,172,164,341.746156067211,234.283079524435,0.801416066600047,0.598107254758968,-0.0173975372885323
64.875179,172,164,342.116345031442,233.956045279389,0.825824598905068,0.563927062520751,-0.227194086784218
64.925179,172,164,342.696973218319,233.950064036099,0.849101193415521,0.528230218124955,-0.0723099232244285
64.975179,172,164,342.975223587721,234.178978523862,0.86299418836922,0.505213846644123,-0.0549941669636966
65.025179,172,164,343.461585834036,233.730408483589,0.942910690973982,0.333045685825484,-0.208952738938629
65.075179,172,164,344.342593203341,233.550698518012,0.978453203366811,0.206468711482455,0.210189623354619
65.125179,172,164,344.810643494122,233.327877096964,0.975936153916971,0.218056468552872,0.215218940190896
65.175179,172,164,344.938469694944,233.240084326573,0.978453203366811,0.206468711482455,-0.0765287493048082
65.225179,172,164,345.445215513007,233.446460844431,0.962827641235001,0.270116517958165,0.0522979653413479
65.525179,172,164,348.094949040841,233.372865886196,0.82900051596014,0.559247838205765,0.25759020772035
65.575179,172,164,348.267632706512,233.427066388811,0.837356237025197,0.54665760061944,0.105742932960891
65.625179,172,164,348.442416645327,233.669744071363,0.765731928237266,0.643159866656836,0.146711779484185
65.675179,172,164,348.781504837623,233.594625597742,0.848200663061581,0.52967502790097,-0.0376558480686384
65.725179,172,164,349.330986951484,233.337379575692,0.88332086540958,0.468768864934598,-0.0765293722545223
65.825179,172,164,350.188318025966,233.428250979167,0.831828691827471,0.555032456215489,0.0964209105986993
65.875179,172,164,350.400154988136,233.525695747043,0.869952515066814,0.493135500171022,-0.0672243890877424
65.925179,172,164,350.656557455677,233.602462019492,0.884961863604781,0.465663505081891,-0.186627765784135
65.975179,172,164,351.277684142273,233.571063761825,0.886544388789843,0.462643541730827,-0.00692459082106928
64.525179,173,165,346.686120011387,241.949388012053,0.998981418220445,0.04512345343907,-0.51267432237503
64.575179,173,165,347.17970230635,241.83858554655,0.997114367455767,0.0759140185557691,-0.290051813441456
64.625179,173,165,347.676742151906,241.898599257144,0.998981418220445,0.04512345343907,0.114727105389708
64.675179,173,165,347.598040200911,241.995830346758,0.998981418220445,0.04512345343907,-0.140089802265116
64.725179,173,165,348.061403892032,242.043668347825,0.998981418220445,0.04512345343907,0.14397057427697
64.775179,173,165,348.257541910625,242.125638326258,0.99950998107314,0.0313017209618012,0.195941932856298
64.825179,173,165,348.284058859517,242.404391051099,0.99950998107314,0.0313017209618012,0.0490316980381415
64.875179,173,165,348.609887974215,242.837697504017,0.999690486675053,0.0248783209119218,0.216571813194301
64.925179,173,165,348.719411326777,243.189402304416,0.99960427119702,0.0281300729589292,0.14746035795775
64.975179,173,165,348.833635877457,243.524353885438,0.999690486675053,0.0248783209119218,0.0907982378427983
65.025179,173,165,348.873194037042,244.546411252065,0.999986083967208,0.00527559209257814,-0.0297568909523766
65.075179,173,165,349.080948751267,245.095303432859,0.999986083967208,0.00527559209257814,-0.00375750605401935
65.175179,173,165,349.437809700894,245.520076474981,0.999986083967208,0.00527559209257814,-0.0150623334515451
65.275179,173,165,349.452655913757,245.978138709887,0.966631349034045,0.256171495417859,0.0489289029766033
65.325179,173,165,349.840574545421,245.493890754967,0.966631349034045,0.256171495417859,0.124846843164624
65.375179,173,165,349.836791650952,245.748303317206,0.966631349034045,0.256171495417859,0.0110852811105723
65.425179,173,165,350.092346849755,245.530137030207,0.966631349034045,0.256171495417859,0.0266802080960034
65.475179,173,165,350.286740147258,245.653341587858,0.966631349034045,0.256171495417859,0.0703426936971151
65.525179,173,165,350.476792931962,245.659432671494,0.966631349034045,0.256171495417859,0.0795531768484886
65.575179,173,165,350.630606403208,245.900912062669,0.966631349034045,0.256171495417859,0.113783917762908
65.625179,173,165,350.820429370644,245.626886369496,0.966631349034045,0.256171495417859,0.0505211451576527
65.675179,173,165,350.822723001843,245.649080372385,0.966631349034045,0.256171495417859,-0.118368270987625
65.725179,173,165,351.178385607745,245.326622490034,0.966631349034045,0.256171495417859,-0.0342023212662698
65.775179,173,165,351.328892191508,245.25618234575,0.953703903363869,0.300747177390777,-0.0294198097574144
65.875179,173,165,351.616299601437,245.365272213933,0.953703903363869,0.300747177390777,-0.0706973176185632
65.925179,173,165,351.786045517734,245.415737964566,0.953703903363869,0.300747177390777,-0.0680226024261255
65.975179,173,165,352.169399406753,245.566867891854,0.989507769389204,0.14447966749132,-0.079567396561759
64.675179,174,166,297.134745184561,206.140871925989,0.838825131238043,-0.54440095444762,-0.430576167788321
64.825179,174,166,298.610108985846,206.619855837028,0.999626841938814,-0.027316238310459,-0.519637992436337
64.975179,174,166,299.773366353417,206.598963288334,0.999580438274777,-0.0289645890425791,0.0434903473693809
65.025179,174,166,300.359260711745,206.762697670372,0.999329931973386,-0.0366017357794358,0.42535257823342
65.075179,174,166,300.324038483043,206.690376114331,0.999329931973386,-0.0366017357794358,0.186555097518731
65.125179,174,166,300.438628955724,206.517906855079,0.999329931973386,-0.0366017357794358,0.0992752600347908
65.225179,174,166,300.851583912353,206.365351439,0.999383255168745,-0.0351156558862632,0.0942185490352333
65.275179,174,166,301.149225028447,206.636379926616,0.999250101114203,-0.0387199615606237,0.171191906350441
65.325179,174,166,301.264139421553,206.660970945308,0.999295274555272,-0.0375360393689043,0.0687003603618779
65.375179,174,166,301.252587930339,206.924746568338,0.999282599911222,-0.0378719621180087,-0.169960495796196
65.425179,174,166,301.52328120524,207.296052870925,0.999264715233847,-0.03834095576036,-0.132707113105491
65.475179,174,166,302.221933438759,207.234162415947,0.999160473661618,-0.0409676442121217,0.346939688150753
65.525179,174,166,302.315555867138,207.326289967448,0.99789882886716,-0.0647914141345138,0.212837621555565
65.575179,174,166,302.388646636998,207.563923385533,0.998515316490698,-0.054471669090283,0.0484722185380084
65.675179,174,166,302.992983625936,207.586590317305,0.998850912562797,-0.0479255096213729,0.197874390110287
65.725179,174,166,303.230183975233,207.571881310303,0.998422403802408,-0.0561489410890398,0.202251227527771
65.775179,174,166,303.297253297371,207.796954140856,0.99940429851037,-0.0345115650035514,0.0374768270800769
65.825179,174,166,303.316296733157,207.537724200352,0.999839096182181,-0.0179382759929588,-0.162334855680687
65.875179,174,166,303.456068892283,207.169820229976,0.99986463917924,-0.0164530641209467,-0.251226968288695
65.925179,174,166,303.594646096524,206.925118903527,0.999998386511356,-0.00179637821345083,-0.34875146571423
65.975179,174,166,304.021863141681,206.751971192644,0.999545935774977,0.0301317486337345,-0.171106108762139
64.775179,175,167,342.920577224787,225.570379497058,0.922816850957956,-0.385238964265093,0.244972047133376
64.825179,175,167,343.049791257531,225.389087997041,0.930254323367993,-0.366915376967438,0.067050976976921
64.875179,175,167,343.322231599108,225.159387082352,0.905696229648481,-0.423927281028864,0.163014669552701
64.925179,175,167,343.543054766799,225.077195620778,0.908774338573106,-0.417287912059544,0.0492255520718278
64.975179,175,167,343.9343644164,224.725336090922,0.873322396644226,-0.487142680864226,0.365466487158821
65.025179,175,167,344.296590642781,224.644854705269,0.950477259217602,-0.310794111447105,0.0124288972789551
65.075179,175,167,344.480243772968,224.9717856615,0.937863587545937,-0.347004165905057,-0.198402009234718
65.125179,175,167,344.791421107707,224.744218109104,0.949899181943158,-0.312556465528581,-0.241566066559723
65.175179,175,167,345.265687713839,224.669685095215,0.947935823318313,-0.318461418180965,-0.105482995308433
65.225179,175,167,345.616004961952,224.557244977694,0.949899181943158,-0.312556465528581,-0.0987343082687081
65.275179,175,167,346.142917557445,224.994539682404,0.969428720489101,-0.245373095287287,-0.181405242573618
65.375179,175,167,347.030706341818,225.230742027161,0.969428720489101,-0.245373095287287,-0.0875638406392024
65.425179,175,167,347.53748670888,225.714667756485,0.969428720489101,-0.245373095287287,-0.0701651200061843
65.475179,175,167,347.554412312826,226.023789676137,0.969428720489101,-0.245373095287287,-0.485216556497895
65.525179,175,167,348.309375075217,226.381204448926,0.998704558425441,-0.0508842311550962,-0.129680809124087
65.575179,175,167,348.877400394984,226.513497071032,0.998704558425441,-0.0508842311550962,0.0743329498949015
65.625179,175,167,349.185673724477,226.888438566119,0.998704558425441,-0.0508842311550962,0.00621204253080981
65.675179,175,167,349.783665772131,227.119879520724,0.998704558425441,-0.0508842311550962,0.234378158338693
65.725179,175,167,350.162072539818,227.387434270008,0.998704558425441,-0.0508842311550962,0.241061439347271
65.775179,175,167,350.682133472145,227.792519212626,0.980847739734703,-0.194776054630248,0.0792109434206494
65.825179,175,167,351.066775039491,228.027515300695,0.976450768288885,-0.215740346500245,-0.00022068222412619
65.875179,175,167,351.361745772523,228.122403624319,0.987155494851629,-0.15976241417879,0.051466078675489
65.925179,175,167,351.719512280483,228.396703455796,0.999991474250156,-0.00412933735607834,0.443547216132444
65.975179,175,167,351.90824381239,228.012133125206,0.973182529485918,-0.230034267671995,-0.291729540521864
