time_s,tx_model,ty_model,tz_model,tx_m,ty_m,tz_m,R11,R21,R31,R12,R22,R32,R13,R23,R33,angle_rad,rate_deg_s
60,0.109140177604759,0.0259064674455307,1.0000035571943,0.20927336865507,0.0496749577585688,1.91748004881365,0.999999999999187,1.37164546214128e-07,-1.26791507127988e-06,-1.37164254343449e-07,0.999999999999964,2.30210624346321e-07,1.26791510285476e-06,-2.30210450443479e-07,0.99999999999917,-1.29592423862098e-06,6.04470366916075
60.05,0.109140717800102,0.0259070520175065,1.0000034868952,0.209274404465178,0.0496760786596822,1.917479914017,0.999986532873532,-0.000555764878497934,0.00515996094680932,0.000560598658319795,0.999999405389932,-0.000935387046910396,-0.00515943802337611,0.000938267117118512,0.999986249832516,0.00527370538415701,6.04470949669544
60.1,0.109141257983032,0.0259076377644205,1.00000341635059,0.209275440251483,0.0496772018137082,1.91747977874961,0.999946118572695,-0.00110681589284835,0.0103215749757676,0.00112615565004849,0.99999762098921,-0.0018680977950146,-0.0103194827803004,0.00187962083921541,0.999944986137061,0.0105487123801526,6.04471670417796
60.15,0.10914179802158,0.0259082246996356,1.00000334552714,0.209276475760942,0.0496783272462696,1.91747964294754,0.999878758115615,-0.00165300065357448,0.0154834317260283,0.00169651822027209,0.999994646842789,-0.00279787628289516,-0.0154787239494598,0.00282380498713788,0.999876209953158,0.0158237262679783,6.04472529160833
60.2,0.109142337783781,0.0259088128365144,1.0000032743915,0.209277510740511,0.0496794549829893,1.91747950654686,0.999784453246428,-0.00219430406660889,0.0206453887443427,0.00227167064889712,0.999990483027676,-0.00372469683850365,-0.0206370191453298,0.00377079351583767,0.999779923061599,0.0210987482518673,6.04473525898655
60.25,0.109142877137666,0.0259094021884199,1.00000320291033,0.209278544937146,0.0496805850494899,1.91747936948362,0.999663206434431,-0.00273071116913676,0.0258073035736511,0.00285159708679905,0.999985129652897,-0.00464853386919728,-0.0257942260067324,0.00472056030458958,0.99965612798358,0.0263737795360498,6.0447466063126
60.3,0.109143415951268,0.0259099927687148,1.00000313105028,0.209279578097803,0.0496817174713943,1.9174792316939,0.999515020874031,-0.00326220712998328,0.0309690337567568,0.00343628155622964,0.999978586859495,-0.00556936186239982,-0.0309502022005087,0.00567307915766419,0.999504827980645,0.0316488213247582,6.0447593335865
60.35,0.109143954092621,0.0259105845907619,1.00000305877801,0.20928060996944,0.0496828522743254,1.91747909311375,0.999339900484665,-0.00378877724999732,0.0361304368399932,0.00402570795122633,0.999970854820522,-0.00648715538625945,-0.0361048054251822,0.00662832380500112,0.999326027054607,0.0369238748222248,6.04477344080825
60.4,0.109144491429757,0.025911177667924,1.00000298606017,0.209281640299012,0.0496839894839058,1.91747895367924,0.99913784991072,-0.00431040696243176,0.0412913703768899,0.00461986003802479,0.999961933741042,-0.00740188909030457,-0.0412578934146224,0.007586267902884,0.999119729947464,0.0421989412326799,6.04478892797783
60.45,0.109145027830708,0.0259117720135639,1.00000291286342,0.209282668833477,0.0496851291257585,1.91747881332643,0.998908874521417,-0.0048270818333215,0.0464516919318473,0.00521872145547545,0.999951823858119,-0.00831353770609907,-0.0464093239417145,0.00854688503461865,0.998885942141283,0.0474740217603567,6.04480579509526
60.5,0.109145563163509,0.0259123676410444,1.00000283915442,0.20928369531979,0.0496862712255062,1.9174786719914,0.99865298041069,-0.00533878756185711,0.051611259083799,0.00582227571546173,0.999940525440818,-0.00922207604789358,-0.0515589548220172,0.00951014871121097,0.998624669858076,0.0527491176094853,6.04482404216054
60.55,0.109146097296191,0.0259129645637283,1.00000276489982,0.209284719504907,0.0496874158087717,1.91747852961019,0.998370174397047,-0.00584550998075643,0.0567699294298855,0.00643050620332277,0.999928038790194,-0.0101274790132768,-0.0567066439174311,0.0104760323720487,0.998335920059657,0.0580242299842981,6.04484366917365
60.6,0.109146630096787,0.0259135627949783,1.00000269006628,0.209285741135786,0.0496885629011778,1.91747838611889,0.998060464023406,-0.00634723505663218,0.0619275605891198,0.0070433961782782,0.999914364239288,-0.0110297215838234,-0.061852249139858,0.0114445093855833,0.998019700447473,0.0632993600890276,6.04486467613461
60.65,0.10914716143333,0.0259141623481574,1.00000261462046,0.209286759959383,0.0496897125283474,1.91747824145354,0.99772385755692,-0.00684394889035641,0.0670840102060534,0.00766092877385605,0.999899502153116,-0.0119287788257402,-0.0669956284548596,0.012415553050014,0.997676019462431,0.0685745091279038,6.04488706304342
60.7,0.109147691173853,0.0259147632366282,1.000002538529,0.209287775722654,0.0496908647159032,1.91747809555022,0.997360363988781,-0.00733563771742249,0.0722391359544481,0.00828308699832454,0.999883452928663,-0.0128246258905113,-0.0721366398853224,0.0133891365939747,0.997304886284692,0.0738496783051601,6.04491082990007
60.75,0.109148219186389,0.0259153654737536,1.00000246175858,0.209288788172556,0.049692019489468,1.91747794834498,0.996969993034012,-0.00782228790830263,0.0773927955409369,0.00890985373512564,0.999866216994876,-0.0137172380155392,-0.0772751415151102,0.0143652331772202,0.996906310833462,0.0791248688250265,6.04493597670457
60.8,0.109148745338971,0.0259159690728963,1.00000238427584,0.209289797056044,0.0496931768746647,1.9174777997739,0.996552755131235,-0.00830388596880342,0.0825448467086953,0.0095412117433129,0.999847794812646,-0.0146065905247865,-0.082410991492726,0.0153438158913168,0.996480303766752,0.0844000818917355,6.0449625034569
60.85,0.10914926949963,0.0259165740474192,1.00000230604744,0.209290802120077,0.049694336897116,1.91747764977303,0.996108661442423,-0.00878041854041738,0.0876951472411039,0.0101771436579914,0.999828186874805,-0.0154926588294134,-0.0875440480349658,0.0163248577603326,0.99602687648113,0.0896753187095194,6.04499041015707
60.9,0.109149791536401,0.0259171804106851,1.00000222704003,0.209291803111609,0.0496954995824447,1.91747749827845,0.99563772385264,-0.00925187240067115,0.0928435549654111,0.0108176319907608,0.999807393706111,-0.0163754184284135,-0.0926741694305705,0.01730833174153,0.995546041111449,0.0949505804826086,6.04501969680509
60.95,0.109150311317316,0.0259177881760567,1.00000214722028,0.209292799777597,0.0496966649562737,1.9174773452262,0.995139954969756,-0.00971823446347122,0.0979899277564014,0.0114626591301621,0.999785415863236,-0.0172548449092488,-0.0978012140438833,0.0182942107260608,0.995037810530561,0.100225868415236,6.04505036340096
61,0.109150828710407,0.0259183973568969,1.00000206655483,0.209293791864998,0.0496978330442258,1.91747719055237,0.99461536812415,-0.0101794917794453,0.103134123540052,0.0121122073421265,0.999762253934751,-0.0181309139484806,-0.102925040318495,0.0192824675396609,0.994502198349012,0.105501183711632,6.04508223666614
61.05,0.109151343573303,0.0259190079547052,1.00000198502233,0.209294779100816,0.0496990038491762,1.91747703421599,0.994063977400769,-0.0106356315102788,0.108276000002494,0.0127662587328033,0.999737908542546,-0.0190036012624683,-0.10804550648745,0.0202730748864923,0.993939218947777,0.110776527273601,6.04511445020804
61.1,0.109151855722006,0.0259196199235283,1.00000190264938,0.209295761132245,0.049700177283011,1.91747687626805,0.993485797748218,-0.011086640853398,0.113415413710724,0.0134247951340903,0.999712380346641,-0.0198728824597685,-0.113162469698193,0.0212660051782143,0.993348887589635,0.116051898793234,6.04514613763402
61.15,0.109152364962117,0.0259202332055498,1.00000181947453,0.209296737586524,0.0497013532348683,1.91747671678252,0.992880844902731,-0.0115325071244551,0.118552221002658,0.0140877982134043,0.999685670041835,-0.020738733194343,-0.118275786899673,0.0222612307034479,0.992731220341554,0.121327297660195,6.04517712566557
61.2,0.109152871099234,0.0259208477429531,1.00000173553638,0.209297708090896,0.0497025315938867,1.91747655583335,0.992249135358446,-0.0119732177842894,0.123686278286263,0.0147552495113146,0.999657778356387,-0.0216011292165856,-0.123385315140319,0.0232587236851629,0.99208623404433,0.126602723264146,6.0452074143027
61.25,0.109153373938957,0.0259214634779216,1.00000165087349,0.209298672272601,0.0497037122492044,1.91747639349453,0.991590686366949,-0.012408760439294,0.128817442043701,0.015427130442071,0.999628706052002,-0.0224600463740256,-0.128490911572162,0.0242584562814756,0.991413946312132,0.131878174994751,6.04523700354539
61.3,0.109153873286882,0.025922080352639,1.00000156552444,0.20929962975888,0.0497048950899599,1.91747622984001,0.99090551593681,-0.0128391228417791,0.133945568835472,0.0161034222941362,0.999598453923807,-0.0233154606120281,-0.133592433454972,0.025260400586452,0.990714375532015,0.137153652241673,6.04526589339365
61.35,0.109154368948611,0.0259226983092886,1.0000014795278,0.209300580176974,0.0497060800052916,1.91747606494376,0.990193642833079,-0.0132642928903301,0.139070515304565,0.0167841062307222,0.99956702280033,-0.0241673479744923,-0.138689738160375,0.0262645286309102,0.989987540863421,0.142429154394575,6.04529408384748
61.4,0.109154860729741,0.025923317290054,1.00000139292215,0.209301523154125,0.0497072668843379,1.91747589887974,0.989455086576775,-0.0136842586301617,0.144192138180589,0.0174691632903293,0.999534413543477,-0.0250156846045451,-0.143782683175975,0.0272708123832258,0.989233462237644,0.147704680843121,6.04532157490688
61.45,0.109155348435871,0.0259239372371186,1.00000130574606,0.209302458317573,0.0497084556162371,1.91747573172193,0.988689867444345,-0.014099008253468,0.149310294283922,0.01815857438729,0.999500627048507,-0.0258604467452344,-0.148871126109477,0.0282792237501401,0.988452160357286,0.152980230976973,6.04534836657184
61.5,0.109155831872601,0.0259245580926659,1.00000121803812,0.20930338529456,0.0497096460901276,1.91747556354429,0.987898006467104,-0.0145085300997673,0.154424840529839,0.0188523203123157,0.99946566424401,-0.026701610740217,-0.153954924692795,0.0292897345775678,0.987643656695679,0.158255804185795,6.04537445884237
61.55,0.109156310845529,0.0259251797988795,1.00000112983688,0.209304303712326,0.0497108381951478,1.91747539442078,0.987079525430644,-0.014912812656244,0.159535633932653,0.0195503817330485,0.999429526091879,-0.027539153034445,-0.159033936786165,0.0303023166514091,0.986807973496289,0.16353139985925,6.04539985171849
61.6,0.109156785160253,0.0259258022979428,1.00000104118093,0.209305213198112,0.0497120318204361,1.91747522442538,0.986234446874237,-0.0153118445580846,0.16464253160984,0.0202527391946144,0.999392213587283,-0.0283730501748489,-0.164108020382256,0.0313169416983622,0.985945133772097,0.168807017387003,6.04542454520016
61.65,0.109157254622374,0.0259264255320393,1.00000095210885,0.20930611337916,0.0497132268551309,1.91747505363204,0.985362794090197,-0.0157056145888105,0.169745390786166,0.0209593731201823,0.999353727758643,-0.0292032788110171,-0.169177033610267,0.0323335813867372,0.985055161304958,0.174082656158714,6.04544853928741
61.7,0.109157719037489,0.0259270494433525,1.0000008626592,0.20930700388271,0.0497144231883706,1.91747488211474,0.984464591123233,-0.0160941116806058,0.174844068797821,0.0216702638115256,0.999314069667595,-0.0300298156958735,-0.174240834740034,0.0333522073272735,0.984138080644934,0.179358315564048,6.0454718339802
61.75,0.109158178211198,0.0259276739740659,1.00000077287057,0.209307884336003,0.0497156207092935,1.91747470994744,0.983539862769777,-0.0164773249146405,0.17993842309653,0.0223853914495873,0.99927324040897,-0.030852637686351,-0.179299282186118,0.0343727910739566,0.983193917109605,0.184633994992668,6.04549442927858
61.8,0.109158631949099,0.0259282990663629,1.00000068278152,0.209308754366281,0.0497168193070381,1.9174745372041,0.982588634577282,-0.0168552435213904,0.185028311253676,0.0231047360950496,0.999231241110757,-0.0316717217440626,-0.1843522345119,0.035395304124839,0.982222696783362,0.189909693834237,6.04551632518255
61.85,0.109159080056791,0.025928924662427,1.00000059243064,0.209309613600785,0.0497180188707426,1.9174743639587,0.981610932843509,-0.0172278568809512,0.190113590964418,0.023828277688906,0.999188072934074,-0.0324870449359692,-0.189399550433672,0.036419717922861,0.981224446516668,0.195185411478419,6.04553752169206
61.9,0.109159522339874,0.0259295507044419,1.0000005018565,0.209310461666754,0.0497192192895456,1.9174741902852,0.980606784615783,-0.0175951545233489,0.195194120051797,0.0245559960530375,0.999143737073133,-0.0332985844350439,-0.194441088824711,0.0374460038566736,0.98019919392531,0.200461147314876,6.04555801880714
61.95,0.109159958603945,0.0259301771345908,1.00000041109766,0.209311298191431,0.0497204204525854,1.91747401625757,0.979576217690232,-0.017957126128846,0.200269756470847,0.0252878708907926,0.999098234755208,-0.0341063175209343,-0.199476708719365,0.0384741332614642,0.979146967389609,0.205736900733273,6.0455778165278
62,0.109160388654604,0.0259308038950573,1.00000032019272,0.209312122802057,0.0497216222490004,1.91747384194977,0.978519260611001,-0.0183137615282422,0.205340358312698,0.0260238817875701,0.9990515672406,-0.0349102215806201,-0.204506269317121,0.0395040774197815,0.97806779605363,0.211012671123271,6.04559681892923
62.05,0.109160812295846,0.0259314309144175,1.00000022919152,0.209312935122797,0.049722824541837,1.91747366745742,0.97743594270424,-0.0186650506921096,0.210405783648014,0.0267640081878544,0.999003735824138,-0.0357102740837417,-0.209529629827369,0.0405358075295962,0.976961709859874,0.216288457707114,6.04561454638745
62.1,0.109161229325251,0.0259320580668174,1.00000013818913,0.209313734765515,0.0497240270897735,1.91747349296276,0.976326294188341,-0.0190109836992573,0.215465890050484,0.027508229324113,0.998954741840047,-0.0365064525082573,-0.214546648997165,0.0415692946063823,0.97582873966184,0.221564259037364,6.04563051927849
62.15,0.109161639538793,0.0259326852127954,1.00000004729186,0.209314521339001,0.0497252296253965,1.91747331866969,0.975190346080364,-0.0193515507725983,0.220520535085408,0.0282565242862501,0.998904586657812,-0.0372987344188191,-0.219557185596189,0.0426045095815055,0.974668917128478,0.226840073499161,6.04564464167751
62.2,0.109162042732449,0.0259333122128903,0.999999956606057,0.209315294452042,0.0497264318812924,1.91747314478209,0.974028130161978,-0.0196867422908534,0.225569576475051,0.0290088720455353,0.998853271680682,-0.0380870974930334,-0.224561098580778,0.0436414233357666,0.973482274709418,0.232115899477647,6.04565691358456
62.25,0.109162438702195,0.0259339389276406,0.999999866238049,0.209316053713429,0.0497276335900476,1.91747297150385,0.972839678978502,-0.0200165487888471,0.230612872102989,0.0297652514552435,0.998800798345619,-0.0388715195221438,-0.22955824709823,0.0446800067002903,0.972268845633989,0.237391735357962,6.04566733499962
62.3,0.109162827244006,0.0259345652175847,0.99999977629417,0.209316798731949,0.0497288344842485,1.91747279903887,0.971625025837918,-0.0203409609577994,0.235650280018458,0.0305256412513003,0.998747168123261,-0.039651978411712,-0.234548490491116,0.0457202304574161,0.971028663910216,0.242667579525249,6.04567590592268
62.35,0.109163208153858,0.0259351909432614,0.999999686880754,0.209317529116392,0.0497300342964816,1.91747262759104,0.970384204809869,-0.0206599696456117,0.240681658440689,0.0312900200529302,0.998692382517876,-0.0404284521822939,-0.23953168830158,0.0467620653415908,0.969761764323787,0.247943430364647,6.0456826263538
62.4,0.109163581227726,0.0259358159652092,0.999999598104135,0.209318244475547,0.0497312327593334,1.91747245736425,0.969117250724616,-0.0209735658571482,0.245706865763245,0.0320583663633087,0.998636443067313,-0.0412009189701124,-0.24450770027563,0.0478054820402614,0.968468182436997,0.253219286261298,6.04568749629286
62.45,0.109163946261587,0.0259364401439666,0.999999510070645,0.209318944418203,0.0497324296053902,1.91747228856239,0.967824199171985,-0.0212817407545116,0.250725760558351,0.0328306585702189,0.998579351342959,-0.0419693570277265,-0.249476386367431,0.0488504511947722,0.967147954587671,0.258495145600344,6.04569051573996
62.5,0.109164303051416,0.0259370633400722,0.999999422886618,0.209319628553147,0.0497336245672384,1.91747212138935,0.966505086500281,-0.0215844856573143,0.255738201581213,0.0336068749467106,0.998521108949691,-0.0427337447246962,-0.254437606743579,0.04989694340126,0.965801117888052,0.263771006766925,6.04569168469508
62.55,0.109164651393189,0.0259376854140646,0.999999336658388,0.20932029648917,0.0497348173774646,1.91747195604903,0.965159949815181,-0.0218817920429441,0.260744047774338,0.0343869936517648,0.998461717525824,-0.0434940605482445,-0.259391221787381,0.0509449292115537,0.964427710223674,0.269046868146182,6.04569100315822
62.6,0.109164991082881,0.0259383062264823,0.999999251492288,0.209320947835061,0.0497360077686552,1.91747179274531,0.963788826978599,-0.0221736515468246,0.265743158271846,0.0351709927309605,0.998401178743065,-0.0442502831039144,-0.264337092103121,0.0519943791340741,0.963027770252202,0.274322728123257,6.04568847112939
62.65,0.109165321916468,0.0259389256378639,0.999999167494652,0.209321582199607,0.0497371954733965,1.91747163168209,0.962391756607532,-0.0224600559626712,0.270735392403769,0.0359588501171452,0.998339494306459,-0.0450023911162226,-0.269275078520315,0.0530452636347342,0.961601337402252,0.279598585083289,6.04568408860845
62.7,0.109165643689926,0.0259395435087479,0.999999084771813,0.209322199191598,0.0497383802242751,1.91747147306326,0.960968778072872,-0.022740997242741,0.275720609700356,0.0367505436311109,0.998276665954336,-0.0457503634293099,-0.274205042097968,0.0540975531378432,0.960148451872183,0.284874437411422,6.04567785559564
62.75,0.10916595619923,0.0259401596996731,0.999999003430104,0.209322798419823,0.0497395617538773,1.91747131709272,0.959519931498207,-0.023016467498078,0.28069866989636,0.0375460509822709,0.998212695458261,-0.0464941790075865,-0.279126844128817,0.0551512180270092,0.958669154628866,0.290150283492795,6.04566977209083
62.8,0.109166259240357,0.0259407740711778,0.99999892357586,0.209323379493071,0.0497407397947897,1.91747116397434,0.958045257758582,-0.0232864589987537,0.285669432935326,0.0383453497693429,0.998147584622979,-0.0472338169363745,-0.284040346143568,0.0562062286460455,0.957163487406425,0.29542612171255,6.04565983809401
62.85,0.109166552609282,0.0259413864838007,0.999998845315412,0.20932394202013,0.0497419140795985,1.91747101391203,0.956544798479249,-0.023550964174101,0.290632758973868,0.0391484174810341,0.998081335286358,-0.0479692564225459,-0.28894540991513,0.0572625552998773,0.955631492704958,0.300701950455829,6.04564805360519
62.9,0.10916683610198,0.0259419967980803,0.999998768755096,0.20932448560979,0.0497430843408904,1.91747086710967,0.955018596034385,-0.0238099756129446,0.295588508385937,0.0399552314967299,0.998013949319331,-0.048700476795156,-0.293841897462827,0.0583201682554482,0.954073213789226,0.305977768107771,6.04563441862436
62.95,0.109167109514428,0.0259426048745552,0.999998694001244,0.209325009870839,0.0497442503112516,1.91747072377116,0.953466693545786,-0.0240634860638251,0.300536541767092,0.0407657690871874,0.997945428625842,-0.049427457506075,-0.298729671056621,0.0593790377426312,0.952488694687324,0.311253573053519,6.04561893315159
63,0.109167372642601,0.025943210573764,0.999998621160189,0.209325514412066,0.0497454117232687,1.91747058410039,0.95188913488154,-0.0243114884352183,0.305476719938751,0.0415800074152306,0.997875775142787,-0.0501501781306124,-0.303608593221311,0.0604391339551373,0.950877980189325,0.316529363678212,6.04560175614512
63.05,0.109167625310325,0.0259438137440056,0.999998550325157,0.209325998895663,0.0497465682860588,1.91747044827611,0.950285964569697,-0.0245539758083558,0.310408904211596,0.0423979235795588,0.997804990836199,-0.0508686184058079,-0.308478526996586,0.0615004271072688,0.949241115759131,0.321805138644427,6.0455836823963
63.1,0.109167867452829,0.0259444141846199,0.999998481536937,0.20932646319743,0.0497477196148618,1.91747031637654,0.948657227531207,-0.024790941472929,0.315332957163837,0.0432194947463062,0.997733077689459,-0.0515827583422388,-0.313339336704919,0.0625628876028401,0.947578147261806,0.327080897724479,6.04556550669645
63.15,0.10916809903319,0.0259450116827075,0.99999841482321,0.209326907246573,0.0497488653014486,1.91747018845475,0.947002969314711,-0.025022378885397,0.320248741861755,0.0440446980230768,0.997660037713664,-0.0522925781084313,-0.318190887181228,0.0636264858693772,0.945889121203292,0.332356640968113,6.04554738800398
63.2,0.109168320014487,0.0259456060253687,0.999998350211654,0.209327330972294,0.0497500049375896,1.91747006456383,0.945323236177542,-0.025248281655979,0.325156121603514,0.0448735104168619,0.9975858729512,-0.0529980579932921,-0.323033043519833,0.0646911923032256,0.944174084813124,0.337632368425081,6.04552932631881
63.25,0.109168530359798,0.0259461969997039,0.999998287729953,0.209327734303797,0.0497511381150558,1.91746994475684,0.943618075084432,-0.0254686435488273,0.330054959922942,0.0457059088346793,0.997510585475686,-0.0536991784066516,-0.327865671078184,0.0657569772703717,0.942433086043097,0.342908080145128,6.04551132164095
63.3,0.109168730032202,0.0259467843928135,0.999998227405785,0.209328117170286,0.0497522644256177,1.91746982908686,0.941887533706186,-0.0256834584821986,0.334945120593315,0.0465418700842173,0.997434177391919,-0.0543959198798058,-0.332688635480597,0.0668238111072662,0.940666173565925,0.348183776178003,6.04549337397046
63.35,0.109168918994778,0.0259473679917978,0.999998169266831,0.209328479500965,0.0497533834610461,1.91746971760697,0.940131660418354,-0.0258927205286183,0.339826467631136,0.0473813708744793,0.997356650835808,-0.0550882630660537,-0.337501802621977,0.0678916641216473,0.938873396773873,0.353459456573457,6.04547548330719
63.4,0.109169097210603,0.0259479475837573,0.999998113340772,0.209328821225038,0.0497544948131116,1.91746961037025,0.938350504299866,-0.0260964239150421,0.344698865299894,0.0482243878164327,0.997278007974323,-0.0557761887412315,-0.342305038671531,0.0689605065933655,0.937054805777372,0.358735121381235,6.04545764965131
63.45,0.109169264642755,0.0259485229557924,0.999998059655288,0.209329142271709,0.049755598073585,1.91746950742977,0.936544115131658,-0.0262945630230135,0.349562178113834,0.0490708974236596,0.997198251005425,-0.0564596778042438,-0.347098210076479,0.070030308775209,0.935210451403615,0.364010770651087,6.04543987300269
63.5,0.109169421254314,0.0259490938950034,0.999998008238061,0.209329442570181,0.0497566928342369,1.91746940883861,0.934712543395281,-0.0264871323888157,0.354416270841707,0.0499208761130108,0.997117382158011,-0.0571387112775904,-0.351881183565752,0.0711010408937293,0.93334038519513,0.36928640443276,6.0454221533614
63.55,0.109169567008358,0.0259496601884907,0.999997959116769,0.209329722049658,0.0497577786868381,1.91746931464985,0.932855840271478,-0.0266741267036206,0.359261008510518,0.0507743002052621,0.997035403691851,-0.0578132703078911,-0.356653826153683,0.0721726731500681,0.931444659408337,0.374562022776003,6.04540449072745
63.6,0.109169701867965,0.0259502216233548,0.999997912319095,0.209329980639344,0.0497588552231592,1.91746922491657,0.930974057638753,-0.0268555408136327,0.364096256409268,0.0516311459257734,0.99695231789752,-0.0584833361664061,-0.361416005143695,0.073245175720785,0.929523327012079,0.379837625730565,6.04538688510078
63.65,0.109169825796214,0.025950777986696,0.999997867872717,0.209330218268442,0.0497599220349709,1.91746913969183,0.92906724807192,-0.027031369720229,0.36892188009268,0.0524913894051495,0.996868127096339,-0.0591488902495523,-0.366167588131973,0.0743185187586843,0.927576441686144,0.385113213346193,6.04536933648145
63.7,0.109169938756182,0.0259513290656147,0.999997825805318,0.209330434866158,0.049760978714044,1.91746905902871,0.927135464840626,-0.0272016085800944,0.373737745384932,0.053355006679906,0.996782833640307,-0.0598099140794185,-0.370908443011134,0.0753926723936456,0.925604057819757,0.390388785672637,6.04535184486939
63.75,0.109170040710949,0.0259518746472113,0.999997786144577,0.209330630361693,0.0497620248521492,1.91746898298031,0.925178761907859,-0.027366252705353,0.378543718383369,0.0542219736931343,0.996696439912035,-0.0604663893042737,-0.375638437973887,0.0764676067334509,0.923606230510057,0.395664342759642,6.04533441026471
63.8,0.109170131623592,0.0259524145185861,0.999997748918175,0.209330804684253,0.049763060041057,1.91746891159968,0.923197193928441,-0.027525297563695,0.383339665462215,0.0550922662951724,0.996608948324682,-0.0611182976990755,-0.38035744151668,0.0775432918646163,0.921583015560554,0.400939884656959,6.0453170326673
63.85,0.109170211457191,0.0259529484668397,0.999997714153792,0.209330957763041,0.0497640838725383,1.9174688449399,0.92119081624749,-0.0276787387784993,0.388125453276276,0.0559658602442763,0.996520361321885,-0.061765621165972,-0.38506532244335,0.0786196978532214,0.919534469479566,0.406215411414337,6.04529971207723
63.9,0.109170280174823,0.0259534762790723,0.999997681879109,0.209331089527261,0.0497650959383637,1.91746878305406,0.919159684898879,-0.027826572128952,0.39290094876463,0.0568427312072939,0.99643068137769,-0.0624083417348016,-0.389761949868749,0.0796967947457404,0.917460649478639,0.411490923081521,6.04528244849447
63.95,0.109170337739567,0.0259539977423843,0.999997652121807,0.209331199906116,0.049766095830304,1.91746872599523,0.917103856603659,-0.0279687935501601,0.397666019154319,0.0577228547603432,0.996339910996486,-0.0630464415635897,-0.394447193222377,0.080774552569874,0.915361613470942,0.416766419708263,6.04526524191898
64,0.109170384114501,0.0259545126438762,0.999997624909565,0.209331288828811,0.0497670831401297,1.91746867381649,0.915023388768481,-0.0281053991332611,0.402420531964022,0.0586062063894908,0.996248052712931,-0.0636799029390402,-0.399120922251989,0.0818529413353806,0.913237420069649,0.422041901344308,6.04524814531372
64.05,0.109170419319454,0.0259550207849566,0.999997600253989,0.209331356333366,0.0497680574870475,1.91746862654008,0.912918339446878,-0.0282363851277746,0.407164355090755,0.0594927615069966,0.996155109090246,-0.0643087082880023,-0.403783007108801,0.0829319310538211,0.911088128548418,0.427317368131843,6.04523142349307
64.1,0.109170443601258,0.0259555220242674,0.999997578102377,0.209331402893075,0.0497690186000067,1.91746858406496,0.910788767222916,-0.0283617479476523,0.411897357061094,0.0603824954991293,0.996061082715076,-0.0649328402102311,-0.408433318594184,0.0840114917962037,0.908913798722584,0.432592820582806,6.04521534127133
64.15,0.109170457263494,0.0259560162347588,0.999997558385952,0.209331429090046,0.0497699662353928,1.91746854625924,0.90863473131486,-0.028481484163256,0.416619406783013,0.0612753836809323,0.995965976202068,-0.0655522814447812,-0.413071727915536,0.0850915936372064,0.906714491055015,0.437868259301571,6.04519995161153
64.2,0.109170460609743,0.0259565032893808,0.999997541035936,0.209331435506389,0.0497709001495911,1.91746851299105,0.90645629160982,-0.0285955904990029,0.421330373465984,0.0621714012814355,0.9958697921954,-0.0661670148593263,-0.417698106607721,0.0861722066370876,0.904490266691477,0.44314368489251,6.04518525451363
64.25,0.109170453943587,0.0259569830610836,0.999997525983554,0.209331422724214,0.0497718200989868,1.91746848412851,0.904253508662128,-0.0287040638334513,0.426030126624486,0.0630705234443224,0.995772533368708,-0.0667770234506168,-0.422312326536522,0.0872533008424907,0.902241187458985,0.448419097959998,6.04517124997751
64.3,0.109170437568608,0.0259574554228174,0.999997513160027,0.20933139132563,0.0497727258399653,1.91746845953974,0.902026443691707,-0.0288069011993815,0.43071853608149,0.0639727252285965,0.995674202425019,-0.0673822903449322,-0.426914259902055,0.0883348462872457,0.899967315864132,0.45369449910841,6.04515793800329
64.35,0.109170411788388,0.0259579202475323,0.999997502496579,0.209331341892748,0.0497736171289119,1.91746843909286,0.899775158582418,-0.0289040997838724,0.43539547197194,0.0648779816092514,0.995574802096672,-0.0679827987985318,-0.431503779242192,0.0894168129931724,0.897668715091403,0.458969888942121,6.04514531859096
64.4,0.109170376906508,0.0259583774081785,0.999997493924432,0.209331275007676,0.0497744937222119,1.917468422656,0.897499715880394,-0.0289956569283744,0.440060804746235,0.0657862674779425,0.995474335145249,-0.0685785321981007,-0.436080757435974,0.0904991709708843,0.895345449001473,0.464245268065505,6.04513339174048
64.45,0.109170333226549,0.0259588267777061,0.999997487374809,0.209331191252525,0.0497753553762505,1.91746841009727,0.895200178792352,-0.0290815701287787,0.444714405173686,0.0666975576436605,0.995372804361496,-0.069169474061193,-0.440645067707005,0.091581890220591,0.892997582129489,0.469520637082935,6.04512215745187
64.5,0.109170281052094,0.0259592682290653,0.999997482778933,0.209331091209404,0.0497762018474132,1.91746840128481,0.892876611183891,-0.0291618370354819,0.449356144345982,0.0676118268334086,0.995270212565253,-0.0697556080366721,-0.445196583626852,0.0926649407329043,0.89062517968332,0.474795996598785,6.04511161572513
64.55,0.109170220686724,0.0259597016352062,0.999997480068027,0.209330975460423,0.0497770328920852,1.91746839608672,0.890529077577769,-0.0292364554534471,0.453985893680637,0.0685290496928802,0.995166562605374,-0.0703369179051467,-0.449735179118422,0.0937482924896406,0.888228307541815,0.480071347217431,6.04510176656025
64.6,0.10917015243402,0.0259601268690789,0.999997479173314,0.209330844587691,0.0497778482666518,1.91746839437113,0.888157643152171,-0.0293054233422605,0.458603524924429,0.0694492007871392,0.995061857359652,-0.0709133875794038,-0.454260728459338,0.0948319154646262,0.885807032253019,0.485346689543245,6.04509260995725
64.65,0.109170076597565,0.0259605438036337,0.999997480026016,0.209330699173318,0.0497786477274984,1.91746839600616,0.885762373738951,-0.0293687388161846,0.463208910156838,0.0703722546013028,0.994956099734742,-0.0714850011048382,-0.458773106285305,0.095915779624502,0.883361421032386,0.490622024180605,6.04508414591611
64.7,0.109169993480939,0.0259609523118206,0.999997482557357,0.209330539799414,0.0497794310310103,1.91746840085994,0.883343335821864,-0.0294264001442067,0.46780192179346,0.071298185541225,0.994849292666082,-0.0720517426598781,-0.46327218759346,0.0969998549295269,0.880891541760971,0.495897351733881,6.04507637443682
64.75,0.109169903387725,0.0259613522665899,0.999997486698558,0.209330367048088,0.0497801979335727,1.91746840880058,0.880900596534776,-0.0294784057500839,0.472382432589433,0.0722269679341845,0.994741439117813,-0.0726135965564086,-0.467757847745723,0.0980841113343849,0.878397462983605,0.50117267280745,6.04506929551946
64.8,0.109169806621505,0.0259617435408915,0.999997492380844,0.209330181501451,0.049780948191571,1.91746841969621,0.878434223659857,-0.0295247542123841,0.476950315642838,0.0731585760295728,0.994632542082701,-0.0731705472401901,-0.47222996247213,0.0991685187889886,0.875879253907049,0.506447988005684,6.04506290916393
64.85,0.109169703485859,0.0259621260076758,0.999997499535436,0.209329983741611,0.0497816815613904,1.91746843341495,0.875944285625766,-0.0295654442645223,0.481505444398096,0.0740929839995843,0.994522604582057,-0.0737225792912742,-0.476688407874162,0.100253047239285,0.873336984398138,0.511723297932959,6.04505721537018
64.9,0.109169594284369,0.0259624995398929,0.999997508093558,0.209329774350678,0.0497823977994164,1.91746844982492,0.873430851505806,-0.0296004747947937,0.486047692649359,0.0750301659399099,0.994411629665655,-0.0742696774244157,-0.481133060428061,0.101337666628061,0.870770724981902,0.516998603193651,6.0450522141384
64.95,0.109169479320618,0.0259628640104928,0.999997517986433,0.209329553910762,0.0497830966620342,1.91746846879424,0.870893991016074,-0.0296298448464026,0.490576934543882,0.0759700958704299,0.994299620411647,-0.074811826489481,-0.485563796988132,0.102422346895746,0.868180546839674,0.52227390439213,6.04504790546851
65,0.109169358898186,0.0259632192924258,0.999997529145283,0.209329323003973,0.0497837779056291,1.91746849019104,0.868333774513585,-0.0296535536174865,0.495093044585404,0.0769127477359127,0.994186579926488,-0.0753490114718539,-0.48998049479005,0.103507057981225,0.865566521807174,0.527549202132772,6.04504425042246
65.05,0.109169233320225,0.0259635652852458,0.999997541503279,0.209329082211595,0.0497844413375985,1.91746851388717,0.865750273027819,-0.0296716004609415,0.499595897579576,0.077858095394516,0.99407251134632,-0.0758812174860127,-0.494383031397513,0.104591769808658,0.862928722406722,0.532824496951992,6.04504105431061
65.1,0.109169102888162,0.0259639019949221,0.999997555001378,0.209328832111607,0.0497850869693884,1.91746853976941,0.863143558361498,-0.0296839848844339,0.504085368464937,0.0788061125816266,0.993957417841428,-0.0764084297559714,-0.498771284537134,0.105676452246382,0.860267221950131,0.538099789114367,6.04503812244299
65.15,0.109168967902996,0.0259642294540278,0.999997569582486,0.209328573281164,0.0497857148634568,1.91746856772829,0.860513702992525,-0.0296907065520227,0.508561332492488,0.0797567729466798,0.993841302611908,-0.0769306336370535,-0.503145132274202,0.106761075149646,0.857582094438583,0.543375078816514,6.04503541588166
65.2,0.109168828665723,0.0259645476951359,0.999997585189509,0.209328306297421,0.0497863250822616,1.91746859765434,0.857860780039158,-0.02969176528451,0.51302366528738,0.0807100500660104,0.993724168886128,-0.0774478146232464,-0.507504453073025,0.107845608375419,0.854873414527078,0.548650366255048,6.0450329346267
65.25,0.109168685477341,0.0259648567508195,0.999997601765352,0.209328031737532,0.0497869176882609,1.91746862943808,0.855184863257995,-0.0296871610594455,0.517472242852344,0.0816659174435799,0.993606019920642,-0.0779599583476,-0.511849125800272,0.108930021783215,0.85214125752237,0.553925651626587,6.04503067867803
65.3,0.109168538638847,0.0259651566536517,0.99999761925292,0.209327750178652,0.0497874927439127,1.91746866297002,0.852486027041948,-0.0296768940111266,0.521906941571088,0.082624348511705,0.993486859000098,-0.0784670505826214,-0.516179029728301,0.110014285235926,0.849385699380898,0.559200935127748,6.04502864803578
65.35,0.10916838845124,0.0259654474362057,0.99999763759512,0.209327462197935,0.0497880503116751,1.9174686981407,0.849764346418195,-0.0296609644305942,0.526327638211699,0.0835853166317876,0.993366689437149,-0.0789690772406651,-0.520494044538477,0.111098368600648,0.8466068167067,0.564476216955148,6.04502684269976
65.4,0.109168235215515,0.0259657291310544,0.999997656734856,0.209327168372535,0.0497885904540059,1.91746873484063,0.84701989704611,-0.0296393727656246,0.530734209930034,0.0845487950950485,0.993245514572362,-0.0794660243743206,-0.524794050324479,0.112182241749508,0.843804686749299,0.569751497305405,6.04502526267017
65.45,0.10916807923267,0.025966001770771,0.999997676615035,0.209326869279606,0.0497891132333634,1.91746877296034,0.844252755215195,-0.0296121196207167,0.535126534273083,0.08551475712326,0.993123337774123,-0.079957878176795,-0.529078927595593,0.113265874560495,0.840979387401584,0.575026776375132,6.04502390794687
65.5,0.109167920803704,0.0259662653879285,0.999997697178561,0.209326565496304,0.0497896187122054,1.91746881239035,0.841462997842965,-0.0295792057570751,0.539504489182352,0.0864831758694843,0.99300016243855,-0.0804446249822928,-0.533348557280001,0.114349236918287,0.838130997197662,0.580302054360949,6.04502277852987
65.55,0.109167760229612,0.0259665200151,0.99999771836834,0.209326257599783,0.0497901069529899,1.91746885302119,0.838650702472846,-0.0295406320925889,0.543867952997207,0.0874540244188105,0.992875991989394,-0.0809262512663913,-0.537602820728051,0.115432298715079,0.835259595310701,0.585577331459473,6.04502187441922
65.6,0.109167597811394,0.0259667656848587,0.999997740127277,0.209325946167197,0.0497905780181751,1.91746889474337,0.835815947272033,-0.0294963997018063,0.548216804458223,0.0884272757890949,0.992750829877949,-0.081402743646412,-0.541841599715519,0.116515029851412,0.832365261550752,0.590852607867319,6.045021195615
65.65,0.109167433850045,0.0259670024297776,0.999997762398278,0.2093256317757,0.0497910319702189,1.91746893744741,0.832958811029347,-0.0294465098159048,0.552550922710513,0.0894029029317032,0.992624679582954,-0.0818740888817885,-0.546064776446863,0.117597400236997,0.829448076362552,0.596127883781107,6.04502074211695
65.7,0.109167268646564,0.0259672302824297,0.999997785124249,0.209325315002448,0.0497914688715793,1.91746898102385,0.830079373153063,-0.0293909638226574,0.556870187307053,0.0903808787322529,0.992497544610499,-0.0823402738744303,-0.550272233558448,0.118679379791544,0.826508120823317,0.60140315939745,6.04502051392532
65.75,0.109167102501947,0.0259674492753882,0.999997808248095,0.209324996424594,0.0497918887847143,1.91746902536321,0.827177713668732,-0.0293297632663942,0.561174478211996,0.0913611760113607,0.99236942849393,-0.0828012856690831,-0.55446385412179,0.119760938445593,0.823545476640508,0.606678434912966,6.04502051104005
65.8,0.109166935717193,0.0259676594412261,0.999997831712721,0.209324676619293,0.049792291772082,1.917469070356,0.824253913216975,-0.0292629098479601,0.565463675803966,0.0923437675253887,0.992240334793746,-0.0832571114536848,-0.558639521646759,0.120842046141335,0.820560226149584,0.611953710524273,6.04502073346113
65.85,0.109166768593298,0.0259678608125166,0.999997855461033,0.209324356163699,0.0497926778961403,1.91746911589276,0.82130805305127,-0.0291904054246678,0.569737660879352,0.0933286259671932,0.992110267097511,-0.0837077385597176,-0.562799120084784,0.121922672833439,0.817552452311742,0.617228986427988,6.04502118118845
65.9,0.109166601431261,0.0259680534218327,0.999997879435937,0.209324035634967,0.0497930472193474,1.91746916186399,0.818340215035716,-0.0291122520102469,0.573996314655582,0.0943157239668762,0.991979229019744,-0.0841531544625567,-0.566942533832047,0.123002788489883,0.814522238711634,0.622504262820729,6.04502185422213
65.95,0.109166434532077,0.0259682373017474,0.999997903580337,0.209323715610251,0.0497933998041611,1.91746920816023,0.815350481642785,-0.0290284517747885,0.578239518774389,0.0953050340925364,0.991847224201829,-0.0845933467818138,-0.571069647732655,0.124082363092772,0.81146966955507,0.627779539899109,6.0450227525621
66,0.109166268196746,0.025968412484834,0.99999792783714,0.209323396666706,0.0497937357130395,1.917469254672,0.812338935951054,-0.0289390070446861,0.582467155305067,0.0962965288510253,0.991714256311909,-0.0850283032816788,-0.575180347081811,0.125161366639171,0.808394829666706,0.633054817859746,6.04502385993538
66.05,0.109166102682328,0.0259685790204434,0.999997952157188,0.209323079297241,0.049794055040612,1.91746930130504,0.809305661659309,-0.0288439203030981,0.586679106725079,0.0972901806833461,0.991580329045513,-0.0854580118689563,-0.579274517606972,0.126239769136122,0.805297804504438,0.638330096870857,6.045025094976
66.1,0.109165938070142,0.0259687370250386,0.999997976523073,0.209322763657781,0.0497943580101932,1.91746934802598,0.806250743134346,-0.028743194191705,0.590875255856067,0.0982859619492535,0.991445446127662,-0.0858824605867268,-0.583352045405709,0.12731754058408,0.802178680208217,0.643605376987048,6.0450263763183
66.15,0.10916577439757,0.0259688866318605,0.999998000925325,0.209322449820007,0.049794644877269,1.91746939481664,0.803174265361103,-0.0286368315094793,0.595055485936186,0.0992838449439249,0.991309611310673,-0.0863016376219725,-0.587412817016111,0.128394650995208,0.799037543549122,0.648880658234524,6.04502768768911
66.2,0.109165611701996,0.0259690279741501,0.999998025354474,0.2093221378556,0.0497949158973253,1.91746944165888,0.800076313924143,-0.0285248352121423,0.599219680646151,0.10028380190406,0.991172828373333,-0.0867155313082608,-0.59145671944211,0.12947107040002,0.795874481910465,0.654155940639489,6.04502902908843
66.25,0.109165450020803,0.0259691611851484,0.999998049801049,0.20932182783624,0.0497951713258482,1.91746948853453,0.796956975005278,-0.0284072084120819,0.603367724112477,0.101285805008657,0.991035101120805,-0.0871241301260698,-0.595483640156626,0.130546768848212,0.792689583285353,0.659431224228147,6.04503040051619
66.3,0.109165289391372,0.0259692863980963,0.99999807425558,0.209321519833608,0.0497954114183235,1.91746953542544,0.793816335381171,-0.0282839543782663,0.607499500910689,0.102289826379778,0.990896433384512,-0.0875274227031079,-0.599493467104691,0.131621716409496,0.789482936274252,0.664706509026705,6.04503180197253
66.35,0.109165129851088,0.0259694037462347,0.999998098708597,0.209321213919383,0.0497956364302373,1.91746958231345,0.790654482420934,-0.0281550765361536,0.611614896068538,0.103295838083331,0.990756829022037,-0.0879253978146302,-0.603486088706565,0.13269588317443,0.786254630082526,0.669981795061366,6.04503323345737
66.4,0.109164971437332,0.0259695133628045,0.999998123150628,0.209320910165248,0.0497958466170753,1.91746962918039,0.787471504083692,-0.0280205784675969,0.615713795069193,0.104303812129841,0.990616291917013,-0.0883180443837506,-0.607461393860836,0.133769239255251,0.783004754517954,0.675257082358337,6.04503469497071
66.45,0.109164814187488,0.0259696153810468,0.999998147572204,0.209320608642881,0.0497960422343237,1.9174696760081,0.784267488916153,-0.027880463910745,0.619796083854419,0.105313720475231,0.990474825979017,-0.0887053514817493,-0.611419271947505,0.134841754786704,0.779733399988243,0.68053237094382,6.04503618651244
66.5,0.109164658138938,0.0259697099342025,0.999998171963854,0.209320309423964,0.0497962235374683,1.91746972277844,0.781042526050134,-0.0277347367599384,0.623861648827754,0.106325535021598,0.99033243514346,-0.0890873083283777,-0.615359612831064,0.13591339992687,0.776440657498512,0.685807660844022,6.04503770808293
66.55,0.109164503329065,0.0259697971555125,0.999998196316108,0.209320012580177,0.0497963907819951,1.91746976947324,0.777796705200094,-0.0275834010656021,0.627910376857663,0.107339227617994,0.990189123371478,-0.0894639042921574,-0.619282306863558,0.136984144858002,0.773126618648764,0.691082952085146,6.0450392596818
66.6,0.109164349795252,0.0259698771782177,0.999998220619495,0.209319718183201,0.04979654422339,1.91746981607433,0.774530116660644,-0.027426461034133,0.631942155280681,0.108354770061211,0.990044894649822,-0.0898351288906761,-0.623187244887627,0.138053959787344,0.769791375631348,0.696358244693399,6.04504084130912
66.65,0.109164197574882,0.0259699501355592,0.999998244864546,0.209319426304716,0.049796684117139,1.91746986256357,0.771242851304033,-0.0272639210277829,0.635956871904547,0.109372134096562,0.989899752990749,-0.090200971790879,-0.627074318239544,0.139122814947966,0.766435021228392,0.701633538694985,6.04504245296487
66.7,0.109164046705337,0.0259700161607778,0.999998269041789,0.209319137016403,0.0497968107187281,1.91746990892278,0.767935000577631,-0.0270957855645385,0.639954415011316,0.110391291418664,0.989753702431905,-0.0905614228093563,-0.630943418752232,0.140190680599589,0.76305764880923,0.706908834116107,6.04504409464933
66.75,0.109163897224,0.0259700753871145,0.999998293141754,0.209318850389942,0.0497969242836431,1.91746995513382,0.764606656501382,-0.0269220593179952,0.643934673360471,0.11141221367223,0.989606747036223,-0.0909164719126263,-0.634794438758274,0.141257527029409,0.759659352327808,0.712184130982972,6.04504576636229
66.8,0.109163749168254,0.0259701279478102,0.999998317154971,0.209318566497013,0.04979702506737,1.91747000117852,0.761257911665255,-0.0267427471172281,0.647897536192012,0.112434872452851,0.989458890891798,-0.0912661092174147,-0.638627271092902,0.142323324552927,0.756240226320073,0.717459429321784,6.0450474681037
66.85,0.109163602575483,0.0259701739761059,0.999998341071969,0.209318285409298,0.0497971133253948,1.91747004703872,0.757888859226669,-0.0265578539466582,0.651842893229531,0.113459239307789,0.989310138111783,-0.0916103249909292,-0.642441809096976,0.143388043514771,0.752800365901353,0.722734729158748,6.04504919987354
66.9,0.109163457483067,0.0259702136052426,0.999998364883278,0.209318007198476,0.0497971893132034,1.91747009269627,0.754499592907907,-0.0263673849459137,0.655770634683284,0.114485285736766,0.98916049283427,-0.0919491096511302,-0.646237946619953,0.144451654289518,0.749339866763706,0.72801003052007,6.04505096167197
66.95,0.109163313928392,0.0259702469684611,0.999998388579428,0.209317731936229,0.0497972532862818,1.917470138133,0.751090206993514,-0.0261713454096882,0.659680651253231,0.115512983192755,0.989009959222177,-0.0922824537669977,-0.650015578022828,0.145514127282524,0.745858825173273,0.733285333431952,6.04505275349889
67,0.109163171948838,0.0259702741990025,0.999998412150948,0.209317459694236,0.0497973055001158,1.91747018333076,0.747660796327675,-0.0259697407875932,0.663572834132089,0.116542303082773,0.988858541463132,-0.092610348058793,-0.653774598181078,0.146575432930737,0.742357337967597,0.7385606379206,6.04505457179281
67.05,0.10916303157486,0.0259702954271788,0.999998435589612,0.209317190530892,0.0497973462045756,1.91747022827377,0.744211456315661,-0.0257625766842549,0.667447075003787,0.117573216767463,0.988706243769535,-0.092932783397941,-0.657514902483186,0.147635541702279,0.738835502557099,0.743835944006004,6.04505639874629
67.1,0.109162892809196,0.0259703107715868,0.999998458892176,0.209316924451446,0.049797375627067,1.91747027295582,0.740742282933593,-0.0255498588599532,0.671303266032994,0.118605695558223,0.988553070378991,-0.0932497508062047,-0.661236386820537,0.148694424093527,0.735293416935046,0.749111251683287,6.0450582165518
67.15,0.109162755647654,0.0259703203478943,0.999998482056636,0.209316661447861,0.0497973939893803,1.91747031737305,0.737253372713871,-0.025331593229811,0.675141299882077,0.119639710721629,0.988399025553668,-0.0935612414571565,-0.664938947603813,0.149752050633702,0.731731179662678,0.754386560941362,6.04506002164794
67.2,0.109162620086043,0.0259703242717692,0.999998505080993,0.209316401512101,0.0497974015133055,1.91747036152164,0.733744822738462,-0.0251077858633958,0.678961069718685,0.120675233481444,0.988244113579997,-0.0938672466768128,-0.668622481770321,0.150808391886939,0.72814888986235,0.759661871769133,6.04506181403477
67.25,0.109162486120171,0.0259703226588795,0.999998527963244,0.209316144636127,0.0497973984206326,1.91747040539774,0.730216730636189,-0.0248784429845509,0.682762469218732,0.121712235019423,0.988088338768554,-0.0941677579438769,-0.672286886786863,0.151863418453109,0.72454664721477,0.764937184155511,6.04506359371217
67.3,0.109162353745846,0.025970315624893,0.999998550701389,0.209315890811904,0.0497973849331518,1.91747044899752,0.726669194580024,-0.0246435709712224,0.686545392569352,0.122750686476111,0.987931705453942,-0.0944627668899762,-0.675932060652594,0.152917100968639,0.720924551956226,0.770212498089404,6.04506536068001
67.35,0.109162222958878,0.0259703032854776,0.999998573293427,0.209315640031394,0.0497973612726531,1.91747049231715,0.723102313284348,-0.0244031763552819,0.690309734471851,0.123790558951652,0.987774217994667,-0.0947522652998954,-0.679557901901863,0.153969410107323,0.717282704875798,0.775487813559723,6.04506711493867
67.4,0.109162093755074,0.0259702857563012,0.999998595737356,0.20931539228656,0.0497973276609266,1.91747053535279,0.719516186002203,-0.0241572658223447,0.694055390144642,0.124831823506586,0.987615880773021,-0.095036245111806,-0.68316430960704,0.155020316581148,0.713621207312547,0.780763130555377,6.04506885648784
67.45,0.109161966130244,0.0259702631530317,0.999998618031176,0.209315147569365,0.0497972843197624,1.91747057810059,0.715910912522536,-0.0239058462115845,0.697782255326157,0.125874451162664,0.987456698194954,-0.0953146984174905,-0.686751183381323,0.156069791141102,0.709940161152703,0.786038449065273,6.04507058532751
67.5,0.109161840080196,0.0259702355913369,0.999998640172884,0.209314905871772,0.0497972314709506,1.91747062055672,0.712286593167413,-0.0236489245155428,0.701490226277756,0.126918412903648,0.987296674689959,-0.0955876174625636,-0.690318423381543,0.157117804577993,0.706239668826818,0.79131376907832,6.0450723014578
67.55,0.109161715600738,0.0259702031868848,0.999998662160479,0.209314667185744,0.0497971693362813,1.91747066271735,0.708643328789232,-0.0233865078799345,0.705179199786621,0.127963679676121,0.98713581471094,-0.095854994646688,-0.693865930310939,0.158164327723261,0.702519833306921,0.796589090583428,6.04507400487873
67.6,0.10916159268768,0.0259701660553433,0.999998683991962,0.209314431503245,0.0497970981375445,1.91747070457863,0.704981220767909,-0.0231186036034493,0.708849073168622,0.129010222390297,0.986974122734095,-0.0961168225237866,-0.697393605421927,0.159209331449791,0.698780758103653,0.801864413569505,6.04507569559023
67.65,0.109161471336828,0.0259701243123802,0.999998705665329,0.209314198816236,0.0497970180965303,1.91747074613673,0.701300371008065,-0.0228452191375488,0.712499744271187,0.13005801192083,0.98681160325879,-0.0963730938022503,-0.700901350518852,0.160252786672723,0.695022547263379,0.807139738025463,6.04507737359242
67.7,0.109161351543993,0.0259700780736634,0.999998727178581,0.209313969116682,0.0497969294350288,1.91747078738781,0.697600881936184,-0.0225663620862592,0.716131111476139,0.131107019107625,0.986648260807431,-0.0966238013451405,-0.70438906796072,0.161294664350264,0.691245305365298,0.812415063940207,6.04507903888512
67.75,0.109161233304983,0.0259700274548609,0.999998748529715,0.209313742396545,0.0497968323748301,1.91747082832804,0.693882856497759,-0.02228204020596,0.719743073702534,0.132157214756652,0.986484099925339,-0.0968689381703893,-0.70785666066392,0.162334935484493,0.68744913751853,0.817690391302647,6.04508069146844
67.8,0.109161116615605,0.0259699725716404,0.999998769716731,0.209313518647788,0.0497967271377242,1.91747086895358,0.69014639815443,-0.021992261405168,0.723335530409473,0.133208569640755,0.986319125180626,-0.0971084974509936,-0.71130403210493,0.163373571122174,0.683634149359185,0.822965720101693,6.04508233134227
67.85,0.10916100147167,0.02596991353967,0.999998790737628,0.209313297862374,0.0497966139455013,1.91747090926059,0.686391610881105,-0.0216970337443175,0.726908381598905,0.134261054500468,0.986153341164065,-0.0973424725152057,-0.714731086323006,0.16441054235556,0.679800447047431,0.828241050326253,6.0450839585068
67.9,0.109160887868984,0.0259698504746174,0.999998811590403,0.209313080032266,0.0497964930199514,1.91747094924522,0.68261859916306,-0.0213963654355363,0.730461527818413,0.135314640044833,0.985986752488965,-0.0975708568467192,-0.718137727922854,0.165445820323194,0.675948137264529,0.833516381965238,6.04508557296189
67.95,0.109160775803358,0.0259697834921506,0.999998832273057,0.209312865149427,0.0497963645828646,1.91747098890366,0.678827467993039,-0.0210902648424172,0.733994870163979,0.136369296952209,0.985819363791038,-0.0977936440848508,-0.721523862077285,0.166479376210721,0.672077327209874,0.838791715007553,6.04508717470761
68,0.109160665270598,0.0259697127079375,0.999998852783588,0.20931265320582,0.049796228856031,1.91747102823205,0.67501832286832,-0.0207787404797851,0.737508310282748,0.137424995871093,0.985651179728275,-0.098010828024718,-0.724889394529863,0.167511181251684,0.668188124598002,0.844067049442111,6.04508876360013
68.05,0.10916055626575,0.0259696382331258,0.99999887312023,0.209312444191942,0.0497960860525733,1.91747106722702,0.671191269787969,-0.0204618010134756,0.741001750375597,0.138481707420886,0.985482204980821,-0.0982224026174021,-0.728234231597369,0.168541206728277,0.664280637655778,0.849342385257567,6.04509033892136
68.1,0.109160448780796,0.0259695601607822,0.999998893282167,0.20931223809242,0.0497959363509447,1.91747110588699,0.667346415250441,-0.0201394552601417,0.74447509319937,0.13953940219256,0.985312444250872,-0.0984283619700889,-0.731558280171942,0.169569423972002,0.660354975119954,0.854617722441578,6.04509189995268
68.15,0.109160342806955,0.0259694785794537,0.999998913268816,0.209312034890418,0.0497957799209313,1.91747114421086,0.663483866250075,-0.0198117121869663,0.747928242070102,0.140598050749629,0.985141902262517,-0.0986287003462675,-0.734861447724166,0.170595804364615,0.656411246233589,0.85989306098155,6.0450934465505
68.2,0.109160238335446,0.0259693935776868,0.999998933079595,0.209311834569096,0.0497956169323189,1.9174711821975,0.659603730273944,-0.0194785809113981,0.751361100865872,0.141657623629014,0.984970583761601,-0.0988234121658998,-0.738143642305804,0.171620319338966,0.652449560742831,0.865168400864884,6.04509497871479
68.25,0.109160135357488,0.0259693052440282,0.999998952713923,0.209311637111618,0.0497954475548934,1.9174712198458,0.655706115298852,-0.0191400707008983,0.754773574029492,0.142718091341867,0.984798493515592,-0.099012492005577,-0.741404772552364,0.172642940379804,0.648470028893851,0.870443742078985,6.04509649644565
68.3,0.109160033864299,0.0259692136670246,0.999998972171218,0.209311442501144,0.0497952719584408,1.91747125715464,0.651791129788333,-0.0187961909726821,0.758165566571159,0.143779424374395,0.984625636313449,-0.0991959345986703,-0.744644747685644,0.173663639024565,0.644472761429782,0.875719084611259,6.04509799974296
68.35,0.109159933847097,0.0259691189352228,0.999998991450899,0.209311250720838,0.049795090312747,1.91747129412291,0.647858882689631,-0.0184469512934572,0.761536984071109,0.144841593188674,0.984452016965487,-0.0993737348354784,-0.747863477516257,0.174682386864166,0.640457869587632,0.880994428449109,6.04509948860679
68.4,0.109159835297102,0.0259690211371694,0.999999010552383,0.20931106175386,0.0497949027875979,1.91747133074949,0.643909483430664,-0.0180923613791575,0.764887732682242,0.145904568223481,0.984277640303244,-0.0995458877633697,-0.751060872446152,0.175699155543798,0.636425465095184,0.886269773579941,6.04510096303713
68.45,0.109159738205531,0.0259689203614111,0.99999902947509,0.209310875583374,0.0497947095527794,1.91747136703328,0.639943041916984,-0.0177324310946726,0.768217719132741,0.146968319895108,0.984102511179349,-0.0997123885869205,-0.754236843471099,0.176713916763713,0.632375660167895,0.891545119991158,6.04510242303399
68.5,0.109159642563605,0.0259688166964947,0.999999048218436,0.20931069219254,0.0497945107780774,1.91747140297314,0.635959668528706,-0.0173671704535737,0.771526850728667,0.148032818598194,0.983926634467381,-0.0998732326680492,-0.75739130218318,0.177726642280016,0.628308567505758,0.896820467670164,6.0451038685973
68.55,0.10915954836254,0.0259687102309668,0.999999066781842,0.209310511564521,0.0497943066332779,1.91747143856798,0.631959474117443,-0.0169965896178346,0.774815035356548,0.149098034706546,0.983750015061741,-0.100028415526145,-0.760524160773247,0.178737303905448,0.624224300290177,0.902095816604365,6.04510529972719
68.6,0.109159455593557,0.0259686010533741,0.999999085164724,0.209310333682479,0.0497940972881668,1.91747147381666,0.627942570003217,-0.0166206988975487,0.778082181485935,0.15016393857396,0.983572657877506,-0.100177932838195,-0.763635332033367,0.179745873510173,0.620122972180804,0.907371166781164,6.04510671642353
68.65,0.109159364247873,0.0259684892522633,0.999999103366501,0.209310158529575,0.0497938829125299,1.91747150871808,0.623909067971359,-0.0162395087506428,0.781328198171964,0.151230500535057,0.983394567850304,-0.100321780438901,-0.766724729359257,0.180752323022562,0.616004697312383,0.912646518187968,6.04510811868633
68.7,0.109159274316707,0.0259683749161811,0.999999121386592,0.209309986088973,0.0497936636761533,1.91747154327112,0.619859080269399,-0.0158530297825858,0.784552995057878,0.152297690906096,0.983215749936164,-0.100459954320799,-0.769792266752691,0.181756624429973,0.611869590291572,0.917921870812177,6.04510950651558
68.75,0.109159185791278,0.0259682581336742,0.999999139224415,0.209309816343833,0.0497934397488229,1.91747157747467,0.615792719603936,-0.0154612727460934,0.787756482377555,0.153365479985813,0.98303620911139,-0.100592450634371,-0.7728378588239,0.182758749779534,0.607717766193742,0.923197224641199,6.04511087991153
68.8,0.109159098662805,0.0259681389932893,0.999999156879388,0.209309649277318,0.0497932113003244,1.91747161132761,0.611710099137501,-0.0150642485408286,0.790938570958003,0.154433838056241,0.982855950372413,-0.100719265688151,-0.77586142079395,0.183758671178918,0.603549340559785,0.928472579662436,6.04511223887387
68.85,0.109159012922506,0.0259680175835731,0.999999174350929,0.20930948487259,0.049792978500444,1.91747164482882,0.607611332485412,-0.0146619682130992,0.794099172221846,0.155502735383537,0.982674978735656,-0.100840395948828,-0.778862868497106,0.184756360797123,0.599364429392889,0.933747935863294,6.0451135834026
68.9,0.1091589285616,0.0259678939930723,0.999999191638458,0.20930932311281,0.0497927415189675,1.91747167797719,0.6034965337126,-0.0142544429555495,0.797238198189791,0.156572142218817,0.982493299237394,-0.100955838041346,-0.781842118383173,0.185751790865248,0.59516314915531,0.939023293231179,6.04511491349797
68.95,0.109158845571304,0.0259677683103335,0.999999208741391,0.209309163981141,0.0497925005256808,1.91747171077161,0.599365817330444,-0.0138416841068498,0.800355561483079,0.157642028798976,0.982310916933616,-0.101065588748998,-0.784799087519826,0.186744933677262,0.590945616765133,0.944298651753491,6.04511622915986
69,0.10915876394284,0.0259676406239036,0.999999225659147,0.209309007460745,0.0497922556903698,1.91747174321096,0.595219298293574,-0.0134237031513795,0.803451175325924,0.158712365347522,0.982127836899878,-0.101169645013514,-0.787733693594923,0.187735761590778,0.58671194959301,0.949574011417637,6.04511753039259
69.05,0.109158683667052,0.0259675110182652,0.999999242391304,0.209308853534071,0.049792007175028,1.91747177529442,0.591057091996667,-0.0130005117189082,0.80652495354793,0.159783122075407,0.981944064231169,-0.10126800393515,-0.7906458549188,0.188724247027827,0.582462265458888,0.954849372211029,6.04511881721823
69.1,0.109158604733304,0.0259673795616455,0.999999258938073,0.209308702180723,0.0497917551104791,1.9174718070224,0.586879314271216,-0.0125721215842691,0.809576810586505,0.160854269181858,0.981759604041762,-0.101360662772765,-0.793535490426558,0.189710362475628,0.578196682628713,0.960124734121109,6.04512008965861
69.15,0.109158527130586,0.0259672463182077,0.999999275299825,0.209308553379588,0.0497914996197542,1.91747183839563,0.582686081382322,-0.0121385446670336,0.812606661489235,0.161925776855207,0.981574461465075,-0.101447618943901,-0.796402519680313,0.190694080487349,0.573915319811149,0.96540009713533,6.04512134771824
69.2,0.109158450847889,0.0259671113521148,0.999999291476932,0.209308407109559,0.0497912408258845,1.91747186941479,0.578477510025465,-0.01169979303118,0.815614421916242,0.162997615273714,0.981388641653529,-0.101528870024853,-0.799246862871429,0.191675373682872,0.569618296154285,0.970675461241139,6.04512259139711
69.25,0.109158375874204,0.0259669747275303,0.999999307469762,0.209308263349525,0.0497909788519013,1.91747190008062,0.574253717323249,-0.0112558788847577,0.818600008142537,0.164069754606402,0.981202149778406,-0.101604413750736,-0.802068440822743,0.192654214749554,0.565305731242314,0.975950826425987,6.04512382069517
69.3,0.109158302198521,0.0259668365086171,0.999999323278689,0.209308122078376,0.0497907138208357,1.91747193039381,0.570014820822144,-0.0108068145795473,0.821563337060352,0.165142165013887,0.981014991029698,-0.10167424801555,-0.804867174990771,0.19363057644299,0.560977745092201,0.981226192677326,6.04512503561242
69.35,0.109158229809831,0.0259666967595385,0.999999338904081,0.209307983275001,0.0497904458557189,1.91747196035508,0.565760938489215,-0.0103526126107168,0.824504326181455,0.166214816649207,0.980827170615972,-0.10173837087224,-0.807642987467899,0.194604431587771,0.556634458150344,0.986501559982605,6.04512623614885
69.4,0.109158158697126,0.0259665555444577,0.99999935434631,0.209307846918293,0.0497901750795821,1.91747198996515,0.561492188708832,-0.00989328561647403,0.827422893639448,0.167287679658656,0.980638693764218,-0.101796780532747,-0.810395800984549,0.195575753078239,0.55227599128922,0.991776928329276,6.0451274223046
69.45,0.109158088849395,0.0259664129275379,0.999999369605747,0.209307712987139,0.0497899016154565,1.91747201922471,0.557208690279379,-0.00942884637771492,0.830318958192046,0.168360724182613,0.980449565719705,-0.101849475368059,-0.813125538911333,0.196544513879244,0.547902465804021,0.997052297704787,6.04512859407946
69.5,0.10915802025563,0.0259662689729423,0.999999384682762,0.20930758146043,0.0497896255863733,1.91747204813448,0.552910562409941,-0.00895930781766721,0.833192439223347,0.169433920356376,0.980259791745837,-0.101896453908259,-0.815832125261191,0.197510687026897,0.543514003409269,1.00232766809659,6.04512975147377
69.55,0.109157952904821,0.025966123744834,0.999999399577727,0.209307452317057,0.0497893471153637,1.91747207669518,0.548597924716988,-0.00848468300153118,0.836043256746071,0.17050723831099,0.980069377124005,-0.101937714842563,-0.818515484691507,0.198474245629321,0.539110726235436,1.00760303949214,6.04513089448707
69.6,0.109157886785959,0.0259659773073762,0.999999414291011,0.20930732553591,0.0497890663254588,1.9174721049075,0.544270897221043,-0.00800498513611587,0.838871331403792,0.171580648174084,0.97987832715344,-0.10197325701936,-0.821175542506206,0.199435162867399,0.534692756825537,1.01287841187887,6.04513202311937
69.65,0.109157821888035,0.0259658297247321,0.999999428822986,0.209307201095878,0.0497887833396899,1.91747213277218,0.539929600343337,-0.00752022756947121,0.84167658447315,0.1726541200707,0.979686647151065,-0.102003079446241,-0.823812224657838,0.200393411995523,0.530260218131718,1.01815378524426,6.04513313737136
69.7,0.109157758200039,0.025965681061065,0.999999443174022,0.209307078975852,0.0497884982810882,1.9174721602899,0.535574154902463,-0.00703042379051705,0.844458937866039,0.173727624124123,0.979494342451348,-0.102027181290029,-0.826425457749639,0.201348966342335,0.525813233511837,1.02342915957573,6.04513423724228
69.75,0.109157695710963,0.0259655313805379,0.99999945734449,0.209306959154721,0.0497882112726848,1.9174721874614,0.531204682111003,-0.00653558742866693,0.847218314131789,0.174801130456718,0.979301418406152,-0.102045561876801,-0.829015169037576,0.202301799311476,0.521351926726024,1.02870453486075,6.04513532273239
69.8,0.109157634409797,0.0259653807473141,0.999999471334761,0.209306841611376,0.0497879224375109,1.91747221428737,0.526821303572158,-0.00603573225344907,0.849954636459321,0.175874609190759,0.979107880384588,-0.102058220691908,-0.831581286432379,0.203251884382323,0.516876421933236,1.03397991108676,6.04513639384181
69.85,0.109157574285532,0.0259652292255568,0.999999485145206,0.209306726324707,0.0497876318985978,1.91747224076853,0.52242414127636,-0.00553087217412304,0.852667828679288,0.17694803044926,0.978913733772862,-0.102065157379991,-0.83412373850154,0.204199195110725,0.5123868436878,1.03925528824121,6.04513745057054
69.9,0.109157515327158,0.0259650768794292,0.999999498776195,0.209306613273605,0.0497873397789766,1.91747226690558,0.518013317597873,-0.00502102123929228,0.855357815266196,0.178021364356811,0.97871898397413,-0.102066371744986,-0.836642454471314,0.205143705129748,0.507883316935942,1.04453066631157,6.04513849291846
69.95,0.109157457523667,0.0259649237730943,0.999999512228099,0.209306502436958,0.0497870462016786,1.91747229269925,0.513588955291394,-0.00450619363651364,0.858024521340506,0.179094581040407,0.978523636408344,-0.102061863750137,-0.83913736422868,0.206085388150399,0.503365967012316,1.04980604528526,6.04513952088557
70,0.109157400864049,0.0259647699707155,0.999999525501289,0.209306393793657,0.0497867512897348,1.91747231815024,0.509151177488622,-0.00398640369190163,0.860667872670727,0.18016765063028,0.978327696512102,-0.102051633517989,-0.841608398323303,0.207024217962367,0.498834919636501,1.05508142514976,6.0451405345702
70.05,0.109157345337205,0.0259646155330079,0.999999538596232,0.209306287322419,0.0497864551595651,1.91747234325944,0.504700107694691,-0.0034616658697128,0.863287795675564,0.181240543260767,0.978131169738489,-0.102035681330391,-0.844055487969547,0.207960168434779,0.494290300909363,1.06035680589267,6.04514153446548
70.1,0.109157290931672,0.0259644605068944,0.999999551513781,0.209306183001267,0.0497861579011428,1.91747236802849,0.500235869784291,-0.00293199477189028,0.865884217426217,0.182313229071248,0.977934061556908,-0.102014007628482,-0.846478565048619,0.208893213517019,0.489732237309088,1.0656321875023,6.04514252106387
70.15,0.109157237635901,0.02596430493585,0.999999564254884,0.209306080808052,0.0497858595978301,1.91747239245922,0.495758587998647,-0.00239740513770616,0.868457065648149,0.18338567820687,0.977736377452946,-0.101986613012678,-0.848877562110222,0.209823327239364,0.485160855688099,1.07090756996715,6.0451434944641
70.2,0.109157185438338,0.0259641488633496,0.999999576820491,0.209305980720623,0.0497855603329889,1.91747241655343,0.491268386942206,-0.00185791184336892,0.871006268723013,0.184457860819343,0.977538122928225,-0.101953498242658,-0.851252412374353,0.21075048371367,0.480576283269679,1.0761829532757,6.04514445466606
70.25,0.109157134327433,0.0259639923328681,0.99999958921155,0.20930588271683,0.0497852601899813,1.91747244031296,0.486765391579164,-0.00131352990160818,0.873531755690645,0.185529747067774,0.977339303500253,-0.101914664237337,-0.853603049733159,0.211674657134101,0.475978647644419,1.08145833741641,6.04514540166973
70.3,0.109157084291633,0.0259638353878805,0.999999601429012,0.209305786774524,0.0497849592521694,1.91747246373961,0.482249727229989,-0.0007642744612575,0.876033456251044,0.186601307119498,0.977139924702267,-0.10187011207485,-0.855929408752787,0.212595821777841,0.471368076766669,1.08673372237779,6.04514633547524
70.35,0.109157035319388,0.0259636780718617,0.999999613473823,0.209305692871555,0.049784657602915,1.91747248683521,0.477721519567929,-0.000210160806832421,0.878511300766327,0.187672511150905,0.976939992083083,-0.101819842992514,-0.858231424675199,0.213513952005816,0.466744698950975,1.09200910814831,6.04514725608221
70.4,0.109156987399145,0.0259635204282867,0.999999625346935,0.209305600985773,0.0497843553255802,1.91747250960159,0.473180894615514,0.000348795641895189,0.880965220262674,0.188743329348275,0.976739511206934,-0.101763858386796,-0.860509033419981,0.214429022263404,0.462108642868504,1.09728449471645,6.0451481634909
70.45,0.109156940519353,0.0259633625006303,0.999999637049295,0.209305511095027,0.0497840525035271,1.91747253204055,0.468627978741049,0.000912579330325777,0.883395146432243,0.189813731908606,0.976538487653325,-0.101702159813277,-0.862762171586125,0.215341007081149,0.457460037543467,1.10255988207069,6.04514905770156
70.5,0.109156894668461,0.0259632043323675,0.999999648581853,0.209305423177168,0.0497837492201177,1.91747255415392,0.46406289865509,0.0014811745694662,0.88580101163508,0.190883689040444,0.976336927016868,-0.101634748986606,-0.8649907764538,0.216249881075468,0.452799012349518,1.10783527019952,6.04514993871393
70.55,0.109156849834916,0.0259630459669732,0.999999659945557,0.209305337210046,0.0497834455587139,1.91747257594352,0.459485781406918,0.00205456553636565,0.888182748900996,0.191953170964713,0.976134834907133,-0.101561627780454,-0.867194785986093,0.217155618949362,0.448125697006157,1.11311065909142,6.04515080652802
70.6,0.109156806007167,0.0259628874479224,0.999999671141357,0.209305253171512,0.0497831416026779,1.91747259741117,0.454896754381003,0.00263273627455664,0.890540291931442,0.193022147915546,0.97593221694849,-0.101482798227458,-0.869374138830745,0.218058195493117,0.443440221575115,1.11838604873487,6.04515166114383
70.65,0.109156763173663,0.0259627288186899,0.999999682170202,0.209305171039414,0.0497828374353715,1.91747261855868,0.450295945293452,0.00321567069449906,0.892873575101347,0.194090590141111,0.975729078779949,-0.101398262519173,-0.871528774321853,0.218957585585008,0.438742716456731,1.12366143911835,6.04515250256135
70.7,0.109156721322852,0.0259625701227508,0.999999693033041,0.209305090791604,0.0497825331401569,1.91747263938788,0.44568348218846,0.00380335257402781,0.895182533460951,0.195158467904441,0.975525426055009,-0.101308023006001,-0.873658632481566,0.219853764191998,0.43403331238633,1.12893683023036,6.04515333078033
70.75,0.109156680443182,0.02596241140358,0.999999703730822,0.20930501240593,0.049782228800396,1.91747265990059,0.441059493434737,0.00439576555880519,0.897467102737613,0.196225751484263,0.975321264441495,-0.101212082197133,-0.875763654021751,0.220746706370435,0.429312140430568,1.13421222205936,6.04515414580116
70.8,0.109156640523101,0.0259622527046524,0.999999714264496,0.209304935860244,0.049781924499451,1.91747268009863,0.436424107721936,0.00499289316277572,0.899727219337604,0.197292411175826,0.975116599621404,-0.101110442760477,-0.877843780345649,0.221636387266748,0.424579331983793,1.13948761459384,6.04515494762396
70.85,0.109156601551058,0.0259620940694428,0.999999724635009,0.209304861132396,0.0497816203206837,1.91747269998381,0.431777454057071,0.0055947187686253,0.901962820347876,0.198358417291723,0.974911437290744,-0.101003107522583,-0.879898953549507,0.222522782118137,0.41983501876438,1.14476300782228,6.04515573624834
70.9,0.109156563515502,0.0259619355414263,0.999999734843313,0.209304788200235,0.0497813163474562,1.91747271955796,0.42711966176092,0.00620122562824382,0.904173843537815,0.199423740162728,0.974705783159378,-0.100890079468564,-0.881929116424186,0.223405866253265,0.415079332811069,1.15003840173318,6.04515651167444
70.95,0.10915652640488,0.0259617771640778,0.999999744890355,0.209304717041612,0.0497810126631305,1.9174727388229,0.422450860464433,0.00681239686319116,0.906360227360975,0.20048835013861,0.974499642950862,-0.100771361742017,-0.883934212456763,0.224285615092946,0.410312406479284,1.15531379631499,6.04515727390251
71,0.109156490207642,0.0259616189808722,0.999999754777086,0.209304647634376,0.0497807093510687,1.91747275778044,0.41777118010511,0.0074282154651678,0.908521910956795,0.201552217588971,0.974293022402289,-0.100646957644931,-0.885914185832099,0.225162004150823,0.405534372437446,1.16058919155622,6.04515802308281
71.05,0.109156454912331,0.025961461032505,0.999999764504501,0.209304579956562,0.0497804064893031,1.9174727764325,0.413080750923158,0.00804866429651893,0.910658834152396,0.202615312904114,0.974085927264117,-0.100516870637589,-0.887868981434495,0.226035009034105,0.400745363663043,1.16586458744561,6.04515875996924
71.1,0.109156420507877,0.0259613033485535,0.999999774073796,0.209304513986942,0.0497801041345475,1.91747279478136,0.408379703457153,0.00867372609080683,0.91277093746457,0.203677606496032,0.973878363299976,-0.100381104338454,-0.889798544849504,0.226904605444362,0.395945513438204,1.17113998397295,6.04515948531598
71.15,0.109156386983304,0.0259611459558155,0.999999783486213,0.209304449704472,0.0497798023381862,1.91747281282942,0.403668168541097,0.0093033834532017,0.914858162101098,0.204739068799071,0.973670336286542,-0.100239662524078,-0.891702822365145,0.227770769178081,0.391134955346693,1.1764153811283,6.04516019927366
71.2,0.109156354327638,0.0259609888810891,0.999999792742992,0.209304387088107,0.0497795011516034,1.91747283057905,0.39894627730102,0.00993761886093469,0.916920449962281,0.205799670270701,0.973461852013384,-0.100092549129009,-0.893581760973291,0.228633476127288,0.38631382327044,1.18169077890173,6.04516090184191
71.25,0.109156322529904,0.0259608321511719,0.999999801845378,0.209304326116803,0.0497792006261833,1.91747284803263,0.394214161151315,0.0105764146637868,0.91895774364256,0.206859381392337,0.973252916282803,-0.0999397682456761,-0.895435308371155,0.229492702280224,0.381482251385797,1.1869661772833,6.04516159302135
71.3,0.109156291579127,0.025960675792862,0.999999810794612,0.209304266769515,0.04977890081331,1.91747286519254,0.389471951791086,0.0112197530845797,0.920969986432111,0.207918172670162,0.97304353490967,-0.0997813241242808,-0.897263412962739,0.230348423722011,0.37664037415981,1.19224157626307,6.04516227281148
71.35,0.109156261464331,0.0259605198329571,0.999999819591936,0.209304209025201,0.0497786017643678,1.91747288206118,0.384719781200479,0.0118676162196705,0.922957122318431,0.208976014635947,0.972833713721266,-0.0996172211726749,-0.899066023860279,0.23120061663532,0.37178832634648,1.19751697583109,6.04516294121217
71.4,0.109156232174543,0.0259603642982552,0.999999828238592,0.209304152862816,0.0497783035307409,1.91747289864091,0.379957781637008,0.0125199860394508,0.92491909598789,0.210032877847877,0.972623458557119,-0.0994474639562397,-0.900843090885656,0.232049257301033,0.366926242982996,1.20279237597744,6.04516359822418
71.45,0.109156203698786,0.0259602092155542,0.999999836735823,0.209304098261315,0.0497780061638135,1.91747291493412,0.375186085631874,0.0131768443888476,0.92685585282728,0.211088732891362,0.972412775268838,-0.0992720571977587,-0.902594564571797,0.232894322098904,0.362054259385994,1.20806777669216,6.04516424384676
71.5,0.109156176026087,0.0259600546116518,0.999999845084872,0.209304045199655,0.0497777097149698,1.9174729309432,0.370404825986269,0.01383817298783,0.928767338925331,0.212143550379863,0.972201669719957,-0.0990910057772858,-0.904320396164052,0.233735787508217,0.357172511147771,1.21334317796533,6.04516487808028
71.55,0.109156149145469,0.025959900513346,0.99999985328698,0.209303993656791,0.049777414235594,1.91747294667052,0.365614135767682,0.0145039534319175,0.930653501074216,0.213197300955709,0.971990147785765,-0.09890431473201,-0.906020537621555,0.234573630108443,0.352281134132522,1.21861857978701,6.04516550092448
71.6,0.109156123045959,0.0259597469474347,0.999999861343389,0.20930394361168,0.0497771197770702,1.91747296211847,0.360814148306196,0.0151741671926924,0.93251428677103,0.214249955290912,0.971778215353145,-0.0987119892561153,-0.907694941618558,0.235407826579886,0.347380264472549,1.22389398214724,6.04516611237976
71.65,0.109156097716582,0.0259595939407156,0.999999869255343,0.209303895043276,0.0497768263907828,1.91747297728943,0.356004997190768,0.0158487956183161,0.934349644219256,0.215301484087987,0.971565878320411,-0.0985140347006353,-0.909343561545751,0.236238353704339,0.342470038564474,1.22916938503611,6.04516671244585
71.7,0.109156073146361,0.0259594415199868,0.999999877024082,0.209303847930536,0.0497765341281158,1.91747299218578,0.35118681626552,0.0165278199340474,0.936159522330204,0.216351858080765,0.971353142597145,-0.0983104565733058,-0.910966351511563,0.23706518836573,0.337550593065444,1.23444478844366,6.04516730112276
71.75,0.109156049324324,0.025959289712046,0.99999988465085,0.209303802252416,0.0497762430404536,1.9174730068099,0.346359739626001,0.0172112212427666,0.937943870724438,0.21740104803521,0.971140014104026,-0.09810126053841,-0.912563266343436,0.237888307550761,0.332622064889318,1.23972019235996,6.04516787841035
71.8,0.109156026239493,0.0259591385436912,0.999999892136889,0.209303757987872,0.0497759531791802,1.91747302116418,0.341523901615458,0.0178989805255006,0.939702639733178,0.218449024750233,0.970926498772673,-0.0978864524166219,-0.914134261589088,0.238707688349552,0.327684591202861,1.24499559677507,6.04516844430889
71.85,0.109156003880895,0.0259589880417201,0.99999989948344,0.209303715115859,0.04977566459568,1.917473035251,0.336679436821098,0.0185910786419528,0.941435780399681,0.219495759058502,0.970712602545475,-0.0976660381848439,-0.915679293517747,0.239523307956283,0.322738309421921,1.25027100167904,6.04516899881825
71.9,0.109155982237555,0.0259588382329308,0.999999906691747,0.209303673615334,0.0497753773413371,1.91747304907273,0.331826480070333,0.0192874963310363,0.943143244480611,0.220541221827262,0.970498331375427,-0.0974400239760403,-0.917198319121373,0.24033514366982,0.317783357207604,1.25554640706195,6.04516954193854
71.95,0.109155961298498,0.025958689144121,0.999999913763051,0.209303633465252,0.0497750914675357,1.91747306263177,0.326965166427036,0.0199882142114093,0.944824984447374,0.221585383959135,0.970283691225964,-0.0972084160790674,-0.918691296115852,0.241143172894356,0.312819872462443,1.26082181291386,6.04517007366965
72,0.109155941052748,0.0259585408020886,0.999999920698595,0.209303594644569,0.04977480702566,1.91747307593049,0.322095631187768,0.0206932127820158,0.946480953487449,0.222628216392941,0.970068688070796,-0.0969712209384974,-0.920158182942178,0.241947373140034,0.307847993326554,1.26609721922481,6.04517059418371
72.05,0.109155921489539,0.0259583932315007,0.999999927499636,0.209303557132639,0.0497745240630085,1.9174730889713,0.317218009877743,0.0214024724226685,0.948111105505785,0.223669690104559,0.969853327893728,-0.0967284451544258,-0.921598938767692,0.242747722023625,0.302867858173505,1.27137262598518,6.04517110434086
72.1,0.109155902598932,0.0259582464485013,0.999999934167488,0.209303520910406,0.0497742426105369,1.91747310175673,0.31233243824621,0.0221159733947185,0.949715395126341,0.224709776107916,0.969637616688455,-0.0964800954822431,-0.923013523487445,0.243544197269277,0.297879605605614,1.27664803318653,6.04517160500114
72.15,0.109155884371198,0.0259581004671037,0.999999940703483,0.209303485959214,0.0497739626951151,1.91747311428933,0.307439052263504,0.022833695841487,0.951293777693062,0.225748445455617,0.969421560458437,-0.096226178832484,-0.924401897725059,0.244336776709008,0.292883374450927,1.28192344082072,6.04517209633691
72.2,0.109155866796607,0.0259579553013209,0.99999994710895,0.209303452260406,0.049773684343613,1.91747312657164,0.302537988117538,0.0235556197887774,0.952846209271024,0.226785669239686,0.969205165216738,-0.0959667022706489,-0.925764022833735,0.245125438283264,0.287879303759644,1.28719884887961,6.04517257834807
72.25,0.109155849865428,0.0259578109651662,0.99999995338522,0.209303419795324,0.0497734075829006,1.91747313860622,0.297629382210008,0.0242817251454326,0.954372646647656,0.227821418592375,0.968988436985862,-0.0957016730170067,-0.927099860897329,0.245910160041544,0.28286753280024,1.29247425735506,6.04517305103447
72.3,0.109155833567931,0.0259576674726528,0.999999959533623,0.20930338854531,0.0497731324398478,1.91747315039562,0.292713371152595,0.0250119917038932,0.955873047333948,0.228855664686968,0.968771381797584,-0.0954310984463942,-0.928409374731411,0.246690920143008,0.27784820105559,1.29774966623894,6.04517351439638
72.35,0.109155817894387,0.025957524837794,0.999999965555489,0.209303358491709,0.0497728589413245,1.91747316194238,0.287790091763167,0.025746399140761,0.957347369565631,0.229888378738581,0.968554005692784,-0.0951549860880108,-0.929692527884297,0.24746769685708,0.272821448219083,1.30302507552312,6.04517396843366
72.4,0.109155802835065,0.0259573830746028,0.999999971452147,0.209303329615862,0.0497725871142007,1.91747317324907,0.282859681061961,0.0264849270173641,0.958795572304342,0.230919532004968,0.968336314721275,-0.0948733436252088,-0.930949284638069,0.248240468564062,0.267787414190739,1.30830048519945,6.0451744131462
72.45,0.109155788380235,0.0259572421970925,0.99999997722493,0.209303301899112,0.0497723169853463,1.91747318431822,0.277922276267777,0.0272275547803259,0.960217615238766,0.231949095787313,0.968118314941639,-0.09458617889528,-0.932179610009565,0.249009213755729,0.262746239073308,1.31357589525979,6.04517484853385
72.5,0.109155774520167,0.0259571022192763,0.999999982875166,0.209303275322803,0.0497720485816312,1.9174731951524,0.272978014794149,0.0279742617621383,0.961613458785758,0.232977041431041,0.967900012421055,-0.0942934998892367,-0.933383469751358,0.249773911035932,0.257698063168372,1.31885130569601,6.04517527459701
72.55,0.109155761245131,0.0259569631551674,0.999999988404185,0.209303249868277,0.0497717819299255,1.91747320575415,0.268027034245527,0.028725027181736,0.962983064091449,0.234003340326605,0.967681413235131,-0.0939953147515901,-0.934560830352706,0.250534539121192,0.252643026972434,1.32412671649998,6.04517569133555
72.6,0.109155748545397,0.025956825018779,0.999999993813318,0.209303225516876,0.0497715170570989,1.91747321612601,0.263069472413437,0.0294798301450757,0.964326393032325,0.235027963910288,0.967462523467738,-0.0936916317801232,-0.935711659040487,0.25129107684129,0.247581271173012,1.32940212766355,6.04517609874972
72.65,0.109155736411234,0.0259566878241243,0.999999999103896,0.209303202249945,0.0497712539900215,1.91747322627055,0.25810546727265,0.0302386496457178,0.965643408216289,0.236050883664999,0.967243349210833,-0.0933824594256599,-0.936835923780114,0.252043503139866,0.242512936644717,1.33467753917858,6.04517649683889
72.7,0.109155724832913,0.0259565515852165,1.00000000427725,0.209303180048824,0.0497709927555631,1.91747323619032,0.253135156977345,0.0310014645654103,0.966934072983704,0.237072071121063,0.967023896564297,-0.09306780629183,-0.937933593276424,0.252791797074991,0.237438164445339,1.33995295103695,6.04517688560356
72.75,0.109155713800704,0.0259564163160688,1.0000000093347,0.209303158894858,0.0497707333805939,1.91747324588785,0.24815867985725,0.0317682536746784,0.968198351408413,0.238091497857017,0.966804171635763,-0.0927476811348293,-0.939004636974551,0.253535937819764,0.232357095811907,1.34522836323051,6.0451772650436
72.8,0.109155703304876,0.0259562820306944,1.00000001427759,0.209303138769389,0.0497704758919835,1.91747325536571,0.243176174413799,0.0325389956334143,0.96943620829874,0.239109135500402,0.966584180540444,-0.0924220928631759,-0.940049025060778,0.254275904662884,0.227269872156765,1.35050377575112,6.0451776351589
72.85,0.109155693335699,0.0259561487431065,1.00000001910725,0.20930311965376,0.0497702203166021,1.91747326462645,0.238187779316275,0.0333136689914719,0.970647609198471,0.24012495572855,0.966363929400963,-0.0920910505374629,-0.941066728463366,0.255011677009227,0.222176635063632,1.35577918859065,6.04517799594957
72.9,0.109155683883444,0.0259560164673182,1.000000023825,0.209303101529314,0.0497699666813194,1.91747327367261,0.233193633397946,0.0340922521892637,0.971832520387813,0.241138930269374,0.966143424347184,-0.091754563370105,-0.942057718853365,0.255743234380424,0.217077526283661,1.36105460174097,6.0451783474155
72.95,0.10915567493838,0.0259558852173429,1.00000002843217,0.209303084377393,0.0497697150130056,1.91747328250674,0.228193875652206,0.034874723558361,0.97299090888433,0.242151030902157,0.965922671516043,-0.0914126407250834,-0.943021968645402,0.256470556415426,0.211972687731493,1.36633001519392,6.04517868955692
73,0.109155666490777,0.0259557550071937,1.00000003293011,0.20930306817934,0.0497694653385304,1.91747329113141,0.223188645228694,0.0356610613220977,0.974122742443868,0.243161229458333,0.965701677051372,-0.0910652921176841,-0.943959450998449,0.257193622871075,0.206862261481303,1.37160542894138,6.04517902254573
73.05,0.109155658531167,0.0259556258493373,1.00000003732011,0.209303052917001,0.0497692176817985,1.91747329954913,0.218178081429143,0.0364512435962213,0.975227989561511,0.244169497822335,0.96548044710372,-0.090712527214213,-0.944870139816624,0.257912413622706,0.201746389762552,1.37688084297551,6.04517934724105
73.1,0.10915565105113,0.0259554977500542,1.00000004160349,0.20930303857423,0.0497689720548528,1.91747330776238,0.213162323702644,0.0372452483896389,0.976306619472634,0.245175807932546,0.965258987830141,-0.0903543558316643,-0.945754009750058,0.258626908664829,0.196625214955157,1.38215625728967,6.04517966450227
73.15,0.109155644042507,0.0259553707140788,1.0000000457815,0.209303025135383,0.0497687284667708,1.91747331577362,0.208141511642608,0.038043053604898,0.977358602153552,0.246180131781903,0.965037305394062,-0.0899907879375027,-0.946611036195425,0.259337088111559,0.19149887958639,1.38743167187753,6.0451799745014
73.2,0.10915563749714,0.025955244746145,1.00000004985545,0.209303012584818,0.0497684869266302,1.9174733235853,0.203115784983173,0.0388446370387557,0.978383908322289,0.247182441418625,0.964815405965124,-0.0896218336494064,-0.947441195296572,0.26004293219713,0.186367526327205,1.39270708673274,6.04518027723855
73.25,0.109155631406871,0.025955119850987,1.0000000538266,0.20930300090689,0.0497682474435084,1.91747333119987,0.198085283595306,0.0396499763827986,0.979382509439397,0.24818270894699,0.964593295719007,-0.0892475032349848,-0.94824446394519,0.260744421276445,0.181231297988263,1.39798250184898,6.04518057271361
73.3,0.109155625763542,0.0259549960333389,1.00000005769623,0.209302990085958,0.0497680100264831,1.91747333861979,0.193050147482911,0.0404590492240626,0.980354377708751,0.249180906528109,0.964370980837263,-0.0888678071114932,-0.949020819781451,0.261441535825623,0.176090337515956,1.40325791721989,6.04518086092669
73.35,0.109155620558994,0.0259548732979349,1.00000006146563,0.209302980106377,0.0497677746846318,1.91747334584752,0.188010516778934,0.0412718330456573,0.981299486078317,0.250177006380703,0.964148467507141,-0.0884827558455421,-0.949770241194631,0.26213425644254,0.170944787988428,1.40853333283915,6.04518114187781
73.4,0.10915561578507,0.025954751649509,1.00000006513608,0.209302970952504,0.049767541427032,1.9174733528855,0.182966531741459,0.0420883052273931,0.982217808240915,0.251170980781876,0.963925761921414,-0.088092360152804,-0.950492707323719,0.262822563847374,0.165794792611593,1.41380874870041,6.04518141556658
73.45,0.10915561143361,0.0259546310927955,1.00000006870885,0.209302962608696,0.0497673102627614,1.9174733597362,0.177918332749807,0.0429084430464096,0.983109318634943,0.252162802067889,0.96370287027821,-0.0876966308977147,-0.951188198057987,0.263506438883137,0.160640494715149,1.41908416479735,6.04518168199325
73.5,0.109155607496457,0.0259545116325284,1.00000007218523,0.209302955059311,0.0497670812008974,1.91747336640206,0.17286606030062,0.0437322236778102,0.983973992445093,0.253152442634926,0.963479798780835,-0.0872955790931705,-0.95185669403756,0.264185862516213,0.155482037748582,1.42435958112362,6.04518194115782
73.55,0.109155603965452,0.0259543932734419,1.00000007556649,0.209302948288703,0.0497668542505177,1.91747337288554,0.167809855003957,0.0445596241952963,0.984811805603043,0.254139874939865,0.963256553637604,-0.0868892159002222,-0.952498176653951,0.264860815836884,0.150319565277178,1.42963499767288,6.04518219306055
73.6,0.109155600832437,0.02595427602027,1.00000007885392,0.209302942281231,0.0497666294206997,1.91747337918909,0.162749857579376,0.0453906215718056,0.985622734788123,0.255125071501046,0.963033141061666,-0.0864775526277642,-0.953112628050578,0.265531280059858,0.145153220978022,1.4349104144388,6.04518243770118
73.65,0.109155598089254,0.025954159877747,1.0000000820488,0.209302937021251,0.0497664067205212,1.91747338531518,0.157686208852016,0.0462251926801538,0.98640675742797,0.256108004899034,0.962809567270832,-0.0860606007322195,-0.953700031123264,0.266197236524794,0.139983148635999,1.44018583141504,6.04518267507959
73.7,0.109155595727744,0.0259540448506069,1.0000000851524,0.20930293249312,0.0497661861590595,1.91747339126625,0.15261904974868,0.0470633142936769,0.987163851699152,0.257088647777383,0.962585838487401,-0.0856383718172213,-0.954260369520713,0.266858666696817,0.1348094921398,1.44546124859527,6.04518290519603
73.75,0.10915559373975,0.0259539309435838,1.000000088166,0.209302928681194,0.0497659677453924,1.91747339704476,0.147548521293905,0.0479049630868802,0.987893996527779,0.258066972843398,0.962361960937988,-0.0852108776332894,-0.954793627644962,0.267515552167038,0.129632395477897,1.45073666597314,6.0451831280505
73.8,0.109155592117113,0.025953818161412,1.00000009109089,0.20930292556983,0.0497657514885972,1.91747340265316,0.142474764606044,0.0487501156360857,0.988597171590087,0.259042952868894,0.962137940853351,-0.0847781300775033,-0.955299790651823,0.268167874653066,0.124452002734553,1.45601208354232,6.04518334364249
73.85,0.109155590851674,0.0259537065088254,1.00000009392835,0.209302923143385,0.0497655373977517,1.91747340809391,0.137397920893328,0.049598748420085,0.989273357313009,0.260016560690956,0.961913784468215,-0.0843401411931714,-0.955778844451287,0.268815615999515,0.119268458085799,1.46128750129647,6.04518355197264
73.9,0.109155589935276,0.0259535959905584,1.00000009667965,0.209302921386216,0.0497653254819334,1.91747341336946,0.13231813144994,0.0504508378207944,0.989922534874712,0.260987769212693,0.961689498021099,-0.0838969231694949,-0.956230775707924,0.269458758178513,0.114081905795422,1.46656291922925,6.04518375304081
73.95,0.10915558935976,0.0259534866113448,1.00000009934608,0.209302920282679,0.0497651157502197,1.91747341848227,0.127235537652086,0.0513063601239113,0.99054468620513,0.261956551403994,0.961465087754148,-0.0834484883412297,-0.956655571841251,0.270097283290198,0.108892490210958,1.47183833733433,6.04518394684677
74,0.109155589116968,0.025953378375919,1.00000010192892,0.209302919817132,0.0497649082116884,1.91747342343478,0.122150280954049,0.0521652915195758,0.991139793986461,0.262922880302279,0.961240559912948,-0.0829948491883416,-0.957053221026083,0.270731173563223,0.103700355759659,1.47711375560537,6.04518413354876
74.05,0.109155589199017,0.0259532712879649,1.00000010442942,0.209302919974459,0.0497647028734034,1.91747342822942,0.117062502883988,0.0530276081030778,0.991707841653681,0.263886729013303,0.961015920746353,-0.0825360183356358,-0.957423712192881,0.271360411355281,0.0985056469442081,1.48238917403631,6.0451843139371
74.1,0.109155589599129,0.0259531653469664,1.00000010684875,0.209302920741663,0.049764499734375,1.91747343286842,0.111972345039204,0.0538932858756599,0.992248813395081,0.26484807071205,0.960791176506264,-0.0820720085523306,-0.957767035028105,0.27198497915369,0.0933085083378812,1.48766459262218,6.04518448880171
74.15,0.109155590310799,0.0259530605513572,1.00000010918805,0.209302922106272,0.0497642987915999,1.91747343735398,0.106879949082988,0.0547623007450524,0.992762694152599,0.265806878643331,0.960566333447501,-0.0816028327517703,-0.958083179974426,0.272604859575783,0.0881090845813314,1.49294001135832,6.04518465830072
74.2,0.109155591327525,0.0259529568995709,1.00000011144848,0.209302924055817,0.0497641000420748,1.91747344168829,0.101785456740947,0.0556346285260981,0.993249469622209,0.266763126122478,0.960341397827633,-0.0811285039910899,-0.958372138230969,0.273220035369356,0.0829075203788406,1.49821543024002,6.04518482243426
74.25,0.109155592642804,0.0259528543900415,1.00000011363118,0.209302926577829,0.0497639034827964,1.91747344587356,0.0966890097970569,0.0565102449414274,0.99370912625432,0.267716786536083,0.960116375906804,-0.0806490354708509,-0.958633901753562,0.273830489413149,0.0777039604942819,1.50349084926262,6.04518498120234
74.3,0.109155594250132,0.0259527530212025,1.0000001157373,0.209302929659837,0.0497637091107615,1.91747344991198,0.0915907500897154,0.0573891256221329,0.994141651254151,0.268667833342744,0.959891273947565,-0.0801644405346745,-0.958868463254955,0.274436204717324,0.072498549747097,1.50876626842143,6.04518513460481
74.35,0.109155596143005,0.0259526527914877,1.00000011776797,0.209302933289371,0.0497635169229667,1.91747345380574,0.0864908195077945,0.0582712461084479,0.994547032582089,0.269616240073801,0.959666098214692,-0.0796747326688696,-0.959075816205026,0.275037164423934,0.0672914330082615,1.51404168771177,6.04518528264208
74.4,0.109155598314921,0.0259525536993309,1.00000011972435,0.209302937453961,0.0497633269164089,1.91747345755705,0.0813893599866888,0.0591565818504276,0.994925258954024,0.270561980334073,0.959440854975018,-0.0791799255020578,-0.959255954830963,0.275633351807397,0.0620827551962519,1.51931710712895,6.04518542531336
74.45,0.109155600759376,0.0259524557431657,1.00000012160758,0.209302942141138,0.0497631390880847,1.91747346116809,0.0762865135043706,0.0600451082086317,0.995276319841662,0.271505027802592,0.959215550497254,-0.0786800328047942,-0.959408874117423,0.276224750274959,0.0568726612730169,1.5245925266683,6.04518556261944
74.5,0.109155603469866,0.025952358921426,1.00000012341881,0.209302947338431,0.0497629534349908,1.91747346464107,0.0711824220774272,0.0609368004548117,0.99560020547282,0.27244535623334,0.958990191051817,-0.0781750684891835,-0.959534569806674,0.276811343367158,0.0516612962399319,1.52986794632513,6.04518569456004
74.55,0.109155606439889,0.0259522632325454,1.00000012515918,0.20930295303337,0.0497627699541241,1.91747346797819,0.0660772277571156,0.061831633772598,0.995896906831699,0.273382939455973,0.958764782910654,-0.0776650466084931,-0.959633038398713,0.277393114758277,0.0464488051337707,1.53514336609475,6.04518582113479
74.6,0.109155609662941,0.0259521686749576,1.00000012682984,0.209302959213486,0.0497625886424811,1.91747347118164,0.060971072625405,0.0627295832581914,0.996166415659131,0.274317751376555,0.958539332347068,-0.0771499813567619,-0.959704277151362,0.277970048256807,0.0412353330226648,1.54041878597249,6.04518594234421
74.65,0.109155613132519,0.0259520752470965,1.00000012843194,0.209302965866309,0.0497624094970586,1.91747347425362,0.0558640987910199,0.0636306239210565,0.996408724452814,0.275249765978283,0.958313845635544,-0.0766298870684048,-0.959748284080346,0.27854212780589,0.0360210250020633,1.54569420595367,6.04518605818815
74.7,0.109155616842119,0.0259519829473957,1.00000012996662,0.209302972979368,0.0497622325148534,1.91747347719632,0.0507564483854912,0.0645347306846158,0.996623826467517,0.276178957322208,0.958088329051573,-0.0761047782178148,-0.959765057959347,0.27910933748377,0.030806026190701,1.5509696260336,6.0451861686665
74.75,0.109155620785239,0.025951891774289,1.00000013143502,0.209302980540194,0.0497620576928621,1.91747348001195,0.04564826355919,0.0654418783869505,0.996811715715269,0.277105299547964,0.95786278887148,-0.0755746694189585,-0.959754598320042,0.279671661504234,0.0255904817265487,1.5562450462076,6.0451862737795
74.8,0.109155624955374,0.02595180172621,1.0000001328383,0.209302988536316,0.0497618850280815,1.91747348270269,0.0405396864773758,0.0663520417814985,0.996972386965528,0.278028766874479,0.957637231372244,-0.0750395754249704,-0.959716905452109,0.280229084217056,0.020374536762779,1.56152046647098,6.04518637352691
74.85,0.109155629346021,0.0259517128015926,1.00000013417759,0.209302996955266,0.0497617145175084,1.91747348527075,0.0354308593162388,0.0672651955377587,0.997105835745324,0.278949333600702,0.95741166283133,-0.0744995111277419,-0.959651980403228,0.280781590108425,0.0151583364637244,1.56679588681907,6.0451864679086
74.9,0.109155633950678,0.0259516249988705,1.00000013545405,0.209303005784572,0.0497615461581393,1.91747348771832,0.0303219242589393,0.0681813142419954,0.997212058339383,0.279866974106311,0.957186089526508,-0.0739544915575065,-0.959559824979044,0.281329163801385,0.00994202600083431,1.57207130724719,6.04518655692495
74.95,0.109155638762841,0.0259515383164774,1.00000013666881,0.209303015011765,0.0497613799469711,1.9174734900476,0.0252130234916559,0.0691003723979455,0.997291051790236,0.28078166285243,0.956960517735683,-0.0734045318824224,-0.95944044174312,0.281871790056257,0.0047257505486397,1.57734672775064,6.04518664057583
75,0.109155643776006,0.0259514527528469,1.00000013782303,0.209303024624375,0.0497612158810005,1.91747349226079,0.0201042991996187,0.0700223444275293,0.997342813898293,0.281693374382339,0.956734953736718,-0.0728496474081487,-0.959293834016869,0.282409453771067,-0.000490344719296779,1.58262214832475,6.04518671899762
75.05,0.109155648983933,0.0259513683057637,1.00000013891783,0.209303034610436,0.0497610539559791,1.91747349436002,0.014995893562926,0.0709472046716037,0.997367343221912,0.282602083322224,0.956509403807248,-0.0722898535773952,-0.959120005879446,0.28294213998199,-0.00570611463465213,1.58789756896507,6.04518679287363
75.1,0.109155654381432,0.0259512849704146,1.00000013995419,0.209303044959995,0.0497608941626784,1.91747349634722,0.00988794875189205,0.0718749273908032,0.997364639077427,0.283507764382005,0.956283874224478,-0.0717251659694139,-0.958918962167606,0.283469833863833,-0.0109214140390931,1.59317298966812,6.04518686288655
75.15,0.109155659963575,0.0259512027413375,1.00000014093309,0.209303055663604,0.0497607364906245,1.91747349822423,0.00478060692378245,0.0728054867661326,0.997334701539151,0.284410392355915,0.956058371265036,-0.0711556002996386,-0.958690708475573,0.283992520730377,-0.0161360977876093,1.59844841043064,6.045186929173
75.2,0.109155665725434,0.0259511216130701,1.00000014185549,0.209303066711815,0.0497605809293438,1.91747349999292,-0.000325989780908892,0.0737388568996437,0.997277531439366,0.28530994212316,0.955832901204808,-0.0705811724192728,-0.958435251154893,0.28451018603476,-0.0213500207523146,1.60372383124938,6.04518699173298
75.25,0.109155671662082,0.0259510415801502,1.00000014272237,0.20930307809518,0.0497604274683625,1.91747350165514,-0.00543169924242193,0.0746750118151571,0.997193130368308,0.28620638864862,0.955607470318767,-0.070001898314848,-0.958152597314256,0.285022815369881,-0.0265630378264923,1.60899925212109,6.04518705056637
75.3,0.109155677768592,0.0259509626371156,1.0000001435347,0.209303089804249,0.049760276097207,1.91747350321275,-0.0105363793656832,0.0756139254589848,0.997081500674115,0.287099706983543,0.955382084880795,-0.0694177941077787,-0.9578427548193,0.285530394468802,-0.0317750039286314,1.61427467304251,6.04518710567355
75.35,0.109155684040036,0.0259508847785039,1.00000014429343,0.209303101829575,0.0497601268054036,1.91747350466761,-0.0156398880842614,0.0765555717006549,0.996942645462766,0.287989872266244,0.955156751163508,-0.0688288760539138,-0.957505732292389,0.286032909205144,-0.0369857740064648,1.6195500940104,6.0451871570544
75.4,0.109155690471486,0.025950807998853,1.00000014499955,0.209303114161709,0.0497599795824786,1.91747350602157,-0.0207420833643234,0.07749992433364,0.996776568597992,0.28887685972279,0.954931475438086,-0.0682351605430844,-0.957141539112376,0.286530345593484,-0.0421952030410089,1.6248255150215,6.04518720470878
75.45,0.109155697058016,0.0259507322927006,1.00000014565402,0.209303126791202,0.0497598344179581,1.91747350727649,-0.025842823208582,0.0784469570760853,0.996583274701173,0.289760644667697,0.954706263974092,-0.0676366640986474,-0.956750185414338,0.287022689789737,-0.0474031460505939,1.63010093607256,6.04518724863669
75.5,0.109155703794696,0.0259506576545845,1.0000001462578,0.209303139708606,0.0497596913013687,1.91747350843423,-0.0309419656602575,0.0793966435715416,0.996362769151203,0.290641202504612,0.954481123039302,-0.0670334033770253,-0.956331682089302,0.287509928091549,-0.052609458094909,1.63537635716033,6.04518728883801
75.55,0.1091557106766,0.0259505840790424,1.00000014681187,0.209303152904474,0.0497595502222364,1.91747350949664,-0.0360393688070229,0.080348957389698,0.996115058084346,0.291518508727001,0.954256058899529,-0.0664253951672428,-0.95588604078393,0.287992046938674,-0.0578139942790303,1.64065177828155,6.04518732531299
75.6,0.109155717698801,0.025950511560612,1.00000014731719,0.209303166369355,0.0497594111700877,1.91747351046558,-0.0411348907849565,0.081303872027118,0.995840148394062,0.292392538918828,0.95403107781845,-0.0658126563904594,-0.955413273900207,0.288469032913353,-0.0630166097574568,1.64592719943298,6.04518735806164
75.65,0.10915572485637,0.0259504400938312,1.00000014777474,0.209303180093803,0.0497592741344488,1.91747351134292,-0.046228389782491,0.0822613609079773,0.995538047730817,0.293263268755238,0.953806186057429,-0.0651952040994985,-0.954913394595087,0.288940872740687,-0.0682171597381417,1.65120262061137,6.04518738708369
75.7,0.109155732144381,0.0259503696732377,1.00000014818548,0.209303194068368,0.049759139104846,1.91747351213049,-0.0513197240443558,0.0832213973848026,0.995208764501867,0.294130674003231,0.953581389875344,-0.0645730554783729,-0.95438641678013,0.289407553289006,-0.0734154994865186,1.65647804181345,6.04518741237953
75.75,0.109155739557905,0.0259503002933692,1.00000014855037,0.209303208283602,0.0497590060708056,1.91747351283018,-0.0564087518755317,0.0841839547392149,0.994852307871028,0.29499473052234,0.953356695528414,-0.0639462278418061,-0.953832355121117,0.289869061570237,-0.0786114843295387,1.66175346303598,6.04518743394878
75.8,0.109155747092015,0.0259502319487635,1.0000001488704,0.209303222730056,0.049758875021854,1.91747351344382,-0.0614953316451882,0.0851490061826721,0.994468687758419,0.295855414265298,0.953132109270023,-0.0633147386347503,-0.953251225037638,0.290325384740262,-0.0838049696596907,1.66702888427571,6.04518745179169
75.85,0.109155754741784,0.0259501646339584,1.00000014914653,0.209303237398283,0.0497587459475173,1.91747351397328,-0.0665793217906294,0.0861165248572154,0.994057914840185,0.296712701278713,0.952907637350547,-0.0626786054319011,-0.952643042702664,0.290776510099278,-0.0889958109390302,1.67230430552938,6.04518746590827
75.9,0.109155762502284,0.0259500983434916,1.00000014937972,0.209303252278834,0.0497586188373219,1.91747351442041,-0.0716605808212331,0.0870864838362161,0.993620000548202,0.29756656770373,0.952683286017181,-0.0620378459372083,-0.952007825042098,0.291222425092149,-0.0941838637032013,1.67757972679375,6.04518747629825
75.95,0.109155770368587,0.0259500330719008,1.00000014957094,0.20930326736226,0.049758493680794,1.91747351478708,-0.076738967322386,0.0880588561251251,0.993154957069756,0.298416989776699,0.952459061513761,-0.0613924779833833,-0.951345589734302,0.291663117308756,-0.0993689835654541,1.68285514806556,6.04518748296164
76,0.109155778335766,0.0259499688137239,1.00000014972117,0.209303282639113,0.0497583704674601,1.91747351507514,-0.0818143399594273,0.0890336146622257,0.992662797347207,0.299263943829833,0.952234970080595,-0.0607425195314018,-0.950656355209609,0.292098574484346,-0.104551026220672,1.68813056934155,6.04518748601077
76.05,0.109155786399127,0.0259499055631568,1.00000014983133,0.209303298100391,0.0497582491861911,1.91747351528638,-0.0868865574817657,0.0900107323194215,0.992143535077606,0.300107406291901,0.95201101795428,-0.0600879886699806,-0.949940140649776,0.292528784499881,-0.109729847449575,1.69340599061868,6.04518748600543
76.1,0.109155794554908,0.0259498433130289,1.00000014990225,0.209303313738883,0.0497581298232374,1.91747351542235,-0.0919554787273747,0.090990181903102,0.99159718471225,0.300947353688975,0.9517872113675,-0.0594289036149991,-0.949196965987367,0.292953735382429,-0.114905303123308,1.69868141189467,6.04518748350551
76.15,0.109155802799581,0.0259497820558278,1.00000014993469,0.209303329547823,0.0497580123641943,1.91747351548456,-0.0970209626261577,0.0919719361547915,0.99102376145632,0.301783762644987,0.951563556548883,-0.0587652827090629,-0.948426851905263,0.293373415305445,-0.12007724920688,1.70395683316743,6.04518747862298
76.2,0.109155811129619,0.0259497217840411,1.00000014992944,0.209303345520446,0.0497578967946569,1.91747351547449,-0.102082868203682,0.0929559677518713,0.99042328126848,0.302616609882351,0.95134005972283,-0.0580971444210181,-0.947629819836112,0.293787812589081,-0.125245541762973,1.7092322544349,6.04518747135783
76.25,0.109155819541491,0.0259496624901564,1.00000014988727,0.209303361649987,0.0497577831002203,1.91747351539363,-0.107141054585109,0.0939422493083413,0.989795760860431,0.303445872222609,0.951116727109346,-0.057424507345436,-0.946805891961732,0.294196915700514,-0.130410036955956,1.71450767569498,6.04518746170981
76.3,0.109155828031672,0.0259496041666612,1.00000014980896,0.209303377929681,0.0497576712664798,1.91747351524348,-0.112195380999112,0.0949307533755816,0.989141217696446,0.304271526587076,0.950893564923868,-0.0567473902020963,-0.945955091212493,0.294600713254267,-0.135570591055886,1.71978309694561,6.04518744967942
76.35,0.109155836596632,0.0259495468060432,1.00000014969529,0.209303394352762,0.0497575612790304,1.91747351502552,-0.117245706781793,0.0959214524431164,0.988459669992884,0.305093549997483,0.950670579377086,-0.056065811835466,-0.945077441266678,0.294999194012525,-0.140727060442508,1.7250585181847,6.04518743526629
76.4,0.109155845232843,0.02594949040079,1.00000014954704,0.209303410912466,0.0497574531234675,1.91747351474125,-0.122291891380602,0.0969143189393801,0.987751136717681,0.305911919576618,0.950447776674775,-0.0553797912141745,-0.944172966549829,0.295392346885448,-0.145879301609253,1.73033393941017,6.04518741847068
76.45,0.109155853936777,0.0259494349433892,1.00000014936498,0.209303427602026,0.0497573467853861,1.91747351439217,-0.127333794358243,0.0979093252324841,0.987015637589827,0.306726612548958,0.950225163017624,-0.0546893474304864,-0.943241692234061,0.295780160931478,-0.151027171167228,1.73560936061995,6.04518739929244
76.5,0.109155862704906,0.0259493804263283,1.0000001491499,0.209303444414679,0.0497572422503815,1.91747351397975,-0.132371275396589,0.0989064436309864,0.986253193078811,0.30753760624131,0.950002744601055,-0.0539944996997693,-0.942283644237363,0.296162625357647,-0.156170525849216,1.74088478181194,6.04518737773171
76.55,0.109155871533701,0.0259493268420951,1.00000014890257,0.209303461343658,0.0497571395040487,1.9174735135055,-0.137404194300584,0.0999056463846626,0.985463824404057,0.308344878083435,0.949780527615061,-0.0532952673599593,-0.941298849222881,0.296539729519875,-0.161309222513657,1.74616020298409,6.04518735378824
76.6,0.109155880419636,0.025949274183177,1.00000014862377,0.209303478382199,0.0497570385319831,1.91747351297091,-0.142432411002147,0.100906905685277,0.984647553534329,0.30914840560868,0.949558518244025,-0.0525916698710229,-0.940287334598168,0.296911462923266,-0.166443118148631,1.7514356241343,6.04518732746203
76.65,0.10915588935918,0.0259492224420617,1.00000014831428,0.209303495523537,0.0497569393197796,1.91747351237747,-0.147455785564069,0.10191019366736,0.98380440318712,0.309948166454605,0.949336722666555,-0.0518837268144147,-0.939249128514428,0.297277815222404,-0.171572069875847,1.75671104526049,6.04518729875332
76.7,0.109155898348807,0.0259491716112367,1.00000014797487,0.209303512760905,0.0497568418530337,1.91747351172666,-0.152474178183906,0.102915482408977,0.982934396828023,0.3107441383636,0.949115147055307,-0.0511714578925337,-0.938184259865729,0.297638776221633,-0.176695934954607,1.7619864663606,6.045187267662
76.75,0.109155907384988,0.0259491216831898,1.00000014760633,0.20930353008754,0.0497567461173403,1.91747351101999,-0.157487449197878,0.103922743932514,0.982037558670076,0.311536299183511,0.948893797576814,-0.0504548829281734,-0.937092758288201,0.297994335875349,-0.181814570785791,1.76726188743253,6.04518723418806
76.8,0.109155916464195,0.0259490726504084,1.00000014720942,0.209303547496676,0.0497566520982947,1.91747351025894,-0.162495459084747,0.104931950205449,0.981113913673086,0.312324626868249,0.948672680391316,-0.0497340218639711,-0.935974654159207,0.298344484288277,-0.186927834915819,1.77253730847421,6.04518719833164
76.85,0.109155925582899,0.0259490245053802,1.00000014678494,0.209303564981548,0.0497565597814921,1.917473509445,-0.167498068469706,0.105943073141138,0.980163487542935,0.313109099478411,0.948451801652588,-0.049008894761852,-0.934829978596502,0.298689211715742,-0.192035585040618,1.77781272948356,6.04518716009259
76.9,0.109155934737573,0.0259489772405928,1.00000014633366,0.20930358253539,0.0497564691525276,1.91747350857968,-0.172495138128258,0.106956084599592,0.979186306730868,0.313889695181888,0.948231167507769,-0.0482795218024716,-0.933658763457365,0.299028508563947,-0.197137679009586,1.7830881504585,6.0451871194708
76.95,0.109155943924689,0.0259489308485337,1.00000014585635,0.209303600151438,0.0497563801969964,1.91747350766445,-0.177486528990085,0.107970956388263,0.978182398432754,0.314666392254468,0.948010784097189,-0.047545923284654,-0.932461041337711,0.299362365390236,-0.202233974829539,1.78836357139695,6.04518707646639
77,0.109155953140717,0.0259488853216907,1.00000014535379,0.209303617822926,0.0497562929004936,1.91747350670081,-0.18247210214293,0.108987660262829,0.977151790588327,0.315439169080451,0.9477906575542,-0.0468081196248259,-0.931236845571187,0.299690772903357,-0.207324330668674,1.79363899229683,6.04518703116664
77.05,0.109155962382327,0.0259488406524331,1.00000014482674,0.209303635543465,0.0497562072483882,1.9174735056902,-0.187451718836597,0.110006167928007,0.976094511880382,0.31620800415326,0.947570794004999,-0.0460661313564278,-0.929986210228204,0.300013721963732,-0.212408604860659,1.79891441315622,6.0451869840083
77.1,0.109155971646968,0.0259487968326585,1.00000014427581,0.209303653308167,0.0497561232251434,1.91747350463381,-0.192425240487248,0.111026451038431,0.975010591733872,0.316972876076118,0.947351199568437,-0.0453199791292766,-0.928709170114875,0.300331203583735,-0.217486655909015,1.8041898339738,6.04518693542813
77.15,0.109155980932288,0.0259487538541459,1.0000001437016,0.209303671112519,0.0497560408149963,1.91747350353278,-0.197392528680826,0.112048481199357,0.973900060315178,0.317733763562563,0.947131880355869,-0.0445696837090536,-0.927405760772144,0.300643208927914,-0.222558342490611,1.8094652547484,6.04518688551352
77.2,0.109155990235933,0.0259487117086749,1.00000014310471,0.20930368895201,0.0497559600021839,1.91747350238826,-0.202353445176758,0.113072229967414,0.972762948531292,0.31849064543703,0.946912842470991,-0.0438152659767488,-0.926076018474834,0.300949729313228,-0.227623523459448,1.81474067547886,6.04518683426423
77.25,0.109155999555551,0.0259486703880246,1.00000014248573,0.209303706822128,0.0497558807709431,1.91747350120137,-0.207307851911813,0.114097668851407,0.971599288028961,0.319243500635431,0.946694092009667,-0.0430567469280779,-0.924719980230635,0.301250756209287,-0.232682057850593,1.82001609616401,6.04518678168012
77.3,0.109156008888788,0.0259486298839742,1.00000014184525,0.209303724718359,0.049755803105511,1.91747349997327,-0.212255611003932,0.115124769313102,0.970409111193806,0.319992308205745,0.946475635059764,-0.0422941476728995,-0.923337683779075,0.301546281238589,-0.237733804884098,1.8252915168027,6.04518672776145
77.35,0.109156018233291,0.0259485901883032,1.00000014118386,0.209303742636193,0.0497557269901246,1.91747349870509,-0.217196584756077,0.116153502768025,0.969192451149417,0.320737047308603,0.946257477700978,-0.0415274894346268,-0.921929167590469,0.301836296176756,-0.24277862396892,1.83056693739374,6.04518667250834
77.4,0.109156027586706,0.0259485512927909,1.00000014050217,0.209303760571117,0.0497556524090209,1.91747349739796,-0.222130635660058,0.117183840586254,0.967949341756434,0.321477697217864,0.946039626004668,-0.0407567935496371,-0.920494470864849,0.302120792952759,-0.247816374706834,1.83584235793599,6.04518661592042
77.45,0.109156036946681,0.0259485131892163,1.00000013980077,0.209303778518619,0.0497555793464369,1.91747349605304,-0.227057626400354,0.118215754093217,0.966679817611607,0.322214237321195,0.945822086033686,-0.0399820814666784,-0.919033633530873,0.302399763649146,-0.252846916896336,1.84111777842828,6.04518655799807
77.5,0.109156046310863,0.025948475869359,1.00000013908024,0.209303796474186,0.0497555077866096,1.91747349467145,-0.231977419857949,0.119249214570494,0.965383914046826,0.322946647120643,0.945604863842207,-0.0392033747462714,-0.917546696244711,0.302673200502261,-0.257870110536553,1.84639319886943,6.04518649874128
77.55,0.109156055676897,0.0259484393249982,1.00000013834119,0.209303814433307,0.049755437713776,1.91747349325435,-0.236889879114135,0.120284193256609,0.964061667128145,0.323674906233206,0.945387965475563,-0.0384206950601104,-0.916033700388919,0.30294109590246,-0.262885815831134,1.85166861925829,6.04518643814968
77.6,0.109156065042432,0.025948403547913,1.00000013758422,0.209303832391469,0.0497553691121731,1.91747349180286,-0.24179486745433,0.121320661347837,0.962713113654772,0.324398994391401,0.945171396970072,-0.0376340641904597,-0.914494688071282,0.303203442394323,-0.26789389319214,1.85694403959369,6.04518637622339
77.65,0.109156074405113,0.025948368529883,1.0000001368099,0.20930385034416,0.049755301966038,1.91747349031813,-0.246692248371884,0.122358589999001,0.961338291158051,0.325118891443826,0.944955164352872,-0.036843504029547,-0.912929702123643,0.30346023267686,-0.272894203243937,1.86221945987447,6.04518631296267
77.7,0.109156083762589,0.0259483342626872,1.00000013601884,0.209303868286868,0.0497552362596075,1.91747348880129,-0.251581885571868,0.123397950324277,0.959937237900411,0.325834577355723,0.944739273641753,-0.0360490365789553,-0.911338786100713,0.303711459603717,-0.277886606827062,1.86749488009946,6.04518624836725
77.75,0.109156093112504,0.0259483007381051,1.00000013521163,0.20930388621508,0.0497551719771189,1.9174734872535,-0.256463642974881,0.124438713398,0.958509992874307,0.326546032209534,0.944523730844989,-0.0352506839490092,-0.909721984278858,0.303957116183374,-0.282870965002108,1.8727703002675,6.04518618243728
77.8,0.109156102452507,0.0259482679479159,1.00000013438887,0.209303904124286,0.0497551091028089,1.91747348567588,-0.261337384720829,0.125480850255464,0.957056595801128,0.327253236205458,0.944308541961171,-0.03444846835816,-0.908079341654865,0.304197195579338,-0.287847139053585,1.87804572037742,6.04518611517262
77.85,0.109156111780244,0.0259482358838989,1.00000013355115,0.209303922009971,0.0497550476209147,1.91747348406957,-0.266202975172708,0.126524331893734,0.955577087130098,0.327956169661998,0.944093712979039,-0.0336424121323675,-0.90641090394469,0.304431691110334,-0.292814990493781,1.88332114042806,6.04518604657365
77.9,0.109156121093362,0.0259482045378334,1.00000013269907,0.209303939867625,0.0497549875156733,1.91747348243572,-0.271060278920382,0.127569129272447,0.954071508037146,0.328654813016513,0.943879249877316,-0.0328325377044782,-0.904716717582187,0.304660596250491,-0.297774381066621,1.88859656041826,6.04518597663987
77.95,0.109156130389507,0.0259481739014987,1.00000013183321,0.209303957692735,0.0497549287713216,1.91747348077547,-0.275909160784342,0.128615213314626,0.952539900423764,0.329349146825759,0.943665158624545,-0.032018867613602,-0.902996829717815,0.304883904629526,-0.302725172751506,1.89387198034684,6.0451859053714
78,0.109156139666327,0.025948143966674,1.00000013095418,0.209303975480789,0.0497548713720967,1.91747347908995,-0.280749485819481,0.129662554907485,0.950982306915833,0.330039151766431,0.943451445178917,-0.0312014245044834,-0.901251288217327,0.305101610032916,-0.307667227767162,1.89914740021265,6.045185832833
78.05,0.109156148921625,0.0259481147251728,1.00000013006254,0.209303993227575,0.049754815302301,1.91747347738025,-0.285581119318948,0.130711124903264,0.949398770862413,0.330724808635718,0.943238115488103,-0.0303802311268545,-0.899480141660395,0.305313706402082,-0.312600408575579,1.90442282001462,6.04518575934781
78.1,0.109156158153828,0.0259480861689449,1.00000012915875,0.209304010930078,0.0497547605464985,1.91747347564725,-0.290403926818201,0.131760894120108,0.947789336334419,0.331406098351876,0.943025175489077,-0.0295553103347482,-0.897683439339145,0.305520187834563,-0.317524577886151,1.90969823975217,6.04518568523885
78.15,0.109156167361523,0.0259480582899743,1.00000012824323,0.209304028585586,0.0497547070893188,1.91747347389177,-0.295217774098444,0.132811833342811,0.946154048123498,0.33208300195472,0.942812631107961,-0.0287266850859137,-0.895861231256885,0.305721048584171,-0.32243959865918,1.91497365942481,6.04518561057075
78.2,0.109156176543293,0.025948031080245,1.00000012731642,0.209304046191384,0.0497546549153913,1.91747347211464,-0.300022527190249,0.133863913323606,0.944492951740809,0.332755500606129,0.94260048825987,-0.0278943784411959,-0.89401356812676,0.305916283061144,-0.327345334109581,1.92024907903204,6.04518553534364
78.25,0.109156185697723,0.0259480045317408,1.00000012637875,0.209304063744759,0.0497546040093454,1.91747347031667,-0.304818052377299,0.134917104782981,0.942806093415761,0.333423575590577,0.942388752848739,-0.027058413563892,-0.892140501370331,0.306105885832301,-0.332241647710694,1.92552449857338,6.0451854595575
78.3,0.109156194823398,0.0259479786364459,1.00000012543064,0.209304081242997,0.0497545543558107,1.9174734684987,-0.309604216200096,0.135971378410493,0.941093520094722,0.334087208315651,0.942177430767166,-0.0262188137191079,-0.890242083116148,0.306289851621193,-0.337128403198082,1.93079991804834,6.04518538321211
78.35,0.109156203918903,0.0259479533863442,1.00000012447253,0.209304098683384,0.0497545059394166,1.91747346666154,-0.314380885459683,0.137026704865584,0.939355279439716,0.334746380312568,0.941966527896247,-0.0253756022731106,-0.888318366198301,0.306468175308253,-0.342005464573318,1.93607533745643,6.04518530630757
78.4,0.109156212982822,0.0259479287734196,1.00000012350484,0.209304116063206,0.0497544587447927,1.91747346480603,-0.319147927221347,0.138083054778397,0.937591419827093,0.335401073236693,0.941756050105408,-0.0245288026926775,-0.886369404154945,0.306640851930932,-0.346872696107779,1.94135075679716,6.04518522884401
78.45,0.109156222013741,0.0259479047896562,1.000000122528,0.20930413337975,0.0497544127565683,1.91747346293298,-0.32390520881832,0.139140398750594,0.935801990346188,0.336051268868041,0.941546003252245,-0.0236784385444442,-0.884395251226814,0.306807876683845,-0.351729962346415,1.94662617607005,6.04518515082132
78.5,0.109156231010243,0.0259478814270378,1.00000012154245,0.209304150630302,0.049754367959373,1.91747346104321,-0.328652597855471,0.140198707356172,0.933987040797948,0.336696949111795,0.941336393182363,-0.0228245334942472,-0.88239596235571,0.306969244918899,-0.356577128111523,1.95190159527461,6.04518507223948
78.55,0.109156239970913,0.0259478586775484,1.00000012054862,0.209304167812149,0.0497543243378362,1.91747345913755,-0.333389962212994,0.141257951142286,0.932146621693552,0.337338095998799,0.941127225729208,-0.0219671113064663,-0.880371593182972,0.307124952145424,-0.36141405850651,1.95717701441035,6.04518499309876
78.6,0.109156248894337,0.0259478365331721,1.00000011954692,0.209304184922575,0.0497542818765875,1.91747345721683,-0.338117170050079,0.142318100630067,0.930280784253,0.337974691686067,0.940918506713908,-0.0211061958433631,-0.878322200047929,0.3072749940303,-0.366240618919646,1.96245243347679,6.04518491339876
78.65,0.109156257779099,0.0259478149858928,1.0000001185378,0.209304201958868,0.0497542405602562,1.91747345528187,-0.342834089808586,0.14337912631544,0.92838958040369,0.338606718457274,0.940710241945111,-0.0202418110644162,-0.876247839986333,0.307419366398073,-0.371056675027809,1.96772785247342,6.04518483313963
78.7,0.109156266623784,0.0259477940276944,1.00000011752168,0.209304218918314,0.0497542003734719,1.91747345333349,-0.347540590216701,0.144440998669947,0.926473062778975,0.33923415872325,0.940502437218823,-0.0193739810256559,-0.874148570728772,0.307558065231075,-0.375862092800221,1.97300327139978,6.04518475232122
78.75,0.109156275426976,0.0259477736505609,1.000000116499,0.209304235798199,0.0497541613008641,1.91747345137252,-0.352236540292598,0.14550368814157,0.924531284716695,0.339856995022472,0.940295098318247,-0.0185027298789928,-0.87202445069906,0.307691086669536,-0.380656738502189,1.97827869025536,6.04518467094393
78.8,0.10915628418726,0.0259477538464764,1.00000011547017,0.20930425259581,0.0497541233270622,1.91747344939977,-0.356921809348077,0.146567165155553,0.922564300257689,0.340475210021546,0.940088231013619,-0.0176280818715465,-0.86987553901261,0.307818427011689,-0.385440478698813,1.98355410903968,6.0451845890075
78.85,0.109156292903221,0.0259477346074247,1.00000011443563,0.209304269308432,0.0497540864366957,1.91747344741608,-0.361596266992201,0.147631400115224,0.920572164144302,0.341088786515693,0.939881841062052,-0.0167500613449713,-0.867701895474798,0.307940082713874,-0.390213180258709,1.98882952775226,6.04518450651193
78.9,0.109156301573444,0.0259477159253899,1.00000011339582,0.209304285933351,0.049754050614394,1.91747344542226,-0.366259783134933,0.148696363402816,0.918554931818849,0.341697707429228,0.939675934207373,-0.0158686927347775,-0.865503580579285,0.308056050390637,-0.394974710357713,1.9941049463926,6.04518442345734
78.95,0.109156310196513,0.0259476977923559,1.00000011235116,0.209304302467855,0.0497540158447867,1.91747344341914,-0.370912227990742,0.149762025380299,0.91651265942208,0.342301955816029,0.939470516179965,-0.0149840005696532,-0.863280655506345,0.308166326814824,-0.39972493648257,1.99938036496022,6.04518433984374
79,0.109156318771013,0.0259476802003066,1.00000011130207,0.209304318909229,0.0497539821125033,1.91747344140755,-0.375553472082232,0.150828356390198,0.914445403791616,0.342901514860018,0.939265592696605,-0.0140960094707794,-0.861033182121157,0.308270908917671,-0.404463726434632,2.00465578345463,6.04518425571578
79.05,0.109156327295647,0.0259476631413546,1.00000011024897,0.209304335254988,0.0497539494024196,1.91747343938826,-0.380183386243802,0.151895326756437,0.912353222460332,0.34349636787563,0.939061169460304,-0.0132047441511331,-0.858761222972047,0.30836979378889,-0.409190948333601,2.00993120187542,6.04518417129864
79.1,0.109156335769594,0.0259476466081264,1.00000010919217,0.209304351503553,0.049753917700397,1.91747343736188,-0.384801841625451,0.15296290678521,0.910236173654662,0.344086498308307,0.938857252160137,-0.0123102294147584,-0.856464841288648,0.308462978676754,-0.413906470621414,2.01520662022249,6.045184086817
79.15,0.109156344192149,0.0259476305933769,1.00000010813196,0.209304367653577,0.0497538869925436,1.91747343532895,-0.389408709696152,0.154031066765767,0.90809431629307,0.344671889734931,0.938653846471099,-0.011412490156116,-0.854144100980232,0.30855046098817,-0.418610162065685,2.02048203849583,6.04518400231577
79.2,0.109156352562608,0.0259476150898612,1.00000010706863,0.20930438370371,0.0497538572649672,1.91747343329004,-0.394003862247363,0.155099776971215,0.905927709984434,0.345252525864272,0.938450958053941,-0.0105115513594034,-0.851799066633969,0.308632238288745,-0.423301891763288,2.02575745669542,6.0451839177952
79.25,0.10915636088027,0.0259476000903342,1.00000010600247,0.209304399652602,0.0497538285037758,1.9174734312457,-0.398587171396593,0.156169007659352,0.903736415026393,0.34582839053744,0.938248592555023,-0.00960743809785924,-0.849429803513125,0.308708308302859,-0.427981529144004,2.03103287482125,6.04518383325478
79.3,0.109156369144429,0.0259475855875509,1.00000010493377,0.209304415498906,0.0497538006950771,1.9174734291965,-0.403158509590963,0.157238729073495,0.901520492403664,0.346399467728335,0.938046755606148,-0.0087001755330656,-0.84703637755525,0.308778668913725,-0.432648943974151,2.03630829287329,6.04518374869529
79.35,0.109156377354381,0.0259475715742664,1.00000010386281,0.20930443124127,0.0497537738249792,1.91747342714297,-0.407717749610754,0.158308911443303,0.899280003786351,0.346965741544095,0.937845452824413,-0.00778978891424786,-0.844618855370337,0.308843318163448,-0.437304006360212,2.04158371085153,6.04518366411619
79.4,0.109156385509425,0.0259475580432356,1.0000001027899,0.209304446878348,0.04975374787959,1.91747342508569,-0.412264764572947,0.159379524985612,0.897015011528221,0.347527196225538,0.937644689812045,-0.00687630357757202,-0.842177304238976,0.308902254253081,-0.441946586752444,2.04685912875595,6.04518357951751
79.45,0.109156393608855,0.0259475449872136,1.00000010171532,0.209304462408788,0.0497537228450172,1.91747342302521,-0.416799427934753,0.160450539905257,0.894725578664975,0.348083816147597,0.937444472156251,-0.00595974494544019,-0.839711792110477,0.308955475542675,-0.446576555948486,2.05213454658653,6.04518349489949
79.5,0.109156401651968,0.0259475323989553,1.00000010063935,0.209304477831243,0.049753698707369,1.91747342096208,-0.421321613497143,0.161521926395908,0.89241176891249,0.348635585819759,0.937244805429059,-0.00504013852578147,-0.837222387600975,0.309002980551322,-0.45119378509696,2.05740996434327,6.04518341026213
79.55,0.109156409638061,0.0259475202712157,1.0000000995623,0.209304493144363,0.049753675452753,1.91747341889686,-0.425831195408347,0.162593654640893,0.890073646665048,0.349182489886493,0.937045695187166,-0.00411750991134371,-0.834709159991531,0.309044767957199,-0.455798145701048,2.06268538202614,6.04518332560467
79.6,0.10915641756643,0.0259475085967499,1.00000009848445,0.209304508346798,0.0497536530672774,1.9174734168301,-0.430328048167367,0.163665694814035,0.887711276993541,0.349724513127681,0.93684714697178,-0.00319188477898039,-0.832172179226193,0.309080836597605,-0.460389509622074,2.06796079963512,6.04518324092787
79.65,0.109156425436372,0.0259474973683128,1.00000009740609,0.2093045234372,0.0497536315370499,1.91747341476237,-0.434812046627466,0.164738017080475,0.885324725643663,0.350261640459038,0.936649166308469,-0.00226328888893587,-0.829611515910054,0.30911118546899,-0.464967749083071,2.07323621717019,6.04518315623174
79.7,0.109156433247182,0.0259474865786594,1.0000000963275,0.209304538414219,0.0497536108481784,1.91747341269422,-0.439283065999647,0.165810591597507,0.88291405903408,0.350793856932532,0.936451758707003,-0.00133174808412961,-0.827027241307291,0.309135813726987,-0.469532736672328,2.07851163463135,6.04518307151626
79.75,0.109156440998157,0.0259474762205448,1.00000009524899,0.209304553276507,0.0497535909867709,1.9174734106262,-0.443740981856132,0.166883388515406,0.880479344254578,0.351321147736803,0.936254929661207,-0.000397288289435666,-0.824419427339174,0.309154720686432,-0.474084345346947,2.08378705201857,6.0451829867812
79.8,0.109156448688594,0.0259474662867239,1.00000009417084,0.209304568022713,0.0497535719389353,1.91747340855888,-0.448185670133825,0.16795637797826,0.8780206490642,0.351843498197573,0.936058684648801,0.000540064489038455,-0.821788146582067,0.309167905821387,-0.478622448436374,2.08906246933184,6.0451829020268
79.85,0.109156456317789,0.0259474567699518,1.00000009309334,0.20930458265149,0.0497535536907795,1.9174734064928,-0.452617007137756,0.169029530124801,0.875538041889357,0.352360893778054,0.935863029131252,0.00148028416467505,-0.819133472265413,0.30917536876515,-0.483146919645921,2.09433788657114,6.04518281725255
79.9,0.109156463885038,0.0259474476629833,1.00000009201678,0.209304597161488,0.0497535362284114,1.91747340442852,-0.457034869544535,0.170102815089235,0.873031591821927,0.352873320079353,0.935667968553624,0.00242334457107304,-0.816455478269687,0.309177109310268,-0.487657633060288,2.09961330373645,6.04518273245896
79.95,0.109156471389638,0.0259474389585736,1.00000009094145,0.209304611551357,0.0497535195379388,1.91747340236661,-0.461439134405773,0.171176203002075,0.870501368617329,0.353380762840874,0.935473508344418,0.00336921946277471,-0.813754239124352,0.309173127408543,-0.492154463147058,2.10488872082775,6.04518264764578
80,0.109156478830884,0.0259474306494777,1.00000008986764,0.209304625819748,0.0497535036054697,1.91747340030761,-0.465829679151513,0.172249663990969,0.867947442692584,0.353883207940713,0.935279653915431,0.00431788251599827,-0.81102983000577,0.309163423171031,-0.496637284760198,2.11016413784503,6.04518256284201
80.05,0.10915648620816,0.0259474227286289,1.00000008879563,0.209304639965476,0.0497534884174543,1.91747339825205,-0.470206381593677,0.173323168181546,0.865369885124328,0.354380641396057,0.935086410661597,0.00526930732937775,-0.808282326735096,0.309147996868043,-0.501105973143581,2.11543955478832,6.04518247819168
80.1,0.109156493521185,0.0259474151896748,1.0000000877256,0.209304653988007,0.0497534739617115,1.91747339620031,-0.474569119929593,0.174396685698273,0.86276876764676,0.354873049363585,0.934893783960833,0.00622346742472629,-0.805511805776081,0.309126848929131,-0.505560403934588,2.12071497165786,6.0451823938393
80.15,0.109156500769768,0.0259474080264411,1.00000008665774,0.20930466788697,0.0497534602264028,1.91747339415271,-0.478917772745257,0.175470186665262,0.860144162649716,0.355360418139842,0.934701779173896,0.00718033624774564,-0.802718344233019,0.30909997994308,-0.510000453167434,2.12599038845393,6.04518230981311
80.2,0.109156507953715,0.0259474012327539,1.00000008559223,0.209304681661995,0.0497534471996894,1.91747339210962,-0.483252219018667,0.176543641207083,0.857496143176679,0.355842734161612,0.934510401644235,0.00813988716875558,-0.799902019848633,0.309067390657889,-0.514425997276577,2.13126580517682,6.04518222611313
80.25,0.109156515072832,0.025947394802439,1.00000008452924,0.209304695312712,0.0497534348697327,1.91747339007136,-0.487572338123196,0.177617019449605,0.854824782922745,0.356319984006297,0.934319656697841,0.00910209348343638,-0.797062911001906,0.309029081980753,-0.518836913100158,2.1365412218268,6.04518214273985
80.3,0.109156522126927,0.0259473887293222,1.00000008346895,0.20930470883875,0.0497534232246939,1.91747338803828,-0.491878009830949,0.17869029152082,0.852130156232573,0.35679215439229,0.934129549643102,0.0100669284135711,-0.794201096705899,0.308985054978036,-0.52323307788343,2.14181663840418,6.04518205969302
80.35,0.109156529115806,0.0259473830072295,1.00000008241153,0.209304722239738,0.0497534122527344,1.91747338601072,-0.496169114316103,0.179763427551675,0.849412338098316,0.357259232179345,0.933940085770652,0.0110343651077907,-0.791316656605558,0.308935310875239,-0.527614369282169,2.14709205490922,6.04518197697264
80.4,0.109156536039276,0.0259473776299868,1.00000008135718,0.209304735515307,0.0497534019420154,1.91747338398902,-0.500445532158248,0.180836397676909,0.846671404157532,0.357721204368944,0.933751270353225,0.0120043766423223,-0.78840967097549,0.308879851056972,-0.531980665366085,2.15236747134222,6.04518189457872
80.45,0.109156542897144,0.0259473725914199,1.00000008030606,0.209304748665085,0.0497533922806984,1.91747338197352,-0.504707144345704,0.181909172035877,0.843907430691084,0.358178058104655,0.933563108645509,0.0129769360217364,-0.785480220717736,0.308818677066909,-0.536331844622209,2.15764288770345,6.04518181251125
80.5,0.109156549689216,0.0259473678853548,1.00000007925835,0.209304761688702,0.0497533832569445,1.91747337996457,-0.508953832278839,0.182981720773386,0.841120494621011,0.358629780672494,0.933375605883998,0.0139520161797005,-0.782528387359514,0.308751790607748,-0.540667785958279,2.16291830399322,6.04518173077023
80.55,0.1091565564153,0.0259473635056174,1.00000007821423,0.209304774585789,0.0497533748589152,1.9174733779625,-0.513185477773367,0.184054014040522,0.838310673508391,0.359076359501276,0.933188767286849,0.0149295899797312,-0.779554253050954,0.308679193541165,-0.544988368706108,2.16819372021179,6.04518164935592
80.6,0.109156563075203,0.0259473594460334,1.00000007717388,0.209304787355973,0.0497533670747717,1.91747337596765,-0.517401963063637,0.185126021995486,0.835478045551181,0.359517782162967,0.933002598053732,0.0159096302159493,-0.776557900562808,0.308600887887759,-0.549293472624944,2.17346913635946,6.04518156826781
80.65,0.10915656966873,0.0259473557004289,1.00000007613747,0.209304799998886,0.0497533598926753,1.91747337398037,-0.521603170805911,0.186197714804418,0.832622689582041,0.359954036373025,0.932817103365693,0.0168921096138378,-0.773539413284149,0.308516875826999,-0.553582977904814,2.17874455243651,6.04518148750614
80.7,0.10915657619569,0.0259473522626297,1.00000007510519,0.209304812514156,0.0497533533007874,1.917473372001,-0.525788984081626,0.18726906264223,0.829744685066143,0.360385109990751,0.932632288385001,0.0178770008309989,-0.770498875220053,0.30842715969716,-0.557856765169856,2.18401996844322,6.04518140707068
80.75,0.109156582655888,0.0259473491264617,1.00000007407721,0.209304824901413,0.0497533472872692,1.91747337002988,-0.529959286400654,0.188340035693441,0.826844112098951,0.360810991019615,0.932448158255011,0.0188642764579176,-0.767436370989252,0.308331741995259,-0.56211471548165,2.18929538437988,6.04518132696192
80.8,0.109156589049132,0.0259473462857508,1.00000007305371,0.209304837160287,0.0497533418402821,1.91747336806735,-0.534113961704538,0.189410604152997,0.823921051404004,0.361231667607603,0.932264718100019,0.0198539090187229,-0.76435198582179,0.308230625376989,-0.566356710342516,2.19457080024677,6.04518124717987
80.85,0.109156595375228,0.025947343734323,1.00000007203487,0.209304849290406,0.0497533369479875,1.91747336611375,-0.538252894369728,0.190480738227109,0.820975584330659,0.361647128047533,0.932081973025116,0.020845870971953,-0.761245805556642,0.30812381265664,-0.570582631698823,2.19984621604419,6.04518116772427
80.9,0.109156601633983,0.0259473414660039,1.00000007102087,0.209304861291402,0.0497533325985465,1.91747336416942,-0.542375969210792,0.191550408134077,0.81800779285183,0.362057360777394,0.93189992811605,0.0218401347113211,-0.758117916639333,0.308011306807022,-0.574792361944267,2.20512163177241,6.04518108859487
80.95,0.109156607825204,0.0259473394746197,1.00000007001187,0.209304873162902,0.0497533287801205,1.9174733622347,-0.546483071483624,0.192619584105121,0.815017759561714,0.362462354380657,0.931718588439086,0.022836672566484,-0.754968406119525,0.307893110959385,-0.578985783923143,2.21039704743172,6.04518100979192
81,0.109156613948698,0.0259473377539961,1.00000006900807,0.209304884904538,0.0497533254808708,1.91747336030994,-0.550574086888638,0.19368823638521,0.81200556767348,0.3628620975866,0.931537959040858,0.0238354568038129,-0.7517973616486,0.307769228403329,-0.583162780933612,2.2156724630224,6.04518093133171
81.05,0.109156620004328,0.0259473362981552,1.00000006800963,0.209304896516047,0.0497533226893349,1.91747335839545,-0.554648901573973,0.194756335233893,0.808971301016945,0.363256579270619,0.931358044948234,0.0248364596271695,-0.748604871477199,0.307639662586713,-0.587323236730967,2.22094787854477,6.04518085329514
81.1,0.109156625992186,0.0259473351019035,1.00000006701664,0.209304907997603,0.0497533203955542,1.91747335649143,-0.558707402138722,0.195823850926148,0.80591504403619,0.363645788454547,0.931178851168172,0.0258396531786965,-0.745391024452717,0.307504417115556,-0.591467035530933,2.22622329399925,6.04518077576365
81.15,0.109156631912419,0.0259473341602435,1.00000006602921,0.209304919349492,0.0497533185899465,1.91747335459806,-0.562749475636023,0.196890753753189,0.802836881787255,0.364029714306951,0.93100038268758,0.026845009539577,-0.742155910016879,0.307363495753939,-0.595594062012825,2.23149870938631,6.04518069875352
81.2,0.109156637765176,0.025947333468178,1.00000006504743,0.209304930571997,0.0497533172629293,1.91747335271551,-0.566775009576177,0.197957014023285,0.799736899935791,0.364408346143432,0.930822644473183,0.0278525007308048,-0.738899618203267,0.307216902423899,-0.599704201322728,2.23677412470638,6.04518062226449
81.25,0.109156643550604,0.0259473330207094,1.00000006407138,0.209304941665401,0.0497533164049203,1.91747335084397,-0.570783891929786,0.199022602062593,0.796615184754673,0.36478167342692,0.930645641471383,0.0288620987139646,-0.735622239634816,0.307064641205323,-0.603797339076701,2.24204953995993,6.0451805462963
81.3,0.109156649268852,0.0259473328128405,1.00000006310116,0.209304952629988,0.0497533160063372,1.9174733489836,-0.574776011130863,0.200087488215976,0.7934718231216,0.365149685767973,0.930469378608119,0.0298737753920119,-0.73232386552129,0.306906716335833,-0.607873361363954,2.24732495514742,6.04518047084973
81.35,0.109156654920067,0.0259473328395738,1.00000006213687,0.209304963466042,0.0497533160575976,1.91747334713459,-0.578751256079942,0.201151642847836,0.790306902516678,0.365512372925059,0.930293860788733,0.0308875026100546,-0.729004587656746,0.306743132210666,-0.611932154750024,2.25260037026929,6.045180395924
81.4,0.109156660504398,0.0259473330959119,1.00000006117859,0.209304974173847,0.0497533165491192,1.91747334529712,-0.582709516147165,0.202215036342932,0.787120511019986,0.365869724804846,0.930119092897834,0.0319032521561365,-0.725664498416977,0.306573893382555,-0.615973606279927,2.25787578532601,6.04518032151963
81.45,0.109156666021993,0.0259473335768576,1.00000006022641,0.209304984753687,0.0497533174713195,1.91747334347135,-0.586650681175364,0.203277639107208,0.783912737309123,0.36622173146248,0.929945079799157,0.0329209957620223,-0.722303690756945,0.306399004561601,-0.6199976034813,2.26315120031802,6.04518024763662
81.5,0.109156671472999,0.0259473342774133,1.00000005928044,0.209304995205845,0.0497533188146163,1.91747334165746,-0.590574641483127,0.204339421568614,0.78068367065674,0.366568383101865,0.929771826335434,0.0339407051039852,-0.718922258208188,0.306218470615141,-0.624004034367538,2.26842661524579,6.04518017427471
81.55,0.109156676857565,0.0259473351925816,1.00000005834075,0.209305005530606,0.0497533205694272,1.91747333985564,-0.594481287867846,0.205400354177933,0.777433400928058,0.366909670075932,0.929599337328256,0.034962351803594,-0.715520294876223,0.306032296567613,-0.627992787440903,2.27370203010976,6.04518010143339
81.6,0.109156682175838,0.0259473363173653,1.00000005740745,0.209305015728252,0.0497533227261698,1.91747333806606,-0.598370511608764,0.206460407409599,0.774162018578365,0.367245582886909,0.929427617577938,0.0359859074285035,-0.712097895437924,0.305840487600417,-0.631963751695632,2.27897744491039,6.04518002911394
81.65,0.109156687427967,0.0259473376467669,1.00000005648062,0.209305025799069,0.0497533252752617,1.91747333628889,-0.602242204469992,0.207519551762522,0.770869614650497,0.367576112186586,0.929256671863388,0.0370113434932462,-0.708655155138886,0.30564304905177,-0.635916816621026,2.28425285964815,6.04517995731559
81.7,0.109156692614099,0.025947339175789,1.00000005556036,0.209305035743338,0.0497533282071207,1.91747333452431,-0.606096258703524,0.208577757760905,0.767556280772312,0.367901248776574,0.929086504941971,0.038038631460023,-0.70519216979078,0.305439986416558,-0.639851872204516,2.28952827432347,6.04517988603783
81.75,0.109156697734383,0.0259473408994343,1.00000005464676,0.209305045561346,0.0497533315121644,1.9174733327725,-0.609932567052238,0.209634995955069,0.764222109154129,0.368220983608561,0.928917121549379,0.0390677427394999,-0.70170903576868,0.305231305346182,-0.643768808934741,2.29480368893682,6.04517981528168
81.8,0.109156702788966,0.0259473428127053,1.0000000537399,0.209305055253374,0.0497533351808103,1.91747333103364,-0.613751022752879,0.21069123692227,0.760867192586169,0.368535307784567,0.9287485263995,0.0400986486916025,-0.698205850008384,0.305017011648402,-0.647667517804582,2.30007910348864,6.04517974504664
81.85,0.109156707777997,0.0259473449106047,1.0000000528399,0.209305064819708,0.0497533392034763,1.9174733293079,-0.617551519539029,0.211746451267518,0.757491624435973,0.368844212557184,0.928580724184283,0.0411313206263127,-0.694682710003716,0.304797111287175,-0.651547890314201,2.30535451797941,6.04517967533295
81.9,0.109156712701624,0.0259473471881351,1.00000005194682,0.20930507426063,0.0497533435705797,1.91747332759545,-0.621333951644068,0.212800609624394,0.754095498645797,0.369147689329829,0.92841371957361,0.0421657298044681,-0.691139713803812,0.304571610382487,-0.655409818474062,2.31062993240957,6.04517960614037
81.95,0.109156717559994,0.025947349640299,1.00000005106078,0.209305083576425,0.0497533482725385,1.91747332589648,-0.62509821380411,0.21385368265587,0.750678909730008,0.369445729656975,0.928247517215167,0.04320184743856,-0.687576960010395,0.304340515210187,-0.659253194807929,2.31590534677957,6.04517953746914
82,0.109156722353256,0.0259473522620992,1.00000005018185,0.209305092767376,0.0497533532997701,1.91747332421116,-0.62884420126094,0.214905641055122,0.747241952772445,0.369738325244393,0.928082121734312,0.0442396446935369,-0.683994547775026,0.304103832201808,-0.663077912355865,2.32118076108987,6.04517946932537
82.05,0.109156727081591,0.0259473550487299,1.00000004931012,0.209305101833833,0.0497533586430599,1.91747332253965,-0.632571809764935,0.215956455546353,0.743784723423768,0.370025467949376,0.927917537733948,0.0452790926876074,-0.680392576796338,0.30386156794439,-0.666883864677214,2.32645617534094,6.04517940174418
82.1,0.109156731745321,0.0259473579961523,1.00000004844564,0.209305110776408,0.0497533642946634,1.91747332088202,-0.63628093557799,0.217006096885608,0.740307317898771,0.370307149780974,0.927753769794394,0.0463201624930524,-0.676771147317237,0.303613729180295,-0.670670945853587,2.33173158953329,6.04517933476017
82.15,0.109156736344797,0.0259473611005193,1.00000004758843,0.209305119595782,0.0497533702472039,1.91747331923834,-0.63997147547638,0.218054535861587,0.736809832973728,0.370583362900211,0.927590822473256,0.0473628251370225,-0.673130360122136,0.303360322807017,-0.674439050491789,2.33700700366745,6.04517926838022
82.2,0.109156740880375,0.0259473643579836,1.00000004673851,0.209305128292631,0.0497533764933047,1.91747331760866,-0.643643326753618,0.21910174329645,0.733292365983713,0.370854099620303,0.927428700305303,0.0484070516023411,-0.669470316534161,0.303101355876997,-0.678188073726733,2.34228241774394,6.0451792026038
82.25,0.109156745352409,0.0259473677646983,1.00000004589593,0.209305136867635,0.0497533830255889,1.91747331599303,-0.647296387223323,0.220147690046636,0.729755014819881,0.371119352406873,0.92726740780234,0.0494528128283138,-0.665791118412327,0.302836835597421,-0.681917911224367,2.3475578317633,6.04517913743144
82.3,0.109156749761251,0.0259473713168162,1.00000004506071,0.209305145321473,0.0497533898366798,1.91747331439152,-0.650930555222058,0.221192347003666,0.726197877926749,0.371379113878158,0.927106949453084,0.0505000797115356,-0.662092868148704,0.302566769330023,-0.685628459184576,2.35283324572605,6.04517907286261
82.35,0.109156754107257,0.0259473750104901,1.00000004423289,0.209305153654823,0.0497533969192006,1.91747331280419,-0.65454572961216,0.222235685094959,0.722621054299458,0.371633376805218,0.926947329723035,0.0515488231067014,-0.65837566866557,0.302291164590878,-0.689319614344068,2.35810865963271,6.04517900889759
82.4,0.10915675839078,0.0259473788418729,1.00000004341248,0.209305161868364,0.0497534042657746,1.91747331123108,-0.658141809784553,0.223277675284637,0.719024643481016,0.371882134112134,0.926788553054357,0.0525990138274174,-0.654639623412545,0.302010029050195,-0.692991273979249,2.36338407348382,6.04517894553636
82.45,0.109156762612174,0.0259473828071175,1.00000004259953,0.209305169962774,0.049753411869025,1.91747330967226,-0.66171869566155,0.224318288574338,0.715408745559528,0.372125378876205,0.92663062386575,0.0536506226470121,-0.650884836363713,0.3017233705321,-0.69664333590908,2.3686594872799,6.04517888277893
82.5,0.109156766771793,0.0259473869023768,1.00000004179405,0.209305177938733,0.049753419721575,1.91747330812779,-0.665276287699638,0.225357496004016,0.711773461165411,0.372363104328144,0.92647354655233,0.054703620299351,-0.647111412014729,0.301431197014423,-0.700275698497925,2.37393490102147,6.04517882062555
82.55,0.109156770869992,0.0259473911238036,1.00000004099609,0.209305185796918,0.0497534278160479,1.91747330659772,-0.668814486892248,0.226395268652756,0.708118891468591,0.372595303852265,0.926317325485504,0.055757977479651,-0.643319455379905,0.301133516628471,-0.703888260658376,2.37921031470907,6.04517875907622
82.6,0.109156774907123,0.0259473954675508,1.00000004020567,0.209305193538009,0.0497534361450669,1.9174733050821,-0.672333194772508,0.227431577639568,0.704445138175692,0.372821970986663,0.926161965012852,0.0568136648452947,-0.639509071989297,0.300830337658805,-0.707480921854065,2.38448572834322,6.04517869812992
82.65,0.109156778883541,0.0259473999297713,1.00000003942282,0.209305201162684,0.0497534447012551,1.91747330358101,-0.675832313415988,0.228466394124202,0.700752303527201,0.373043099423399,0.926007469458001,0.0578706530166486,-0.635680367885762,0.300521668543009,-0.711053582102465,2.38976114192445,6.04517863778793
82.7,0.1091567827996,0.0259474045066179,1.00000003864757,0.209305208671622,0.049753453477236,1.91747330209449,-0.679311745443416,0.22949968930794,0.69704049029463,0.373258683008674,0.925853843120511,0.0589289125778786,-0.63183344962201,0.300207517871455,-0.714606141977671,2.39503655545328,6.04517857804947
82.75,0.109156786655653,0.0259474091942435,1.00000003787995,0.209305216065501,0.0497534624656326,1.91747330062261,-0.682771394023401,0.230531434434407,0.693309801777644,0.373468715742999,0.925701090275749,0.0599884140777711,-0.627968424257634,0.299887894387063,-0.718138502613164,2.40031196893025,6.04517851891508
82.8,0.109156790452056,0.025947413988801,1.00000003712,0.209305223345001,0.0497534716590683,1.91747329916541,-0.686211162875117,0.231561600790363,0.689560341801198,0.373673191781364,0.925549215174773,0.0610491280305509,-0.624085399356136,0.299562806985058,-0.721650565704569,2.40558738235588,6.04517846038473
82.85,0.109156794189161,0.0259474188864433,1.00000003636773,0.2093052305108,0.0497534810501662,1.91747329772296,-0.689630956270986,0.232590159706509,0.685792214712638,0.373872105433397,0.925398222044216,0.0621110249167024,-0.62018448298193,0.299232264712723,-0.725142233512386,2.41086279573069,6.04517840245767
82.9,0.109156797867322,0.0259474238833232,1.00000003562319,0.209305237563576,0.0497534906315496,1.91747329629532,-0.693030679039344,0.23361708255828,0.682005525378807,0.374065451163528,0.925248115086164,0.063174075183791,-0.616265783697336,0.298896276769148,-0.728613408864708,2.41613820905521,6.04517834513466
82.95,0.109156801486894,0.0259474289755935,1.00000003488639,0.209305244504009,0.0497535003958417,1.91747329488254,-0.696410236567085,0.234642340766643,0.67820037918312,0.374253223591138,0.925098898478042,0.0642382492472848,-0.61232941055956,0.298554852504972,-0.732063995159929,2.42141362232997,6.0451782884157
83,0.109156805048231,0.0259474341594073,1.00000003415738,0.209305251332776,0.0497535103356658,1.91747329348468,-0.699769534802297,0.235665905798892,0.67437688202263,0.374435417490711,0.924950576372495,0.0653035174913794,-0.608375473117658,0.298208001422123,-0.735493896369432,2.4266890355555,6.04517823230079
83.05,0.109156808551703,0.0259474394310909,1.00000003343617,0.20930525805059,0.0497535204439779,1.91747329210178,-0.703108480256881,0.236687749169446,0.670535140305086,0.374612027791978,0.924803152897277,0.0663698502698211,-0.604404081409484,0.297855733173557,-0.738903017040261,2.43196444873233,6.04517817679146
83.1,0.109156811997751,0.025947444787665,1.00000003272277,0.209305264658294,0.0497535307150655,1.91747329073384,-0.706426980009149,0.237707842440636,0.666675260945965,0.374783049580061,0.924656632155132,0.0674372179067325,-0.600415345958631,0.297498057562983,-0.742291262297778,2.43723986186098,6.04517812189051
83.15,0.109156815386831,0.0259474502263241,1.00000003201714,0.209305271156765,0.0497535411435486,1.91747328938083,-0.709724941706417,0.238726157223498,0.662797351365502,0.374948478095607,0.924511018223679,0.0685055906974387,-0.596409377771352,0.297134984544597,-0.745658537848304,2.44251527494198,6.04517806759793
83.2,0.109156818719401,0.0259474557442624,1.0000000313193,0.209305277546879,0.0497535517240477,1.91747328804272,-0.713002273567562,0.239742665178567,0.6589015194857,0.37510830873492,0.924366315155305,0.069574938909292,-0.592386288333478,0.2967665242228,-0.749004749981737,2.44779068797587,6.04517801391347
83.25,0.109156821995918,0.0259474613386744,1.00000003062921,0.209305283829512,0.0497535624511829,1.9174732867195,-0.716258884385589,0.24075733801666,0.654987873727326,0.375262537050094,0.924222526977045,0.0706452327825013,-0.588346189607308,0.296392686851918,-0.752329805574166,2.45306610096318,6.04517796083739
83.3,0.109156825216838,0.0259474670067543,1.00000002994688,0.209305290005541,0.0497535733195744,1.91747328541115,-0.719494683530161,0.241770147499666,0.651056523006891,0.37541115874913,0.924079657690472,0.0717164425309598,-0.584289194028496,0.296013482835918,-0.755633612090463,2.45834151390443,6.04517790836995
83.35,0.10915682838262,0.0259474727456966,1.00000002927228,0.209305296075843,0.0497535843238425,1.91747328411763,-0.722709580950126,0.242781065441332,0.647107576733626,0.375554169696058,0.92393771127159,0.0727885383430731,-0.580215414502922,0.295628922728119,-0.758916077586853,2.46361692680016,6.04517785651011
83.4,0.10915683149372,0.0259474785526955,1.00000002860541,0.209305302041294,0.0497535954586074,1.91747328283893,-0.725903487176018,0.243790063708046,0.643141144806428,0.375691565911055,0.923796691670718,0.0738614903825897,-0.576124964403553,0.295239017230896,-0.762177110713474,2.46889233965091,6.04517780525916
83.45,0.109156834550595,0.0259474844249454,1.00000002794626,0.20930530790277,0.0497536067184894,1.91747328157502,-0.729076313322551,0.244797114219623,0.639157337610813,0.375823343570554,0.92365660281238,0.0749352687894304,-0.572017957567284,0.294843777195381,-0.765416620716923,2.47416775245719,6.04517775461659
83.5,0.109156837553703,0.0259474903596406,1.00000002729481,0.209305313661148,0.0497536180981086,1.91747328032587,-0.732227971091091,0.245802188950081,0.635156266015831,0.375949499007346,0.923517448595201,0.0760098436805207,-0.567894508291769,0.294443213621167,-0.768634517442777,2.47944316521955,6.04517770458189
83.55,0.1091568405035,0.0259474963539755,1.00000002665105,0.209305319317305,0.0497536295920853,1.91747327909148,-0.735358372772113,0.246805259928428,0.631138041370992,0.376070028710689,0.923379232891793,0.0770851851506208,-0.563754731332245,0.294037337655994,-0.771830711338103,2.4847185779385,6.04517765515556
83.6,0.109156843400443,0.0259475024051445,1.00000002601496,0.209305324872117,0.0497536411950398,1.91747327787181,-0.738467431247642,0.247806299239432,0.627102775503159,0.376184929326403,0.923241959548652,0.0781612632731591,-0.559598741898334,0.293626160595447,-0.775005113453955,2.48999399061459,6.04517760633811
83.65,0.10915684624499,0.0259475085103418,1.00000002538655,0.209305330326459,0.0497536529015922,1.91747327666683,-0.74155505999368,0.248805279024408,0.623050580713441,0.37629419765696,0.923105632386044,0.0792380481010649,-0.555426655650838,0.293209693882635,-0.778157635447842,2.49526940324835,6.04517755812879
83.7,0.109156849037598,0.0259475146667619,1.00000002476578,0.20930533568121,0.0497536647063629,1.91747327547654,-0.744621173082606,0.249802171481982,0.618981569774068,0.376397830661578,0.922970255197909,0.0803155096676003,-0.551238588698525,0.292787949107874,-0.781288189586188,2.50054481584029,6.04517751052734
83.75,0.109156851778724,0.025947520871599,1.00000002415266,0.209305340937245,0.0497536766039719,1.9174732743009,-0.747665685185577,0.250796948868875,0.614895855925249,0.376495825456304,0.922835831751743,0.0813936179871959,-0.547034657594889,0.292360938008367,-0.784396688746778,2.50582022839097,6.04517746353426
83.8,0.109156854468824,0.0259475271220475,1.00000002354717,0.209305346095441,0.0497536885890397,1.91747327313988,-0.750688511574898,0.251789583500667,0.610793552872019,0.376588179314092,0.922702365788506,0.0824723430562849,-0.542814979334913,0.291928672467876,-0.78748304642118,2.5110956409009,6.04517741714956
83.85,0.109156857108357,0.0259475334153018,1.0000000229493,0.209305351156675,0.0497537006561863,1.91747327199348,-0.753689568126378,0.252780047752574,0.606674774781085,0.376674889664881,0.922569861022506,0.0835516548541376,-0.53857967135181,0.291491164516391,-0.790547176717149,2.51637105337061,6.04517737137349
83.9,0.109156859697779,0.0259475397485562,1.00000002235903,0.209305356121822,0.0497537128000321,1.91747327086166,-0.756668771321676,0.253768314060211,0.602539636277634,0.376755954095667,0.922438321141305,0.0846315233436974,-0.534328851513755,0.291048426329793,-0.793588994361025,2.52164646580065,6.04517732620554
83.95,0.109156862237547,0.0259475461190051,1.00000002177636,0.209305360991759,0.0497537250151972,1.9174732697444,-0.759626038250618,0.254754354920364,0.598388252442158,0.376831370350569,0.922307749805612,0.0857119184724153,-0.530062638120612,0.290600470229521,-0.796608414700095,2.52692187819154,6.04517728164597
84,0.109156864728118,0.0259475525238427,1.00000002120127,0.209305365767363,0.0497537372963019,1.91747326864168,-0.762561286613513,0.25573814289175,0.594220738807241,0.376901136330891,0.92217815064918,0.0867928101730884,-0.525781149900629,0.290147308682223,-0.799605353704961,2.5321972905438,6.04517723769096
84.05,0.109156867169955,0.0259475589604116,1.00000002063374,0.20930537044952,0.0497537496382505,1.91747326755346,-0.765474434723432,0.256719650595787,0.590037211354352,0.376965250095183,0.922049527278709,0.087874168364694,-0.521484506007148,0.289688954299413,-0.802579727971865,2.53747270285797,6.04517719432143
84.1,0.109156869563539,0.0259475654266469,1.00000002007375,0.209305375039152,0.0497537620370834,1.91747326647969,-0.768365401508475,0.257698850717344,0.585837786510635,0.377023709859292,0.921921883273741,0.0889559629532224,-0.517172826015304,0.289225419837121,-0.805531454725006,2.54274811513454,6.04517715151778
84.15,0.109156871909356,0.0259475719206316,1.00000001952125,0.209305379537194,0.0497537744891253,1.91747326542028,-0.771234106514039,0.25867571600551,0.581622581145651,0.377076513996414,0.921795222186566,0.0900381638325195,-0.512846229918681,0.288756718195536,-0.80846045181885,2.548023527374,6.04517710927721
84.2,0.109156874207893,0.0259475784404491,1.0000000189762,0.209305383944576,0.0497537869907008,1.91747326437517,-0.774080469905055,0.259650219274352,0.577391712568123,0.377123661037138,0.921669547542118,0.0911207408851245,-0.508504838125967,0.288282862418647,-0.811366637740421,2.55329893957685,6.04517706759922
84.25,0.109156876459636,0.0259475849841824,1.00000001843858,0.209305388262233,0.0497537995381343,1.91747326334429,-0.776904412468216,0.260622333403674,0.57314529852267,0.377165149669487,0.921544862837879,0.0922036639831096,-0.504148771457602,0.28780386569388,-0.814249931611572,2.55857435174357,6.04517702648356
84.3,0.109156878665071,0.0259475915499149,1.00000001790833,0.209305392491097,0.0497538121277504,1.91747326232755,-0.779705855614179,0.261592031339765,0.568883457186528,0.377200978738955,0.92142117154378,0.0932869029889176,-0.499778151142419,0.28731974135173,-0.817110253191233,2.56384976387465,6.04517698593072
84.35,0.109156880824686,0.0259475981357295,1.00000001738543,0.2093053966321,0.0497538247558737,1.9174732613249,-0.782484721379752,0.262559286096162,0.564606307166264,0.377231147248541,0.921298477102107,0.0943704277562008,-0.495393098814265,0.286830502865391,-0.819947522877645,2.5691251759706,6.04517694594097
84.4,0.109156882938966,0.0259476047397097,1.00000001686982,0.209305400686175,0.0497538374188289,1.91747326033625,-0.785240932430064,0.263524070754391,0.560313967494474,0.377255654358773,0.921176782927405,0.0954542081306601,-0.490993736508622,0.286336163850381,-0.822761661710577,2.57440058803189,6.04517690651303
84.45,0.109156885008397,0.0259476113599384,1.00000001636149,0.209305404654255,0.0497538501129403,1.91747325936153,-0.787974412060713,0.264486358464722,0.556006557626477,0.377274499387733,0.92105609240638,0.0965382139508829,-0.486580186659208,0.285836738064164,-0.825552591373517,2.57967600005902,6.04517686764767
84.5,0.109156887033467,0.025947617994499,1.00000001586038,0.209305408537273,0.0497538628345326,1.91747325840067,-0.790685084199909,0.265446122446916,0.551684197436976,0.377287681811076,0.920936408897807,0.0976224150491848,-0.482152572094568,0.285332239405764,-0.82832023419586,2.58495141205247,6.0451768293454
84.55,0.109156889014662,0.0259476246414747,1.00000001536647,0.209305412336161,0.0497538755799304,1.9174732574536,-0.793372873410584,0.266403335990968,0.547347007216735,0.377295201262047,0.920817735732438,0.0987067812524473,-0.477711016034658,0.284822681915381,-0.831064513155065,2.59022682401275,6.04517679160519
84.6,0.109156890952468,0.0259476312989485,1.0000000148797,0.209305416051852,0.0497538883454582,1.91747325652025,-0.796037704892495,0.26735797245785,0.542995107669228,0.377297057531485,0.920700076212905,0.099791282382958,-0.473255642087416,0.284308079774,-0.833785351878796,2.59550223594034,6.04517675442781
84.65,0.109156892847372,0.0259476379650037,1.00000001440006,0.209305419685279,0.0497539011274406,1.91747325560053,-0.798679504484303,0.268310005280257,0.538628619907276,0.377293250567836,0.920583433613632,0.100875888259251,-0.468786574245321,0.283788447302996,-0.836482674647055,2.60077764783573,6.04517671781327
84.7,0.109156894699859,0.0259476446377235,1.00000001392748,0.209305423237374,0.0497539139222021,1.91747325469438,-0.801298198665638,0.269259407963339,0.534247665449682,0.37728378047715,0.920467811180742,0.101960568696946,-0.464303936881945,0.283263798963734,-0.839156406394279,2.60605305969941,6.0451766817613
84.75,0.109156896510417,0.025947651315191,1.00000001346195,0.20930542670907,0.0497539267260674,1.91747325380173,-0.803893714559146,0.270206154085446,0.529852366217846,0.377268647523079,0.920353212131968,0.103045293509587,-0.459807854748487,0.282734149357169,-0.841806472711438,2.61132847153188,6.0451766462714
84.8,0.109156898279532,0.0259476579954895,1.00000001300341,0.2093054301013,0.0497539395353609,1.91747325292251,-0.806465979932514,0.271150217298858,0.525442844532373,0.37724785212687,0.920239639656561,0.104130032509487,-0.455298452970305,0.282199513223438,-0.8444327998481,2.61660388333362,6.04517661134458
84.85,0.10915690000769,0.0259476646767021,1.00000001255184,0.209305433414997,0.0497539523464072,1.91747325205663,-0.809014923200486,0.272091571330519,0.521019223109667,0.377221394867353,0.920127096915205,0.105214755508563,-0.450775857043432,0.281659905441451,-0.847035314714488,2.62187929510513,6.04517657698034
84.9,0.109156901695378,0.0259476713569121,1.0000000121072,0.209305436651093,0.049753965155531,1.91747325120404,-0.811540473426848,0.273030189982771,0.516581625058519,0.377189276480925,0.920015587039925,0.106299432319179,-0.446240192831085,0.281115341028475,-0.84961394488351,2.6271547068469,6.04517654317868
84.95,0.109156903343082,0.0259476780342026,1.00000001166944,0.209305439810521,0.0497539779590567,1.91747325036464,-0.814042560326405,0.273966047134078,0.51213017387668,0.37715149786153,0.919905113134002,0.107384032754984,-0.441691586560164,0.280565835139718,-0.852168618592775,2.63243011855941,6.04517650993934
85,0.109156904951288,0.0259476847066567,1.00000001123853,0.209305442894214,0.049753990753309,1.91747324953838,-0.816521114266941,0.27489911673976,0.507664993447424,0.377108060060633,0.919795678271888,0.108468526631756,-0.437130164817734,0.280011403067907,-0.854699264746591,2.63770553024317,6.04517647725672
85.05,0.10915690652048,0.0259476913724779,1.00000001081442,0.209305445903098,0.0497540035348425,1.91747324872518,-0.818976066271144,0.27582937283271,0.503186208036108,0.377058964287192,0.919687285499117,0.109552883768233,-0.432556054547515,0.279452060242862,-0.857205812917941,2.64298094189864,6.04517644509928
85.1,0.109156908051127,0.0259476980303495,1.00000001039708,0.209305448838073,0.0497540163011331,1.91747324792494,-0.821407348018518,0.276756789524111,0.498693942286742,0.377004211907624,0.919579937832224,0.110637073986954,-0.427969383046378,0.278887822231072,-0.859688193350422,2.64825635352627,6.04517641343673
85.15,0.109156909543696,0.0259477046790752,1.00000000998645,0.209305451700034,0.0497540290498867,1.91747324713755,-0.823814891847296,0.277681341004168,0.494188321218495,0.376943804445765,0.91947363825866,0.111721067115101,-0.423370277960771,0.278318704735257,-0.86214633696021,2.65353176512648,6.04517638226271
85.2,0.109156910998653,0.0259477113174587,1.00000000958247,0.209305454489874,0.0497540417788092,1.91747324636294,-0.826198630756329,0.278603001542821,0.489669470222209,0.376877743582834,0.919368389736705,0.11280483298534,-0.418758867283165,0.277744723593932,-0.864580175337979,2.6588071766997,6.04517635157698
85.25,0.109156912416463,0.0259477179443034,1.0000000091851,0.209305457208488,0.0497540544856066,1.91747324560099,-0.82855849840695,0.279521745490465,0.4851375150569,0.376806031157377,0.919264195195392,0.113888341436664,-0.414135279348483,0.277165894780963,-0.866989640750812,2.66408258824635,6.04517632137977
85.3,0.109156913797594,0.0259477245584131,1.00000000879428,0.20930545985677,0.0497540671679849,1.9174732448516,-0.830894429124822,0.280437547278665,0.480592581846269,0.376728669165224,0.919161057534421,0.114971562315231,-0.409499642830535,0.276582234405126,-0.869374666144081,2.66935799976686,6.0451762916711
85.35,0.109156915142512,0.0259477311585913,1.00000000840996,0.209305462435613,0.0497540798236499,1.91747324411468,-0.833206357901763,0.281350381420864,0.476034797075186,0.376645659759429,0.919058979624078,0.1160544654752,-0.404852086738433,0.275993758709656,-0.871735185143317,2.67463341126167,6.04517626245071
85.4,0.109156916451683,0.0259477377436416,1.00000000803209,0.209305464945913,0.0497540924503076,1.91747324339014,-0.835494220397559,0.282260222513094,0.471464287586168,0.376557005250209,0.918957964305158,0.117137020779577,-0.400192740413002,0.275400484071796,-0.874071132056054,2.67990882273118,6.04517623371911
85.45,0.109156917725573,0.0259477443123677,1.00000000766063,0.209305467388563,0.049754105045664,1.91747324267786,-0.837757952941749,0.283167045234684,0.46688118057586,0.376462708104885,0.918858014388884,0.118219198101045,-0.395521733523186,0.274802427002341,-0.876382441873659,2.68518423417584,6.04517620547603
85.5,0.109156918964648,0.0259477508635731,1.00000000729551,0.209305469764456,0.049754117607425,1.91747324197775,-0.839997492535401,0.284070824348961,0.462285603591481,0.376362770947809,0.91875913265683,0.11930096732281,-0.390839196062429,0.274199604145178,-0.87866905027314,2.69045964559606,6.04517617772073
85.55,0.109156920169375,0.0259477573960615,1.00000000693669,0.209305472074488,0.0497541301332966,1.91747324128972,-0.842212776852865,0.284971534703959,0.457677684527285,0.376257196560291,0.918661321860841,0.120382298339434,-0.386145258345066,0.273592032276826,-0.880930893618937,2.69573505699227,6.04517615045447
85.6,0.10915692134022,0.0259477639086365,1.00000000658411,0.209305474319552,0.0497541426209848,1.91747324061367,-0.844403744243504,0.285869151233112,0.453057551620995,0.376145987880523,0.91856458472296,0.121463161057676,-0.381440051002692,0.272979728305964,-0.883167908964692,2.70101046836491,6.04517612367675
85.65,0.109156922477649,0.0259477704001016,1.00000000623773,0.209305476500543,0.0497541550681954,1.91747323994949,-0.846570333733417,0.286763648955954,0.448425333450238,0.376029148003498,0.918468923935349,0.122543525397328,-0.376723704980526,0.272362709272963,-0.885380034055002,2.70628587971439,6.04517609738705
85.7,0.109156923582129,0.0259477768692605,1.00000000589749,0.209305478618354,0.0497541674726344,1.91747323929709,-0.848712485027124,0.287655002978816,0.443781158928971,0.375906680180923,0.918374342160218,0.123623361292052,-0.371996351533776,0.271740992349415,-0.887567207327149,2.71156129104113,6.04517607158613
85.75,0.109156924654126,0.0259477833149168,1.00000000556334,0.209305480673879,0.0497541798320077,1.91747323865637,-0.850830138509258,0.288543188495518,0.439125157303879,0.375778587821126,0.918280842029746,0.124702638690216,-0.367258122223971,0.271114594837648,-0.889729367912817,2.71683670234558,6.04517604627401
85.8,0.109156925694106,0.0259477897358741,1.00000000523523,0.209305482668013,0.0497541921440214,1.91747323802723,-0.852923235246212,0.289428180788057,0.434457458150796,0.375644874488965,0.918188426146011,0.125781327555734,-0.362509148915313,0.27048353417025,-0.891866455639782,2.72211211362815,6.04517602144939
85.85,0.109156926702536,0.025947796130936,1.00000000491311,0.20930548460165,0.0497542044063813,1.91747323740957,-0.854991716987786,0.290309955227297,0.429778191371086,0.375505543905728,0.918097097080916,0.126859397868896,-0.357749563771,0.269847827909584,-0.893978411033588,2.72738752488927,6.04517599711383
85.9,0.109156927679881,0.025947802498906,1.00000000459693,0.209305486475683,0.0497542166167935,1.91747323680329,-0.857035526168807,0.291188487273655,0.425087487188033,0.375360599949027,0.918006857376121,0.12793681962721,-0.352979499249548,0.269207493747294,-0.896065175319206,2.73266293612937,6.04517597326679
85.95,0.109156928626608,0.0259478088385879,1.00000000428663,0.209305488291007,0.0497542287729638,1.9174732362083,-0.859054605910728,0.292063752477781,0.420385476143219,0.375210046652693,0.917917709542967,0.129013562846231,-0.348199088101114,0.26856254950382,-0.89812669042266,2.73793834734887,6.04517594990829
86,0.109156929543184,0.0259478151487852,1.00000000398216,0.209305490048516,0.0497542408725982,1.9174732356245,-0.861048900023214,0.292935726481243,0.415672289092885,0.37505388820666,0.917829656062409,0.1300895975604,-0.343408463363789,0.267913013127895,-0.900162898972655,2.7432137585482,6.04517592703094
86.05,0.109156930430066,0.0259478214283941,1.00000000368348,0.209305491749088,0.0497542529135801,1.91747323505178,-0.8630183530057,0.293804385017198,0.410948057204308,0.374892128956856,0.917742699384947,0.131164893823871,-0.338607758359912,0.267258902696052,-0.902173744302159,2.74848916972777,6.04517590459887
86.1,0.109156931287678,0.025947827676681,1.00000000339052,0.209305493393537,0.049754264894503,1.91747323449004,-0.864962910048922,0.294669703911063,0.406212911952177,0.374724773405073,0.917656841930559,0.132239421711342,-0.3337971066924,0.266600236412123,-0.904159170449973,2.75376458088795,6.04517588257595
86.15,0.109156932116438,0.0259478338930049,1.00000000310323,0.209305494982661,0.0497542768141376,1.91747323393918,-0.866882517036456,0.295531659081197,0.401466985114907,0.374551826208851,0.917572086088631,0.13331315131889,-0.328976642240984,0.265937032606731,-0.906119122162298,2.75903999202908,6.0451758609553
86.2,0.10915693291676,0.0259478400767248,1.00000000282156,0.209305496517258,0.0497542886712549,1.91747323339908,-0.868777120546232,0.296390226539568,0.39671040877096,0.37437329218134,0.917488434217892,0.13438605276481,-0.324146499158488,0.265269309736775,-0.908053544894282,2.76431540315152,6.04517583973667
86.25,0.109156933689062,0.0259478462271996,1.00000000254545,0.209305497998126,0.0497543004646256,1.91747323286964,-0.870646667852015,0.297245382392424,0.391943315295163,0.374189176291172,0.917405888646348,0.135458096190444,-0.319306811867077,0.264597086384916,-0.909962384811535,2.76959081425562,6.04517581892058
86.3,0.109156934433759,0.0259478523437883,1.00000000227484,0.209305499426063,0.0497543121930207,1.91747323235076,-0.872491106924881,0.298097102840958,0.387165837355033,0.373999483662317,0.917324451671217,0.136529251761014,-0.314457715054531,0.263920381259064,-0.91184558879163,2.77486622534173,6.04517579850625
86.35,0.109156935151268,0.0259478584258499,1.00000000200968,0.209305500801866,0.049754323855211,1.91747323184231,-0.874310386434655,0.298945364181968,0.382378107907076,0.373804219573947,0.917244125558864,0.137599489666451,-0.309599343670489,0.263239213191853,-0.913703104425577,2.7801416364102,6.04517577849446
86.4,0.109156935842004,0.0259478644727434,1.00000000174991,0.209305502126335,0.0497543354499674,1.91747323134421,-0.876104455751346,0.299790142808519,0.377580260193095,0.373603389460283,0.917164912544742,0.138668780122223,-0.304731832922696,0.262553601140119,-0.915534880019287,2.78541704746139,6.04517575888417
86.45,0.109156936506384,0.0259478704838277,1.00000000149547,0.209305503400267,0.0497543469760608,1.91747323085633,-0.877873264946555,0.300631415210599,0.372772427736479,0.373396998910447,0.917086814833323,0.139737093370168,-0.299855318273243,0.261863564184374,-0.917340864595004,2.79069245849563,6.04517573967617
86.5,0.109156937144825,0.0259478764584619,1.00000000124631,0.209305504624459,0.0497543584322619,1.91747323037858,-0.879616764794862,0.301469157975773,0.367954744338483,0.373185053668306,0.917009834598043,0.140804399679319,-0.294969935434789,0.26116912152827,-0.91912100789273,2.79596786951329,6.04517572087095
86.55,0.109156937757742,0.025947882396005,1.00000000100238,0.209305505799711,0.0497543698173416,1.91747322991084,-0.881334906775199,0.302303347789836,0.363127344074511,0.372967559632313,0.916933973981239,0.141870669346731,-0.290075820366793,0.26047029249807,-0.920875260371622,2.80124328051471,6.04517570246724
86.6,0.109156938345551,0.0259478882958158,1.00000000076361,0.209305506926819,0.0497543811300709,1.91747322945301,-0.883027643072199,0.303133961437458,0.358290361290381,0.37274452285534,0.916859235094089,0.14293587269831,-0.285173109271724,0.259767096542107,-0.922603573211366,2.80651869150025,6.04517568446556
86.65,0.109156938908669,0.0259478941572534,1.00000000052996,0.209305508006583,0.0497543923692206,1.91747322900499,-0.884694926577524,0.303960975802836,0.353443930598584,0.372515949544512,0.916785620016553,0.143999980089639,-0.280261938591275,0.259059553230244,-0.924305898313544,2.81179410247026,6.04517566686615
86.7,0.109156939447511,0.0259478999796767,1.00000000030136,0.209305509039799,0.0497544035335615,1.91747322856665,-0.886336710891182,0.304784367870331,0.348588186874547,0.372281846061033,0.916713130797316,0.145062961906798,-0.275342445002564,0.258347682253329,-0.925982188302963,2.81706951342508,6.04517564966927
86.75,0.109156939962495,0.0259479057624448,1.00000000007776,0.209305510027266,0.0497544146218645,1.91747322813791,-0.887952950322812,0.305604114725114,0.343723265252867,0.372042218920012,0.916641769453731,0.146124788567195,-0.27041476541433,0.257631503422647,-0.92763239652898,2.82234492436507,6.04517563287416
86.8,0.109156940454036,0.0259479115049166,0.999999999859101,0.209305510969782,0.0497544256329004,1.91747322771864,-0.88954359989296,0.3064201935538,0.338849301123561,0.371797074790276,0.916571537971763,0.147185430520385,-0.265479036963124,0.256911036669368,-0.929256477066802,2.82762033529058,6.04517561648158
86.85,0.10915694092255,0.0259479172064511,0.999999999645332,0.209305511868146,0.0497544365654402,1.91747322730874,-0.891108615334327,0.307232581645084,0.333966430128291,0.37154642049419,0.916502438305933,0.148244858248892,-0.26053539700949,0.256186302043994,-0.930854384718754,2.83289574620196,6.04517560049052
86.9,0.109156941368453,0.0259479228664073,0.999999999436396,0.209305512723154,0.0497544474182546,1.91747322690811,-0.892647953093006,0.308041256390375,0.329074788156593,0.371290263007463,0.916434472379264,0.149303042269035,-0.255583983134147,0.255457319715799,-0.93242607501555,2.83817115709956,6.04517558490173
86.95,0.109156941792163,0.0259479284841441,0.999999999232236,0.209305513535605,0.0497544581901146,1.91747322651664,-0.894161570329687,0.30884619528442,0.324174511342096,0.371028609458958,0.916367642083227,0.150359953131741,-0.250624933134157,0.254724109972271,-0.933971504217518,2.84344656798373,6.04517556971521
87,0.109156942194094,0.0259479340590206,0.999999999032795,0.209305514306297,0.049754468879791,1.91747322613422,-0.895649424920856,0.309647375925936,0.319265736058729,0.370761467130489,0.916301949277689,0.151415561423372,-0.24565838501909,0.253986693218542,-0.935490629315828,2.84872197885482,6.0451755549236
87.05,0.109156942574652,0.0259479395904633,0.99999999883802,0.209305515036007,0.0497544794861843,1.91747322576074,-0.897111475459961,0.31044477601823,0.314348598916941,0.370488843456622,0.916237395790862,0.152469837766538,-0.240684477007196,0.253245089976827,-0.936983408033676,2.85399738971318,6.04517554049075
87.1,0.109156942934199,0.0259479450781692,0.999999998647854,0.209305515725428,0.0497544900087135,1.91747322539611,-0.898547681258552,0.31123837336981,0.309423236759935,0.37021074602447,0.91617398341925,0.153522752820905,-0.235703347521593,0.252499320885856,-0.938449798827458,2.85927280055908,6.04517552638003
87.15,0.109156943273086,0.0259479505219031,0.999999998462243,0.209305516375235,0.0497545004469275,1.9174732250402,-0.89995800234743,0.312028145895014,0.304489786659822,0.369927182573479,0.916111713927603,0.154574277284023,-0.230715135186384,0.251749406700294,-0.939889760887934,2.86454821139281,6.0451755125838
87.2,0.109156943591663,0.0259479559214295,0.999999998281134,0.209305516986099,0.0497545108003748,1.91747322469293,-0.901342399477756,0.312814071614622,0.2995483859138,0.369638160995213,0.916050589048862,0.15562438189214,-0.225719978822783,0.250995368290165,-0.941303254141367,2.86982362221464,6.04517549910232
87.25,0.109156943890283,0.0259479612765131,0.999999998104472,0.209305517558694,0.0497545210686043,1.91747322435418,-0.902700834122151,0.313596128656471,0.294599172040328,0.369343689333133,0.915990610484116,0.156673037421019,-0.220718017445253,0.250237226640266,-0.942690239250638,2.87509903302483,6.0451754859361
87.3,0.109156944169295,0.0259479665869186,0.999999997932202,0.209305518093692,0.0497545312511645,1.91747322402386,-0.904033268475762,0.314374295256063,0.289642282775297,0.369043775782375,0.91593177990255,0.157720214686754,-0.215709390257632,0.249475002849587,-0.944050677616345,2.88037444382368,6.04517547308487
87.35,0.109156944429051,0.0259479718524105,0.99999999776427,0.209305518591767,0.0497545413476044,1.91747322370186,-0.905339665457316,0.315148549757168,0.284677856068205,0.368738428689521,0.915874098941404,0.158765884546573,-0.210694236649271,0.24870871813072,-0.94538453137787,2.88564985461145,6.0451754605484
87.4,0.109156944669901,0.0259479770727536,0.999999997600623,0.209305519053592,0.0497545513574725,1.91747322338807,-0.906619988710154,0.315918870612431,0.279706030078308,0.368427656552365,0.915817569205922,0.15981001789966,-0.205672696191141,0.247938393809276,-0.946691763414441,2.89092526538842,6.04517544832693
87.45,0.109156944892197,0.0259479822477125,0.999999997441205,0.209305519479838,0.0497545612803175,1.91747322308239,-0.907874202603239,0.316685236383966,0.274726943170786,0.36811146801968,0.915762192269311,0.160852585687958,-0.200644908631962,0.247164051323281,-0.947972337346156,2.89620067615485,6.04517543642071
87.5,0.10915694509629,0.0259479873770517,0.999999997285962,0.20930551987118,0.0497545711156883,1.91747322278472,-0.909102272232152,0.317447625743959,0.269740733912884,0.367789871890976,0.915707969672696,0.161893558896978,-0.195611013894304,0.24638571222259,-0.949226217535003,2.90147608691104,6.04517542482873
87.55,0.10915694528253,0.0259479924605361,0.999999997134841,0.20930552022829,0.0497545808631335,1.91747322249494,-0.910304163420059,0.318206017475258,0.264747541070058,0.367462877116252,0.915654902925076,0.16293290855661,-0.190571152070697,0.245603398168279,-0.950453369085849,2.90675149765724,6.04517541355176
87.6,0.109156945451268,0.0259479974979302,0.999999996987786,0.209305520551841,0.0497545905222018,1.91747322221297,-0.911479842718665,0.318960390471963,0.259747503602115,0.367130492795751,0.915602993503284,0.163970605741927,-0.185525463419732,0.244817130932047,-0.951653757847409,2.91202690839375,6.04517540258979
87.65,0.109156945602855,0.0259480024889986,0.999999996844743,0.209305520842506,0.0497546000924419,1.91747322193869,-0.912629277409144,0.319710723740014,0.25474076065934,0.366792728179707,0.915552242851945,0.16500662157399,-0.180474088362154,0.244026932395608,-0.9528273504132,2.91730231912082,6.04517539194307
87.7,0.109156945737643,0.0259480074335061,0.999999996705659,0.209305521100958,0.0497546095734026,1.917473221672,-0.913752435503049,0.320456996397778,0.249727451578636,0.366449592668083,0.915502652383435,0.16604092722065,-0.175417167476966,0.243232824550083,-0.953974114122468,2.92257772983874,6.0451753816111
87.75,0.109156945855982,0.0259480123312172,0.999999996570478,0.20930552132787,0.0497546189646325,1.91747322141279,-0.914849285743203,0.321199187676625,0.244707715879633,0.366101095810313,0.915454223477843,0.167073493897353,-0.1703548414975,0.242434829495387,-0.955094017061098,2.92785314054778,6.04517537159363
87.8,0.109156945958223,0.0259480171818966,0.999999996439146,0.209305521523915,0.0497546282656805,1.91747322116097,-0.915919797604569,0.321937276921509,0.23968169326081,0.365747247305037,0.915406957482932,0.168104292867943,-0.165287251307514,0.241632969439617,-0.956187028062502,2.93312855124822,6.04517536189141
87.85,0.109156946044718,0.025948021985309,0.99999999631161,0.209305521689765,0.0497546374760951,1.91747322091642,-0.916963941295098,0.322671243591544,0.23464952359561,0.365388056999829,0.915360855714101,0.169133295445455,-0.160214537937263,0.240827266698428,-0.957253116708488,2.93840396194033,6.04517535250445
87.9,0.109156946115816,0.025948026741219,0.999999996187814,0.209305521826094,0.0497546465954251,1.91747322067905,-0.917981687756559,0.323401067260574,0.229611346928544,0.365023534890921,0.915315919454351,0.170160472992919,-0.155136842559578,0.240017743694417,-0.958292253330103,2.94367937262438,6.04517534343198
87.95,0.109156946171869,0.0259480314493912,0.999999996067705,0.209305521933575,0.0497546556232193,1.91747322044874,-0.91897300866535,0.32412672761774,0.224567303471298,0.364653691122931,0.915272149954244,0.171185796924157,-0.15005430648594,0.2392044229565,-0.95930440900846,2.94895478330066,6.045175334674
88,0.109156946213228,0.0259480361095903,0.999999995951228,0.20930552201288,0.0497546645590263,1.9174732202254,-0.919937876433281,0.324848204468047,0.219517533598824,0.364278535988575,0.915229548431875,0.172209238704572,-0.144967071162541,0.238387327119278,-0.960289555575547,2.95423019396942,6.04517532622467
88.05,0.109156946240233,0.0259480407216272,0.99999999583833,0.20930552206466,0.0497546734024836,1.91747322000892,-0.920876264208346,0.325565477732925,0.21446217784545,0.363898079928384,0.915188116072831,0.17323076985195,-0.139875278166361,0.237566478922418,-0.961247665615,2.95950560463095,6.04517531804988
88.1,0.109156946253175,0.025948045285498,0.999999995728961,0.209305522089477,0.0497546821535837,1.91747321979921,-0.921788145875457,0.326278527450784,0.209401376901002,0.363512333530415,0.915147854030165,0.174250361937237,-0.134779069201266,0.236741901210018,-0.96217871246287,2.96478101528545,6.0451753101158
88.15,0.109156946252337,0.025948049801245,0.999999995623071,0.20930552208787,0.0497546908124077,1.91747321959617,-0.922673496057187,0.326987333777569,0.204335271606851,0.363121307529955,0.915108763424358,0.175267986585341,-0.129678586094022,0.235913616929969,-0.963082670208365,2.97005642593313,6.0451753024158
88.2,0.109156946238,0.0259480542689107,0.999999995520612,0.209305522060378,0.049754699379037,1.9174732193997,-0.923532290114468,0.327691876987321,0.199264002951994,0.362725012809222,0.915070845343292,0.176283615475926,-0.124573970790352,0.235081649133319,-0.963959513694576,2.97533183657419,6.04517529494989
88.25,0.109156946210444,0.0259480586885373,0.999999995421536,0.209305522007541,0.0497547078535527,1.91747321920973,-0.924364504147288,0.328392137472719,0.194187712069115,0.362323460397058,0.915034100842218,0.177297220344193,-0.119465365350968,0.234246020973621,-0.964809218519177,2.98060724720884,6.04517528771808
88.3,0.109156946169952,0.0259480630601673,0.999999995325792,0.209305521929898,0.0497547162360361,1.91747321902614,-0.925170114995346,0.329088095745633,0.189106540230665,0.361916661468627,0.914998530943724,0.178308772981675,-0.114352911947629,0.2334067557063,-0.965631761035105,2.98588265783728,6.04517528072035
88.35,0.109156946116804,0.0259480673838429,0.999999995233333,0.209305521827989,0.0497547245265683,1.91747321884885,-0.925949100238701,0.32977973243766,0.184020628844933,0.361504627345103,0.914964136637713,0.179318245237017,-0.109236752859179,0.232563876687997,-0.966427118351215,2.99115806845972,6.04517527395645
88.4,0.109156946051282,0.0259480716596065,0.999999995144108,0.209305521702352,0.0497547327252306,1.91747321867777,-0.926701438198399,0.330467028300667,0.178930119452104,0.361087369493353,0.914930918881369,0.18032560901676,-0.10411703046759,0.231717407375925,-0.967195268332921,2.99643347907635,6.0451752674269
88.45,0.109156945973667,0.0259480758875005,0.99999999505807,0.209305521553528,0.0497547408321042,1.91747321851279,-0.92742710793707,0.331149964207325,0.173835153720328,0.360664899525618,0.914898878599133,0.181330836286125,-0.0989938872540014,0.230867371327213,-0.967936189602809,3.00170888968739,6.04517526113144
88.5,0.109156945884241,0.0259480800675673,0.999999994975169,0.209305521382055,0.0497547488472704,1.91747321835383,-0.928126089259514,0.331828521151639,0.168735873441769,0.360237229199193,0.914868016682678,0.182333899069789,-0.0938674657947496,0.230013792198251,-0.968649861541234,3.00698430029304,6.04517525507032
88.55,0.109156945783284,0.0259480841998492,0.999999994895356,0.209305521188473,0.0497547567708103,1.91747321820079,-0.928798362713264,0.332502680249484,0.163632420528663,0.359804370416095,0.914838333990883,0.18333476945267,-0.088737908757404,0.229156693744031,-0.969336264286892,3.0122597108935,6.04517524924252
88.6,0.109156945671078,0.0259480882843885,0.999999994818582,0.209305520973321,0.0497547646028051,1.91747321805358,-0.929443909589125,0.333172422739123,0.158524937009374,0.359366335222737,0.91480983134981,0.184333419580697,-0.0836053588967963,0.228296099817489,-0.969995378737374,3.01753512148897,6.04517524364933
88.65,0.109156945547904,0.0259480923212277,0.999999994744799,0.209305520737138,0.0497547723433361,1.9174732179121,-0.930062711921696,0.333837729981732,0.153413565024426,0.358923135809587,0.914782509552679,0.185329821661589,-0.0784699590510433,0.227432034368837,-0.970627186549697,3.02281053207967,6.04517523829022
88.7,0.109156945414044,0.025948096310409,0.999999994673957,0.209305520480464,0.0497547799924845,1.91747321777627,-0.930654752489871,0.33449858346192,0.148298446822569,0.358474784510835,0.91475636935985,0.186323947965629,-0.0733318521375825,0.226564521444899,-0.971231670140814,3.02808594266579,6.04517523316495
88.75,0.109156945269778,0.0259481002519749,0.999999994606007,0.209305520203839,0.0497547875503315,1.91747321764597,-0.931220014817314,0.335154964788244,0.143179724756801,0.358021293804044,0.914731411498796,0.187315770826431,-0.0681911811491822,0.225693585188443,-0.971808812688106,3.03336135324754,6.04517522827376
88.8,0.109156945115388,0.0259481041459676,0.999999994540901,0.209305519907801,0.0497547950169583,1.91747321752113,-0.931758483172923,0.335806855693717,0.138057541280416,0.357562676309807,0.914707636664088,0.188305262641719,-0.0630480891499689,0.224819249837504,-0.972358598129846,3.03863676382513,6.04517522361692
88.85,0.109156944951156,0.0259481079924296,0.99999999447859,0.209305519592889,0.0497548023924462,1.91747321740165,-0.932270142571264,0.336454238036321,0.132932038943037,0.357098944791394,0.914685045517376,0.189292395874083,-0.0579027192714448,0.223941539724715,-0.972881011165649,3.04391217439875,6.04517521919391
88.9,0.109156944777362,0.0259481117914032,0.999999994419023,0.209305519259644,0.0497548096768764,1.91747321728744,-0.932754978772991,0.337097093799512,0.127803360386649,0.356630112154395,0.914663638687362,0.190277143051757,-0.0527552147085036,0.223060479276627,-0.973376037256898,3.04918758496862,6.04517521500525
88.95,0.109156944594288,0.0259481155429308,0.999999994362154,0.209305518908604,0.0497548168703301,1.91747321717839,-0.933212978285239,0.337735405092716,0.122671648341634,0.356156191446366,0.914643416769795,0.191259476769376,-0.0476057187154487,0.22217609301303,-0.973843662627144,3.05446299553494,6.04517521105068
89,0.109156944402215,0.0259481192470546,0.999999994307932,0.209305518540309,0.0497548239728884,1.91747321707442,-0.933644128362,0.338369154151833,0.11753704562279,0.355677195856459,0.914624380327445,0.192239369688741,-0.0424543746020021,0.221288405546272,-0.974283874262497,3.0597384060979,6.04517520732383
89.05,0.109156944201413,0.0259481229038461,0.99999999425631,0.209305518155277,0.0497548309846882,1.91747321697544,-0.934048417004481,0.338998323339727,0.112399695125373,0.355193138715062,0.914606529890091,0.193216794539579,-0.037301325729328,0.220397441580571,-0.974696659911982,3.06501381665771,6.04517520379621
89.1,0.109156943992108,0.0259481265134925,0.999999994207244,0.209305517753941,0.0497548379060886,1.91747321688136,-0.934425832961431,0.339622895146713,0.107259739821148,0.354704033493429,0.914589865954506,0.194191724120294,-0.0321467155060731,0.219503225911339,-0.975082008087877,3.07028922721452,6.04517520043831
89.15,0.109156943774514,0.0259481300762101,0.999999994160695,0.20930551733671,0.049754844737504,1.9174732167921,-0.93477636572946,0.340242852191051,0.10211732275438,0.354209893803298,0.914574388984444,0.195164131298732,-0.0269906873843447,0.218605783424482,-0.975439908066042,3.07556463776847,6.04517519724427
89.2,0.109156943548845,0.0259481335922149,0.999999994116619,0.209305516903996,0.0497548514793492,1.91747321670758,-0.93510000555333,0.340858177219426,0.0969725870378468,0.35371073339652,0.914560099410624,0.196133989012936,-0.0218333848557142,0.217705139095708,-0.975770349886212,3.0808400483197,6.04517519421358
89.25,0.109156943315316,0.0259481370617233,0.999999994074975,0.209305516456211,0.0497548581320386,1.91747321662773,-0.93539674342623,0.341468853107433,0.0918256758488509,0.353206566164669,0.914546997630721,0.197101270271902,-0.0166749514472139,0.216801317989833,-0.976073324352277,3.08611545886836,6.04517519134727
89.3,0.109156943074141,0.0259481404849514,0.999999994035721,0.209305515993765,0.0497548646959869,1.91747321655247,-0.935666571090023,0.342074862860051,0.0866767324252372,0.352697406138657,0.914535084009356,0.198065948156326,-0.0115155307173495,0.215894345260079,-0.976348823032537,3.09139086941459,6.04517518864456
89.35,0.109156942825535,0.0259481438621155,0.999999993998817,0.209305515517068,0.0497548711716087,1.9174732164817,-0.935909481035478,0.342676189612118,0.0815259000614084,0.352183267488346,0.91452435887808,0.199027995819357,-0.00635526625210407,0.214984246147381,-0.976596838259938,3.09666627995853,6.04517518610546
89.4,0.109156942569711,0.0259481471934318,0.99999999396422,0.209305515026533,0.0497548775593185,1.91747321641536,-0.936125466502477,0.343272816628797,0.0763733221043331,0.351664164522152,0.914514822535371,0.199987386487342,-0.00119430166093922,0.214071045979675,-0.976817363132285,3.10194169050033,6.04517518372997
89.45,0.109156942306885,0.0259481504791165,0.999999993931888,0.209305514522571,0.0497548838595309,1.91747321635337,-0.936314521480206,0.343864727306045,0.0712191419495639,0.351140111686644,0.914506475246623,0.20094409346057,0.00396721942719482,0.213154770171205,-0.977010391512433,3.10721710104013,6.04517518151859
89.5,0.10915694203727,0.0259481537193858,0.99999999390178,0.209305514005591,0.0497548900726606,1.91747321629564,-0.936476640707321,0.344451905171071,0.0660635030372377,0.35061112356615,0.914499317244138,0.201898090114021,0.00912915336786522,0.212235444221804,-0.977175918028458,3.11249251157806,6.04517517947108
89.55,0.10915694176108,0.025948156914456,0.999999993873855,0.209305513476005,0.0497548961991221,1.91747321624209,-0.936611819672092,0.345034333882802,0.0609065488480887,0.35007721488234,0.914493348727121,0.202849349898098,0.0142913565051489,0.211313093716192,-0.977313938073808,3.11776792211429,6.04517517758743
89.6,0.109156941478531,0.0259481600645432,0.99999999384807,0.209305512934225,0.04975490223933,1.91747321619265,-0.936720054612532,0.345611997232328,0.0557484228994559,0.349538400493827,0.914488569861675,0.203797846339373,0.0194536851756306,0.210387744323263,-0.977424447807429,3.12304333264894,6.04517517586713
89.65,0.109156941189836,0.0259481631698637,0.999999993824385,0.20930551238066,0.049754908193699,1.91747321614723,-0.936801342516501,0.346184879143362,0.0505892687412858,0.348994695395745,0.914484980780793,0.204743553041321,0.0246159957124032,0.209459421795367,-0.977507444153873,3.12831874318216,6.04517517431095
89.7,0.10915694089521,0.0259481662306337,0.999999993802757,0.209305511815723,0.0497549140626435,1.91747321610576,-0.936855681121787,0.34675296367268,0.0454292299521442,0.348446114719339,0.914482581584358,0.205686443685055,0.0297781444490602,0.208528151967596,-0.977562924803386,3.13359415371409,6.04517517291863
89.75,0.109156940594868,0.0259481692470694,0.999999993783145,0.209305511239824,0.0497549198465781,1.91747321606816,-0.936883068916175,0.347316235010571,0.0402684501352105,0.347892673731537,0.91448137233914,0.206626492030057,0.0349399877237036,0.207593960757067,-0.977590888211966,3.13886956424488,6.04517517168966
89.8,0.109156940289022,0.025948172219387,0.999999993765507,0.209305510653374,0.0497549255459176,1.91747321603434,-0.936883505137481,0.347874677481272,0.0351070729142904,0.34733438783453,0.914481353078789,0.207563671914911,0.0401013818829321,0.206656874162195,-0.977591333601413,3.14414497477467,6.04517517062481
89.85,0.109156939977889,0.0259481751478028,0.999999993749802,0.209305510056783,0.0497549311610764,1.91747321600422,-0.936856989773579,0.348428275543408,0.0299452419298114,0.346771272565342,0.914482523803842,0.208497957258029,0.0452621832858477,0.205716918261975,-0.977564260959347,3.14942038530361,6.04517516972408
89.9,0.109156939661682,0.0259481780325329,0.999999993735987,0.209305509450464,0.0497549366924692,1.91747321597773,-0.936803523562401,0.348977013790422,0.0247831008348314,0.346203343595396,0.914484884481716,0.209429322058378,0.0504222483080459,0.204774119215254,-0.977509671039207,3.15469579583182,6.0451751689867
89.95,0.109156939340615,0.0259481808737936,0.999999993724022,0.209305508834828,0.0497549421405105,1.91747321595479,-0.936723107991914,0.349520876951004,0.01962079329104,0.345630616730081,0.914488435046714,0.210357740396203,0.0555814333456144,0.203828503260003,-0.977427565360234,3.15997120635947,6.04517516841292
90,0.109156939014903,0.0259481836718011,0.999999993713865,0.209305508210284,0.0497549475056149,1.91747321593531,-0.93661574530008,0.350059849889518,0.014458462964757,0.345053107908308,0.914493175400025,0.211283186433748,0.0607395948191325,0.202880096712587,-0.977317946207425,3.16524661688668,6.04517516799818
90.05,0.10915693868475,0.0259481864267872,0.999999993705475,0.209305507577225,0.049754952788227,1.91747321591923,-0.936481438474795,0.350593917606419,0.00929625352294329,0.344470833202073,0.914499105409724,0.212205634415974,0.0658965891776581,0.201928925967033,-0.977180816631472,3.17052202741361,6.04517516771855
90.1,0.109156938350321,0.0259481891390462,0.999999993698818,0.209305506935966,0.0497549579889111,1.91747321590646,-0.936320191253802,0.351123065238673,0.00413430862923077,0.343883808816007,0.914506224910779,0.213125058671271,0.0710522729026948,0.200975017494303,-0.977016180448679,3.17579743794033,6.0451751675496
90.15,0.10915693801177,0.025948191808888,0.99999999369386,0.209305506286804,0.0497549631082613,1.91747321589695,-0.936132008124596,0.351647278060167,-0.00102722806010593,0.343292051086925,0.914514533705056,0.21404143361218,0.0762065025122154,0.200018397841549,-0.976824042240851,3.18107284846696,6.04517516748624
90.2,0.109156937669252,0.0259481944366226,0.999999993690566,0.209305505630034,0.049754968146872,1.91747321589064,-0.935916894324288,0.352166541482125,-0.00618821290014672,0.342695576483369,0.914524031561322,0.214954733736099,0.081359134564655,0.199059093631377,-0.976604407355171,3.18634825899358,6.04517516752898
90.25,0.109156937322921,0.0259481970225598,0.999999993688905,0.209305504965954,0.0497549731053373,1.91747321588745,-0.93567485583947,0.35268084105351,-0.0113485022613346,0.342094401605155,0.914534718215254,0.215864933626003,0.0865100256629136,0.198097131561101,-0.976357281904051,3.19162366952028,6.04517516767758
90.3,0.109156936972932,0.0259481995670095,0.999999993688841,0.209305504294859,0.0497549779842516,1.91747321588733,-0.935405899406039,0.353190162461431,-0.016507952533466,0.341488543182901,0.914546593369442,0.216772007951141,0.09165903245834,0.197132538402005,-0.976082672764957,3.19689908004716,6.04517516793177
90.35,0.109156936619439,0.0259482020702817,0.999999993690342,0.209305503617045,0.049754982784209,1.91747321589021,-0.935110032509016,0.353694491531536,-0.0216664201296883,0.340878018077572,0.914559656693403,0.217675931467751,0.0968060116547222,0.196165340998594,-0.975780587580226,3.2021744905743,6.04517516829181
90.4,0.109156936262596,0.0259482045326862,0.999999993693373,0.20930550293281,0.0497549875058037,1.91747321589602,-0.934787263382334,0.354193814228409,-0.0268237614904995,0.340262843280003,0.914573907823586,0.218576679019752,0.101950820012279,0.195195566267851,-0.975451034756844,3.20744990110181,6.04517516875795
90.45,0.109156935902559,0.025948206954533,0.999999993697901,0.209305502242448,0.0497549921496301,1.9174732159047,-0.934437601008611,0.354688116655961,-0.0319798330877341,0.33964303591043,0.914589346363385,0.219474225539454,0.107093314351636,0.194223241198483,-0.975094023466218,3.21272531162976,6.04517516932969
90.5,0.109156935539482,0.0259482093361319,0.999999993703894,0.209305501546256,0.0497549967162823,1.91747321591619,-0.9340610551189,0.355177385057817,-0.0371344914285706,0.339018613218014,0.914605971883147,0.220368546048249,0.112233351557824,0.193248392850175,-0.974709563643921,3.21800072215827,6.04517517000727
90.55,0.109156935173518,0.0259482116777929,0.999999993711315,0.209305500844531,0.0497550012063546,1.91747321593043,-0.933657636192416,0.355661605817697,-0.0422875930595139,0.338389592580358,0.914623783920187,0.221259615657307,0.117370788584254,0.192271048352831,-0.974297665989411,3.22327613268741,6.04517517079071
90.6,0.109156934804823,0.0259482139798259,0.999999993720134,0.209305500137569,0.0497550056204412,1.91747321594733,-0.933227355456247,0.356140765459796,-0.0474389945703947,0.337755991503024,0.914642781978798,0.222147409568274,0.122505482456699,0.191291234905826,-0.973858341965738,3.22855154321728,6.0451751716805
90.65,0.109156934433552,0.0259482162425408,0.999999993730314,0.209305499425666,0.0497550099591364,1.91747321596686,-0.93277022488504,0.35661485064916,-0.052588552598357,0.33711782761905,0.914662965530267,0.223031903073955,0.127637290277274,0.190308979777243,-0.973391603799221,3.23382695374797,6.04517517267589
90.7,0.109156934059858,0.0259482184662474,0.999999993741824,0.209305498709118,0.0497550142230343,1.91747321598893,-0.932286257200667,0.357083848192054,-0.057736123831845,0.336475118688454,0.91468433401289,0.223913071559005,0.132766069228409,0.189324310303119,-0.972897464479112,3.23910236427958,6.04517517377661
90.75,0.109156933683896,0.0259482206512558,0.999999993754629,0.209305497988221,0.0497550184127293,1.91747321601348,-0.931775465871874,0.357547745036332,-0.062881565014598,0.335827882597741,0.914706886831984,0.224790890500614,0.13789167657683,0.188337253886679,-0.972375937757232,3.2443777748122,6.04517517498344
90.8,0.109156933305821,0.0259482227978757,0.999999993768696,0.209305497263272,0.0497550225288156,1.91747321604045,-0.931237865113904,0.358006528271803,-0.0680247329496351,0.335176137359409,0.914730623359908,0.225665335469189,0.143013969677527,0.187347837997577,-0.971827038147586,3.24965318534591,6.04517517629638
90.85,0.109156932925787,0.0259482249064171,0.999999993783991,0.209305496534567,0.0497550265718873,1.91747321606978,-0.9306734698881,0.358460185130581,-0.073165484503237,0.334519901111442,0.914755542936078,0.226536382129035,0.148132805977726,0.186356090171132,-0.971250780925964,3.25492859588082,6.0451751777149
90.9,0.109156932543949,0.02594822697719,0.999999993800481,0.209305495802403,0.0497550305425388,1.9174732161014,-0.930082295901491,0.35890870298745,-0.0783036766089342,0.33385919211681,0.914781644866987,0.227404006239031,0.153248043020854,0.18536203800756,-0.970647182129512,3.26020400641701,6.04517517923928
90.95,0.109156932160461,0.0259482290105042,0.999999993818131,0.209305495067074,0.0497550344413643,1.91747321613524,-0.929464359606356,0.359352069360212,-0.083439166271482,0.333194028762957,0.914808928426222,0.228268183653303,0.158359538450503,0.184365709171206,-0.970016258556289,3.26547941695457,6.04517518086976
91,0.109156931775477,0.0259482310066695,0.999999993836909,0.209305494328879,0.049755038268958,1.91747321617125,-0.928819678199762,0.35979027191003,-0.0885718105708472,0.332524429561292,0.914837392854486,0.2291288903219,0.163467150014395,0.183367131389774,-0.969358027764797,3.27075482749361,6.04517518260202
91.05,0.109156931389145,0.0259482329660019,0.999999993856782,0.209305493588096,0.0497550420259253,1.91747321620935,-0.928148269623088,0.360223298441779,-0.0937014666661756,0.331850413146674,0.914867037359618,0.229986102291459,0.168570735568333,0.182366332453557,-0.968672508073492,3.2760302380342,6.04517518441748
91.1,0.109156931001575,0.0259482348888403,0.999999993877722,0.209305492844942,0.0497550457129165,1.91747321624951,-0.927450152561532,0.360651136904377,-0.0988279917997476,0.331171998276896,0.914897861116617,0.230839795705872,0.173670153080136,0.181363340214669,-0.967959718560282,3.2813056485764,6.04517518629706
91.15,0.109156930612872,0.0259482367755297,0.999999993899705,0.209305492099615,0.049755049330593,1.91747321629166,-0.926725346443585,0.361073775391125,-0.103951243300973,0.330489203832158,0.914929863267661,0.231689946806947,0.178765260633616,0.180358182586262,-0.967219679061988,3.28658105912028,6.0451751882372
91.2,0.109156930223141,0.0259482386264151,0.999999993922703,0.209305491352315,0.0497550528796161,1.91747321633576,-0.925973871440488,0.361491202140038,-0.109071078590361,0.329802048814546,0.914963042922137,0.232536531935077,0.183855916432523,0.179350887541754,-0.966452410173798,3.29185646966586,6.04517519023764
91.25,0.109156929832484,0.0259482404418414,0.999999993946692,0.209305490603242,0.0497550563606474,1.91747321638175,-0.925195748465676,0.361903405534176,-0.1141873551835,0.329110552347498,0.914997399156659,0.233379527529893,0.188941978804506,0.178341483114044,-0.965657933248685,3.29713188021323,6.04517519229889
91.3,0.109156929441007,0.0259482422221535,0.999999993971646,0.209305489852594,0.0497550597743483,1.9174732164296,-0.924390999174193,0.362310374101961,-0.119299930695011,0.328414733675274,0.915032931015098,0.234218910130925,0.194023306205043,0.177329997394735,-0.964836270396821,3.30240729076241,6.04517519441994
91.35,0.109156929048812,0.0259482439676965,0.999999993997538,0.209305489100571,0.0497550631213801,1.91747321647925,-0.923559645962088,0.362712096517499,-0.124408662842518,0.327714612162422,0.915069637508609,0.235054656378249,0.199099757221389,0.176316458533354,-0.963987444484958,3.30768270131348,6.0451751966018
91.4,0.109156928656004,0.0259482456788151,0.999999994024343,0.209305488347373,0.0497550664024043,1.91747321653065,-0.922701711965794,0.363108561600898,-0.129513409450606,0.327010207293236,0.915107517615656,0.235886743013143,0.204171190576507,0.175300894736566,-0.963111479135791,3.31295811186648,6.04517519884396
91.45,0.109156928262687,0.0259482473558544,0.999999994052035,0.209305487593198,0.0497550696180823,1.91747321658375,-0.921817221061483,0.363499758318576,-0.134614028454771,0.326301538671216,0.915146570282039,0.236715146878729,0.209237465132997,0.174283334267388,-0.962208398727303,3.31823352242145,6.04517520114618
91.5,0.109156927868965,0.0259482489991594,0.999999994080588,0.209305486838247,0.0497550727690755,1.9174732166385,-0.920906197864403,0.363885675783567,-0.139710377905385,0.32558862601852,0.915186794420931,0.237539844920622,0.214298439897031,0.173263805444407,-0.961278228392083,3.32350893297847,6.0451752035092
91.55,0.109156927474942,0.0259482506090748,0.999999994109977,0.209305486082717,0.0497550758560453,1.91747321669485,-0.919968667728191,0.364266303255829,-0.14480231597164,0.324871489175419,0.9152281889129,0.238360814187567,0.219353974022272,0.172242336640987,-0.960320994016631,3.32878434353757,6.04517520593253
91.6,0.109156927080721,0.0259482521859458,0.999999994140175,0.20930548532681,0.0497550788796533,1.91747321675275,-0.919004656744167,0.364641630142537,-0.149889700945493,0.324150148099742,0.915270752605942,0.239178031832083,0.224403926813796,0.171218956284481,-0.959336722240633,3.33405975409881,6.04517520841642
91.65,0.109156926686407,0.0259482537301173,0.999999994171157,0.209305484570723,0.0497550818405606,1.91747321681216,-0.918014191740611,0.365011645998382,-0.154972391245618,0.323424622866321,0.915314484315517,0.239991475111095,0.229448157732006,0.170193692855443,-0.958325440456224,3.33933516466225,6.0451752109606
91.7,0.109156926292104,0.0259482552419341,0.999999994202896,0.209305483814657,0.0497550847394289,1.91747321687302,-0.916997300282014,0.365376340525859,-0.160050245421334,0.322694933666431,0.915359382824577,0.240801121386566,0.234486526396541,0.169166574886829,-0.957287176807223,3.34461057522793,6.04517521356535
91.75,0.109156925897915,0.0259482567217412,0.999999994235368,0.209305483058811,0.0497550875769195,1.91747321693528,-0.915954010668312,0.365735703575557,-0.165123122156552,0.321961100807232,0.915405446883605,0.241606948126132,0.239518892590188,0.168137630963211,-0.956221960188349,3.34988598579592,6.04517521622989
91.8,0.109156925503945,0.0259482581698837,0.999999994268546,0.209305482303383,0.0497550903536938,1.9174732169989,-0.914884351934095,0.366089725146435,-0.170190880273704,0.321223144711201,0.915452675210644,0.242408932903724,0.244545116262781,0.167106889719973,-0.955129820244421,3.35516139636625,6.04517521895525
91.85,0.109156925110297,0.0259482595867063,0.999999994302405,0.209305481548575,0.0497550930704133,1.91747321706382,-0.913788353847806,0.366438395386109,-0.175253378737672,0.320481085915563,0.915501066491338,0.243207053400196,0.2495650575351,0.16607437984252,-0.954010787369527,3.36043680693899,6.04517522174116
91.9,0.109156924717076,0.0259482609725541,0.999999994336918,0.209305480794584,0.0497550957277394,1.91747321713,-0.912666046910906,0.36678170459112,-0.180310476659715,0.31973494507172,0.915550619378964,0.244001287403942,0.254578576702763,0.165040130065478,-0.952864892706183,3.36571221751419,6.04517522458737
91.95,0.109156924324385,0.025948262327772,0.99999999437206,0.20930548004161,0.0497550983263334,1.91747321719739,-0.911517462357026,0.367119643207204,-0.185362033301382,0.318984742944681,0.915601332494472,0.244791612811518,0.25958553424011,0.164004169171894,-0.951692168144465,3.3709876280919,6.04517522749389
92,0.109156923932329,0.025948263652705,0.999999994407804,0.209305479289852,0.0497551008668569,1.91747321726592,-0.910342632151103,0.367452201829564,-0.19040790807844,0.318230500412474,0.915653204426525,0.245578007628256,0.264585790804095,0.162966525992436,-0.950492646321121,3.37626303867217,6.04517523045842
92.05,0.109156923541004,0.025948264947697,0.999999994444127,0.209305478539498,0.0497551033499695,1.91747321733557,-0.909141588988484,0.367779371203122,-0.195447960564777,0.317472238465577,0.915706233731534,0.246360449968875,0.269579207238152,0.161927229404589,-0.949266360618664,3.38153844925505,6.04517523346621
92.1,0.109156923150482,0.0259482662130888,0.999999994481009,0.20930547779068,0.0497551057763244,1.91747321740629,-0.907914366294027,0.368101142222785,-0.200482050496289,0.316709978206327,0.915760418933701,0.247138918058085,0.274565644576053,0.160886308331858,-0.948013345164446,3.38681385984057,6.045175236503
92.15,0.109156922760824,0.0259482674492201,0.99999999451843,0.209305477043522,0.0497551081465731,1.91747321747805,-0.906660998221161,0.368417505933692,-0.205510037774813,0.315943740848335,0.915815758525061,0.247913390231201,0.2795449640458,0.159843791742956,-0.946733634829706,3.39208927042875,6.04517523956651
92.2,0.109156922372095,0.0259482686564307,0.999999994556371,0.209305476298144,0.049755110461367,1.9174732175508,-0.905381519650941,0.368728453531469,-0.210531782472014,0.315173547715896,0.91587225096552,0.248683844934745,0.284517027073475,0.158799708651002,-0.945427265228599,3.39736468101961,6.04517524265674
92.25,0.109156921984357,0.0259482698350602,0.999999994594815,0.209305475554669,0.0497551127213575,1.91747321762451,-0.904075966191071,0.369033976362471,-0.215547144833291,0.314399420243392,0.915929894682902,0.24945026072704,0.289481695287111,0.157754088112708,-0.944094272717205,3.40264009161319,6.04517524577368
92.3,0.109156921597676,0.0259482709854484,0.999999994633741,0.209305474813217,0.0497551149271961,1.91747321769915,-0.902744374174918,0.369334065924024,-0.220555985281662,0.313621379974698,0.91598868807299,0.250212616278816,0.294438830520538,0.156706959227575,-0.942734694392513,3.4079155022095,6.04517524891709
92.35,0.109156921212113,0.0259482721079351,0.999999994673132,0.20930547407391,0.0497551170795343,1.91747321777468,-0.901386780660498,0.369628713864659,-0.225558164421646,0.312839448562581,0.916048629499572,0.250970890373796,0.299388294817222,0.155658351137079,-0.941348568091396,3.41319091280856,6.04517525208721
92.4,0.109156920827732,0.02594827320286,0.999999994712969,0.20930547333687,0.0497551191790236,1.91747321785107,-0.900003223429444,0.369917911984349,-0.23055354304315,0.312053647768099,0.916109717294488,0.251725061909292,0.304329950434119,0.154608293023865,-0.93993593238955,3.4184663234104,6.0451752552838
92.45,0.109156920444597,0.0259482742705629,0.999999994753232,0.209305472602218,0.0497551212263153,1.91747321792827,-0.89859374098596,0.370201652234734,-0.235541982125332,0.311263999459994,0.916171949757673,0.252475109896786,0.309263659845488,0.153556814110929,-0.938496826600429,3.42374173401504,6.04517525850684
92.5,0.10915692006277,0.0259482753113835,0.999999994793904,0.209305471870077,0.0497551232220609,1.91747321800626,-0.897158372555742,0.370479926719346,-0.240523342840481,0.310470525614084,0.916235325157205,0.253221013462521,0.314189285746739,0.15250394366081,-0.937031290774142,3.4290171446225,6.04517526175635
92.55,0.109156919682316,0.0259482763256616,0.999999994834964,0.209305471140567,0.049755125166912,1.91747321808499,-0.895697158084892,0.370752727693829,-0.245497486557874,0.309673248312651,0.916299841729357,0.253962751848077,0.31910669105824,0.151449710974773,-0.935539365696344,3.43429255523281,6.04517526503283
92.6,0.109156919303298,0.0259482773137369,0.999999994876395,0.20930547041381,0.0497551270615199,1.91747321816444,-0.894210138238803,0.371020047566152,-0.250464274847634,0.308872189743827,0.916365497678641,0.254700304410951,0.324015738929136,0.150394145391993,-0.934021092887103,3.439567965846,6.04517526833603
92.65,0.109156918925779,0.0259482782759492,0.999999994918178,0.209305469689927,0.0497551289065362,1.91747321824455,-0.892697354401028,0.371281878896825,-0.255423569484589,0.308067372200976,0.916432291177862,0.255433650625131,0.328916292741163,0.14933727628874,-0.932476514599735,3.44484337646207,6.04517527166518
92.7,0.109156918549823,0.0259482792126381,0.999999994960294,0.209305468969041,0.0497551307026122,1.91747321832531,-0.891158848672131,0.371538214399102,-0.260375232452108,0.307258818082075,0.916500220368165,0.256162770081667,0.33380821611244,0.148279133077562,-0.93090567381964,3.45011878708107,6.0451752750213
92.75,0.109156918175493,0.0259482801241435,0.999999995002723,0.209305468251273,0.0497551324503994,1.91747321840667,-0.88959466386851,0.371789046939185,-0.265319125945954,0.306446549889087,0.916569283359091,0.256887642489238,0.338691372901271,0.147219745206462,-0.929308614263097,3.455394197703,6.04517527840414
92.8,0.109156917802852,0.0259482810108052,0.999999995045448,0.209305467536744,0.0497551341505493,1.91747321848859,-0.888004843521211,0.372034369536424,-0.270255112378109,0.30563059022734,0.916639478228627,0.25760824767472,0.343565627209936,0.146159142158086,-0.92768538037605,3.4606696083279,6.04517528181344
92.85,0.109156917431964,0.0259482818729627,0.999999995088449,0.209305466825576,0.0497551358037134,1.91747321857104,-0.886389431874715,0.372274175363509,-0.275183054380605,0.304810961804894,0.916710803023258,0.258324565583743,0.348430843388462,0.145097353448895,-0.926036017332874,3.46594501895578,6.04517528524895
92.9,0.109156917062892,0.025948282710956,0.999999995131708,0.20930546611789,0.049755137410543,1.91747321865399,-0.884748473885702,0.37250845774666,-0.280102814809359,0.30398768743191,0.916783255758026,0.259036576281252,0.353286886038416,0.14403440862835,-0.924360571035113,3.47122042958668,6.04517528871143
92.95,0.1091569166957,0.0259482835251247,0.999999995175206,0.209305465413809,0.0497551389716897,1.9174732187374,-0.883082015221807,0.372737210165817,-0.285014256747968,0.303160790020016,0.916856834416582,0.259744259952063,0.358133620016654,0.142970337278083,-0.922659088110207,3.47649584022061,6.04517529220037
93,0.10915691633045,0.0259482843158086,0.999999995218924,0.209305464713453,0.0497551404878049,1.91747321882123,-0.881390102260343,0.372960426254815,-0.289917243511538,0.302330292581668,0.916931536951241,0.260447596901409,0.362970910439094,0.141905169011079,-0.920931615910189,3.48177125085759,6.04517529571399
93.05,0.109156915967202,0.0259482850833424,0.999999995262844,0.209305464016935,0.0497551419595304,1.91747321890544,-0.879672782087017,0.373178099801564,-0.294811638650479,0.301496218229512,0.917007361283042,0.261146567555494,0.367798622684465,0.140838933470852,-0.919178202510375,3.48704666149765,6.04517529924237
93.1,0.109156915605993,0.0259482858280404,0.999999995306953,0.209305463324326,0.0497551433874689,1.91747321899002,-0.877930102494621,0.373390224748226,-0.299697305954282,0.300658590175739,0.917084305301804,0.261841152462033,0.372616622398038,0.13977166033062,-0.917398896708024,3.49232207214079,6.04517530277533
93.15,0.109156915246855,0.0259482865502119,0.999999995351238,0.209305462635689,0.0497551447722134,1.91747321907493,-0.876162111981692,0.373596795191374,-0.304574109455344,0.299817431731444,0.917162366866185,0.262531332290794,0.377424775495386,0.138703379292477,-0.91559374802098,3.49759748278702,6.04517530631134
93.2,0.109156914889821,0.0259482872501662,0.999999995395685,0.209305461951085,0.0497551461143571,1.91747321916016,-0.874368859751174,0.373797805382167,-0.309441913432726,0.298972766305968,0.917241543803742,0.26321708783414,0.382222948166104,0.137634120086568,-0.913762806686291,3.50287289343633,6.04517530985041
93.25,0.109156914534923,0.0259482879282126,0.999999995440283,0.209305461270578,0.049755147414493,1.91747321924567,-0.87255039570904,0.373993249726502,-0.314300582415954,0.298124617406253,0.917321833910993,0.263898400007559,0.387011006877547,0.136563912470259,-0.911906123658813,3.50814830408873,6.04517531339202
93.3,0.109156914182194,0.0259482885846605,0.999999995485018,0.209305460594229,0.0497551486732141,1.91747321933145,-0.870706770462903,0.374183122785175,-0.319149981188777,0.297273008636186,0.917403234953472,0.2645752498502,0.391788818378539,0.135492786227313,-0.910023750609789,3.51342371474423,6.04517531693669
93.35,0.109156913831666,0.0259482892198189,0.999999995529877,0.209305459922101,0.0497551498911135,1.91747321941747,-0.868838035320613,0.374367419274029,-0.323989974792927,0.296417963695942,0.917485744665801,0.265247618525395,0.396556249703077,0.134420771167057,-0.908115739925416,3.51869912540282,6.0451753204844
93.4,0.109156913483371,0.0259482898339974,0.999999995574849,0.209305459254256,0.0497551510687842,1.9174732195037,-0.866944242288822,0.374546134064102,-0.328820428531891,0.295559506381323,0.917569360751744,0.26591548732119,0.401313168174045,0.133347897123551,-0.906182144705378,3.52397453606451,6.04517532403467
93.45,0.109156913137343,0.0259482904275051,0.999999995619919,0.209305458590755,0.0497551522068194,1.91747321959012,-0.865025444071544,0.374719262181772,-0.333641207974639,0.294697660583099,0.917654080884277,0.266578837650859,0.406059441406891,0.132274193954765,-0.904223018761379,3.52924994672929,6.04517532758773
93.5,0.109156912793613,0.0259482910006514,0.999999995665075,0.209305457931662,0.049755153305812,1.91747321967671,-0.863081694068684,0.374886798808891,-0.33845217895938,0.293832450286339,0.917739902705649,0.267237651053425,0.410794937313323,0.131199691541741,-0.902238416615639,3.53452535739718,6.04517533114384
93.55,0.109156912452214,0.0259482915537455,0.999999995710305,0.209305457277038,0.0497551543663551,1.91747321976343,-0.861113046374551,0.375048739282924,-0.343253207597294,0.292963899569746,0.917826823827452,0.267891909194175,0.41551952410498,0.130124419787764,-0.900228393499377,3.53980076806817,6.04517533470276
93.6,0.109156912113178,0.0259482920870967,0.999999995755595,0.209305456626946,0.0497551553890418,1.91747321985028,-0.859119555776356,0.375205079097074,-0.348044160276244,0.29209203260499,0.91791484183068,0.268541593865167,0.420233070297094,0.129048408617531,-0.898193005351278,3.54507617874227,6.04517533826472
93.65,0.109156911776538,0.0259482926010143,0.999999995800933,0.209305455981448,0.0497551563744651,1.91747321993721,-0.857101277752683,0.375355813900411,-0.352824903664521,0.291216873656027,0.918003954265805,0.269186686985737,0.424935444712168,0.127971687976316,-0.896132308815927,3.55035158941948,6.04517534182949
93.7,0.109156911442326,0.0259482930958077,0.999999995846306,0.209305455340606,0.0497551573232181,1.91747322002421,-0.855058268471951,0.375500939497993,-0.357595304714526,0.290338447078432,0.918094158652838,0.269827170603005,0.429626516483601,0.126894287829137,-0.894046361242247,3.5556270000998,6.04517534539731
93.75,0.109156911110575,0.025948293571786,0.999999995891702,0.209305454704482,0.0497551582358938,1.91747322011126,-0.852990584790845,0.375640451850978,-0.362355230666491,0.289456777318717,0.918185452481403,0.270463026892373,0.434306155059349,0.125816238159924,-0.891935220681889,3.56090241078324,6.04517534896742
93.8,0.109156910781317,0.0259482940292586,0.999999995937106,0.209305454073139,0.0497551591130853,1.91747322019832,-0.850898284252736,0.375774347076744,-0.36710454905217,0.28857188891365,0.918277833210805,0.27109423815802,0.438974230205553,0.124737568970683,-0.889798945887624,3.56617782146979,6.04517535254058
93.85,0.109156910454585,0.0259482944685348,0.999999995982507,0.209305453446638,0.0497551599553856,1.91747322028538,-0.848781425086082,0.375902621448991,-0.371843127698518,0.287683806489577,0.9183712982701,0.271720786833395,0.443630612010158,0.123658310280661,-0.887637596311707,3.57145323215946,6.04517535611705
93.9,0.109156910130411,0.0259482948899238,0.999999996027892,0.209305452825043,0.0497551607633878,1.9174732203724,-0.846640066202802,0.376025271397846,-0.376570834731385,0.286792554761728,0.918465845058167,0.272342655481709,0.44827517088654,0.12257849212551,-0.885451232104219,3.57672864285226,6.04517535969606
93.95,0.109156909808827,0.025948295293735,0.999999996073248,0.209305452208415,0.049755161537685,1.91747322045937,-0.844474267196641,0.376142293509965,-0.381287538579166,0.28589815853354,0.918561470943781,0.272959826796414,0.452907777577098,0.121498144556454,-0.8832399141114,3.58200405354818,6.04517536327788
94,0.109156909489866,0.0259482956802777,0.999999996118562,0.209305451596817,0.0497551622788701,1.91747322054626,-0.842284088341511,0.376253684528625,-0.385993107976481,0.285000642695959,0.918658173265686,0.27357228360169,0.457528303156865,0.120417297639447,-0.881003703873947,3.58727946424722,6.04517536686147
94.05,0.109156909173557,0.0259482960498537,0.999999996163823,0.209305450990302,0.0497551629875223,1.91747322063304,-0.840069590589812,0.376359441353815,-0.390687411967815,0.284100032226747,0.918755949332669,0.274180008852923,0.462136619037084,0.119335981454345,-0.878742663625308,3.5925548749494,6.04517537043998
94.1,0.109156908859914,0.0259482964027356,0.999999996209021,0.209305450388899,0.0497551636641638,1.91747322071971,-0.837830835570743,0.376459561042325,-0.395370319911157,0.283196352189797,0.918854796423633,0.274782985637172,0.466732596968781,0.118254226094063,-0.876456856289955,3.59783028565469,6.0451753740078
94.15,0.109156908548946,0.0259482967391885,0.999999996254148,0.209305449792627,0.0497551643093032,1.91747322080624,-0.835567885588577,0.376554040807823,-0.400041701481652,0.282289627734421,0.918954711787676,0.275381197173649,0.471316109046356,0.117172061663737,-0.874146345481621,3.60310569636309,6.04517537756289
94.2,0.109156908240664,0.0259482970594775,0.999999996299197,0.209305449201504,0.0497551649234489,1.91747322089262,-0.833280803620935,0.376642878020938,-0.404701426675213,0.281379884094664,0.919055692644166,0.275974626814181,0.475887027711118,0.116089518279892,-0.871811195501538,3.60838110707458,6.04517538110501
94.25,0.109156907935078,0.0259482973638679,0.999999996344159,0.209305448615551,0.0497551655071092,1.91747322097883,-0.830969653317027,0.37672607020933,-0.409349365812156,0.280467146588589,0.919157736182818,0.276563258043674,0.480445225754856,0.115006626069596,-0.869451471336643,3.61365651778917,6.04517538463517
94.3,0.109156907632197,0.0259482976526246,0.999999996389027,0.209305448034786,0.0497551660607926,1.91747322106487,-0.828634498995882,0.376803615057759,-0.4139853895408,0.279551440617581,0.919260839563774,0.277147074480575,0.484990576323374,0.113923415169624,-0.86706723865777,3.61893192850683,6.04517538815261
94.35,0.109156907332033,0.025948297926013,0.999999996433793,0.209305447459229,0.0497551665850075,1.9174732211507,-0.826275405644562,0.376875510408149,-0.418609368841062,0.278632791665638,0.919364999917678,0.277726059877323,0.489522952920012,0.112839915725625,-0.864658563817826,3.62420733922754,6.04517539165758
94.4,0.109156907034595,0.0259482981842981,0.999999996478449,0.209305446888899,0.0497551670802622,1.91747322123633,-0.823892438916344,0.376941754259651,-0.423221175028065,0.277711225298657,0.919470214345761,0.278300198120808,0.494042229409185,0.111756157891273,-0.862225513849934,3.62948274995132,6.04517539515034
94.45,0.109156906739893,0.025948298427745,0.999999996522986,0.209305446323816,0.0497551675470652,1.91747322132173,-0.821485665128905,0.377002344768696,-0.427820679755697,0.276786767163731,0.919576479919917,0.278869473232813,0.498548280019872,0.110672171827435,-0.859768156465583,3.63475816067814,6.04517539863038
94.5,0.109156906447937,0.0259482986566189,0.999999996567398,0.209305445763999,0.0497551679859248,1.91747322140689,-0.819055151262466,0.377057280249046,-0.432407755020202,0.275859442988427,0.919683793682789,0.279433869370463,0.503040979349131,0.109587987701332,-0.857286560052728,3.64003357140799,6.04517540209769
94.55,0.109156906158738,0.025948298871185,0.999999996611675,0.209305445209467,0.0497551683973495,1.91747322149179,-0.816600964957936,0.377106559171842,-0.436982273163732,0.274929278580077,0.919792152647847,0.279993370826665,0.507520202365587,0.108503635685692,-0.854780793673898,3.64530898214086,6.04517540555279
94.6,0.109156905872306,0.0259482990717084,0.99999999665581,0.20930544466024,0.0497551687818477,1.91747322157642,-0.814123174515023,0.377150180165649,-0.441544106877896,0.273996299825055,0.919901553799476,0.280547962030541,0.511985824412902,0.107419145957922,-0.852250927064272,3.65058439287674,6.04517540899517
94.65,0.10915690558865,0.0259482992584542,0.999999996699795,0.209305444116338,0.0497551691399277,1.91747322166076,-0.811621848890337,0.377188142016488,-0.446093129207322,0.273060532688055,0.920011994093053,0.281097627547868,0.516437721213262,0.106334548699255,-0.849697030629729,3.65585980361561,6.04517541242559
94.7,0.10915690530778,0.0259482994316875,0.999999996743623,0.209305443577779,0.0497551694720981,1.91747322174479,-0.80909705769547,0.377220443667875,-0.450629213553166,0.272122003211378,0.920123470455039,0.281642352081504,0.520875768870813,0.105249874093922,-0.847119175444904,3.66113521435748,6.04517541584303
94.75,0.109156905029708,0.0259482995916736,0.999999996787284,0.209305443044583,0.049755169778867,1.91747322182851,-0.806548871195059,0.37724708422085,-0.45515223367665,0.271180737514195,0.92023597978306,0.282182120471814,0.525299843875128,0.104165152328303,-0.844517433251195,3.66641062510232,6.04517541924826
94.8,0.109156904754443,0.0259482997386775,0.999999996830772,0.209305442516769,0.0497551700607431,1.9174732219119,-0.803977360304828,0.377268062933999,-0.459662063702574,0.270236761791828,0.920349518945995,0.28271691769709,0.529709823104639,0.103080413590091,-0.841891876454779,3.67168603585013,6.04517542264102
94.85,0.109156904481995,0.0259482998729644,0.999999996874077,0.209305441994357,0.0497551703182346,1.91747322199494,-0.801382596589622,0.377283379223476,-0.46415857812281,0.269290102315019,0.920464084784063,0.283246728873972,0.534105583830052,0.101995688067455,-0.839242578124588,3.67696144660089,6.04517542602055
94.9,0.109156904212374,0.0259482999947994,0.999999996917193,0.209305441477365,0.04975517055185,1.91747322207761,-0.798764652261404,0.377293032663022,-0.468641651799813,0.268340785429199,0.920579674108909,0.283771539257864,0.538487003717786,0.100911005948192,-0.836569611990279,3.6822368573546,6.04517542938812
94.95,0.10915690394559,0.0259483001044477,0.999999996960112,0.209305440965815,0.0497551707620977,1.91747322215991,-0.796123600177256,0.377297022983974,-0.473111159970082,0.267388837553753,0.920696283703696,0.284291334243337,0.542853960833352,0.0998263974188934,-0.833873052440182,3.68751226811124,6.04517543274348
95,0.109156903681654,0.0259483002021744,0.999999997002824,0.209305440459724,0.049755170949486,1.91747322224181,-0.793459513837343,0.37729535007527,-0.477566978247645,0.266434285181287,0.920813910323194,0.284806099364543,0.547206333644763,0.0987418926641018,-0.831152974519232,3.69278767887081,6.04517543608535
95.05,0.109156903420572,0.0259483002882364,0.999999997045324,0.209305439959107,0.0497551711145077,1.9174732223233,-0.790772467382875,0.377288013983459,-0.482008982627521,0.265477154876892,0.920932550693867,0.285315820295614,0.551544001025912,0.097657521865472,-0.828409453926875,3.69806308963328,6.04517543941018
95.1,0.109156903162343,0.0259483003628578,0.999999997087606,0.20930543946396,0.0497551712575922,1.91747322240437,-0.788062535594042,0.377275014912695,-0.486437049489156,0.264517473277401,0.921052201513968,0.285820482851059,0.555866842259933,0.0965733152009335,-0.825642567014971,3.70333850039865,6.04517544271465
95.15,0.109156902906962,0.0259483004262543,0.999999997129666,0.209305438974274,0.0497551713791532,1.91747322248502,-0.785329793887928,0.37725635322473,-0.490851055599885,0.26355526709065,0.921172859453629,0.286320072986164,0.560174737042577,0.0954893028438459,-0.82285239078566,3.70861391116689,6.04517544599774
95.2,0.109156902654423,0.0259483004786417,0.9999999971715,0.209305438490037,0.0497551714796047,1.91747322256524,-0.782574318316423,0.377232029438909,-0.495250878118342,0.262590563094735,0.921294521154952,0.286814576797378,0.564467565485544,0.0944055149621636,-0.820039002889224,3.71388932193799,6.04517544925972
95.25,0.109156902404722,0.0259483005202358,0.999999997213104,0.209305438011242,0.0497551715593602,1.91747322264501,-0.77979618556409,0.37720204423215,-0.499636394597895,0.261623388137266,0.921417183232107,0.287303980522701,0.568745208119834,0.0933219817175925,-0.817202481621922,3.71916473271192,6.04517545250007
95.3,0.109156902157854,0.0259483005512523,0.999999997254472,0.209305437537879,0.0497551716188336,1.91747322272433,-0.776995472946043,0.37716639843893,-0.504007482990045,0.260653769134619,0.921540842271421,0.287788270542071,0.573007545899067,0.0922387332647522,-0.814342905923815,3.72444014348868,6.0451754557193
95.35,0.109156901913813,0.0259483005719071,0.999999997295602,0.209305437069937,0.0497551716584386,1.9174732228032,-0.774172258405796,0.377125093051258,-0.508364021647824,0.259681733071189,0.92166549483148,0.288267433377736,0.577254460202788,0.0911557997503382,-0.811460355376567,3.72971555426823,6.04517545891716
95.4,0.109156901672595,0.0259483005824159,0.999999997336489,0.209305436607408,0.049755171678589,1.9174732228816,-0.771326620513082,0.377078129218651,-0.512705889329185,0.258707306998635,0.921791137443216,0.288741455694637,0.581485832839788,0.0900732113122785,-0.808554910201225,3.73499096505056,6.04517546209364
95.45,0.109156901434195,0.0259483005829946,0.999999997377128,0.209305436150282,0.0497551716796985,1.91747322295952,-0.768458638461679,0.377025508248098,-0.517032965200369,0.257730518035132,0.921917766610008,0.289210324300772,0.58570154605137,0.0889909980789006,-0.805626651256,3.74026637583566,6.04517546524901
95.5,0.109156901198608,0.0259483005738588,0.999999997417516,0.20930543569855,0.0497551716621809,1.91747322303697,-0.7655683920672,0.376967231604026,-0.521345128839274,0.256751393364613,0.922045378807783,0.289674026147568,0.589901482514641,0.0879091901680884,-0.802675660034001,3.7455417866235,6.04517546838325
95.55,0.109156900965828,0.0259483005552244,0.999999997457648,0.209305435252201,0.04975517162645,1.91747322311392,-0.762655961764871,0.37690330090826,-0.525642260238803,0.255769960236015,0.922173970485108,0.290132548330242,0.594085525345776,0.0868278176864461,-0.799702018660978,3.75081719741407,6.04517547149587
95.6,0.109156900735851,0.0259483005273072,0.99999999749752,0.209305434811227,0.0497551715729195,1.91747322319037,-0.7597214286073,0.376833717939975,-0.5299242398102,0.254786245962518,0.922303538063289,0.290585878088159,0.59825355810326,0.0857469107284613,-0.796705809893034,3.75609260820734,6.04517547458711
95.65,0.109156900508673,0.0259483004903229,0.999999997537128,0.209305434375618,0.0497551715020031,1.91747322326632,-0.756764874262207,0.37675848463565,-0.534190948386394,0.253800277920786,0.922434077936478,0.291034002805193,0.602405464791147,0.0846664993756637,-0.793687117114315,3.7613680190033,6.04517547765724
95.7,0.109156900284287,0.0259483004444874,0.999999997576467,0.209305433945364,0.0497551714141147,1.91747322334175,-0.753786381010167,0.376677603089012,-0.538442267225291,0.252812083550205,0.922565586471763,0.291476910010068,0.60654112986227,0.0835866136957929,-0.790646024334703,3.76664342980194,6.04517548070599
95.75,0.109156900062689,0.0259483003900163,0.999999997615534,0.209305433520456,0.0497551713096679,1.91747322341666,-0.750786031742311,0.376591075550977,-0.5426780780131,0.251821690352123,0.922698060009277,0.291914587376715,0.610660438221467,0.0825072837419578,-0.787582616187464,3.77191884060322,6.04517548373337
95.8,0.109156899843874,0.0259483003271256,0.999999997654324,0.209305433100885,0.0497551711890766,1.91747322349104,-0.747763909958018,0.376498904429589,-0.546898262867616,0.250829125889075,0.922831494862296,0.292347022724609,0.614763275228782,0.0814285395518017,-0.784496977926902,3.77719425140714,6.04517548673963
95.85,0.109156899627837,0.0259483002560309,0.999999997692832,0.20930543268664,0.0497551710527544,1.91747322356488,-0.744720099762601,0.376401092289953,-0.551102704341498,0.249834417784028,0.922965887317344,0.292774204019111,0.618849526702653,0.0803504111466671,-0.781389195425982,3.78246966221366,6.04517548972452
95.9,0.109156899414574,0.0259483001769481,0.999999997731056,0.209305432277713,0.0497551709011152,1.91747322363817,-0.741654685864951,0.376297641854163,-0.555291285425548,0.248837593719603,0.923101233634294,0.293196119371802,0.622919078923096,0.0792729285307577,-0.778259355173942,3.78774507302279,6.04517549268803
95.95,0.109156899204078,0.0259483000900929,0.99999999776899,0.209305431874093,0.0497551707345728,1.91747322371091,-0.738567753575197,0.376188556001224,-0.559463889551954,0.24783868143731,0.923237530046472,0.293612757040811,0.626971818634859,0.0781961216903067,-0.775107544273885,3.79302048383449,6.04517549563043
96,0.109156898996346,0.0259482999956811,0.99999999780663,0.209305431475772,0.0497551705535407,1.91747322378308,-0.735459388802317,0.376073837766977,-0.563620400597547,0.246837708736773,0.923374772760765,0.294024105431148,0.631007633050585,0.0771200205927396,-0.771933850440356,3.79829589464875,6.04517549855119
96.05,0.10915689879137,0.0259482998939205,0.999999997843973,0.209305431082736,0.0497551703584174,1.91747322385469,-0.732329678051755,0.375953490344011,-0.567760702887025,0.245834703474957,0.923512957957723,0.294430153095022,0.635026409853947,0.0760446551858414,-0.768738361996898,3.80357130546556,6.04517550144855
96.1,0.109156898589138,0.025948299784986,0.999999997881016,0.209305430694962,0.0497551701495385,1.91747322392571,-0.729178708423017,0.375827517081574,-0.571884681196165,0.244829693565395,0.923652081791668,0.294830888732158,0.639028037202763,0.0749700553969244,-0.765521167873604,3.80884671628487,6.04517550432123
96.15,0.109156898389636,0.0259482996690449,0.999999997917758,0.209305430312422,0.0497551699272245,1.91747322399617,-0.726006567607235,0.375695921485482,-0.575992220755052,0.243822706977406,0.923792140390799,0.295226301190117,0.64301240373213,0.0738962511319921,-0.762282357604626,3.81412212710669,6.04517550716846
96.2,0.10915689819285,0.0259482995462641,0.999999997954198,0.20930542993509,0.0497551696917955,1.91747322406604,-0.722813343884741,0.375558707218017,-0.580083207251245,0.242813771735325,0.9239331298573,0.295616379464603,0.646979398557501,0.0728232722749107,-0.759022021325699,3.81939753793097,6.0451755099905
96.25,0.109156897998765,0.0259482994168106,0.999999997990334,0.209305429562937,0.049755169443572,1.91747322413533,-0.719599126122597,0.375415878097833,-0.584157526832983,0.241802915917714,0.924075046267451,0.296001112699769,0.650928911277788,0.0717511486865744,-0.75574024977162,3.82467294875771,6.04517551278736
96.3,0.109156897807367,0.0259482992808516,0.999999998026164,0.209305429195937,0.0497551691828742,1.91747322420403,-0.71636400377213,0.375267438099841,-0.588215066112341,0.240790167656585,0.924217885671732,0.296380490188521,0.654860831978427,0.0706799102040753,-0.752437134273732,3.82994835958688,6.04517551555902
96.35,0.109156897618643,0.025948299138554,0.999999998061687,0.209305428834063,0.0497551689100224,1.91747322427215,-0.713108066866442,0.375113391355104,-0.592255712168384,0.239775555136619,0.92436164409494,0.296754501372814,0.658775051234435,0.0696095866398743,-0.749112766757378,3.83522377041846,6.04517551830524
96.4,0.109156897432577,0.0259482989900849,0.999999998096902,0.209305428477286,0.0497551686253369,1.91747322433967,-0.709831406017896,0.374953742150718,-0.59627935255032,0.238759106594376,0.924506317536292,0.297123135843947,0.662671460113465,0.0685402077809682,-0.745767239739337,3.84049918125242,6.04517552102626
96.45,0.109156897249156,0.0259482988356114,0.999999998131807,0.209305428125582,0.049755168329138,1.9174732244066,-0.706534112415609,0.374788494929699,-0.600285875280619,0.237740850317515,0.924651901969544,0.297486383342854,0.666549950178824,0.067471803388065,-0.742400646325264,3.84577459208875,6.04517552372236
96.5,0.109156897068365,0.0259482986753004,0.9999999981664,0.20930542777892,0.049755168021746,1.91747322447293,-0.703216277822899,0.374617654290851,-0.604275168858135,0.236720814644002,0.924798393343095,0.297844233760385,0.670410413492502,0.0664044031947522,-0.739013080207084,3.85105000292741,6.04517552639326
96.55,0.109156896890191,0.025948298509319,0.99999999820068,0.209305427437276,0.0497551677034812,1.91747322453866,-0.699877994574742,0.374441224988646,-0.608247122261208,0.235699027961325,0.924945787580108,0.298196677137593,0.67425274261817,0.0653380369066705,-0.735604635660392,3.8563254137684,6.04517552903872
96.6,0.109156896714619,0.0259482983378344,0.999999998234646,0.209305427100621,0.0497551673746639,1.91747322460379,-0.696519355575198,0.374259211933085,-0.612201624950749,0.234675518705702,0.925094080578616,0.298543703666006,0.678076830624171,0.0642727342006885,-0.732175407541832,3.86160082461169,6.04517553165899
96.65,0.109156896541635,0.0259482981610134,0.999999998268296,0.209305426768929,0.0497551670356144,1.91747322466831,-0.693140454294824,0.374071620189566,-0.616138566873328,0.23365031536129,0.925243268211642,0.298885303687904,0.6818825710865,0.0632085247240734,-0.728725491286445,3.86687623545725,6.04517553425406
96.7,0.109156896371224,0.0259482979790231,0.999999998301628,0.209305426442171,0.049755166686653,1.91747322473223,-0.689741384768077,0.373878454978743,-0.620057838464223,0.232623446459394,0.925393346327309,0.299221467696586,0.685669858091756,0.06214543809367,-0.725254982905031,3.87215164630506,6.04517553682395
96.75,0.109156896203373,0.0259482977920307,0.999999998334641,0.209305426120322,0.0497551663281,1.91747322479553,-0.686322241590694,0.373679721676374,-0.623959330650478,0.231594940577669,0.925544310748961,0.299552186336635,0.689438586240103,0.0610835038950731,-0.72176397898146,3.87742705715511,6.0451755393684
96.8,0.109156896038068,0.025948297600203,0.999999998367334,0.209305425803353,0.0497551659602756,1.91747322485822,-0.682883119917058,0.373475425813182,-0.627842934853939,0.230564826339327,0.925696157275273,0.299877450404177,0.693188650648192,0.0600227516818059,-0.718252576669992,3.88270246800736,6.0451755418879
96.85,0.109156895875294,0.0259482974037073,0.999999998399705,0.209305425491238,0.0497551655835003,1.91747322492029,-0.679424115457558,0.373265573074694,-0.631708542994264,0.229533132412343,0.925848881680373,0.30019725084714,0.696919946952082,0.0589632109744978,-0.714720873692579,3.8879778788618,6.04517554438248
96.9,0.109156895715037,0.0259482972027104,0.999999998431752,0.209305425183949,0.0497551651980942,1.91747322498174,-0.67594532447591,0.373050169301081,-0.635556047491951,0.228499887508652,0.926002479713958,0.300511578765501,0.700632371310154,0.0579049112600604,-0.711168968336129,3.89325328971841,6.04517554685135
96.95,0.109156895557282,0.0259482969973795,0.999999998463474,0.209305424881459,0.0497551648043777,1.91747322504256,-0.672446843786497,0.372829220487004,-0.639385341271312,0.227465120383355,0.926156947101411,0.300820425411541,0.704325820405986,0.0568478819908708,-0.70759695944979,3.89852870057717,6.04517554929503
97,0.109156895402016,0.0259482967878816,0.99999999849487,0.209305424583741,0.049755164402671,1.91747322510276,-0.668928770751658,0.372602732781438,-0.643196317763464,0.226428859833915,0.92631227954392,0.301123782190082,0.708000191451237,0.0557921525839483,-0.704004946442183,3.90380411143804,6.04517555171353
97.05,0.109156895249224,0.0259482965743763,0.999999998525938,0.209305424290766,0.0497551639932804,1.91747322516234,-0.665391203278989,0.372370712487508,-0.646988870909295,0.225391134699355,0.926468472718602,0.301421640658728,0.711655382188511,0.0547377524201374,-0.700393029278644,3.90907952230101,6.04517555410632
97.1,0.109156895098888,0.0259482963569937,0.999999998556678,0.2093054240025,0.049755163576455,1.91747322522128,-0.661834239818616,0.372133166062307,-0.650762895162407,0.224351973859463,0.926625522278615,0.301713992528101,0.71529129089419,0.0536847108432912,-0.696761308478445,3.91435493316606,6.04517555647367
97.15,0.109156894950988,0.0259482961358562,0.999999998587091,0.209305423718906,0.0497551631524298,1.91747322527959,-0.658257979360449,0.371890100116723,-0.654518285492066,0.223311406233976,0.926783423853289,0.302000829662073,0.718907816381282,0.0526330571594512,-0.693109885111983,3.91963034403317,6.04517555881558
97.2,0.109156894805505,0.0259482959110866,0.999999998617177,0.209305423439947,0.0497551627214401,1.91747322533728,-0.654662521431435,0.371641521415249,-0.658254937386112,0.222269460781786,0.926942173048238,0.302282144077987,0.722504858002221,0.0515828206360364,-0.689438860797983,3.92490575490231,6.04517556113179
97.25,0.109156894662421,0.0259482956828074,0.999999998646936,0.209305423165588,0.0497551622837207,1.91747322539435,-0.651047966092787,0.371387436875801,-0.661972746853877,0.221226166500129,0.92710176544549,0.302557927946886,0.726082315651677,0.0505340305010252,-0.685748337700661,3.93018116577345,6.04517556342179
97.3,0.109156894521717,0.0259482954511411,0.999999998676369,0.209305422895792,0.0497551618395069,1.91747322545078,-0.647414413937194,0.371127853569519,-0.665671610429078,0.220181552423777,0.927262196603606,0.302828173593726,0.729640089769343,0.0494867159421429,-0.682038418526879,3.93545657664659,6.04517556568634
97.35,0.109156894383374,0.0259482952162104,0.999999998705477,0.209305422630522,0.0497551613890335,1.9174732255066,-0.643761966086028,0.370862778720574,-0.669351425172687,0.219135647624236,0.927423462057803,0.303092873497592,0.733178081342697,0.0484409061060513,-0.678309206523298,3.94073198752169,6.04517556792494
97.4,0.109156894247373,0.0259482949781378,0.999999998734258,0.209305422369744,0.0497551609325358,1.91747322556178,-0.640090724186522,0.370592219705966,-0.673012088675812,0.218088481208928,0.92758555732008,0.303352020291905,0.73669619190977,0.0473966300975335,-0.674560805473488,3.94600739839873,6.04517557013835
97.45,0.109156894113695,0.025948294737046,0.999999998762714,0.209305422113419,0.0497551604702487,1.91747322561635,-0.636400790408952,0.37031618405532,-0.676653499062532,0.21704008232039,0.927748477879344,0.30360560676463,0.740194323561874,0.0463539169786886,-0.670793319695056,3.95128280927769,6.04517557232581
97.5,0.10915689398232,0.0259482944930576,0.999999998790846,0.209305421861512,0.0497551600024074,1.91747322567029,-0.632692267443783,0.370034679450674,-0.680275554992741,0.215990480135454,0.927912219201533,0.303853625858476,0.743672378946335,0.0453127957681195,-0.66700685403673,3.95655822015855,6.04517557448757
97.55,0.109156893853231,0.025948294246295,0.999999998818653,0.209305421613987,0.0497551595292468,1.91747322572361,-0.628965258498817,0.369747713726267,-0.683878155664966,0.214939703864443,0.928076776729744,0.304096070671089,0.7471302612692,0.0442732954401265,-0.66320151387545,3.96183363104129,6.04517557662338
97.6,0.109156893726408,0.025948293996881,0.999999998846136,0.209305421370807,0.049755159051002,1.91747322577631,-0.625219867296322,0.369455294868321,-0.687461200819168,0.213887782750356,0.928242145884356,0.304332934455249,0.750567874297926,0.043235444923902,-0.659377405113434,3.96710904192587,6.04517557873374
97.65,0.109156893601832,0.025948293744938,0.999999998873294,0.209305421131936,0.0497551585679082,1.91747322582838,-0.621456198070136,0.369157431014818,-0.691024590739543,0.212834746068048,0.928408322063165,0.304564210619054,0.753985122364071,0.0421992731027223,-0.65553463417522,3.97238445281229,6.04517558081866
97.7,0.109156893479485,0.0259482934905888,0.99999999890013,0.209305420897338,0.0497551580802003,1.91747322587984,-0.61767435556278,0.368854130455272,-0.694568226257284,0.211780623123425,0.928575300641506,0.304789892726107,0.757381910365938,0.0411648088131481,-0.651673308004723,3.97765986370052,6.04517558287711
97.75,0.109156893359346,0.0259482932339558,0.999999998926642,0.209305420666976,0.0497551575881135,1.91747322593068,-0.613874445022535,0.368545401630504,-0.698092008753349,0.210725443252621,0.92874307697238,0.305009974495692,0.76075814377124,0.0401320808442183,-0.647793534062244,3.98293527459053,6.04517558491038
97.8,0.109156893241398,0.0259482929751617,0.999999998952832,0.209305420440814,0.0497551570918827,1.91747322598089,-0.610056572200508,0.368231253132398,-0.701595840161207,0.209669235821185,0.928911646386592,0.305224449802948,0.764113728619717,0.0391011179366501,-0.643895420321481,3.98821068548231,6.04517558691794
97.85,0.109156893125622,0.0259482927143291,0.999999998978699,0.209305420218815,0.0497551565917431,1.91747322603049,-0.606220843347704,0.367911693703672,-0.705079622969558,0.208612030223264,0.929081004192871,0.305433312679045,0.767448571525758,0.0380719487820408,-0.639979075266536,3.99348609637582,6.04517558889956
97.9,0.109156893011998,0.0259482924515805,0.999999999004244,0.209305420000944,0.0497551560879297,1.91747322607947,-0.60236736521205,0.367586732237627,-0.708543260225059,0.207553855880781,0.929251145678008,0.305636557311343,0.770762579681002,0.0370446020220651,-0.636044607888876,3.99876150727106,6.04517559085623
97.95,0.109156892900507,0.0259482921870385,0.999999999029468,0.209305419787164,0.0497551555806776,1.91747322612784,-0.598496245035443,0.367256377777903,-0.71198665553501,0.206494742242623,0.929422066106983,0.30583417804356,0.77405566085691,0.0360191062476832,-0.63209212768432,4.00403691816799,6.04517559278619
98,0.109156892791131,0.0259482919208258,0.99999999905437,0.209305419577439,0.0497551550702217,1.91747322617559,-0.594607590550753,0.366920639518225,-0.715409713070045,0.205434718783814,0.929593760723098,0.306026169375925,0.777327723407343,0.0349954899983417,-0.628121744649979,4.00931232906659,6.0451755946902
98.05,0.109156892683851,0.0259482916530585,0.999999999078951,0.209305419371731,0.0497551545567851,1.91747322622272,-0.590701509978826,0.366579526802152,-0.718812337566799,0.204373815004701,0.929766224748111,0.306212525965333,0.780578676271111,0.0339737817611792,-0.624133569281195,4.01458773996684,6.04517559657105
98.1,0.109156892578646,0.0259482913838274,0.999999999103213,0.209305419170003,0.0497551540405417,1.91747322626924,-0.586778112025479,0.36623304912281,-0.722194434330551,0.203312060430129,0.929939453382365,0.306393242625494,0.783808428974498,0.0329540099702363,-0.620127712568477,4.01986315086873,6.04517559842697
98.15,0.109156892475495,0.025948291113217,0.999999999127156,0.209305418972215,0.0497551535216535,1.91747322631516,-0.582837505878464,0.365881216122634,-0.725555909237871,0.202249484608619,0.930113441804925,0.306568314327076,0.787016891633795,0.0319362030056603,-0.616104285994393,4.02513856177222,6.04517560025846
98.2,0.109156892374379,0.0259482908413117,0.999999999150784,0.209305418778328,0.0497551530002823,1.91747322636046,-0.57887980120444,0.365524037593096,-0.728896668739231,0.20118611711155,0.930288185173713,0.306737736197845,0.790203974957786,0.0309203891929192,-0.612063401530489,4.0304139726773,6.04517560206705
98.25,0.109156892275277,0.0259482905681958,0.999999999174096,0.209305418588302,0.0497551524765901,1.91747322640516,-0.574905108145917,0.365161523474435,-0.73221661986161,0.200121987532331,0.930463678625637,0.306901503522804,0.793369590250245,0.0299065968020113,-0.608005171634157,4.03568938358395,6.04517560385071
98.3,0.109156892178168,0.025948290293954,0.999999999197094,0.209305418402098,0.0497551519507386,1.91747322644926,-0.570913537318187,0.364793683855375,-0.735515670211084,0.199057125485582,0.930639917276734,0.307059611744319,0.796513649412396,0.0288948540466786,-0.603929709245512,4.04096479449215,6.04517560561044
98.35,0.109156892083032,0.0259482900186704,0.999999999219781,0.209305418219677,0.0497551514228898,1.91747322649276,-0.566905199806253,0.364420528972854,-0.738793727975393,0.197991560606305,0.930816896222301,0.307212056462248,0.799636064945368,0.0278851890836227,-0.59983712778425,4.04624020540187,6.04517560734626
98.4,0.109156891989848,0.0259482897424297,0.999999999242158,0.209305418041,0.0497551508932055,1.91747322653567,-0.562880207161729,0.364042069211728,-0.7420507019265,0.196925322549064,0.93099461053703,0.307358833434067,0.802736749952633,0.0268776300117197,-0.595727541146485,4.05151561631309,6.04517560905868
98.45,0.109156891898597,0.0259482894653161,0.999999999264225,0.209305417866028,0.0497551503618477,1.91747322657798,-0.558838671399745,0.363658315104492,-0.74528650142313,0.195858440987157,0.931173055275153,0.307499938574982,0.805815618142419,0.0258722048712395,-0.59160106370159,4.0567910272258,6.04517561074717
98.5,0.109156891809257,0.0259482891874142,0.999999999285985,0.209305417694721,0.0497551498289782,1.9174732266197,-0.554780704995821,0.363269277330978,-0.74850103641329,0.194790945611789,0.93135222547057,0.307635367958045,0.808872583830114,0.0248689416430646,-0.587457810289002,4.06206643813997,6.04517561241073
98.55,0.109156891721808,0.0259482889088083,0.999999999307439,0.20930541752704,0.0497551492947589,1.91747322666084,-0.550706420882741,0.362874966718064,-0.751694217436774,0.19372286613125,0.931532116136993,0.307765117814267,0.811907561940653,0.0238678682479118,-0.583297896215035,4.06734184905558,6.04517561405138
98.6,0.10915689163623,0.0259482886295829,0.999999999328588,0.209305417362946,0.0497551487593517,1.9174732267014,-0.546615932447413,0.362475394239372,-0.754865955627658,0.192654232270084,0.931712722268084,0.307889184532717,0.814920468010879,0.0228690125455557,-0.579121437249669,4.07261725997262,6.04517561566761
98.65,0.109156891552502,0.0259482883498224,0.999999999349435,0.2093054172024,0.0497551482229184,1.91747322674137,-0.542509353527703,0.362070571014958,-0.75801616271677,0.191585073768263,0.931894038837592,0.308007564660627,0.817911218191903,0.0218724023340511,-0.57492854962332,4.07789267089105,6.04517561725942
98.7,0.109156891470603,0.0259482880696112,0.99999999936998,0.209305417045362,0.0497551476856209,1.91747322678076,-0.538386798409281,0.36166050831101,-0.761144751034142,0.190515420380361,0.932076060799497,0.308120254903484,0.820879729251428,0.0208780653489631,-0.570719350023623,4.08316808181086,6.0451756188273
98.75,0.109156891390514,0.0259482877890338,0.999999999390225,0.209305416891794,0.0497551471476212,1.91747322681958,-0.534248381822431,0.361245217539525,-0.76425163351146,0.189445301874726,0.932258783088145,0.308227252125126,0.823825918576072,0.0198860292625918,-0.566493955592166,4.08844349273203,6.04517562037229
98.8,0.109156891312214,0.0259482875081745,0.999999999410172,0.209305416741655,0.0497551466090811,1.91747322685783,-0.530094218938855,0.360824710258002,-0.767336723684482,0.188374748032645,0.932442200618395,0.308328553347826,0.826749704173665,0.0188963216832032,-0.562252483921238,4.09371890365454,6.04517562189285
98.85,0.109156891235682,0.0259482872271179,0.999999999429822,0.209305416594907,0.0497551460701625,1.91747322689551,-0.525924425368486,0.360398998169111,-0.770399935695434,0.187303788647528,0.932626308285755,0.308424155752379,0.829651004675526,0.0179089701542633,-0.557995053050566,4.09899431457837,6.04517562338898
98.9,0.109156891160898,0.0259482869459482,0.999999999449176,0.209305416451511,0.0497551455310272,1.91747322693262,-0.521739117156242,0.359968093120374,-0.773441184295423,0.186232453524064,0.932811100966528,0.308514056678173,0.832529739338741,0.0169240021536667,-0.553721781464004,4.10426972550349,6.0451756248612
98.95,0.109156891087842,0.02594828666475,0.999999999468237,0.209305416311427,0.0497551449918372,1.91747322696917,-0.517538410778825,0.35953200710383,-0.776460384846786,0.185160772477402,0.932996573517952,0.308598253623271,0.835385828048393,0.0159414450929764,-0.549432788086266,4.10954513642988,6.04517562631
99,0.109156891016492,0.0259482863836077,0.999999999487005,0.209305416174616,0.0497551444527543,1.91747322700516,-0.51332242314146,0.359090752255708,-0.779457453325459,0.18408877533232,0.933182720778346,0.308676744244477,0.838219191319804,0.014961326316659,-0.545128192279596,4.11482054735753,6.04517562773489
99.05,0.109156890946829,0.0259482861026004,0.999999999505483,0.209305416041039,0.0497551439139304,1.91747322704059,-0.509091271574649,0.35864434085608,-0.782432306323311,0.183016491922389,0.933369537567251,0.3087495263574,0.841029750300743,0.0139836731013228,-0.540808113840451,4.12009595828641,6.04517562913688
99.1,0.109156890878833,0.0259482858217868,0.999999999523671,0.209305415910658,0.0497551433754778,1.91747322707546,-0.504845073830908,0.358192785328528,-0.785384861050464,0.18194395208915,0.933557018685574,0.308816597936517,0.843817426773616,0.0130085126549616,-0.536472672996174,4.12537136921651,6.0451756305175
99.15,0.109156890812484,0.0259482855412201,0.999999999541573,0.209305415783435,0.0497551428374987,1.91747322710979,-0.500583948081478,0.357736098239794,-0.788315035337605,0.180871185681277,0.933745158915735,0.30887795711523,0.846582143157656,0.0120358721161929,-0.532121990401631,4.1306467801478,6.04517563187826
99.2,0.109156890747762,0.0259482852609537,0.999999999559191,0.209305415659332,0.0497551423000954,1.91747322714357,-0.496308012913053,0.357274292299429,-0.791222747638261,0.179798222553752,0.933933953021812,0.308933602185914,0.849323822511066,0.0110657785535074,-0.527756187135875,4.13592219108027,6.04517563321817
99.25,0.109156890684647,0.0259482849810409,0.999999999576526,0.209305415538311,0.04975514176337,1.91747322717681,-0.492017387324467,0.356807380359442,-0.794107917031078,0.17872509256703,0.934123395749683,0.308983531599969,0.852042388533172,0.0100982589645129,-0.523375384698759,4.1411976020139,6.04517563453619
99.3,0.10915689062312,0.0259482847015349,0.999999999593581,0.209305415420334,0.0497551412274248,1.91747322720951,-0.48771219072339,0.356335375413944,-0.796970463222066,0.177651825586211,0.934313481827177,0.30902774396786,0.854737765566538,0.00913334027518409,-0.518979705007566,4.14647301294867,6.04517563583335
99.35,0.10915689056316,0.0259482844224892,0.999999999610357,0.209305415305364,0.0497551406923621,1.91747322724168,-0.483392542923003,0.355858290598781,-0.799810306546837,0.176578451480207,0.934504205964217,0.30906623805916,0.857409878599077,0.008171049339113,-0.514569270393611,4.15174842388456,6.04517563710913
99.4,0.109156890504748,0.025948284143957,0.999999999626858,0.209305415193361,0.0497551401582841,1.91747322727332,-0.479058564138658,0.355376139191172,-0.802627367972825,0.175505000120912,0.934695562852971,0.309099012802575,0.86005865326614,0.00721141293676056,-0.510144203598835,4.15702383482156,6.04517563836507
99.45,0.109156890447865,0.0259482838659917,0.999999999643085,0.209305415084289,0.049755139625293,1.91747322730443,-0.474710374984541,0.35488893460934,-0.805421569101477,0.174431501382369,0.934887547167996,0.309126067285987,0.862684015852577,0.0062544577747137,-0.505704627772393,4.16229924575964,6.04517563959963
99.5,0.10915689039249,0.0259482835886466,0.99999999965904,0.209305414978109,0.0497551390934912,1.91747322733503,-0.470348096470311,0.354396690412135,-0.808192832170442,0.173357985139939,0.935080153566389,0.309147400756467,0.865285893294798,0.00530021048493995,-0.501250666467227,4.1675746566988,6.04517564081333
99.55,0.109156890338604,0.0259482833119749,0.999999999674725,0.209305414874783,0.0497551385629807,1.9174732273651,-0.46597184999773,0.353899420298661,-0.810941080055737,0.172284481269472,0.935273376687933,0.309163012620304,0.867864213182801,0.00434869762404658,-0.496782443636621,4.172850067639,6.04517564200617
99.6,0.109156890286186,0.0259482830360301,0.999999999690143,0.209305414774273,0.049755138033864,1.91747322739467,-0.461581757357294,0.353397138107892,-0.813666236273881,0.171211019646474,0.935467211155247,0.309172902443018,0.870418903762187,0.00339994567254362,-0.492300083630764,4.17812547858023,6.04517564317814
99.65,0.109156890235217,0.0259482827608655,0.999999999705295,0.209305414676542,0.0497551375062431,1.91747322742372,-0.457177940724827,0.352889857818289,-0.816368224984042,0.170137630145272,0.93566165157394,0.309177069949372,0.872949893936163,0.00245398103410285,-0.487803711193269,4.18340088952248,6.04517564432874
99.7,0.109156890185678,0.0259482824865343,0.999999999720184,0.209305414581552,0.0497551369802205,1.91747322745227,-0.452760522658098,0.352377593547408,-0.819046970990128,0.169064342638189,0.935856692532753,0.309175515023382,0.875457113267511,0.00151083003482763,-0.483293451457727,4.18867630046572,6.04517564545847
99.75,0.109156890137548,0.0259482822130899,0.999999999734812,0.209305414489264,0.0497551364558982,1.91747322748032,-0.448329626093401,0.35186035955151,-0.821702399742896,0.167991186994708,0.936052328603718,0.309168237708319,0.877940491980556,0.000570518922516944,-0.478769429944205,4.19395171140994,6.04517564656734
99.8,0.109156890090807,0.0259482819405857,0.999999999749181,0.20930541439964,0.0497551359333786,1.91747322750787,-0.443885374342132,0.351338170225161,-0.824334437342018,0.166918193080644,0.936248554342301,0.309155238206706,0.880399960963106,-0.00036692613406436,-0.474231772555756,4.19922712235512,6.04517564765534
99.85,0.109156890045437,0.0259482816690749,0.999999999763293,0.209305414312643,0.0497551354127638,1.91747322753493,-0.439427891087369,0.350811040100836,-0.826943010538137,0.16584539075731,0.936445364287561,0.309136516880314,0.88283545176837,-0.00130147904591199,-0.469680605574927,4.20450253330124,6.04517564872248
99.9,0.109156890001416,0.0259482813986108,0.999999999777151,0.209305414228235,0.0497551348941562,1.9174732275615,-0.434957300380411,0.350278983848511,-0.829528046734913,0.164772809880685,0.936642752962297,0.309112074250154,0.885246896616875,-0.00223311380451169,-0.465116055660227,4.20977794424828,6.04517564976876
99.95,0.109156889958726,0.0259482811292468,0.999999999790755,0.209305414146377,0.049755134377658,1.91747322758759,-0.430473726637345,0.349742016275255,-0.832089473991034,0.16370048030059,0.936840714873203,0.309081910996459,0.887634228398338,-0.00316180448255954,-0.460538249842618,4.21505335519623,6.04517565079417
100,0.109156889917346,0.0259482808610362,0.999999999804109,0.209305414067032,0.0497551338633714,1.91747322761319,-0.425977294635569,0.349200152324819,-0.834627221022227,0.162628431859847,0.937039244511018,0.309046027958665,0.889997380673544,-0.00408752523468606,-0.455947315521966,4.22032876614506,6.04517565179871
100.05,0.109156889877257,0.0259482805940283,0.999999999817215,0.209305413990163,0.0497551333513909,1.91747322763832,-0.421468129510329,0.34865340707722,-0.837141217203233,0.161556694393459,0.937238336350683,0.309004426135392,0.892336287676189,-0.00501025029817415,-0.451343380463508,4.22560417709476,6.04517565278392
100.1,0.109156889838441,0.0259482803282564,0.999999999830074,0.209305413915734,0.0497551328417804,1.91747322766298,-0.416946356751231,0.348101795748322,-0.83963139256978,0.16048529772777,0.937437984851493,0.308957106684411,0.894650884314717,-0.00592995399367649,-0.446726572794287,4.2308795880453,6.04517565375183
100.15,0.10915688980088,0.0259482800637496,0.99999999984269,0.209305413843711,0.0497551323345957,1.91747322768717,-0.412412102198743,0.347545333689407,-0.842097677820532,0.159414271679641,0.937638184457249,0.308904070922614,0.896941106174125,-0.00684661072593179,-0.442097020999582,4.23615499899669,6.04517565470243
100.2,0.109156889764556,0.0259482798005372,0.999999999855065,0.209305413774061,0.0497551318298929,1.9174732277109,-0.407865492040711,0.346984036386759,-0.844540004319003,0.15834364605562,0.937838929596418,0.30884532032598,0.899206889517758,-0.00776019498447306,-0.437454853919352,4.2414304099489,6.04517565563472
100.25,0.109156889729451,0.0259482795386483,0.9999999998672,0.20930541370675,0.049755131327728,1.91747322773417,-0.403306652808829,0.346417919461222,-0.846958304095483,0.15727345065111,0.938040214682283,0.308780856529528,0.901448171289083,-0.00867068134434165,-0.432800200744632,4.24670582090192,6.04517565655123
100.3,0.109156889695549,0.0259482792781122,0.999999999879099,0.209305413641742,0.049755130828157,1.91747322775699,-0.398735711375124,0.345846998667769,-0.849352509848926,0.156203715249541,0.938242034113101,0.308710681327278,0.903664889113445,-0.00957804446679322,-0.428133191013939,4.25198123185573,6.04517565744992
100.35,0.10915688966283,0.0259482790189581,0.999999999890763,0.209305413579005,0.049755130331236,1.91747322777935,-0.394152794948437,0.345271289895068,-0.851722554948812,0.155134469621542,0.938444382272256,0.308634796672194,0.905856981299796,-0.010482259100001,-0.423453954609686,4.25725664281031,6.04517565833081
100.4,0.109156889631278,0.0259482787612152,0.999999999902196,0.209305413518504,0.0497551298370209,1.91747322780127,-0.389558031070855,0.344690809165034,-0.854068373437018,0.15406574352411,0.938647253528422,0.308553204676138,0.908024386842425,-0.0113833000797632,-0.418762621754535,4.26253205376566,6.04517565919439
100.45,0.109156889600873,0.0259482785049128,0.999999999913398,0.209305413460205,0.0497551293455677,1.91747322782275,-0.384951547614195,0.344105572632383,-0.85638990002964,0.152997566699787,0.93885064223571,0.308465907609803,0.910167045422642,-0.0122811423301975,-0.414059323007808,4.26780746472175,6.04517566004068
100.5,0.1091568895716,0.0259482782500799,0.999999999924374,0.209305413404073,0.0497551288569325,1.9174732278438,-0.380333472776418,0.343515596584189,-0.858687070118817,0.151929968875823,0.939054542733835,0.308372907902656,0.912284897410464,-0.0131757608644441,-0.409344189261827,4.27308287567857,6.04517566087017
100.55,0.109156889543439,0.0259482779967459,0.999999999935125,0.209305413350075,0.0497551283711714,1.91747322786441,-0.375703935078077,0.342920897439422,-0.860959819774529,0.15086297976336,0.939258949348267,0.308274208142866,0.914377883866276,-0.0140671307853583,-0.40461735173828,4.27835828663611,6.04517566168184
100.6,0.109156889516373,0.0259482777449399,0.999999999945652,0.209305413298177,0.0497551278883402,1.9174732278846,-0.371063063358736,0.342321491748499,-0.86320808574637,0.149796629056599,0.939463856390389,0.308169811077237,0.916445946542463,-0.014955227286203,-0.399878941984581,4.28363369759435,6.04517566247673
100.65,0.109156889490384,0.0259482774946912,0.99999999995596,0.209305413248344,0.049755127408495,1.91747322790436,-0.36641098677338,0.341717396192817,-0.865431805465318,0.148730946431969,0.93966925815766,0.308059719611125,0.918489027885042,-0.0158400256513418,-0.395129091870184,4.28890910855327,6.0451756632538
100.7,0.109156889465455,0.025948277246029,0.99999999996605,0.209305413200543,0.0497551269316918,1.91747322792371,-0.361747834788828,0.341108627584293,-0.867630917045465,0.147665961547314,0.939875148933769,0.307943936808362,0.920507071035254,-0.0167215012569238,-0.390367933582937,4.29418451951287,6.04517566401408
100.75,0.109156889441567,0.0259482769989824,0.999999999975924,0.209305413154739,0.0497551264579866,1.91747322794265,-0.357073737180124,0.340495202864894,-0.869805359285751,0.146601704041054,0.940081522988798,0.307822465891171,0.922500019831154,-0.0175996295715704,-0.38559559962539,4.29945993047312,6.04517566475604
100.8,0.109156889418703,0.0259482767535808,0.999999999985585,0.209305413110898,0.0497551259874355,1.91747322796117,-0.35238882402693,0.339877139106166,-0.871955071671657,0.145538203531369,0.940288374579378,0.307695310240072,0.924467818809167,-0.0184743861570583,-0.380812222811113,4.30473534143401,6.04517566548121
100.85,0.109156889396845,0.0259482765098532,0.999999999995035,0.209305413068986,0.0497551255200944,1.91747322797929,-0.347693225709904,0.33925445350876,-0.874079994376896,0.144475489615371,0.940495697948848,0.307562473393793,0.926410413205638,-0.0193457466689981,-0.376017936260996,4.31001075239553,6.04517566618856
100.9,0.109156889375975,0.025948276267829,1.00000000000428,0.209305413028968,0.0497551250560194,1.91747322799701,-0.342987072907066,0.338627163401952,-0.876180068265075,0.143413591868281,0.940703487327423,0.307423959049167,0.928327748958352,-0.0202136868575145,-0.371212873399543,4.31528616335766,6.04517566687963
100.95,0.109156889356076,0.0259482760275372,1.00000000001331,0.209305412990812,0.0497551245952665,1.91747322801434,-0.338270496590173,0.33799528624316,-0.87825523489134,0.142352539842607,0.940911736932343,0.307279771061033,0.93021977270804,-0.0210781825679176,-0.366397167951168,4.32056157432038,6.04517566755238
101,0.109156889337129,0.0259482757890073,1.00000000002214,0.209305412954482,0.0497551241378917,1.91747322803127,-0.333543628021065,0.33735883961746,-0.880305436504005,0.141292363067321,0.941120440968044,0.307129913442126,0.932086431799862,-0.0219392097413777,-0.361570953936466,4.32583698528368,6.04517566820834
101.05,0.109156889319118,0.0259482755522653,1.00000000003077,0.209305412919946,0.0497551236839452,1.91747322804782,-0.328806598748011,0.336717841237096,-0.882330616046159,0.140233091047034,0.941329593626313,0.306974390362966,0.933927674284877,-0.0227967444155952,-0.356734365668478,4.33111239624755,6.04517566884954
101.1,0.109156889302026,0.0259482753173257,1.00000000003921,0.209305412887174,0.049755123233455,1.91747322806399,-0.324059540602057,0.336072308940988,-0.88433071715725,0.139174753261181,0.941539189086454,0.306813206151744,0.935743448921484,-0.0236507627254648,-0.351887537748967,4.33638780721197,6.04517566947598
101.15,0.10915688928584,0.0259482750842001,1.00000000004744,0.209305412856136,0.0497551227864428,1.91747322807977,-0.319302585693342,0.335422260694231,-0.886305684174663,0.138117379163194,0.941749221515446,0.306646365294198,0.937533705176852,-0.0245012409037436,-0.347030605064654,4.34166321817693,6.04517567008868
101.2,0.109156889270542,0.0259482748528999,1.00000000005548,0.209305412826804,0.0497551223429309,1.91747322809519,-0.314535866407439,0.334767714587601,-0.888255462135255,0.137060998179689,0.941959685068108,0.306473872433489,0.939298393228323,-0.0253481552817081,-0.342163702783485,4.34693862914242,6.04517567068816
101.25,0.10915688925612,0.0259482746234367,1.00000000006333,0.209305412799149,0.0497551219029412,1.91747322811024,-0.309759515401657,0.334108688837049,-0.890179996776898,0.13600563970964,0.942170573887261,0.306295732370077,0.9410374639648,-0.0261914822898166,-0.337286966350851,4.35221404010843,6.0451756712744
101.3,0.109156889242556,0.0259482743958218,1.00000000007098,0.209305412773142,0.0497551214664958,1.91747322812492,-0.304973665601357,0.333445201783193,-0.892079234539981,0.134951333123567,0.942381882103891,0.306111950061577,0.942750868988114,-0.0270311984583631,-0.332400531485828,4.35748945107494,6.04517567184639
101.35,0.109156889229838,0.0259482741700668,1.00000000007845,0.209305412748754,0.0497551210336166,1.91747322813924,-0.300178450196255,0.332777271890809,-0.893953122568899,0.133898107762717,0.94259360383731,0.305922530622633,0.944438560614368,-0.02786728041813,-0.327504534177405,4.36276486204195,6.04517567240515
101.4,0.109156889217948,0.0259482739461831,1.00000000008574,0.209305412725956,0.0497551206043257,1.91747322815321,-0.295374002636701,0.332104917748317,-0.895801608713535,0.132845992938245,0.942805733195327,0.305727479324766,0.946100491875269,-0.0286997049010408,-0.322599110680683,4.36804027300943,6.04517567294966
101.45,0.109156889206872,0.0259482737241824,1.00000000009284,0.209305412704719,0.0497551201786452,1.91747322816683,-0.290560456629985,0.331428158067264,-0.897624641530699,0.131795017930398,0.9430182642744,0.305526801596232,0.947736616519432,-0.0295284487408053,-0.3176843975131,4.37331568397739,6.04517567348094
101.5,0.109156889196596,0.025948273504076,1.00000000009976,0.209305412685014,0.0497551197565971,1.9174732281801,-0.285737946136601,0.330747011681801,-0.899422170285565,0.130745211987706,0.943231191159814,0.305320503021872,0.949346889013666,-0.0303534888735656,-0.312760531450623,4.37859109494581,6.04517567399848
101.55,0.109156889187104,0.0259482732858754,1.0000000001065,0.209305412666813,0.0497551193382034,1.91747322819303,-0.280906605366524,0.330061497548163,-0.901194144953084,0.129696604326163,0.943444507925833,0.305108589342951,0.950931264544246,-0.0311748023385375,-0.307827649523941,4.38386650591467,6.04517567450177
101.6,0.10915688917838,0.0259482730695922,1.00000000011307,0.209305412650086,0.0497551189234861,1.91747322820562,-0.276066568775477,0.329371634744137,-0.902940516219374,0.128649224128413,0.943658208635875,0.304891066457005,0.952489699018153,-0.0319923662786492,-0.30288588901466,4.38914191688396,6.04517567499183
101.65,0.109156889170411,0.0259482728552378,1.00000000011946,0.209305412634804,0.0497551185124673,1.91747322821787,-0.271217971061183,0.328677442468534,-0.904661235483095,0.12760310054294,0.943872287342669,0.304667940417672,0.95402214906431,-0.0328061579411792,-0.297935387451465,4.39441732785367,6.04517567546917
101.7,0.10915688916318,0.0259482726428237,1.00000000012568,0.209305412620939,0.049755118105169,1.9174732282298,-0.266360947159624,0.327978940040653,-0.906356254856796,0.126558262683259,0.944086738088429,0.304439217434526,0.955528572034779,-0.0336161546783863,-0.292976282606316,4.3996927388238,6.04517567593225
101.75,0.109156889156672,0.0259482724323615,1.00000000013173,0.209305412608461,0.0497551177016132,1.9174732282414,-0.261495632241282,0.327276146899746,-0.908025527168256,0.125514739627102,0.94430155490501,0.304204903872903,0.957008926005956,-0.0344223339481428,-0.288008712490594,4.40496814979432,6.04517567638058
101.8,0.109156889150874,0.0259482722238625,1.00000000013762,0.209305412597343,0.049755117301822,1.91747322825269,-0.256622161707375,0.326569082604473,-0.909669005961788,0.124472560415611,0.944516731814083,0.303965006253724,0.958463169779735,-0.0352246733145605,-0.283032815351271,4.41024356076523,6.0451756768167
101.85,0.109156889145769,0.0259482720173383,1.00000000014334,0.209305412587553,0.0497551169058174,1.91747322826365,-0.251740671186094,0.325857766832361,-0.911286645499539,0.123431754052526,0.944732262827296,0.303719531253316,0.959891262884652,-0.036023150448615,-0.278048729667058,4.41551897173652,6.04517567723908
101.9,0.109156889141342,0.0259482718128004,1.00000000014889,0.209305412579065,0.0497551165136214,1.91747322827431,-0.246851296528819,0.325142219379255,-0.91287840076276,0.122392349503384,0.944948141946444,0.303468485703219,0.961293165577017,-0.0368177431287686,-0.27305659414455,4.42079438270816,6.0451756776467
101.95,0.109156889137578,0.0259482716102602,1.00000000015429,0.209305412571849,0.049755116125256,1.91747322828466,-0.241954173806356,0.324422460158767,-0.914444227453056,0.121354375694709,0.945164363163632,0.303211876590007,0.962668838842014,-0.0376084292415859,-0.268056547714376,4.42606979368016,6.0451756780416
102,0.109156889134463,0.0259482714097293,1.00000000015953,0.209305412565875,0.0497551157407434,1.91747322829471,-0.237049439305127,0.323698509201723,-0.915984081993627,0.120317861513206,0.945380920461446,0.302949711055084,0.964018244394791,-0.0383951867823525,-0.263048729527314,4.43134520465249,6.04517567842327
102.05,0.109156889131981,0.0259482712112171,1.00000000016462,0.209305412561116,0.0497551153601015,1.91747322830446,-0.232137229523395,0.322970386655603,-0.91749792153047,0.11928283580496,0.945597807813118,0.302681996394488,0.965341344681522,-0.0391779938556847,-0.258033278950438,4.43662061562516,6.04517567879221
102.1,0.10915688913012,0.0259482710147249,1.00000000016955,0.209305412557548,0.049755114983333,1.91747322831391,-0.227217681167461,0.322238112783983,-0.918985703933581,0.118249327374633,0.945815019182696,0.30240874005869,0.966638102880457,-0.0399568286761404,-0.253010335563227,4.44189602659814,6.04517567915199
102.15,0.109156889128868,0.025948270820252,1.00000000017433,0.209305412555148,0.0497551146104364,1.91747322832308,-0.222290931147848,0.32150170796597,-0.920447387798122,0.117217364984658,0.946032548525208,0.302129949652386,0.967908482902943,-0.0407316695688258,-0.247980039153678,4.44717143757143,6.04517567950007
102.2,0.109156889128213,0.0259482706277975,1.00000000017896,0.209305412553891,0.0497551142414102,1.91747322833196,-0.217357116575509,0.320761192695633,-0.921882932445577,0.116186977354443,0.946250389786837,0.301845632934283,0.969152449394428,-0.0415024949699966,-0.24294252971443,4.45244684854501,6.04517567983848
102.25,0.109156889128142,0.0259482704373609,1.00000000018344,0.209305412553756,0.0497551138762531,1.91747322834055,-0.212416374757997,0.320016587581437,-0.923292297924878,0.115158193159572,0.946468536905081,0.301555797816885,0.970369967735447,-0.0422692834276601,-0.237897947438854,4.45772225951889,6.04517568016723
102.3,0.109156889128644,0.0259482702489414,1.00000000018778,0.209305412554717,0.0497551135149636,1.91747322834887,-0.207468843195653,0.319267913345665,-0.924675445013526,0.114131041031005,0.946686983808929,0.301260452366274,0.971561004042585,-0.0430320136021711,-0.232846432717158,4.46299767049305,6.04517568048477
102.35,0.109156889129705,0.0259482700625381,1.00000000019198,0.209305412556753,0.0497551131575403,1.91747322835692,-0.202514659577779,0.318515190823845,-0.926032335218671,0.11310554955428,0.946905724419026,0.300959604801881,0.972725525169418,-0.0437906642668253,-0.227788126132486,4.46827308146749,6.04517568079265
102.4,0.109156889131315,0.0259482698781504,1.00000000019603,0.20930541255984,0.0497551128039819,1.91747322836469,-0.197553961778791,0.317758440964166,-0.927362930778197,0.112081747268721,0.947124752647843,0.300653263496264,0.973863498707439,-0.0445452143084524,-0.222723168456987,4.47354849244219,6.04517568109086
102.45,0.109156889133461,0.0259482696957775,1.00000000019995,0.209305412563954,0.0497551124542868,1.9174732283722,-0.192586887854409,0.316997684826901,-0.928667194661757,0.111059662666642,0.947344062399846,0.300341436974869,0.974974892986955,-0.0452956427280001,-0.217651700647921,4.47882390341714,6.04517568137838
102.5,0.10915688913613,0.0259482695154188,1.00000000020373,0.209305412569072,0.0497551121084537,1.91747322837945,-0.187613576037791,0.316232943583813,-0.929945090571819,0.110039324192553,0.947563647571668,0.300024133915796,0.976059677077974,-0.0460419286411219,-0.212573863843718,4.48409931439234,6.04517568165522
102.55,0.109156889139311,0.0259482693370734,1.00000000020737,0.209305412575171,0.0497551117664811,1.91747322838644,-0.182634164735697,0.315464238517573,-0.931196582944666,0.10902076024237,0.947783502052275,0.299701363149555,0.97711782079106,-0.0467840512787561,-0.207489799360058,4.48937472536778,6.04517568192238
102.6,0.109156889142991,0.0259482691607406,1.00000000021089,0.209305412582228,0.0497551114283677,1.91747322839318,-0.177648792524639,0.314691591021166,-0.932421636951388,0.108003999162626,0.94800361972314,0.299373133658823,0.978149294678178,-0.0475219899877043,-0.202399648685939,4.49465013634345,6.04517568217937
102.65,0.109156889147158,0.0259482689864197,1.00000000021427,0.209305412590219,0.049755111094112,1.91747322839966,-0.17265759814701,0.313915022597289,-0.933620218498855,0.106989069249675,0.948223994458411,0.299039454578193,0.979154070033513,-0.0482557242312081,-0.197303553479728,4.49992554731933,6.04517568242567
102.7,0.109156889151801,0.0259482688141099,1.00000000021752,0.20930541259912,0.0497551107637126,1.9174732284059,-0.167660720507247,0.313134554857765,-0.93479229423066,0.105975998748917,0.948444620125081,0.298700335193919,0.980132118894264,-0.0489852335895165,-0.192201655565242,4.50520095829543,6.04517568266231
102.75,0.109156889156906,0.0259482686438105,1.00000000022065,0.20930541260891,0.0497551104371681,1.9174732284119,-0.16265829866794,0.31235020952293,-0.935937831528053,0.104964815853998,0.948665490583161,0.298355784943659,0.98108341404143,-0.0497104977604587,-0.187094096927776,4.51047636927173,6.04517568288876
102.8,0.109156889162462,0.0259482684755208,1.00000000022365,0.209305412619564,0.0497551101144771,1.91747322841766,-0.15765047184598,0.311562008421033,-0.937056798510844,0.103955548706036,0.948886599685848,0.298005813416209,0.982007929000559,-0.050431496560006,-0.181981019710165,4.51575178024822,6.04517568310453
102.85,0.109156889168457,0.02594826830924,1.00000000022654,0.209305412631058,0.0497551097956381,1.91747322842319,-0.15263737940868,0.310769973487632,-0.938149164038293,0.102948225392835,0.949107941279698,0.297650430351243,0.982905638042491,-0.0511482099228344,-0.176862566208831,4.5210271912249,6.04517568331114
102.9,0.109156889174878,0.0259482681449674,1.0000000002293,0.209305412643371,0.0497551094806498,1.91747322842848,-0.147619160869886,0.309974126764977,-0.939214897709976,0.101942873948098,0.949329509204797,0.297289645639032,0.983776516184074,-0.0518606179028844,-0.171738878869806,4.52630260220175,6.04517568350605
102.95,0.109156889181714,0.0259482679827022,1.00000000023194,0.209305412656477,0.0497551091695107,1.91747322843355,-0.142595955886112,0.309174490401401,-0.940253969866631,0.100939522350655,0.949551297294933,0.296923469320179,0.984620539188853,-0.0525687006739133,-0.166610100284793,4.53157801317877,6.04517568369179
103,0.109156889188951,0.0259482678224437,1.00000000023447,0.209305412670355,0.0497551088622194,1.9174732284384,-0.137567904252638,0.308371086650703,-0.941266351590984,0.0999381985236776,0.949773299377766,0.296551911585333,0.985437683567753,-0.0532724385300497,-0.161476373187173,4.53685342415594,6.04517568386736
103.05,0.109156889196579,0.02594826766419,1.00000000023689,0.209305412684982,0.049755108558772,1.91747322844303,-0.132535145899629,0.307563937871525,-0.942252014708552,0.098938930333907,0.949995509275,0.296174982774907,0.986227926579727,-0.0539718118863405,-0.156337840448047,4.54212883513326,6.04517568403325
103.1,0.109156889204588,0.0259482675079337,1.00000000023919,0.209305412700338,0.0497551082591547,1.91747322844745,-0.127497820888236,0.306753066526737,-0.943210931788428,0.0979417455908748,0.950217920802557,0.295792693378791,0.986991246232389,-0.054666801279296,-0.151194645072259,4.54740424611073,6.04517568419305
103.15,0.109156889212968,0.0259482673536664,1.00000000024138,0.209305412716406,0.0497551079633513,1.91747322845166,-0.122456069406695,0.305938495182804,-0.944143076144047,0.0969466720461298,0.950440527770746,0.295405054036059,0.98772762128263,-0.0553573873674328,-0.146046930194404,4.55267965708833,6.04517568434571
103.2,0.10915688922171,0.0259482672013796,1.00000000024347,0.209305412733169,0.0497551076713454,1.91747322845565,-0.117410031766437,0.305120246509164,-0.945048421833925,0.0959537373924678,0.950663323984438,0.295012075534675,0.988437031237206,-0.0560435509318099,-0.140894839074865,4.55795506806606,6.04517568449024
103.25,0.109156889230804,0.0259482670510648,1.00000000024545,0.209305412750608,0.0497551073831209,1.91747322845945,-0.11235984839817,0.304298343277592,-0.945926943662381,0.0949629692631584,0.950886303243239,0.294613768811188,0.989119456353309,-0.0567252728765654,-0.135738515095807,4.56323047904392,6.04517568462764
103.3,0.109156889240242,0.0259482669027136,1.00000000024732,0.209305412768705,0.0497551070986614,1.91747322846304,-0.10730565984798,0.303472808361571,-0.946778617180242,0.0939743952311772,0.951109459341657,0.294210144950435,0.989774877639115,-0.0574025342294471,-0.130578101757198,4.56850589002189,6.04517568475893
103.35,0.109156889250015,0.0259482667563174,1.00000000024909,0.209305412787442,0.0497551068179507,1.91747322846644,-0.10224760677342,0.302643664735654,-0.947603418685518,0.0929880428084392,0.951332786069281,0.293801215185226,0.990403276854315,-0.0580753161423403,-0.125413742672816,4.57378130099997,6.04517568488259
103.4,0.109156889260111,0.0259482666118679,1.00000000025076,0.209305412806803,0.0497551065409725,1.91747322846964,-0.0971858299395822,0.301810935474821,-0.948401325224068,0.0920039394450301,0.951556277210952,0.293386990896033,0.991004636510622,-0.0587435998917937,-0.120245581566239,4.57905671197816,6.04517568499811
103.45,0.109156889270524,0.0259482664693564,1.00000000025233,0.209305412826768,0.0497551062677106,1.91747322847265,-0.0921204702152051,0.300974643753844,-0.949172314590231,0.0910221125284473,0.951779926546934,0.292967483610677,0.991578939872257,-0.0594073668795378,-0.115073762266869,4.58433212295645,6.0451756851065
103.5,0.109156889281242,0.0259482663287745,1.00000000025381,0.20930541284732,0.0497551059981486,1.91747322847548,-0.0870516685687275,0.300134812846635,-0.949916365327451,0.090042589382833,0.952003727853088,0.292542705004001,0.992126170956414,-0.0600665986330055,-0.109898428705903,4.58960753393482,6.04517568520879
103.55,0.109156889292257,0.0259482661901138,1.00000000025518,0.209305412868441,0.0497551057322704,1.91747322847812,-0.0819795660643783,0.299291466125601,-0.950633456728872,0.0890653972682157,0.952227674901048,0.29211266689755,0.992646314533707,-0.0607212768058446,-0.104719724912343,4.59488294491329,6.04517568530395
103.6,0.10915688930356,0.0259482660533657,1.00000000025647,0.209305412890114,0.0497551054700595,1.91747322848058,-0.076904303858256,0.298444627060997,-0.951323568837911,0.0880905633797529,0.95245176145839,0.291677381259241,0.993139356128592,-0.0613713831784276,-0.0995377950089907,4.60015835589183,6.04517568539148
103.65,0.10915688931514,0.0259482659185217,1.00000000025766,0.209305412912319,0.0497551052114999,1.91747322848286,-0.071826023194383,0.297594319220265,-0.951986682448818,0.0871181148469713,0.952675981288807,0.291236860203028,0.993605282019772,-0.0620168996583613,-0.0943527832084188,4.60543376687045,6.04517568547087
103.7,0.10915688932699,0.0259482657855734,1.00000000025876,0.20930541293504,0.0497551049565751,1.91747322848498,-0.0667448654007936,0.296740566267386,-0.952622779107208,0.0861480787330146,0.952900328152286,0.290791115988567,0.994044079240574,-0.0626578082809874,-0.0891648338089785,4.61070917784913,6.04517568554465
103.75,0.109156889339099,0.0259482656545124,1.00000000025977,0.209305412958259,0.049755104705269,1.91747322848692,-0.0616609718855872,0.295883391962218,-0.953231841110576,0.0851804820338884,0.953124795805275,0.290340161020874,0.994455735579316,-0.0632940912098847,-0.0839740911907688,4.61598458882787,6.0451756856103
103.8,0.109156889351458,0.02594826552533,1.0000000002607,0.209305412981958,0.0497551044575652,1.91747322848869,-0.0565744841330007,0.295022820159833,-0.953813851508786,0.0842153516777099,0.953349378000864,0.289884007849979,0.994840239579645,-0.0639257307373641,-0.078780699811626,4.62125999980667,6.04517568566831
103.85,0.109156889364058,0.0259482653980178,1.00000000026154,0.209305413006118,0.0497551042134476,1.9174732284903,-0.0514855436994683,0.294158874809856,-0.954368794104548,0.0832527145239585,0.953574068488951,0.289422669170578,0.995197580540851,-0.0645527092849619,-0.0735848042031014,4.62653541078551,6.04517568572022
103.9,0.10915688937689,0.0259482652725674,1.0000000002623,0.209305413030723,0.0497551039728997,1.91747322849176,-0.0463942922096787,0.293291579955798,-0.954896653453867,0.0822925973627271,0.953798861016425,0.288956157821678,0.995527748518171,-0.0651750094039296,-0.0683865489664353,4.6318108217644,6.04517568576449
103.95,0.109156889389944,0.0259482651489702,1.00000000026297,0.209305413055753,0.0497551037359054,1.91747322849305,-0.0413008713526431,0.292420959734386,-0.95539741486647,0.0813350269139788,0.954023749327332,0.288484486786244,0.995830734323065,-0.0657926137757181,-0.0631860787685421,4.63708623274332,6.04517568580164
104,0.109156889403211,0.0259482650272178,1.00000000026357,0.209305413081192,0.0497551035024484,1.9174732284942,-0.0362054228777398,0.291547038374891,-0.955871064406217,0.0803800298268007,0.954248727163054,0.288007669190831,0.996106529523468,-0.0664055052124612,-0.0579835383379725,4.64236164372228,6.04517568583116
104.05,0.109156889416682,0.0259482649073009,1.00000000026409,0.209305413107022,0.0497551032725111,1.91747322849519,-0.0311080885907793,0.290669840198456,-0.95631758889149,0.0794276326786642,0.954473788262479,0.287525718305224,0.996355126444026,-0.0670136666574526,-0.0527790724608949,4.64763705470125,6.04517568585558
104.1,0.109156889430349,0.0259482647892076,1.00000000026453,0.20930541313323,0.0497551030460703,1.91747322849604,-0.0260090103500529,0.289789389617415,-0.956736975895558,0.0784778619746844,0.954698926362182,0.287038647542068,0.996576518166314,-0.0676170811856216,-0.0475728259770619,4.65291246568024,6.04517568587543
104.15,0.109156889444207,0.0259482646729251,1.0000000002649,0.209305413159802,0.0497551028231017,1.91747322849674,-0.0209083300623782,0.288905711134617,-0.957129213746924,0.0775307441468814,0.954924135196592,0.28654647045649,0.996770698529022,-0.0682157320040046,-0.0423649437757723,4.65818787665926,6.04517568588968
104.2,0.109156889458249,0.0259482645584406,1.00000000026519,0.209305413186725,0.0497551026035807,1.91747322849731,-0.0158061896791699,0.288018829342745,-0.957494291529647,0.0765863055534481,0.95514940849817,0.286049200745729,0.996937662128129,-0.0688096024522099,-0.037155570791859,4.66346328763827,6.04517568589884
104.25,0.109156889472466,0.0259482644457414,1.00000000026541,0.209305413213988,0.049755102387483,1.91747322849773,-0.0107027311924683,0.287128768923627,-0.957832199083652,0.0756445724780133,0.955374739997583,0.28554685224875,0.997077404317057,-0.0693986760028843,-0.0319448520016344,4.6687386986173,6.04517568590444
104.3,0.109156889486854,0.0259482643348147,1.00000000026556,0.209305413241575,0.0497551021747841,1.91747322849802,-0.00559809663099537,0.286235554647552,-0.958142927005005,0.0747055711289111,0.955600123423879,0.285039438945859,0.997189921206795,-0.0699829362621718,-0.026732932418864,4.67401410959633,6.04517568590546
104.35,0.109156889501404,0.0259482642256478,1.00000000026565,0.209305413269476,0.0497551019654595,1.91747322849818,-0.000492428056212781,0.285339211372584,-0.95842646664618,0.0737693276384536,0.955825552504661,0.284526974958318,0.997275209666008,-0.0705623669701686,-0.0215199570907405,4.67928952057536,6.04517568590088
104.4,0.109156889516111,0.0259482641182279,1.00000000026566,0.209305413297676,0.0497551017594848,1.91747322849821,0.0046141324416534,0.284439764043862,-0.958682810116299,0.0728358680621999,0.956051020966259,0.284009474547945,0.997333267321128,-0.0711369520013783,-0.0163060710938257,4.68456493155438,6.04517568589121
104.45,0.109156889530968,0.0259482640125424,1.00000000026561,0.209305413326163,0.0497551015568355,1.91747322849811,0.00972144274754643,0.283537237692913,-0.958911950281348,0.0719052183782347,0.956276522533911,0.283486952116725,0.997364092556417,-0.0717066753651584,-0.0110914195300341,4.68984034253339,6.04517568587849
104.5,0.109156889545967,0.0259482639085783,1.00000000026549,0.209305413354923,0.0497551013574872,1.91747322849788,0.0148293607255467,0.282631657436954,-0.959113880764382,0.0709774044864427,0.95650205093193,0.282959422206402,0.997367684514011,-0.0722715212061662,-0.00587614752258152,4.69511575351239,6.04517568586017
104.55,0.109156889561102,0.025948263806323,1.00000000026531,0.209305413383945,0.0497551011614155,1.91747322849754,0.0199377442228215,0.281723048478189,-0.959288595945694,0.0700524522077892,0.956727599883884,0.28242689949808,0.997344043093947,-0.0728314738048001,-0.000660400211952177,4.70039116449137,6.04517568583625
104.6,0.109156889576367,0.0259482637057638,1.00000000026507,0.209305413413214,0.0497551009685958,1.91747322849708,0.0250464510735811,0.280811436103113,-0.959436090962981,0.0691303872836014,0.95695316311277,0.281889398811812,0.997293168954164,-0.0733865175776367,0.00455567724814015,4.70566657547032,6.04517568580877
104.65,0.109156889591754,0.0259482636068879,1.00000000026477,0.209305413442718,0.0497551007790038,1.9174732284965,0.0301553391030427,0.279896845681804,-0.959556361711472,0.0682112353748506,0.957178734341185,0.281346935106186,0.997215063510484,-0.0739366370778652,0.00977193969479985,4.71094198644925,6.04517568577722
104.7,0.109156889607256,0.0259482635096825,1.00000000026441,0.209305413472444,0.0497551005926151,1.9174732284958,0.0352642661313745,0.27897930266722,-0.959649404844044,0.0672950220614405,0.957404307291506,0.280799523477911,0.997109728936573,-0.0744818169957164,0.0149882419599761,4.71621739742815,6.04517568573956
104.75,0.109156889622868,0.0259482634141348,1.00000000026399,0.209305413502379,0.049755100409405,1.917473228495,0.0403730899776623,0.278058832594489,-0.959715217771317,0.0663817728414935,0.957629875686061,0.280247179161397,0.996977168163883,-0.0750220421588891,0.0202044388745126,4.72149280840702,6.04517568569732
104.8,0.109156889638582,0.0259482633202322,1.00000000026351,0.20930541353251,0.0497551002293493,1.91747322849409,0.0454816684638663,0.277135461080197,-0.959753798661724,0.0654715131306409,0.957855433247304,0.27968991752833,0.996817384881568,-0.0755572975329731,0.0254203852721885,4.72676821938585,6.04517568565152
104.85,0.109156889654391,0.0259482632279619,1.00000000026298,0.209305413562824,0.0497551000524235,1.91747322849308,0.0505898594187669,0.276209213821682,-0.959765146441565,0.0645642682613176,0.958080973697992,0.279127754087244,0.996630383536379,-0.0760875682218658,0.030635935993746,4.73204363036463,6.04517568560012
104.9,0.109156889670289,0.0259482631373111,1.0000000002624,0.209305413593308,0.049755099878603,1.91747322849196,0.0556975206819422,0.275280116596306,-0.959749260795031,0.063660063482054,0.958306490761357,0.278560704483089,0.996416169332546,-0.0766128394681893,0.0358509458909521,4.73731904134337,6.04517568554465
104.95,0.109156889686269,0.0259482630482671,1.00000000026177,0.209305413623949,0.0497550997078636,1.91747322849074,0.0608045101076986,0.274348195260751,-0.959706142164221,0.0627589239567768,0.958531978161282,0.277988784496799,0.99617474823163,-0.0771330966536984,0.0410652698306116,4.74259445232206,6.04517568548308
105,0.109156889702324,0.0259482629608172,1.00000000026108,0.209305413654734,0.0497550995401806,1.91747322848943,0.0659106855690451,0.273413475750293,-0.959635791749121,0.0618608747641066,0.958757429622476,0.277412010044847,0.995906126952354,-0.0776483252996892,0.0462787626986249,4.74786986330069,6.04517568541794
105.05,0.109156889718448,0.0259482628749482,1.00000000026035,0.209305413685651,0.0497550993755292,1.91747322848802,0.0710159049616489,0.272475984078079,-0.959538211507578,0.0609659408966588,0.958982838870649,0.276830397178807,0.995610312970423,-0.0781585110674023,0.0514912794040272,4.75314527427927,6.04517568534975
105.1,0.109156889734636,0.0259482627906461,1.00000000025957,0.20930541371669,0.0497550992138821,1.91747322848653,0.0761200262077728,0.271535746334406,-0.95941340415524,0.0600741472603521,0.959208199632684,0.276243962084906,0.99528731451831,-0.0786636397584196,0.0567026748830078,4.75842068525778,6.045175685278
105.15,0.109156889750883,0.0259482627078963,1.00000000025874,0.209305413747843,0.0497550990552117,1.91747322848494,0.0812229072602563,0.270592788685993,-0.959261373165484,0.05918551867371,0.959433505636814,0.275652721083572,0.99493714058503,-0.0791636973150626,0.0619128041029754,4.76369609623622,6.04517568520319
105.2,0.109156889767184,0.0259482626266845,1.00000000025787,0.209305413779101,0.0497550988994902,1.91747322848327,0.0863244061064411,0.269647137375256,-0.959082122769318,0.0583000798671751,0.959658750612797,0.275056690628981,0.994559800915888,-0.0796586698207809,0.0671215220665664,4.76897150721461,6.04517568512635
105.25,0.109156889783536,0.0259482625469962,1.00000000025695,0.209305413810455,0.0497550987466899,1.91747322848151,0.0914243807721419,0.268698818719571,-0.958875657955263,0.0574178554824178,0.959883928292088,0.2744558873086,0.99415530601221,-0.0801485435005411,0.0723286838156984,4.77424691819292,6.04517568504645
105.3,0.109156889799933,0.0259482624688168,1.00000000025599,0.209305413841896,0.0497550985967831,1.91747322847967,0.096522689325591,0.26774785911055,-0.958641984469214,0.0565388700716514,0.960109032408015,0.273850327842724,0.993723667131047,-0.0806333047212093,0.0775341444355984,4.77952232917117,6.0451756849635
105.35,0.109156889816371,0.025948262392132,1.00000000025499,0.209305413873415,0.049755098449742,1.91747322847774,0.101619189881383,0.266794285013301,-0.958381108814282,0.0556631480969497,0.960334056695954,0.273240029084009,0.993264896284868,-0.0811129399919307,0.0827377590588294,4.78479774014933,6.04517568487852
105.4,0.109156889832845,0.0259482623169274,1.00000000025395,0.209305413905004,0.0497550983055391,1.91747322847574,0.106713740604437,0.265838122965693,-0.958093038250611,0.0547907139295642,0.960558994893502,0.272625008017008,0.992779006241217,-0.0815874359645058,0.0879393828693388,4.79007315112743,6.04517568479048
105.45,0.109156889849351,0.0259482622431883,1.00000000025286,0.209305413936654,0.0497550981641465,1.91747322847367,0.11180619971393,0.264879399577617,-0.957777780795175,0.0539215918492481,0.960783840740653,0.272005281757694,0.992266010522366,-0.0820567794337605,0.0931388711064678,4.79534856210544,6.04517568469939
105.5,0.109156889865884,0.0259482621709005,1.00000000025174,0.209305413968356,0.0497550980255365,1.91747322847152,0.11689642548725,0.263918141530246,-0.957435345221559,0.053055806043579,0.96100858797997,0.271380867552985,0.991725923404935,-0.0825209573379148,0.0983360790689972,4.80062397308338,6.04517568460626
105.55,0.10915688988244,0.0259482621000494,1.00000000025058,0.209305414000101,0.0497550978896815,1.91747322846929,0.12198427626394,0.262954375575292,-0.95706574105971,0.0521933806072862,0.96123323035676,0.270751782780264,0.991158759919492,-0.0829799567589458,0.103530862119166,4.80589938406123,6.04517568451008
105.6,0.109156889899013,0.0259482620306207,1.00000000024938,0.20930541403188,0.0497550977565537,1.917473228467,0.127069610449634,0.261988128534264,-0.956668978595675,0.0513343395415812,0.961457761619249,0.270118044946896,0.990564535850142,-0.0834337649229469,0.108723075686694,4.811174795039,6.04517568441034
105.65,0.1091568899156,0.0259482619625997,1.00000000024815,0.209305414063685,0.0497550976261254,1.91747322846464,0.132152286520012,0.261019427297716,-0.956245068871315,0.0504787067534872,0.961682175518756,0.269479671689739,0.98994326773408,-0.0838823692004845,0.113912575272819,4.81645020601668,6.04517568430907
105.7,0.109156889932196,0.0259482618959722,1.00000000024689,0.209305414095507,0.0497550974983688,1.91747322846221,0.137232163024719,0.260048298824504,-0.955794023683994,0.049626506055177,0.961906465809863,0.268836680774655,0.989294972861134,-0.0843257571069475,0.119099216454297,4.82172561699427,6.04517568420424
105.75,0.109156889948796,0.0259482618307236,1.00000000024559,0.209305414127337,0.0497550973732563,1.91747322845972,0.142309098591315,0.259074770141034,-0.955315855586255,0.048777761163308,0.962130626250597,0.268189090096017,0.988619669273287,-0.0847639163028966,0.124282854887442,4.82700102797177,6.04517568409687
105.8,0.109156889965395,0.0259482617668394,1.00000000024426,0.209305414159166,0.0497550972507602,1.91747322845717,0.147382951929211,0.258098868340509,-0.954810577885468,0.0479324956983621,0.962354650602595,0.267536917676205,0.987917375764167,-0.0851968345944071,0.129463346312131,4.83227643894917,6.04517568398745
105.85,0.10915688998199,0.0259482617043053,1.0000000002429,0.209305414190986,0.0497550971308527,1.91747322845456,0.152453581833586,0.257120620582175,-0.954278204643461,0.0470907331839909,0.962578532631282,0.266880181665112,0.987188111878534,-0.0856244999334074,0.134640546555819,4.83755184992647,6.04517568387499
105.9,0.109156889998575,0.0259482616431067,1.00000000024151,0.209305414222787,0.0497550970135061,1.91747322845189,0.157520847189339,0.256140054090566,-0.953718750676128,0.0462524970463572,0.962802266106044,0.266218900339632,0.986431897911726,-0.0860469004180161,0.139814311537562,4.84282726090368,6.04517568375947
105.95,0.109156890015146,0.0259482615832293,1.00000000024009,0.209305414254561,0.0497550968986927,1.91747322844917,0.162584606974995,0.255157196154748,-0.953132231553017,0.0454178106134865,0.963025844800403,0.265553092103157,0.985648754909103,-0.0864640242928711,0.144984497272011,4.84810267188079,6.04517568364192
106,0.109156890031698,0.0259482615246585,1.00000000023864,0.209305414286299,0.0497550967863849,1.91747322844639,0.167644720266641,0.254172074127555,-0.952518663596896,0.0445866971146161,0.963249262492186,0.264882775485063,0.984838704665454,-0.0868758599494585,0.150150959873431,4.85337808285779,6.0451756835208
106.05,0.109156890048227,0.02594826146738,1.00000000023717,0.209305414317993,0.0497550966765548,1.91747322844357,0.172701046241848,0.253184715424831,-0.9518780638833,0.0437591796795483,0.963472512963701,0.264207969140192,0.984001769724397,-0.0872823959264347,0.155313555559703,4.85865349383468,6.04517568339765
106.1,0.109156890064729,0.0259482614113793,1.00000000023567,0.209305414349636,0.0497550965691749,1.91747322844069,0.177753444183582,0.252195147524669,-0.951210450240053,0.0429352813380084,0.963695590001911,0.263528691848335,0.983137973377745,-0.0876836209099457,0.160472140656317,4.86392890481147,6.04517568327399
106.15,0.109156890081203,0.025948261356642,1.00000000023414,0.209305414381224,0.0497550964642176,1.91747322843777,0.182801773484138,0.251203397966639,-0.950515841246777,0.0421150250190008,0.963918487398606,0.262844962513708,0.982247339664864,-0.0880795237339423,0.16562657160039,4.86920431578814,6.04517568314881
106.2,0.109156890097645,0.0259482613031537,1.00000000023259,0.209305414412751,0.0497550963616553,1.9174732284348,0.187845893649028,0.25020949435103,-0.94979425623437,0.0412984335501747,0.964141198950573,0.262156800164429,0.981329893372,-0.0884700933804898,0.170776704944637,4.87447972676471,6.04517568302209
106.25,0.109156890114052,0.0259482612509002,1.00000000023102,0.209305414444211,0.0497550962614605,1.91747322843179,0.192885664300913,0.249213464338078,-0.949045715284469,0.0404855296571857,0.964363718459774,0.261464223951986,0.980385660031588,-0.0888553189800758,0.175922397361383,4.87975513774117,6.04517568289487
106.3,0.109156890130422,0.0259482611998669,1.00000000022943,0.2093054144756,0.0497550961636055,1.91747322842874,0.197920945183496,0.248215335647193,-0.948270239228894,0.0396763359630647,0.964586039733514,0.260767253150703,0.979414665921548,-0.0892351898119122,0.181063505646539,4.88503054871751,6.04517568276561
106.35,0.109156890146751,0.0259482611500395,1.00000000022782,0.209305414506911,0.0497550960680628,1.91747322842564,0.202951596165427,0.247215136056196,-0.947467849649064,0.038870874987589,0.964808156584613,0.260065907157205,0.978416938064548,-0.089609695304233,0.18619988672359,4.89030595969374,6.04517568263483
106.4,0.109156890163037,0.0259482611014036,1.00000000022618,0.209305414538139,0.0497550959748048,1.91747322842251,0.207977477244216,0.246212893400536,-0.946638568875401,0.038069169146653,0.965030062831584,0.25936020548988,0.97739250422725,-0.0899788250345898,0.191331397647588,4.89558137066986,6.04517568250404
106.45,0.109156890179277,0.0259482610539448,1.00000000022453,0.209305414569279,0.0497550958838038,1.91747322841933,0.212998448550108,0.245208635572525,-0.945782419986705,0.0372712407516479,0.965251752298798,0.258650167788332,0.976341392919546,-0.0903425687301404,0.196457895609111,4.90085678164586,6.04517568237021
106.5,0.109156890195469,0.0259482610076487,1.00000000022285,0.209305414600326,0.0497550957950324,1.91747322841612,0.218014370349991,0.244202390520553,-0.944899426809512,0.0364771120088384,0.965473218816661,0.257935813812837,0.975263633393757,-0.0907009162679358,0.201579237938249,4.90613219262175,6.04517568223586
106.55,0.109156890211608,0.025948260962501,1.00000000022116,0.209305414631273,0.0497550957084628,1.91747322841288,0.223025103051283,0.243194186248317,-0.943989613917433,0.0356868050187441,0.965694456221782,0.257217163443793,0.974159255643819,-0.0910538576752015,0.20669528210858,4.91140760359752,6.04517568210151
106.6,0.109156890227693,0.0259482609184873,1.00000000021945,0.209305414662115,0.0497550956240677,1.9174732284096,0.228030507205807,0.242184050814037,-0.943053006630469,0.0349003417755277,0.965915458357147,0.256494236681166,0.973028290404454,-0.0914013831296148,0.211805885741118,4.91668301457316,6.04517568196513
106.65,0.109156890243721,0.0259482608755931,1.00000000021772,0.209305414692848,0.0497550955418192,1.91747322840629,0.233030443513689,0.241172012329677,-0.942089631014304,0.0341177441663787,0.96613621907229,0.255767053643932,0.971870769150308,-0.091743482959579,0.2169109066083,4.9219584255487,6.04517568182671
106.7,0.109156890259689,0.0259482608338041,1.00000000021598,0.209305414723465,0.0497550954616899,1.91747322840295,0.238024772827213,0.240158098960166,-0.941099513879586,0.0333390339709081,0.966356732223462,0.255035634569522,0.970686724095081,-0.0920801476444911,0.222010202637915,4.9272338365241,6.04517568168779
106.75,0.109156890275593,0.0259482607931059,1.00000000021423,0.209305414753962,0.0497550953836522,1.91747322839958,0.243013356154714,0.239142338922606,-0.940082682781173,0.0325642328605397,0.966576991673806,0.254299999813252,0.969476188190627,-0.0924113678150083,0.227103631917088,4.93250924749939,6.04517568154784
106.8,0.109156890291432,0.0259482607534841,1.00000000021246,0.209305414784332,0.0497550953076785,1.91747322839619,0.247996054664434,0.238124760485495,-0.939039166017371,0.0317933623979076,0.966796991293524,0.253560169847762,0.968239195126034,-0.092737134253308,0.232191052696209,4.93778465847455,6.04517568140535
106.85,0.109156890307202,0.0259482607149243,1.00000000021067,0.20930541481457,0.0497550952337412,1.91747322839277,0.252972729688386,0.237105391967937,-0.937968992629148,0.0310264440362578,0.967016724960048,0.252816165262444,0.966975779326697,-0.0930574378933439,0.237272323392878,4.94306006944959,6.04517568126286
106.9,0.1091568903229,0.0259482606774122,1.00000000020888,0.209305414844671,0.0497550951618127,1.91747322838932,0.257943242726224,0.23608426173885,-0.936872192399317,0.0302634991188476,0.967236186558215,0.252068006762869,0.965685975953345,-0.0933722698210996,0.242347302595865,4.94833548042451,6.04517568111936
106.95,0.109156890338524,0.0259482606409333,1.00000000020707,0.20930541487463,0.0497550950918654,1.91747322838586,0.26290745544908,0.235061398216185,-0.935748795851719,0.0295045488783557,0.96745536998043,0.251315715170211,0.964369820901077,-0.0936816212748353,0.247415849069019,4.9536108913993,6.04517568097382
107,0.109156890354071,0.0259482606054733,1.00000000020525,0.209305414904441,0.0497550950238718,1.91747322838237,0.26786522970343,0.234036829866127,-0.934598834250365,0.0287496144362881,0.967674269126841,0.250559311420666,0.963027350798353,-0.0939854836453325,0.252477821755218,4.95888630237396,6.04517568082726
107.05,0.109156890369538,0.025948260571018,1.00000000020342,0.209305414934098,0.0497550949578047,1.91747322837887,0.27281642751493,0.233010585202308,-0.93342233959857,0.0279987168023921,0.967892877905509,0.249798816564875,0.961658603005979,-0.0942838484761332,0.257533079780286,4.96416171334849,6.04517568068019
107.1,0.109156890384923,0.025948260537554,1.00000000020158,0.209305414963599,0.0497550948936382,1.91747322837534,0.277760911092255,0.231982692785011,-0.932219344638061,0.0272518768740711,0.968111190232572,0.24903425176733,0.960263615616067,-0.0945767074637753,0.262581482456914,4.96943712432289,6.04517568053261
107.15,0.109156890400226,0.025948260505068,1.00000000019974,0.209305414992941,0.0497550948313473,1.9174732283718,0.282698542830945,0.230953181220375,-0.930989882848062,0.0265091154358019,0.968329200032422,0.24826563830579,0.958842427450972,-0.0948640524580243,0.267622889288584,4.97471253529717,6.04517568038503
107.2,0.109156890415443,0.025948260473547,1.00000000019788,0.209305415022121,0.0497550947709065,1.91747322836824,0.287629185317215,0.229922079159601,-0.929733988444373,0.0257704531585588,0.968546901237868,0.24749299757069,0.957395078062217,-0.0951458754620988,0.27265715997346,4.97998794627131,6.04517568023643
107.25,0.109156890430575,0.0259482604429776,1.00000000019602,0.209305415051136,0.0497550947122906,1.91747322836467,0.292552701331798,0.228889415298152,-0.928451696378405,0.0250359105992363,0.96876428779031,0.24671635106454,0.955921607729387,-0.0954221686328943,0.277684154408314,4.98526335724533,6.04517568008835
107.3,0.10915689044562,0.0259482604133468,1.00000000019415,0.209305415079984,0.0497550946554743,1.91747322836109,0.297468953853755,0.227855218374956,-0.927143042336215,0.0243055082000766,0.9689813536399,0.245935720401333,0.954422057459009,-0.095692924281201,0.282703732692414,4.99053876821922,6.04517567994026
107.35,0.109156890460575,0.0259482603846412,1.00000000019227,0.20930541510866,0.0497550946004322,1.91747322835749,0.302377806064284,0.226819517171609,-0.925808062737514,0.0235792662881036,0.96919809274572,0.245151127305941,0.952896468983418,-0.0959581348719174,0.287715755131411,4.99581417919297,6.04517567979167
107.4,0.10915689047544,0.0259482603568478,1.00000000019039,0.209305415137164,0.049755094547139,1.91747322835388,0.307279121350543,0.225782340511565,-0.924446794734645,0.0228572050745531,0.969414499075943,0.244362593613506,0.95134488475958,-0.096217793024261,0.292720082241247,5.0010895901666,6.04517567964256
107.45,0.109156890490213,0.0259482603299533,1.0000000001885,0.20930541516549,0.0497550944955696,1.91747322835026,0.31217276330943,0.224743717259345,-0.923059276211559,0.0221393446543145,0.969630566608002,0.243570141268842,0.949767347967929,-0.0964718915119724,0.297716574752011,5.0063650011401,6.04517567949397
107.5,0.109156890504893,0.0259482603039446,1.00000000018661,0.209305415193638,0.0497550944456985,1.91747322834663,0.3170585957514,0.223703676319726,-0.921645545782754,0.0214257050053681,0.96984628932876,0.242773792325815,0.94816390251115,-0.0967204232635175,0.30270509361184,5.01164041211347,6.04517567934486
107.55,0.109156890519478,0.0259482602788083,1.00000000018471,0.209305415221604,0.0497550943975004,1.917473228343,0.321936482704242,0.22266224663694,-0.920205642792203,0.0207163059882312,0.970061661234678,0.241973568946733,0.946534593012967,-0.0969633813622839,0.307685499990769,5.01691582308671,6.04517567919474
107.6,0.109156890533966,0.0259482602545315,1.00000000018281,0.209305415249385,0.0497550943509502,1.91747322833935,0.326806288416866,0.221619457193868,-0.918739607312261,0.020011167345405,0.970276676331976,0.241169493401732,0.944879464816897,-0.0972007590467731,0.312657655284602,5.02219123405981,6.04517567904615
107.65,0.109156890548356,0.0259482602311007,1.00000000018091,0.209305415276978,0.0497550943060224,1.9174732283357,0.331667877363088,0.220575337011231,-0.917247480142543,0.019310308700824,0.970491328636808,0.240361588068149,0.943198563984987,-0.0974325497107894,0.317621421118778,5.02746664503279,6.04517567889602
107.7,0.109156890562647,0.025948260208503,1.000000000179,0.20930541530438,0.0497550942626918,1.91747322833204,0.336521114245388,0.219529915146787,-0.915729302808798,0.0186137495593118,0.970705612175421,0.239549875429908,0.941491937296537,-0.0976587469036229,0.322576659352205,5.03274205600564,6.0451756787459
107.75,0.109156890576837,0.0259482601867249,1.0000000001771,0.209305415331589,0.049755094220933,1.91747322832839,0.341365863998689,0.218483220694517,-0.914185117561744,0.0179215093060367,0.970919520984327,0.238734378076888,0.93975963224679,-0.0978793443302295,0.327523232081119,5.03801746697835,6.04517567859578
107.8,0.109156890590925,0.0259482601657535,1.00000000017519,0.209305415358602,0.0497550941807208,1.91747322832472,0.346201991794108,0.21743528278382,-0.912614967375899,0.0172336072059728,0.971133049110467,0.237915118704294,0.93800169704562,-0.0980943358514063,0.332461001642913,5.04329287795093,6.04517567844464
107.85,0.109156890604909,0.0259482601455754,1.00000000017327,0.209305415385415,0.0497550941420299,1.91747322832106,0.351029363042707,0.2163861305787,-0.911018895948382,0.0165500624033645,0.971346190611373,0.237092120112033,0.936218180616183,-0.0983037154839616,0.33738983061997,5.04856828892338,6.0451756782935
107.9,0.109156890618787,0.0259482601261775,1.00000000017136,0.209305415412027,0.0497550941048349,1.9174732283174,0.355847843399249,0.215335793276953,-0.909396947697698,0.0158708939211918,0.971558939555342,0.236265405204067,0.934409132593558,-0.0985074774008827,0.342309581843495,5.05384369989571,6.04517567814338
107.95,0.109156890632559,0.0259482601075466,1.00000000016945,0.209305415438434,0.0497550940691106,1.91747322831373,0.360657298765923,0.214284300109358,-0.9077491677625,0.0151961206606432,0.971771290021591,0.23543499698779,0.932574603323367,-0.0987056159314968,0.34722011839732,5.05911911086789,6.04517567799224
108,0.109156890646222,0.0259482600896694,1.00000000016754,0.209305415464632,0.0497550940348317,1.91747322831007,0.365457595296084,0.213231680338861,-0.906075602000335,0.0145257614005886,0.971983236100429,0.234600918573375,0.930714643860371,-0.0988981255616295,0.35212130362172,5.06439452183995,6.04517567784059
108.05,0.109156890659775,0.0259482600725332,1.00000000016563,0.209305415490621,0.0497550940019734,1.91747322830641,0.370248599397981,0.212177963259762,-0.904376296986366,0.0138598347970558,0.972194771893419,0.233763193173139,0.92882930596705,-0.0990850009337584,0.357013001117222,5.06966993281188,6.04517567768996
108.1,0.109156890673219,0.0259482600561262,1.00000000016373,0.209305415516398,0.0497550939705134,1.91747322830275,0.375030177738463,0.211123178196898,-0.90265130001208,0.0131983593827135,0.972405891513541,0.232921844100892,0.926918642112166,-0.0992662368471613,0.361895074748389,5.07494534378367,6.04517567753932
108.15,0.109156890686551,0.025948260040437,1.00000000016182,0.209305415541962,0.0497550939404298,1.9174732282991,0.379802197246707,0.210067354504826,-0.900900659083962,0.0125413535663529,0.972616589085359,0.232076894771293,0.924982705469296,-0.0994418282580623,0.366767388647623,5.08022075475533,6.04517567738869
108.2,0.109156890699772,0.0259482600254543,1.00000000015992,0.209305415567313,0.0497550939117008,1.91747322829545,0.384564525117899,0.209010521567013,-0.899124422922173,0.011888835632378,0.972826858745181,0.231228368699195,0.923021549915359,-0.0996117702797708,0.37162980721893,5.08549616572686,6.04517567723857
108.25,0.109156890712881,0.0259482600111666,1.00000000015802,0.20930541559245,0.0497550938843046,1.91747322829181,0.389317028816953,0.207952708795008,-0.897322640959181,0.0112408237402946,0.973036694641224,0.230376289498989,0.921035230029112,-0.0997760581828186,0.376482195141709,5.09077157669826,6.04517567708998
108.3,0.109156890725878,0.0259482599975626,1.00000000015612,0.209305415617371,0.0497550938582193,1.91747322828817,0.394059576082187,0.206893945627631,-0.895495363338392,0.0105973359242058,0.973246090933777,0.229520680883952,0.919023801089633,-0.0999346873950907,0.381324417374509,5.09604698766953,6.04517567694087
108.35,0.109156890738762,0.025948259984631,1.00000000015423,0.209305415642075,0.0497550938334233,1.91747322828454,0.398792034928995,0.205834261530152,-0.893642640912758,0.00995839009231121,0.973455041795362,0.228661566665585,0.916987319074784,-0.100087653501953,0.386156339158783,5.10132239864067,6.04517567679228
108.4,0.109156890751532,0.0259482599723603,1.00000000015234,0.209305415666562,0.0497550938098945,1.91747322828092,0.403514273653547,0.20477368599347,-0.891764525243351,0.00932400402640615,0.9736635414109,0.227798970752945,0.914925840659649,-0.100234952246375,0.390977826022654,5.10659780961168,6.0451756766447
108.45,0.109156890764189,0.0259482599607391,1.00000000015045,0.20930541569083,0.0497550937876113,1.9174732282773,0.408226160836426,0.203712248533291,-0.889861068597938,0.00869419538138881,0.973871583977867,0.226932917151988,0.912839423214961,-0.100376579529049,0.395788743784643,5.11187322058256,6.04517567649763
108.5,0.109156890776731,0.0259482599497562,1.00000000014857,0.20930541571488,0.0497550937665517,1.91747322827369,0.412927565346302,0.20264997868931,-0.887932323949522,0.00806898168476827,0.974079163706461,0.226063429964896,0.910728124805502,-0.100512531408501,0.400588958557408,5.11714863155332,6.04517567635056
108.55,0.109156890789158,0.0259482599394,1.0000000001467,0.209305415738708,0.0497550937466941,1.9174732282701,0.417618356343576,0.201586906024386,-0.885978344974868,0.00744838033617634,0.974286274819758,0.225190533389408,0.90859200418849,-0.100642804101207,0.40537833675147,5.12242404252394,6.04517567620349
108.6,0.109156890801469,0.0259482599296593,1.00000000014483,0.209305415762315,0.0497550937280165,1.91747322826651,0.422298403284019,0.200523060123723,-0.883999186053011,0.00683240860688429,0.974492911553879,0.224314251718146,0.906431120811944,-0.10076739398169,0.41015674507893,5.12769945349444,6.04517567605744
108.65,0.109156890813665,0.0259482599205226,1.00000000014296,0.2093054157857,0.0497550937104971,1.91747322826293,0.426967575922416,0.19945847059404,-0.881994902263739,0.0062210836393204,0.974699068158145,0.223434609337937,0.904245534813022,-0.100886297582628,0.414924050557185,5.13297486446481,6.04517567591241
108.7,0.109156890825744,0.0259482599119786,1.0000000001411,0.209305415808862,0.0497550936941141,1.91747322825937,0.431625744316174,0.198393167062754,-0.879965549386065,0.00561442244659539,0.974904738895238,0.222551630729139,0.902035307016361,-0.100999511594946,0.419680120512614,5.13825027543506,6.04517567576687
108.75,0.109156890837706,0.0259482599040158,1.00000000013925,0.209305415831799,0.0497550936788458,1.91747322825582,0.43627277882895,0.197327179177153,-0.877911183896671,0.00501244191202686,0.975109918041364,0.221665340464953,0.899800498932372,-0.101107032867911,0.424424822584286,5.14352568640517,6.04517567562183
108.8,0.109156890849551,0.025948259896623,1.0000000001374,0.209305415854511,0.0497550936646702,1.91747322825228,0.440908550134259,0.196260536603568,-0.875831862968336,0.00441515878867005,0.975314599886407,0.220775763210748,0.897541172755532,-0.101208858409217,0.429158024727637,5.14880109737516,6.04517567547884
108.85,0.109156890861278,0.0259482598897886,1.00000000013556,0.209305415876996,0.0497550936515656,1.91747322824875,0.445532929219064,0.195193269026551,-0.873727644468349,0.00382258969885246,0.975518778734095,0.219882923723365,0.89525739136266,-0.10130498538507,0.433879595218139,5.15407650834503,6.04517567533482
108.9,0.109156890872886,0.0259482598835015,1.00000000013373,0.209305415899255,0.0497550936395101,1.91747322824524,0.45014578738738,0.194125406148049,-0.871598586956892,0.00323475113370952,0.975722448902149,0.218986846850435,0.892949218311153,-0.101395411120267,0.438589402654981,5.15935191931477,6.0451756751908
108.95,0.109156890884375,0.0259482598777501,1.00000000013191,0.209305415921285,0.0497550936284819,1.91747322824174,0.454746996263838,0.193056977686575,-0.86944474968542,0.0026516594527277,0.975925604722452,0.218087557529685,0.890616717837232,-0.101480133098269,0.443287315964707,5.16462733028439,6.04517567504832
109,0.109156890895744,0.025948259872523,1.00000000013009,0.209305415943085,0.0497550936184593,1.91747322823826,0.459336427797277,0.191988013376381,-0.867266192595,0.00207333088328734,0.976128240541197,0.217185080788244,0.888259954854144,-0.101559148961273,0.44797320440488,5.16990274125388,6.04517567490684
109.05,0.109156890906994,0.0259482598678094,1.00000000012828,0.209305415964656,0.0497550936094209,1.91747322823479,0.463913954264294,0.190918542966634,-0.865062976314652,0.00149978152021205,0.976330350719051,0.216279441741945,0.885878994950359,-0.101632456510276,0.452646937567713,5.17517815222325,6.04517567476537
109.1,0.109156890918124,0.0259482598635994,1.00000000012649,0.209305415985997,0.0497550936013484,1.91747322823134,0.4684794482728,0.189848596220586,-0.862835162159659,0.00093102732532141,0.976531929631308,0.215370665594631,0.883473904387748,-0.101700053705137,0.457308385383693,5.18045356319249,6.04517567462441
109.15,0.109156890929134,0.0259482598598838,1.00000000012469,0.209305416007108,0.0497550935942239,1.91747322822791,0.473032782765576,0.188778202914741,-0.860582812129859,0.000367084126984579,0.976732971668048,0.214458777637447,0.881044750099732,-0.101761938664634,0.461957418125217,5.18572897416161,6.04517567448396
109.2,0.109156890940024,0.0259482598566533,1.00000000012291,0.20930541602799,0.0497550935880295,1.91747322822449,0.477573831023794,0.187707392838036,-0.858305988907921,-0.000192032380317689,0.976933471234293,0.213543803248139,0.878591599689424,-0.101818109666514,0.466593906410184,5.19100438513061,6.04517567434554
109.25,0.109156890950795,0.0259482598538986,1.00000000012114,0.209305416048643,0.0497550935827473,1.9174732282211,0.482102466670553,0.186636195791003,-0.856004755857601,-0.000746306636431521,0.97713342275016,0.212625767890352,0.876114521427749,-0.101868565147546,0.471217721205609,5.19627979609949,6.04517567420712
109.3,0.109156890961446,0.0259482598516103,1.00000000011938,0.209305416069067,0.0497550935783596,1.91747322821772,0.486618563674394,0.185564641584945,-0.853679177021977,-0.00129572321596218,0.977332820651019,0.211704697112914,0.873613584251537,-0.101913303703558,0.475828733831207,5.20155520706825,6.04517567406921
109.35,0.109156890971979,0.0259482598497791,1.00000000011763,0.209305416089262,0.0497550935748484,1.91747322821435,0.491121996352807,0.184492760041105,-0.85132931712167,-0.0018402668287034,0.977531659387648,0.210780616549129,0.871088857761614,-0.101952324089482,0.480426815962973,5.20683061803689,6.04517567393334
109.4,0.109156890982392,0.0259482598483958,1.00000000011588,0.20930541610923,0.0497550935721959,1.91747322821101,0.495612639375731,0.183420580989834,-0.848955241553036,-0.00237992232006397,0.977729933426385,0.209853551916062,0.868540412220854,-0.101985625219384,0.485011839636766,5.21210602900541,6.04517567379848
109.45,0.109156890992686,0.025948259847451,1.00000000011415,0.209305416128969,0.0497550935703842,1.91747322820769,0.500090367769035,0.182348134269764,-0.846557016386355,-0.00291467467148722,0.977927637249284,0.208923529013829,0.865968318552238,-0.102013206166499,0.489583677251847,5.21738143997382,6.04517567366363
109.5,0.109156891002862,0.0259482598469353,1.00000000011243,0.209305416148481,0.0497550935693955,1.91747322820438,0.504555056918005,0.181275449726977,-0.844134708363986,-0.00344450900087127,0.978124765354269,0.207990573724868,0.863372648336865,-0.102035066163252,0.494142201574455,5.2226568509421,6.04517567352928
109.55,0.10915689101292,0.0259482598468396,1.00000000011071,0.209305416167766,0.049755093569212,1.9174732282011,0.509006582570806,0.180202557214171,-0.841688384898511,-0.0039694105629822,0.978321312255284,0.20705471201323,0.860753473811969,-0.102051204601281,0.49868728574133,5.22793226191027,6.04517567339646
109.6,0.109156891022859,0.0259482598471545,1.00000000010901,0.209305416186823,0.0497550935698157,1.91747322819784,0.513444820841938,0.179129486589835,-0.839218114070861,-0.00448936474986388,0.97851727248245,0.206115969923849,0.858110867868909,-0.102061621031456,0.503218803263251,5.23320767287833,6.04517567326466
109.65,0.109156891032679,0.0259482598478706,1.00000000010732,0.209305416205654,0.0497550935711888,1.91747322819459,0.5178696482157,0.17805626771741,-0.836723964628415,-0.00500435709124636,0.978712640582215,0.205174373581819,0.855444904051132,-0.102066315163889,0.507736628028563,5.23848308384627,6.04517567313337
109.7,0.109156891042382,0.0259482598489786,1.00000000010564,0.209305416224259,0.0497550935733135,1.91747322819137,0.522280941549598,0.17698293046447,-0.834206005983099,-0.00551437325494582,0.978907411117504,0.20422994919167,0.852755656552139,-0.102065286867944,0.512240634306665,5.24375849481409,6.04517567300258
109.75,0.109156891051966,0.0259482598504694,1.00000000010397,0.209305416242637,0.0497550935761719,1.91747322818817,0.526678578077803,0.175909504701876,-0.831664308209439,-0.00601939904726607,0.979101578667873,0.203282723036634,0.850043200213409,-0.102058536172237,0.516730696751535,5.2490339057818,6.04517567287383
109.8,0.109156891061433,0.0259482598523334,1.00000000010231,0.20930541626079,0.0497550935797462,1.91747322818499,0.531062435414546,0.174836020302956,-0.829098942042622,-0.00651942041339224,0.97929513782966,0.202332721477917,0.847307610522321,-0.102046063264641,0.521206690405203,5.2543093167494,6.04517567274508
109.85,0.109156891070783,0.0259482598545615,1.00000000010067,0.209305416278716,0.0497550935840184,1.91747322818183,0.53543239155753,0.173762507142672,-0.826509978876526,-0.00701442343778122,0.979488083216134,0.201379970953965,0.844548963610056,-0.102027868492276,0.525668490701225,5.25958472771689,6.04517567261735
109.9,0.109156891080014,0.0259482598571442,1.00000000009903,0.209305416296418,0.0497550935889708,1.9174732281787,0.539788324891337,0.172688995096781,-0.823897490761726,-0.00750439434455136,0.979680409457644,0.200424497979725,0.841767336249469,-0.1020039523615,0.530115973468171,5.26486013868427,6.04517567249013
109.95,0.109156891089129,0.0259482598600724,1.00000000009741,0.209305416313895,0.0497550935945855,1.91747322817559,0.544130114190789,0.171615514041013,-0.821261550403499,-0.00798931949786301,0.979872111201771,0.199466329145911,0.838962805852965,-0.101974315537898,0.534549014933053,5.27013554965153,6.04517567236444
110,0.109156891098126,0.0259482598633367,1.0000000000958,0.209305416331147,0.0497550936008447,1.9174732281725,0.548457638624344,0.170542093850234,-0.81860223115979,-0.00846918540229999,0.980063183113476,0.198505491118263,0.836135450470335,-0.10193895884626,0.538967491724789,5.27541096061869,6.04517567223976
110.05,0.109156891107007,0.025948259866928,1.0000000000942,0.209305416348175,0.049755093607731,1.91747322816943,0.552770777757449,0.169468764397616,-0.815919607039181,-0.00894397870324437,0.980253619875247,0.197542010636803,0.833285348786585,-0.101897883270558,0.543371280877632,5.28068637158574,6.04517567211508
110.1,0.109156891115771,0.0259482598708389,1.00000000009261,0.20930541636498,0.0497550936152301,1.91747322816639,0.557069411555886,0.168395555553807,-0.813213752698824,-0.00941368618724794,0.980443416187249,0.196575914515094,0.830412580119754,-0.101851089953923,0.547760259834584,5.28596178255268,6.04517567199142
110.15,0.109156891124419,0.0259482598750621,1.00000000009104,0.209305416381562,0.0497550936233279,1.91747322816337,0.561353420389128,0.167322497186098,-0.810484743442364,-0.00987829478240075,0.98063256676747,0.19560722963949,0.827517224418694,-0.101798580198607,0.552134306450821,5.29123719351951,6.0451756718703
110.2,0.109156891132951,0.0259482598795903,1.00000000008948,0.209305416397923,0.0497550936320106,1.91747322816038,0.565622685033654,0.166249619157591,-0.807732655217849,-0.0103377915586941,0.980821066351869,0.19463598296839,0.824599362260855,-0.101740355465952,0.556493298997079,5.29651260448624,6.0451756717497
110.25,0.109156891141369,0.0259482598844163,1.00000000008793,0.209305416414065,0.0497550936412643,1.91747322815741,0.569877086676271,0.16517695132637,-0.804957564615609,-0.0107921637283807,0.981008909694523,0.193662201531489,0.821659074850041,-0.101676417376348,0.560837116163049,5.30178801545286,6.04517567162858
110.3,0.109156891149673,0.0259482598895328,1.00000000008639,0.209305416429987,0.049755093651075,1.91747322815446,0.574116506917427,0.164104523544671,-0.802159548866128,-0.0112413986463306,0.981196091567771,0.192685912429024,0.818696444014146,-0.101606767709184,0.565165637060752,5.30706342641938,6.04517567151001
110.35,0.109156891157863,0.0259482598949326,1.00000000008487,0.209305416445691,0.049755093661429,1.91747322815154,0.578340827774493,0.163032365658046,-0.799338685837896,-0.0116854838103828,0.98138260676236,0.191707142831019,0.81571155220288,-0.101531408402803,0.569478741227899,5.31233883738579,6.04517567139246
110.4,0.10915689116594,0.0259482599006084,1.00000000008336,0.209305416461179,0.0497550936723122,1.91747322814865,0.582549931685067,0.161960507504537,-0.796495054035238,-0.012124406861694,0.981568450087593,0.19072591997653,0.81270448248547,-0.101450341554449,0.573776308631255,5.3176142483521,6.04517567127541
110.45,0.109156891173905,0.025948259906553,1.00000000008186,0.209305416476451,0.0497550936837109,1.91747322814577,0.586743701510218,0.160888978913848,-0.793628732596135,-0.0125581555850812,0.981753616371468,0.189742271172888,0.809675318548361,-0.101363569420203,0.578058219669963,5.32288965931831,6.04517567115939
110.5,0.109156891181758,0.0259482599127592,1.00000000008037,0.209305416491508,0.049755093695611,1.91747322814293,0.590922020537771,0.159817809706506,-0.790739801290016,-0.0129867179093629,0.981938100460828,0.188756223794936,0.806624144692868,-0.101271094414924,0.582324355178884,5.32816507028442,6.0451756710454
110.55,0.109156891189499,0.0259482599192196,1.0000000000789,0.209305416506352,0.0497550937079987,1.9174732281401,0.595084772485545,0.158747029693039,-0.787828340515537,-0.0134100819076946,0.982121897221499,0.187767805284271,0.803551045832843,-0.101172919112184,0.586574596431914,5.33344048125043,6.04517567093191
110.6,0.10915689119713,0.0259482599259271,1.00000000007744,0.209305416520983,0.0497550937208601,1.91747322813731,0.59923184150458,0.157676668673144,-0.784894431298356,-0.0138282357979,0.982305001538437,0.186777043148478,0.800456107492315,-0.101069046244191,0.590808825145276,5.33871589221634,6.04517567081894
110.65,0.10915689120465,0.0259482599328744,1.000000000076,0.209305416535403,0.0497550937341814,1.91747322813454,0.603363112182382,0.156606756434857,-0.781938155288859,-0.0142411679428005,0.982487408315868,0.185783964960364,0.797339415803092,-0.100959478701716,0.595026923480831,5.34399130318216,6.04517567070698
110.7,0.109156891212061,0.0259482599400542,1.00000000007457,0.209305416549613,0.0497550937479485,1.91747322813179,0.607478469546116,0.155537322753725,-0.778959594759903,-0.0146488668505376,0.98266911247743,0.184788598357192,0.794201057502383,-0.100844219534013,0.599228774049338,5.34926671414788,6.04517567059706
110.75,0.109156891219362,0.0259482599474593,1.00000000007315,0.209305416563614,0.0497550937621476,1.91747322812907,0.611577799065816,0.154468397391975,-0.775958832604519,-0.0150513211748933,0.982850108966315,0.183790971039912,0.791041119930376,-0.100723271948733,0.603414259913734,5.3545421251135,6.04517567048765
110.8,0.109156891226555,0.0259482599550825,1.00000000007174,0.209305416577406,0.0497550937767648,1.91747322812637,0.615660986657568,0.15340001009769,-0.772935952333607,-0.0154485197156058,0.983030392745409,0.182791110772387,0.787859691027804,-0.100596639311834,0.607583264592383,5.35981753607902,6.04517567037875
110.85,0.10915689123364,0.0259482599629164,1.00000000007035,0.209305416590991,0.0497550937917862,1.9174732281237,0.619727918686684,0.152332190603976,-0.769891038073613,-0.0158404514186811,0.983209958797435,0.181789045380627,0.784656859333508,-0.100464325147492,0.611735672062317,5.36509294704445,6.04517567027138
110.9,0.109156891240618,0.025948259970954,1.00000000006897,0.209305416604371,0.0497550938071979,1.91747322812106,0.623778481970871,0.15126496862814,-0.766824174564185,-0.0162271053767012,0.983388802125086,0.180784802752005,0.781432713981958,-0.100326333137994,0.615871366762472,5.37036835800979,6.04517567016553
110.95,0.109156891247489,0.0259482599791878,1.00000000006761,0.209305416617545,0.049755093822986,1.91747322811844,0.627812563783375,0.150198373870858,-0.763735447155817,-0.0166084708291268,0.983566917751173,0.179778410834492,0.778187344700789,-0.100182667123646,0.619990233596892,5.37564376897504,6.04517567006019
111,0.109156891254253,0.0259482599876106,1.00000000006626,0.209305416630516,0.0497550938391366,1.91747322811585,0.631830051856116,0.149132436015352,-0.760624941807475,-0.016984537162597,0.983744300718756,0.178769897635869,0.774920841808291,-0.100033331102656,0.624092157937942,5.38091917994019,6.04517566995587
111.05,0.109156891260912,0.0259482599962156,1.00000000006492,0.209305416643284,0.0497550938556365,1.91747322811329,0.635830834382824,0.14806718472656,-0.757492745084198,-0.0173552939112255,0.983920946091285,0.177759291222953,0.771633296210899,-0.0998783292310325,0.628177025629496,5.38619459090526,6.04517566985358
111.1,0.109156891267466,0.0259482600049971,1.00000000006359,0.209305416655851,0.0497550938724747,1.91747322811075,0.639814800022131,0.147002649650317,-0.754338944154699,-0.0177207307568902,0.984096848952737,0.176746619720818,0.768324799400671,-0.0997176658224607,0.632244722990108,5.39147000187023,6.04517566975078
111.15,0.109156891273916,0.0259482600139496,1.00000000006228,0.209305416668218,0.0497550938896409,1.91747322810824,0.643781837900694,0.145938860412521,-0.75116362678893,-0.0180808375295225,0.984272004407756,0.175731911312005,0.764995443452727,-0.0995513453481869,0.636295136816188,5.39674541283512,6.04517566965002
111.2,0.109156891280262,0.0259482600230679,1.00000000006099,0.209305416680387,0.049755093907125,1.91747322810575,0.64773183761626,0.144875846618319,-0.747966881355644,-0.0184356042073883,0.984446407581781,0.174715194235744,0.7616453210227,-0.0993793724368931,0.640328154385138,5.40202082379992,6.04517566955028
111.25,0.109156891286506,0.0259482600323466,1.0000000000597,0.20930541669236,0.0497550939249166,1.91747322810329,0.651664689240746,0.143813637851272,-0.744748796819938,-0.018785020917368,0.984620053621193,0.173696496787166,0.75827452534415,-0.0992017518745677,0.6443436634585,5.40729623476463,6.04517566945105
111.3,0.109156891292648,0.0259482600417803,1.00000000005844,0.209305416704137,0.0497550939430056,1.91747322810086,0.655580283323304,0.14275226367254,-0.741509462740768,-0.0191290779352314,0.984792937693438,0.172675847316515,0.754883150225971,-0.0990184886043728,0.648341552285075,5.41257164572926,6.04517566935385
111.35,0.109156891298689,0.0259482600513637,1.00000000005718,0.20930541671572,0.0497550939613815,1.91747322809845,0.659478510893353,0.141691753620057,-0.73824896926847,-0.0194677656859073,0.984965054987172,0.171653274228361,0.751471290049782,-0.0988295877265066,0.65232170960403,5.4178470566938,6.04517566925716
111.4,0.10915689130463,0.0259482600610915,1.00000000005594,0.209305416727112,0.0497550939800342,1.91747322809607,0.663359263463632,0.140632137207707,-0.734967407142236,-0.0198010747437514,0.985136400712387,0.170628805980805,0.748039039767298,-0.098635054498061,0.656284024648006,5.42312246765826,6.04517566916098
111.45,0.109156891310471,0.0259482600709583,1.00000000005471,0.209305416738312,0.0497550939989535,1.91747322809372,0.667222433033196,0.139573443924505,-0.731664867687601,-0.0201289958328072,0.985306970100551,0.169602471084693,0.744586494897688,-0.0984348943328759,0.660228387146184,5.42839787862263,6.04517566906735
111.5,0.109156891316214,0.0259482600809586,1.0000000000535,0.209305416749324,0.0497550940181289,1.91747322809139,0.671067912090441,0.138515703233774,-0.728341442813897,-0.0204515198270654,0.985476758404735,0.168574298102818,0.741113751524919,-0.0982291128013881,0.664154687327367,5.43367328958692,6.04517566897422
111.55,0.109156891321858,0.0259482600910873,1.0000000000523,0.209305416760147,0.0497550940375504,1.91747322808909,0.674895593616085,0.137458944572328,-0.724997225011692,-0.0207686377507169,0.985645760899749,0.167544315649129,0.737620906295078,-0.0980177156304765,0.668062815923032,5.43894870055114,6.04517566888109
111.6,0.109156891327406,0.0259482601013389,1.00000000005111,0.209305416770785,0.0497550940572076,1.91747322808681,0.678705371086145,0.136403197349652,-0.721632307350225,-0.0210803407784028,0.985813972882269,0.166512552387929,0.734108056413689,-0.0978007087033029,0.671952664170362,5.44422411151527,6.04517566879
111.65,0.109156891332857,0.0259482601117081,1.00000000004994,0.209305416781238,0.0497550940770902,1.91747322808456,0.682497138474917,0.13534849094708,-0.718246783474801,-0.0213866202354609,0.985981389670975,0.165479037033083,0.730575299642996,-0.0975780980591474,0.675824123815291,5.44949952247932,6.04517566870044
111.7,0.109156891338213,0.0259482601221895,1.00000000004878,0.209305416791507,0.049755094097188,1.91747322808234,0.686270790257906,0.134294854716982,-0.714840747604202,-0.0216874675981656,0.986148006606675,0.164443798347217,0.727022734299257,-0.0973498898932417,0.679677087115496,5.45477493344329,6.04517566861138
111.75,0.109156891343474,0.0259482601327778,1.00000000004763,0.209305416801595,0.0497550941174907,1.91747322808014,0.690026221414776,0.133242317981945,-0.711414294528052,-0.0219828744939666,0.986313819052436,0.163406865140915,0.723450459249996,-0.0971160905565953,0.683511446843411,5.46005034440719,6.04517566852334
111.8,0.109156891348641,0.0259482601434675,1.0000000000465,0.209305416811503,0.0497550941379881,1.91747322807797,0.693763327432269,0.132190910033957,-0.707967519604184,-0.0222728327017207,0.986478822393716,0.16236826627192,0.719858573911256,-0.0968767065558199,0.687327096289205,5.46532575537101,6.04517566843683
111.85,0.109156891353715,0.0259482601542535,1.00000000004538,0.209305416821232,0.0497550941586699,1.91747322807583,0.697482004307112,0.131140660133591,-0.704500518755991,-0.0225573341519213,0.986643012038488,0.161328030644333,0.716247178244838,-0.0966317445529477,0.691123929263747,5.47060116633476,6.04517566835083
111.9,0.109156891358697,0.0259482601651303,1.00000000004428,0.209305416830784,0.0497550941795258,1.91747322807371,0.701182148548918,0.130091597509194,-0.701013388469742,-0.0228363709269232,0.986806383417372,0.160286187207801,0.712616372755504,-0.0963812113652457,0.694901840101576,5.47587657729843,6.04517566826635
111.95,0.109156891363587,0.0259482601760925,1.00000000004319,0.20930541684016,0.0497550942005456,1.91747322807162,0.704863657183056,0.129043751356068,-0.697506225791914,-0.0231099352611617,0.98696893198376,0.15924276495672,0.708966258488197,-0.0961251139650269,0.698660723663824,5.48115198826203,6.04517566818239
112,0.109156891368386,0.0259482601871349,1.00000000004211,0.209305416849362,0.049755094221719,1.91747322806955,0.708526427753522,0.127997150835665,-0.693979128326483,-0.0233780195413702,0.987130653213942,0.158197792929423,0.705296937025219,-0.0958634594794558,0.702400475341151,5.48642739922555,6.04517566809944
112.05,0.109156891373095,0.0259482601982523,1.00000000004104,0.209305416858392,0.0497550942430363,1.91747322806751,0.712170358325797,0.126951825074766,-0.690432194232201,-0.0236406163067914,0.987291542607232,0.157151300207372,0.701608510483404,-0.0955962551903493,0.706120991056661,5.49170281018901,6.04517566801853
112.1,0.109156891377715,0.0259482602094407,1.00000000003999,0.20930541686725,0.0497550942644899,1.9174732280655,0.715795347489667,0.125907803164681,-0.686865522219882,-0.0238977182493846,0.987451595686096,0.156103315914352,0.697901081511284,-0.0953235085339757,0.709822167268784,5.49697822115239,6.04517566793863
112.15,0.109156891382246,0.0259482602206965,1.00000000003896,0.209305416875939,0.0497550942860725,1.91747322806351,0.719401294362066,0.124865114160429,-0.683279211549632,-0.0241493182140298,0.987610807996273,0.155053869215656,0.694174753286218,-0.095045227100846,0.713503900974176,5.50225363211571,6.04517566785873
112.2,0.10915689138669,0.0259482602320158,1.00000000003793,0.20930541688446,0.0497550943077771,1.91747322806155,0.722988098589865,0.123823787079937,-0.67967336202811,-0.0243954091987263,0.987769175106902,0.154002989317278,0.690429629511537,-0.094761418635504,0.717166089710569,5.50752904307895,6.04517566778037
112.25,0.109156891391047,0.0259482602433951,1.00000000003692,0.209305416892816,0.0497550943295965,1.91747322805961,0.726555660352676,0.12278385090323,-0.676048074005733,-0.0246359843547878,0.987926692610641,0.152950705465095,0.686665814413648,-0.0944720910363099,0.720808631559632,5.51280445404213,6.04517566770301
112.3,0.109156891395319,0.0259482602548306,1.00000000003593,0.209305416901006,0.0497550943515237,1.9174732280577,0.730103880365627,0.121745334571624,-0.672403448373889,-0.0248710369870329,0.988083356123796,0.151897046944058,0.682883412739132,-0.094177252355221,0.724431425149805,5.51807986500524,6.04517566762668
112.35,0.109156891399506,0.0259482602663185,1.00000000003494,0.209305416909034,0.0497550943735515,1.91747322805581,0.733632659882123,0.12070826698692,-0.668739586562135,-0.0251005605539714,0.988239161286437,0.150842043077374,0.679082529751839,-0.0938769107975674,0.728034369659117,5.52335527596828,6.04517566755137
112.4,0.109156891403608,0.0259482602778552,1.00000000003397,0.209305416916901,0.0497550943956728,1.91747322805395,0.7371419006966,0.119672677010602,-0.665056590535362,-0.0253245486679865,0.988394103762522,0.149785723225692,0.675263271229945,-0.0935710747218236,0.731617364818001,5.52863068693126,6.04517566747707
112.45,0.109156891407628,0.0259482602894369,1.00000000003301,0.209305416924608,0.0497550944178805,1.91747322805211,0.740631505147249,0.11863859346303,-0.66135456279097,-0.0255429950955126,0.988548179240019,0.148728116786283,0.671425743463022,-0.093259752639376,0.735180310912072,5.53390609789418,6.04517566740379
112.5,0.109156891411565,0.02594826030106,1.00000000003207,0.209305416932158,0.0497550944401674,1.9174732280503,0.744101376118742,0.117606045122642,-0.657633606356005,-0.0257558937572083,0.988701383431023,0.147669253192224,0.667570053249067,-0.0929429532142861,0.738723108784912,5.53918150885703,6.04517566733203
112.55,0.109156891415421,0.0259482603127206,1.00000000003114,0.209305416939551,0.0497550944625264,1.91747322804852,0.747551417044933,0.116575060725151,-0.6538938247843,-0.0259632387281264,0.988853712071877,0.14660916191158,0.663696307891538,-0.0926206852630491,0.742245659840826,5.54445691981982,6.04517566726079
112.6,0.109156891419196,0.0259482603244152,1.00000000003022,0.20930541694679,0.0497550944849504,1.91747322804676,0.750981531911537,0.115545668962747,-0.65013532215359,-0.0261650242378779,0.989005160923291,0.145547872446581,0.659804615196371,-0.0922929577543489,0.745747866047582,5.54973233078254,6.04517566718955
112.65,0.109156891422891,0.02594826033614,1.00000000002931,0.209305416953876,0.0497550945074323,1.91747322804502,0.754391625258821,0.114517898483294,-0.646358203062609,-0.0263612446707933,0.98915572577046,0.144485414332801,0.655895083468966,-0.0919597798088081,0.749229629939149,5.55500774174521,6.04517566712085
112.7,0.109156891426508,0.0259482603478912,1.00000000002842,0.20930541696081,0.0497550945299649,1.91747322804331,0.757781602184237,0.113491777889539,-0.642562572628193,-0.0265518945660786,0.989305402423179,0.143421817138341,0.651967821511186,-0.0916211606987345,0.752690854618398,5.56028315270781,6.04517566705265
112.75,0.109156891430046,0.0259482603596651,1.00000000002754,0.209305416967595,0.0497550945525412,1.91747322804162,0.761151368345082,0.11246733573831,-0.638748536482343,-0.026736968617967,0.989454186715963,0.142357110462999,0.648022938618326,-0.0912771098478631,0.756131443759807,5.56555856367036,6.04517566698548
112.8,0.109156891433508,0.0259482603714582,1.00000000002668,0.209305416974232,0.049755094575154,1.91747322803996,0.764500829961116,0.111444600539727,-0.634916200769287,-0.0269164616758672,0.98960207450816,0.141291323937452,0.644060544576065,-0.0909276368310932,0.75955130161214,5.57083397463285,6.04517566691933
112.85,0.109156891436893,0.0259482603832665,1.00000000002582,0.209305416980723,0.0497550945977962,1.91747322803832,0.767829893817166,0.110423600756404,-0.631065672142536,-0.0270903687445062,0.989749061684068,0.140224487222429,0.640080749657421,-0.0905727513742233,0.762950333001105,5.57610938559528,6.04517566685419
112.9,0.109156891440202,0.0259482603950864,1.00000000002498,0.209305416987069,0.0497550946204606,1.91747322803671,0.771138467265737,0.109404364802657,-0.627197057761895,-0.0272586849840686,0.98989514415305,0.139156630007883,0.636083664619671,-0.0902124633536783,0.766328443332016,5.58138479655765,6.04517566679007
112.95,0.109156891443437,0.0259482604069143,1.00000000002415,0.209305416993272,0.0497550946431402,1.91747322803512,0.774426458229571,0.108386921043719,-0.623310465290505,-0.027421405710331,0.990040317849646,0.138087782012171,0.632069400701277,-0.0898467827962369,0.769685538592414,5.58666020751997,6.04517566672747
113,0.109156891446598,0.0259482604187463,1.00000000002333,0.209305416999333,0.0497550946658278,1.91747322803355,0.777693775204222,0.107371297794943,-0.61940600289183,-0.0275785263947927,0.990184578733687,0.137017972981222,0.62803806961879,-0.0894757198787512,0.773021525354685,5.59193561848224,6.04517566666539
113.05,0.109156891449687,0.025948260430579,1.00000000002253,0.209305417005255,0.0497550946885167,1.91747322803201,0.780940327260602,0.106357523321019,-0.615483779226653,-0.0277300426648017,0.990327922790407,0.135947232687708,0.623989783563732,-0.0890992849278636,0.776336310778667,5.59721102944445,6.04517566660381
113.1,0.109156891452703,0.0259482604424098,1.00000000002174,0.209305417011039,0.0497550947112019,1.91747322803049,0.784166024047499,0.105345625835184,-0.611543903450056,-0.0278759503036758,0.990470346030556,0.134875590930223,0.619924655199488,-0.0887174884197202,0.779629802614223,5.6024864404066,6.04517566654326
113.15,0.109156891455648,0.0259482604542364,1.00000000002096,0.209305417016686,0.049755094733879,1.91747322802899,0.787370775794112,0.104335633498442,-0.607586485208367,-0.028016245250821,0.990611844490511,0.133803077532444,0.615842797658156,-0.0883303409796781,0.782901909203822,5.60776185136871,6.04517566648474
113.2,0.109156891458523,0.0259482604660562,1.00000000002019,0.209305417022198,0.0497550947565433,1.91747322802752,0.790554493312532,0.103327574418772,-0.603611634636129,-0.0281509236018436,0.990752414232384,0.132729722342308,0.611744324537408,-0.0879378533820104,0.786152539485076,5.61303726233077,6.04517566642621
113.25,0.109156891461328,0.0259482604778671,1.00000000001943,0.209305417027577,0.0497550947791903,1.91747322802607,0.793717088000231,0.102321476650356,-0.59961946235302,-0.0282799816086591,0.990892051344133,0.131655555231178,0.607629349897327,-0.0875400365496066,0.789381602993283,5.61831267329277,6.04517566636871
113.3,0.109156891464065,0.0259482604896665,1.00000000001869,0.209305417032825,0.0497550948018154,1.91747322802464,0.796858471842529,0.101317368192789,-0.595610079460779,-0.028403415679597,0.991030751939673,0.130580606093014,0.603497988257228,-0.0871369015536677,0.792589009863943,5.62358808425472,6.04517566631222
113.35,0.109156891466734,0.0259482605014522,1.00000000001796,0.209305417037942,0.0497550948244141,1.91747322802324,0.799978557415039,0.100315276990306,-0.591583597540121,-0.0285212223794998,0.99116851215898,0.129504904843538,0.599350354592481,-0.0867284596133993,0.795774670835252,5.62886349521663,6.04517566625574
113.4,0.109156891469336,0.0259482605132218,1.00000000001724,0.209305417042931,0.0497550948469819,1.91747322802186,0.803077257886107,0.0993152309309989,-0.587540128647613,-0.0286333984298197,0.991305328168201,0.128428481419405,0.595186564331295,-0.0863147220956978,0.798938497250603,5.63413890617849,6.04517566620179
113.45,0.109156891471871,0.0259482605249728,1.00000000001653,0.209305417047793,0.0497550948695142,1.9174732280205,0.806154487019219,0.0983172578460475,-0.583479785312579,-0.0287399407087088,0.991441196159762,0.127351365777366,0.591006733351524,-0.0858957005148358,0.802080401061032,5.63941431714029,6.04517566614734
113.5,0.109156891474342,0.0259482605367029,1.00000000001583,0.20930541705253,0.0497550948920064,1.91747322801917,0.809210159175409,0.0973213855089389,-0.579402680533953,-0.0288408462511068,0.99157611235247,0.126273587893439,0.586810977977431,-0.0854714065321405,0.805200294827683,5.64468972810206,6.04517566609391
113.55,0.109156891476747,0.0259482605484098,1.00000000001515,0.209305417057143,0.049755094914454,1.91747322801785,0.81224418931564,0.0963276416346958,-0.575308927777135,-0.0289361122488231,0.991710072991622,0.125195177762068,0.582599414976451,-0.0850418519556694,0.80829809172424,5.64996513906377,6.04517566604251
113.6,0.10915689147909,0.025948260560091,1.00000000001447,0.209305417061634,0.0497550949368525,1.91747322801656,0.815256493003166,0.0953360538791081,-0.571198640970843,-0.029025736050615,0.991843074349106,0.124116165395298,0.578372161555947,-0.0846070487398821,0.811373705539333,5.65524055002544,6.04517566599162
113.65,0.109156891481369,0.0259482605717443,1.00000000001381,0.209305417066005,0.0497550949591973,1.91747322801529,0.818246986405893,0.0943466498379588,-0.567071934503928,-0.0291097151622615,0.99197511272351,0.123036580821929,0.57412933535994,-0.0841670089853066,0.814427050678955,5.66051596098707,6.04517566594022
113.7,0.109156891483587,0.0259482605833671,1.00000000001316,0.209305417070257,0.0497550949814838,1.91747322801404,0.821215586298697,0.0933594570462607,-0.562928923222208,-0.0291880472466329,0.992106184440219,0.121956454086689,0.569871054465847,-0.0837217449382043,0.817458042168824,5.66579137194866,6.04517566589086
113.75,0.109156891485743,0.0259482605949572,1.00000000001252,0.209305417074392,0.0497550950037075,1.91747322801282,0.824162210065754,0.0923745029774856,-0.558769722425253,-0.0292607301237555,0.99223628585152,0.120875815249391,0.565597437381179,-0.0832712689902271,0.820466595656764,5.6710667829102,6.04517566584303
113.8,0.109156891487839,0.0259482606065122,1.00000000001189,0.209305417078411,0.0497550950258639,1.91747322801161,0.827086775702831,0.0913918150428031,-0.55459444786319,-0.0293277617708725,0.992365413336705,0.119794694384103,0.561308603040257,-0.0828155936780739,0.823452627415046,5.6763421938717,6.04517566579468
113.85,0.109156891489876,0.0259482606180297,1.00000000001127,0.209305417082316,0.0497550950479484,1.91747322801043,0.829989201819569,0.0904114205903171,-0.55040321573348,-0.0293891403225003,0.99249356330217,0.118713121578307,0.5570046708009,-0.0823547316831419,0.826416054342714,5.68161760483315,6.04517566574888
113.9,0.109156891491854,0.0259482606295073,1.00000000001067,0.209305417086109,0.0497550950699564,1.91747322800926,0.832869407641754,0.0894333469043021,-0.546196142677672,-0.0294448640704803,0.992620732181514,0.11763112693206,0.552685760441089,-0.0818886958311721,0.829356793967907,5.68689301579457,6.04517566570257
113.95,0.109156891493774,0.0259482606409427,1.00000000001007,0.209305417089791,0.0497550950918834,1.91747322800812,0.835727313013555,0.0884576212044481,-0.541973345778179,-0.0294949314640265,0.99274691643564,0.116548740557162,0.548351992155655,-0.0814174990918944,0.832274764450146,5.69216842675595,6.04517566565779
114,0.109156891495638,0.0259482606523335,1.00000000000949,0.209305417093364,0.0497550951137249,1.917473228007,0.838562838399765,0.0874842706450992,-0.537734942554996,-0.0295393411097686,0.992872112552854,0.115465992576312,0.544003486552917,-0.0809411545786648,0.835169884582617,5.69744383771729,6.04517566561403
114.05,0.109156891497445,0.0259482606636774,1.00000000000891,0.20930541709683,0.0497550951354766,1.9174732280059,0.841375904888006,0.0865133223145007,-0.533481050962446,-0.029578091771791,0.992996317048961,0.114382913122276,0.539640364651337,-0.0804596755481021,0.838042073794429,5.70271924867859,6.04517566556975
114.1,0.109156891499197,0.0259482606749731,1.00000000000835,0.209305417100189,0.0497550951571357,1.91747322800481,0.84416643419093,0.0855448032340441,-0.529211789385893,-0.0296111823716669,0.993119526467363,0.113299532337041,0.535262747876145,-0.0799730753997179,0.840891252152851,5.70799465963985,6.04517566552752
114.15,0.109156891500894,0.0259482606862191,1.00000000000779,0.209305417103444,0.0497550951786996,1.91747322800375,0.8469343486484,0.0845787403575137,-0.524927276638438,-0.0296386119884885,0.993241737379155,0.112215880370982,0.530870758055957,-0.0794813676755434,0.843717340365551,5.71327007060108,6.04517566548629
114.2,0.109156891502538,0.0259482606974141,1.00000000000725,0.209305417106596,0.0497550952001657,1.91747322800271,0.84967957122964,0.0836151605703399,-0.520627631957632,-0.0296603798588925,0.993362946383218,0.111131987382021,0.526464517419399,-0.078984566059754,0.846520259782784,5.71854548156227,6.04517566544457
114.25,0.109156891504128,0.0259482607085568,1.00000000000672,0.209305417109646,0.0497550952215316,1.91747322800169,0.852402025535394,0.082654090688848,-0.516312975002138,-0.0296764853770813,0.993483150106321,0.110047883534787,0.52204414859169,-0.0784826843782873,0.849299932399595,5.72382089252343,6.04517566540436
114.3,0.109156891505667,0.0259482607196459,1.00000000000619,0.209305417112595,0.0497550952427947,1.91747322800069,0.855101635800042,0.0816955574595123,-0.511983425848408,-0.0296869280948403,0.993602345203204,0.108963598999778,0.517609774591231,-0.0779757365984578,0.852056280857986,5.72909630348455,6.04517566536518
114.35,0.109156891507154,0.0259482607306801,1.00000000000568,0.209305417115446,0.0497550952639524,1.9174732279997,0.857778326893708,0.080739587558214,-0.507639104987353,-0.0296917077215498,0.993720528356682,0.10787916395252,0.513161518826197,-0.0774637368285707,0.854789228449063,5.73437171444563,6.0451756653265
114.4,0.10915689150859,0.025948260741658,1.00000000000518,0.2093054171182,0.0497550952850023,1.91747322799874,0.860432024324362,0.0797862075894947,-0.503280133320963,-0.0296908241241934,0.993837696277729,0.106794608572726,0.508699505091077,-0.0769466993175254,0.857498699115183,5.73964712540669,6.04517566528834
114.45,0.109156891509976,0.0259482607525783,1.00000000000469,0.209305417120857,0.0497550953059416,1.9174732279978,0.863062654239877,0.0788354440858212,-0.498906632158974,-0.0296842773273616,0.993953845705575,0.105709963043463,0.504223857563256,-0.0764246384544231,0.860184617452056,5.74492253636771,6.04517566525119
114.5,0.109156891511312,0.0259482607634396,1.0000000000042,0.209305417123421,0.049755095326768,1.91747322799687,0.865670143430098,0.0778873235068424,-0.494518723215466,-0.0296720675132512,0.994068973407793,0.1046252575503,0.499734700799538,-0.075897568768163,0.862846908710855,5.75019794732869,6.04517566521506
114.55,0.109156891512601,0.0259482607742408,1.00000000000373,0.209305417125891,0.0497550953474789,1.91747322799596,0.868254419328871,0.0769418722386552,-0.490116528605489,-0.0296541950216602,0.99418307618039,0.10354052228048,0.495232159732687,-0.0753655049270398,0.865485498800292,5.75547335828965,6.04517566517842
114.6,0.109156891513841,0.0259482607849803,1.00000000000327,0.20930541712827,0.0497550953680716,1.91747322799507,0.870815410016066,0.0759991165930712,-0.485700170841666,-0.0296306603499782,0.994296150847899,0.102455787422073,0.49071635966796,-0.0748284617383357,0.868100314288677,5.76074876925058,6.04517566514381
114.65,0.109156891515035,0.0259482607956569,1.00000000000281,0.209305417130559,0.0497550953885438,1.9174732279942,0.873353044219581,0.075059082806881,-0.48126977283077,-0.0296014641531728,0.994408194263463,0.101371083163137,0.486187426279598,-0.0742864541479061,0.870691282405969,5.76602418021147,6.04517566510972
114.7,0.109156891516182,0.0259482608062693,1.00000000000237,0.209305417132759,0.0497550954088927,1.91747322799335,0.875867251317318,0.0741217970411275,-0.476825457870321,-0.0295666072437713,0.994519203308926,0.100286439690878,0.481645485607349,-0.0737394972397664,0.873258331045795,5.77129959117234,6.04517566507613
114.75,0.109156891517284,0.0259482608168161,1.00000000000193,0.209305417134872,0.049755095429116,1.91747322799251,0.878357961339155,0.0731872853803765,-0.472367349645141,-0.0295260905918379,0.994629174894917,0.0992018871908133,0.477090664052952,-0.0731876062356707,0.875801388767457,5.77657500213317,6.04517566504356
114.8,0.109156891518342,0.0259482608272961,1.00000000000151,0.209305417136899,0.049755095449211,1.9174732279917,0.880825104968892,0.0722555738319898,-0.46789557222392,-0.0294799153249469,0.994738105960939,0.0981174558459243,0.472523088376614,-0.0726307964946882,0.878320384797924,5.78185041309398,6.04517566501099
114.85,0.109156891519355,0.0259482608377078,1.00000000000109,0.209305417138842,0.0497550954691753,1.9174732279909,0.883268613546177,0.0713266883254039,-0.463410250055762,-0.0294280827281512,0.994845993475452,0.0970331758358242,0.467942885693498,-0.0720690835127767,0.880815249033797,5.78712582405476,6.04517566497944
114.9,0.109156891520325,0.02594826084805,1.00000000000068,0.209305417140703,0.0497550954890061,1.91747322799011,0.885688419068424,0.0704006547114047,-0.458911507966712,-0.0293705942439468,0.994952834435957,0.0959490773359116,0.463350183470163,-0.0715024829223495,0.883285912043267,5.79240123501552,6.04517566494993
114.95,0.109156891521253,0.0259482608583213,1.00000000000028,0.209305417142482,0.0497550955087011,1.91747322798935,0.888084454192693,0.0694774987614124,-0.454399471156299,-0.0293074514722323,0.995058625869081,0.0948651905165362,0.458745109521038,-0.0709310104918427,0.885732305068037,5.79767664597624,6.0451756649199
115,0.109156891522139,0.0259482608685205,0.99999999999989,0.209305417144181,0.0497550955282577,1.9174732279886,0.890456652237578,0.068557246166761,-0.449874265194039,-0.0292386561702645,0.99516336483066,0.0937815455421555,0.454127792004853,-0.0703546821252748,0.888154360025243,5.80295205693695,6.04517566488988
115.05,0.109156891522985,0.0259482608786462,0.999999999999508,0.209305417145802,0.0497550955476735,1.91747322798787,0.892804947185052,0.0676399225379844,-0.445336016015942,-0.0291642102526097,0.99526704840582,0.0926981725704962,0.449498359421074,-0.0697735138618042,0.890552009509349,5.80822746789762,6.0451756648624
115.1,0.10915689152379,0.0259482608886979,0.999999999999135,0.209305417147346,0.0497550955669473,1.91747322798715,0.895129273682313,0.0667255534041042,-0.440784849921015,-0.02908411579109,0.995369673709056,0.0916151017517162,0.444856940606332,-0.0691875218752839,0.892925186794018,5.81350287885827,6.04517566483492
115.15,0.109156891524555,0.0259482608986749,0.99999999999877,0.209305417148814,0.0497550955860781,1.91747322798645,0.897429567043596,0.0658141642119176,-0.436220893567732,-0.0289983750147261,0.995471237884319,0.0905323632275629,0.440203664730826,-0.0685967224738093,0.895273825833975,5.8187782898189,6.04517566480693
115.2,0.109156891525282,0.0259482609085768,0.999999999998413,0.209305417150207,0.0497550956050646,1.91747322798577,0.899705763251974,0.0649057803252923,-0.431644273970532,-0.028906990309675,0.995571738105086,0.0894499871305383,0.435538661294746,-0.0680011320992673,0.897597861266836,5.82405370077951,6.04517566477996
115.25,0.10915689152597,0.025948260918403,0.999999999998065,0.209305417151526,0.049755095623906,1.9174732279851,0.901957798961145,0.0640004270244569,-0.427055118496259,-0.0288099642191637,0.995671171574449,0.0883680035830559,0.43086206012465,-0.0674007673268757,0.89989722841494,5.82932911174009,6.04517566475451
115.3,0.109156891526621,0.0259482609281528,0.999999999997725,0.209305417152774,0.0497550956426011,1.91747322798445,0.90418561149719,0.0630981295052992,-0.422453554860633,-0.028707299443418,0.995769535525183,0.0872864426966052,0.426173991369862,-0.0667956448647238,0.902171863287138,5.83460452270065,6.04517566472907
115.35,0.109156891527234,0.0259482609378258,0.999999999997394,0.209305417153951,0.0497550956611488,1.91747322798381,0.906389138860315,0.0621989128786666,-0.417839711124695,-0.0285989988395884,0.99586682721983,0.0862053345709145,0.421474585498853,-0.0661857815533075,0.904421702580576,5.83987993366118,6.04517566470464
115.4,0.109156891527812,0.0259482609474214,0.99999999999707,0.209305417155057,0.0497550956795482,1.91747322798319,0.908568319726585,0.0613028021696634,-0.413213715691235,-0.0284850654216692,0.995963043950772,0.0851247092931097,0.416763973295597,-0.0655711943650588,0.906646683682462,5.8451553446217,6.04517566468022
115.45,0.109156891528353,0.0259482609569391,0.999999999996754,0.209305417156096,0.0497550956977981,1.91747322798259,0.910723093449622,0.0604098223169581,-0.408575697301227,-0.0283655023604159,0.996058183040307,0.0840445969368804,0.412042285855944,-0.0649519004038759,0.908846744671803,5.8504307555822,6.0451756646563
115.5,0.10915689152886,0.0259482609663783,0.999999999996446,0.209305417157067,0.0497550957158974,1.917473227982,0.912853400062298,0.0595199981720871,-0.403925785030242,-0.0282403129832561,0.996152241840726,0.0829650275616416,0.407309654583966,-0.0643279169046453,0.91102182432113,5.85570616654267,6.0451756646334
115.55,0.109156891529332,0.0259482609757384,0.999999999996146,0.209305417157973,0.0497550957338452,1.91747322798142,0.914959180278402,0.0586333544987636,-0.399264108284852,-0.028109500774197,0.99624521773438,0.0818860312116961,0.402566211188297,-0.0636992612327629,0.913171862098203,5.86098157750313,6.0451756646105
115.6,0.10915689152977,0.025948260985019,0.999999999995853,0.209305417158813,0.0497550957516404,1.91747322798086,0.917040375494286,0.0577499159721898,-0.394590796799043,-0.0279730693737293,0.996337108133761,0.0808076379154015,0.397812087678481,-0.0630659508836514,0.915296798167693,5.86625698846356,6.04517566458862
115.65,0.109156891530176,0.0259482609942193,0.999999999995568,0.20930541715959,0.0497550957692819,1.91747322798031,0.919096927790509,0.0568697071783667,-0.389905980630581,-0.0278310225787243,0.996427910481568,0.0797298776843297,0.393047416361271,-0.0624280034822711,0.917396573392852,5.87153239942398,6.04517566456826
115.7,0.109156891530549,0.025948261003339,0.99999999999529,0.209305417160305,0.0497550957867686,1.91747322797978,0.92112877993343,0.0559927526134148,-0.38520979015742,-0.0276833643423298,0.996517622250782,0.0786527805124371,0.388272329836985,-0.0617854367826328,0.919471129337153,5.87680781038438,6.04517566454689
115.75,0.10915689153089,0.0259482610123774,0.99999999999502,0.209305417160959,0.0497550958040995,1.91747322797926,0.923135875376817,0.0551190766828884,-0.380502356074051,-0.0275300987738594,0.996606240944733,0.0775763763752262,0.383486960995781,-0.061138268667301,0.921520408265919,5.88208322134476,6.04517566452653
115.8,0.109156891531199,0.025948261021334,0.999999999994757,0.209305417161553,0.0497550958212735,1.91747322797876,0.925118158263412,0.0542487037010972,-0.375783809387874,-0.0273712301386778,0.996693764097172,0.0765006952289115,0.378691443013976,-0.0604865171468967,0.923544353147931,5.88735863230512,6.0451756645077
115.85,0.109156891531479,0.0259482610302082,0.999999999994501,0.209305417162089,0.0497550958382896,1.91747322797827,0.927075573426488,0.053381657890432,-0.371054281415559,-0.0272067628580829,0.996780189272339,0.0754257670095889,0.373885909350342,-0.0598302003595979,0.925542907657013,5.89263404326546,6.04517566448836
115.9,0.109156891531728,0.0259482610389995,0.999999999994252,0.209305417162567,0.0497550958551467,1.91747322797779,0.929008066391386,0.0525179633806864,-0.366313903779372,-0.0270367015091817,0.99686551406503,0.0743516216323976,0.369070493742376,-0.0591693365706316,0.927516016173602,5.8979094542258,6.04517566446953
115.95,0.109156891531949,0.0259482610477074,0.99999999999401,0.20930541716299,0.0497550958718437,1.91747322797732,0.930915583377026,0.0516576442083899,-0.361562808403535,-0.0268610508247644,0.996949736100665,0.0732782889906932,0.3642453302026,-0.0585039441717695,0.929463623786292,5.90318486518611,6.04517566445223
116,0.10915689153214,0.0259482610563312,0.999999999993775,0.209305417163358,0.0497550958883796,1.91747322797687,0.932798071297409,0.0508007243161349,-0.356801127510535,-0.026679815693171,0.997032853035354,0.0722057989552107,0.35941055301481,-0.0578340416808124,0.931385676293366,5.90846027614641,6.04517566443544
116.05,0.109156891532304,0.0259482610648705,0.999999999993546,0.209305417163672,0.0497550959047535,1.91747322797644,0.934655477763093,0.0499472275519134,-0.35202899361746,-0.0264930011581566,0.997114862555961,0.0711341813732368,0.354566296730355,-0.0571596477410771,0.933282120204302,5.91373568710669,6.04517566441865
116.1,0.109156891532441,0.0259482610733252,0.999999999993324,0.209305417163933,0.0497550959209652,1.91747322797601,0.936487751082647,0.049097177668452,-0.347246539532301,-0.0263006124187504,0.99719576238017,0.0700634660677781,0.349712696164386,-0.0564807811208775,0.935152902741264,5.91901109806696,6.04517566440236
116.15,0.10915689153255,0.0259482610816953,0.999999999993109,0.209305417164143,0.0497550959370147,1.9174732279756,0.938294840264097,0.0482505983225502,-0.342453898350257,-0.026102654829111,0.997275550256546,0.0689936828367295,0.344849886392101,-0.0557974607130006,0.936997971840567,5.92428650902722,6.04517566438608
116.2,0.109156891532633,0.0259482610899808,0.9999999999929,0.209305417164303,0.0497550959529019,1.9174732279752,0.940076695016338,0.0474075130744233,-0.337651203450036,-0.0258991338983776,0.997354223964602,0.0679248614520475,0.339978002744991,-0.0551097055341827,0.938817276154131,5.92956191998746,6.04517566437183
116.25,0.109156891532691,0.0259482610981816,0.999999999992698,0.209305417164413,0.0497550959686267,1.91747322797481,0.941833265750537,0.0465679453870465,-0.332838588490137,-0.0256900552905167,0.997431781314857,0.0668570316589205,0.335097180807073,-0.054417534724579,0.940610765050906,5.93483733094769,6.04517566435656
116.3,0.109156891532723,0.0259482611062978,0.999999999992502,0.209305417164474,0.0497550959841893,1.91747322797443,0.943564503581514,0.045731918625501,-0.328016187405136,-0.0254754248241642,0.997508220148897,0.0657902231749405,0.330207556411114,-0.0537209675472313,0.942378388618282,5.94011274190791,6.0451756643413
116.35,0.10915689153273,0.0259482611143293,0.999999999992312,0.209305417164488,0.0497550959995895,1.91747322797407,0.945270360329099,0.0448994560563253,-0.323184134401956,-0.0252552484724639,0.997583538339437,0.0647244656892775,0.325309265634857,-0.0530200233875321,0.944120097663478,5.94538815286811,6.04517566432756
116.4,0.109156891532713,0.0259482611222761,0.999999999992128,0.209305417164456,0.0497550960148274,1.91747322797372,0.946950788519477,0.0440705808468656,-0.318342563956127,-0.0250295323629006,0.997657733790381,0.0636597888618506,0.32040244479722,-0.0523147217526842,0.945835843714914,5.9506635638283,6.04517566431483
116.45,0.109156891532673,0.0259482611301383,0.999999999991951,0.209305417164378,0.0497550960299028,1.91747322797338,0.948605741386505,0.0432453160646333,-0.313491610808055,-0.0247982827771304,0.997730804436877,0.0625962223225062,0.315487230454522,-0.0516050822711593,0.947525579023555,5.95593897478849,6.0451756643016
116.5,0.109156891532609,0.0259482611379157,0.999999999991779,0.209305417164256,0.0497550960448158,1.91747322797305,0.950235172873018,0.0424236846766615,-0.308631409959261,-0.0245615061508052,0.997802748245375,0.0615337956701904,0.310563759396666,-0.0508911246921503,0.949189256564242,5.96121438574865,6.04517566428837
116.55,0.109156891532522,0.0259482611456084,0.999999999991613,0.20930541716409,0.0497550960595663,1.91747322797273,0.951839037632106,0.0416057095488663,-0.30376209666863,-0.0243192090733941,0.997873563213688,0.0604725384721265,0.305632168643341,-0.0501728688850224,0.950826830037003,5.96648979670881,6.04517566427667
116.6,0.109156891532414,0.0259482611532163,0.999999999991453,0.209305417163882,0.0497550960741543,1.91747322797242,0.953417291028379,0.0407914134454111,-0.298883806448649,-0.0240713982879997,0.997943247371042,0.0594124802629929,0.300692595440207,-0.0494503348387609,0.952438253868337,5.97176520766896,6.04517566426496
116.65,0.109156891532283,0.0259482611607395,0.999999999991299,0.209305417163632,0.0497550960885798,1.91747322797213,0.954969889139211,0.0399808190280708,-0.293996675061621,-0.0238180806911701,0.998011798778134,0.058353650544098,0.295745177255069,-0.0487235426614121,0.954023483212488,5.9770406186291,6.04517566425326
116.7,0.109156891532132,0.0259482611681779,0.99999999999115,0.209305417163342,0.0497550961028427,1.91747322797184,0.956496788755956,0.039173948855605,-0.289100838515912,-0.0235592633327081,0.998079215527186,0.0572960787825644,0.290790051774068,-0.047992512579528,0.955582473952688,5.98231602958923,6.04517566424257
116.75,0.10915689153196,0.0259482611755315,0.999999999991006,0.209305417163012,0.049755096116943,1.91747322797157,0.957997947385157,0.0383708253831262,-0.284196433062141,-0.0232949534154738,0.998145495741996,0.0562397944105036,0.285827356897827,-0.0472572649375993,0.957115182702385,5.98759144054935,6.04517566423239
116.8,0.109156891531768,0.0259482611828003,0.999999999990868,0.209305417162644,0.0497550961308808,1.9174732279713,0.959473323249725,0.0375714709614772,-0.279283595189404,-0.0230251582951848,0.998210637577994,0.0551848268242001,0.280857230737629,-0.0465178201974915,0.958621566806456,5.99286685150946,6.04517566422222
116.85,0.109156891531557,0.0259482611899842,0.999999999990736,0.209305417162239,0.0497550961446559,1.91747322797105,0.960922875290103,0.0367759078366092,-0.274362461621472,-0.0227498854802114,0.998274639222288,0.054131205383293,0.275879811611574,-0.0457741989378757,0.960101584342385,5.99814226246956,6.04517566421306
116.9,0.109156891531326,0.0259482611970834,0.999999999990608,0.209305417161797,0.0497550961582683,1.9174732279708,0.96234656316541,0.0359841581489604,-0.269433169312975,-0.0224691426313674,0.99833749889372,0.0530789594099566,0.270895238040714,-0.0450264218536534,0.961555194121441,6.00341767342965,6.04517566420339
116.95,0.109156891531078,0.0259482612040977,0.999999999990486,0.20930541716132,0.049755096171718,1.91747322797057,0.963744347254558,0.0351962439328431,-0.264495855445611,-0.0221829375616972,0.99839921484291,0.0520281181880877,0.265903648745217,-0.0442745097553839,0.962982355689813,6.00869308438974,6.04517566419524
117,0.109156891530811,0.0259482612110271,0.999999999990369,0.209305417160808,0.049755096185005,1.91747322797034,0.965116188657362,0.0344121871158278,-0.259550657424311,-0.0218912782362581,0.998459785352312,0.0509787109624882,0.260905182640494,-0.0435184835687026,0.964383029329743,6.01396849534982,6.0451756641871
117.05,0.109156891530526,0.0259482612178717,0.999999999990257,0.209305417160263,0.0497550961981293,1.91747322797013,0.966462049195619,0.0336320095181343,-0.254597712873421,-0.021594172771899,0.998519208736254,0.0499307669380522,0.255899978833337,-0.0427583643337398,0.965757176060629,6.01924390630989,6.04517566417896
117.1,0.109156891530225,0.0259482612246318,0.999999999990149,0.209305417159685,0.0497550962110915,1.91747322796992,0.967781891414169,0.0328557328520245,-0.249637159632877,-0.0212916294370341,0.998577483340989,0.0488843152789534,0.250888176618051,-0.0419941732045351,0.967104757640111,6.02451931726995,6.04517566417133
117.15,0.109156891529907,0.0259482612313076,0.999999999990047,0.209305417159076,0.0497550962238922,1.91747322796972,0.96907567858194,0.032083378721197,-0.244669135754359,-0.020983656651413,0.998634607544742,0.0478393851078325,0.245869915472569,-0.0412259314484481,0.968425736565133,6.02979472823001,6.0451756641642
117.2,0.109156891529573,0.0259482612378995,0.999999999989949,0.209305417158435,0.0497550962365321,1.91747322796954,0.97034337469297,0.0313149686201873,-0.239693779497456,-0.0206702629858865,0.99869057975775,0.046796005504988,0.240845335054579,-0.0404536604455674,0.969720076072988,6.03507013919006,6.04517566415759
117.25,0.109156891529223,0.0259482612444079,0.999999999989856,0.209305417157764,0.0497550962490117,1.91747322796936,0.971584944467408,0.0305505239337687,-0.234711229325816,-0.0203514571621676,0.998745398422315,0.0457542055075658,0.235814575197633,-0.0396773816881146,0.970987740142344,6.04034555015011,6.04517566415097
117.3,0.109156891528858,0.025948261250833,0.999999999989767,0.209305417157064,0.0497550962613317,1.91747322796919,0.972800353352496,0.0297900659363573,-0.229721623903292,-0.0200272480525894,0.998799062012837,0.0447140141087513,0.230777775907253,-0.0388971167798469,0.97222869349424,6.04562096111015,6.04517566414486
117.35,0.109156891528478,0.0259482612571752,0.999999999989683,0.209305417156335,0.0497550962734928,1.91747322796903,0.973989567523531,0.0290336157914208,-0.22472510209009,-0.0196976446798581,0.998851569035864,0.0436754602569644,0.225735077357046,-0.0381128874354564,0.973442901593073,6.05089637207019,6.04517566413876
117.4,0.109156891528083,0.0259482612634349,0.999999999989603,0.209305417155578,0.0497550962854955,1.91747322796887,0.975152553884806,0.0282811945508873,-0.219721802938886,-0.0193626562168007,0.998902918030133,0.0426385728550492,0.220686619884781,-0.0373247154799633,0.974630330647559,6.05617178303022,6.04517566413367
117.45,0.109156891527674,0.0259482612696123,0.999999999989528,0.209305417154794,0.0497550962973405,1.91747322796873,0.976289280070532,0.0275328231545624,-0.214711865690982,-0.0190222919861118,0.998953107566605,0.0416033807594757,0.215632543988512,-0.0365326228481121,0.975790947611669,6.06144719399024,6.04517566412756
117.5,0.109156891527251,0.0259482612757078,0.999999999989457,0.209305417153983,0.0497550963090284,1.91747322796859,0.977399714445736,0.0267885224295445,-0.209695429772411,-0.0186765614600927,0.999002136248511,0.0405699127795325,0.210572990322647,-0.0357366315837585,0.976924720185555,6.06672260495026,6.04517566412247
117.55,0.109156891526815,0.0259482612817217,0.99999999998939,0.209305417153147,0.0497550963205599,1.91747322796847,0.978483826107146,0.0260483130896449,-0.204672634790059,-0.0183254742603877,0.999050002711388,0.0395381976765253,0.205508099694033,-0.0349367638392561,0.978031616816444,6.07199801591028,6.0451756641184
117.6,0.109156891526366,0.0259482612876543,0.999999999989328,0.209305417152286,0.0497550963319356,1.91747322796835,0.979541584884046,0.0253122157348136,-0.199643620527796,-0.0179690401577177,0.999096705623117,0.0385082641629796,0.200438013058059,-0.0341330418748424,0.979111606699516,6.07727342687029,6.04517566411433
117.65,0.109156891525905,0.025948261293506,0.999999999989269,0.209305417151401,0.0497550963431561,1.91747322796823,0.980572961339119,0.0245802508505625,-0.19460852694256,-0.0176072690716062,0.99914224368396,0.0374801409018368,0.195362871514702,-0.033325488058015,0.980164659778767,6.08254883783031,6.04517566410975
117.7,0.109156891525431,0.0259482612992771,0.999999999989214,0.209305417150492,0.0497550963542221,1.91747322796813,0.981577926769267,0.0238524388073992,-0.189567494160489,-0.0172401710701053,0.9991866156266,0.0364538565056615,0.190282816304629,-0.0325141248629136,0.981190746747837,6.08782424879031,6.04517566410619
117.75,0.109156891524945,0.025948261304968,0.999999999989163,0.209305417149561,0.0497550963651341,1.91747322796803,0.982556453206405,0.0231287998602569,-0.184520662472999,-0.0168677563695142,0.999229820216168,0.0354294395358416,0.185197988805248,-0.0316989748696914,0.982189839050833,6.09309965975031,6.04517566410314
117.8,0.109156891524449,0.0259482613105789,0.999999999989116,0.209305417148609,0.0497550963758928,1.91747322796794,0.983508513418244,0.0224093541479323,-0.17946817233289,-0.0164900353340954,0.999271856250285,0.0344069185017948,0.180108530526779,-0.030880060763888,0.983161908883121,6.09837507071032,6.04517566409957
117.85,0.109156891523941,0.0259482613161102,0.999999999989073,0.209305417147635,0.049755096386499,1.91747322796786,0.984434080909047,0.0216941216925253,-0.174410164350444,-0.0161070184757862,0.999312722559094,0.033386321860176,0.175014583108322,-0.0300574053357985,0.984106929192097,6.10365048167031,6.04517566409652
117.9,0.109156891523422,0.0259482613215622,0.999999999989033,0.209305417146641,0.049755096396953,1.91747322796778,0.985333129920368,0.0209831223988805,-0.169346779289493,-0.0157187164539058,0.999352418005289,0.0323676780140831,0.1699162883139,-0.0292310314798375,0.985024873677945,6.10892589263031,6.04517566409448
117.95,0.109156891522894,0.0259482613269352,0.999999999988997,0.209305417145628,0.0497550964072557,1.91747322796771,0.986205635431766,0.0202763760540346,-0.16427815806352,-0.0153251400748594,0.99939094148415,0.0313510153122691,0.16481378802853,-0.028400962193904,0.985915716794365,6.1142013035903,6.04517566409296
118,0.109156891522356,0.0259482613322297,0.999999999988965,0.209305417144596,0.0497550964174077,1.91747322796765,0.987051573161502,0.019573902326665,-0.159204441731726,-0.0149263002918367,0.999428291923572,0.030336362048351,0.159707224254265,-0.0275672205787398,0.986779433749286,6.11947671455029,6.04517566409041
118.05,0.109156891521808,0.0259482613374459,0.999999999988936,0.209305417143546,0.0497550964274095,1.91747322796759,0.987870919567218,0.0188757207665426,-0.154125771495111,-0.0145222082045074,0.999464468284097,0.0293237464600242,0.154596739106246,-0.0267298298372877,0.987616000505553,6.12475212551028,6.04517566408889
118.1,0.109156891521252,0.0259482613425843,0.99999999998891,0.209305417142479,0.0497550964372623,1.91747322796755,0.988663651846587,0.018181850803988,-0.149042288692543,-0.0141128750587126,0.99949946955894,0.0283131967282757,0.149482474808745,-0.0258888132740454,0.988425393781602,6.13002753647027,6.04517566408787
118.15,0.109156891520687,0.0259482613476454,0.999999999988887,0.209305417141395,0.0497550964469669,1.9174732279675,0.989429747937955,0.0174923117493296,-0.143954134796815,-0.0136983122461508,0.99953329477402,0.0273047409765985,0.144364573691201,-0.0250441942944158,0.989207591052101,6.13530294743026,6.04517566408685
118.2,0.109156891520113,0.0259482613526298,0.999999999988868,0.209305417140295,0.0497550964565244,1.91747322796747,0.990169186520944,0.0168071227923684,-0.138861451410727,-0.0132785313040624,0.999565942987984,0.0262984072702127,0.139243178184277,-0.0241959964040581,0.989962570548582,6.14057835839025,6.04517566408532
118.25,0.109156891519531,0.0259482613575381,0.999999999988852,0.20930541713918,0.0497550964659358,1.91747322796743,0.990881947017057,0.0161263030018418,-0.133764380263128,-0.0128535439149076,0.999597413292235,0.0252942236152806,0.134118430815878,-0.0233442432082315,0.990690311260043,6.14585376935023,6.04517566408482
118.3,0.109156891518941,0.0259482613623706,0.999999999988839,0.209305417138049,0.0497550964752021,1.91747322796741,0.991568009590243,0.0154498713248934,-0.128663063204976,-0.0124233619060408,0.999627704810959,0.0242922179581284,0.128990474207187,-0.0224889584111385,0.991390792933537,6.15112918031022,6.04517566408482
118.35,0.109156891518344,0.025948261367128,0.999999999988829,0.209305417136904,0.0497550964843243,1.91747322796739,0.992227355147451,0.0147778465865475,-0.123557642205401,-0.0119879972493833,0.999656816701146,0.0232924181844709,0.12385945106871,-0.0216301658152673,0.99206399607473,6.15640459127021,6.04517566408431
118.4,0.10915689151774,0.0259482613718108,0.999999999988822,0.209305417135745,0.0497550964933034,1.91747322796738,0.992859965339164,0.014110247489182,-0.118448259347734,-0.0115474620610878,0.999684748152614,0.0222948521186307,0.118725504196284,-0.0207678893207257,0.99270990194845,6.16168000223019,6.04517566408329
118.45,0.109156891517128,0.0259482613764194,0.999999999988819,0.209305417134573,0.0497550965021403,1.91747322796737,0.993465822559905,0.013447092612011,-0.113335056825574,-0.0111017686012033,0.999711498388035,0.0212995475227689,0.11358877646712,-0.0199021529245796,0.993328492579202,6.16695541319018,6.04517566408431
118.5,0.10915689151651,0.0259482613809545,0.999999999988818,0.209305417133387,0.0497550965108362,1.91747322796737,0.99404490994873,0.0127884004105654,-0.108218176938812,-0.0106509292733321,0.999737066662952,0.0203065320961083,0.108449410835816,-0.0190329807201827,0.993919750751674,6.17223082415016,6.04517566408482
118.55,0.109156891515886,0.0259482613854165,0.999999999988819,0.20930541713219,0.049755096519392,1.91747322796737,0.994597211389698,0.0121341892161812,-0.103097762089687,-0.0101949566242861,0.999761452265803,0.0193158334741655,0.103307550330384,-0.0181603968965074,0.994483660011212,6.17750623511015,6.04517566408431
118.6,0.109156891515255,0.025948261389806,0.999999999988824,0.209305417130981,0.0497550965278086,1.91747322796738,0.995122711512317,0.0114844772354884,-0.097973954778816,-0.00973386334373707,0.999784654517938,0.0183274792279809,0.0981633380482723,-0.0172844257374715,0.99502020466428,6.18278164607013,6.04517566408532
118.65,0.109156891514619,0.0259482613941234,0.999999999988831,0.209305417129761,0.0497550965360872,1.91747322796739,0.995621395691973,0.0108392825499031,-0.0928468976012183,-0.00926766226386266,0.999806672773642,0.0173414968633496,0.0930169171523693,-0.0164050916212605,0.995529369778897,6.18805705703012,6.04517566408685
118.7,0.109156891513978,0.0259482613983694,0.99999999998884,0.209305417128531,0.0497550965442287,1.91747322796741,0.996093250050337,0.0101986231151271,-0.087716733242367,-0.00879636635899088,0.999827506420149,0.0163579138200591,0.0878684308670378,-0.0155224190196522,0.996011141185049,6.19333246799011,6.04517566408787
118.75,0.109156891513331,0.0259482614025443,0.999999999988853,0.20930541712729,0.0497550965522341,1.91747322796744,0.996538261455751,0.00956251676064581,-0.0825836044742032,-0.00831998874523777,0.999847154877661,0.0153767574711233,0.0827180224741161,-0.0146364324973334,0.996465505475088,6.1986078789501,6.0451756640894
118.8,0.109156891512679,0.0259482614066489,0.999999999988868,0.209305417126041,0.0497550965601045,1.91747322796746,0.996956417523594,0.00893098118923288,-0.0774476541511661,-0.00783854268014273,0.999865617599363,0.0143980551220213,0.0775658353089338,-0.0137471567112167,0.996892450004104,6.20388328991009,6.04517566409092
118.85,0.109156891512022,0.0259482614106835,0.999999999988885,0.209305417124782,0.0497550965678407,1.9174732279675,0.997347706616626,0.00830403397645828,-0.0723090252062247,-0.00735204156230021,0.999882894071439,0.0134218340099388,0.0724120127563295,-0.0128546164097559,0.997291962890274,6.20915870087008,6.04517566409194
118.9,0.109156891511362,0.0259482614146487,0.999999999988904,0.209305417123515,0.0497550965754439,1.91747322796753,0.997712117845312,0.00768169257019706,-0.0671678606468826,-0.00686049893098518,0.999898983813087,0.0124481213030066,0.0672566982466431,-0.0119588364322536,0.997664033015196,6.21443411183007,6.04517566409499
118.95,0.109156891510697,0.025948261418545,0.999999999988926,0.209305417122241,0.049755096582915,1.91747322796758,0.998049641068126,0.0070639742901465,-0.0620243035512204,-0.00636392846577851,0.999913886376531,0.0114769440995493,0.0621000352517471,-0.0110598417081745,0.998008650024198,6.21970952279007,6.04517566409652
119,0.109156891510029,0.025948261422373,0.99999999998895,0.209305417120959,0.049755096590255,1.91747322796762,0.99836026689183,0.0064508963273424,-0.0568784970638992,-0.00586234398618477,0.999927601347035,0.0105083294273279,0.0569421672810384,-0.0101576572564486,0.998325804326623,6.22498493375007,6.04517566409856
119.05,0.109156891509357,0.0259482614261331,0.999999999988976,0.209305417119671,0.049755096597465,1.91747322796767,0.998643986671741,0.00584247574368023,-0.0517305843921747,-0.00535575945124749,0.999940128342912,0.00954230424278716,0.0517832378774423,-0.0092523081847747,0.998615487096101,6.23026034471007,6.04517566410161
119.1,0.109156891508682,0.025948261429826,0.999999999989005,0.209305417118377,0.049755096604546,1.91747322796773,0.998900792511967,0.00523872947144252,-0.0465807088019293,-0.00484418895916241,0.999951467015537,0.00857889543030908,0.0466233906134359,-0.00834381968892477,0.998877690270789,6.23553575567007,6.04517566410466
119.15,0.109156891508004,0.0259482614334523,0.999999999989035,0.209305417117077,0.0497550966114994,1.91747322796779,0.999130677265627,0.00463967431282449,-0.0414290136136586,-0.00432764674688246,0.999961617049356,0.00761812980145951,0.0414627690870254,-0.00743221705203801,0.999112406553601,6.24081116663007,6.04517566410721
119.2,0.109156891507323,0.0259482614370126,0.999999999989068,0.209305417115772,0.0497550966183261,1.91747322796785,0.999333634535053,0.00404532693946969,-0.0362756421985104,-0.00380614718972433,0.999970578161894,0.00666003409424721,0.0363015169177777,-0.00651752564392213,0.999319629412406,6.24608657759008,6.04517566411026
119.25,0.10915689150664,0.0259482614405074,0.999999999989102,0.209305417114461,0.0497550966250274,1.91747322796791,0.999509658671965,0.00345570389200364,-0.0311207379742748,-0.00327970480096642,0.999978350103766,0.00570463497237599,0.0311397777428035,-0.00559977092034382,0.999499353080215,6.25136198855009,6.04517566411331
119.3,0.109156891505954,0.0259482614439375,0.999999999989139,0.209305417113146,0.0497550966316044,1.91747322796798,0.999658744777629,0.00287082157957439,-0.0259644444013999,-0.00274833423144561,0.999984932658678,0.00475195902450396,0.0259776952127667,-0.00467897842232153,0.999651572555336,6.2566373995101,6.04517566411586
119.35,0.109156891505266,0.0259482614473033,0.999999999989177,0.209305417111827,0.0497550966380583,1.91747322796806,0.999780888702995,0.00229069627939663,-0.0208069049790061,-0.00221205026915024,0.999990325643439,0.00380203276350491,0.0208154129878939,-0.00375517377541584,0.999776283601516,6.26191281047012,6.04517566411891
119.4,0.109156891504576,0.0259482614506056,0.999999999989217,0.209305417110504,0.0497550966443903,1.91747322796813,0.999876087048809,0.00171534413629658,-0.0156482632408743,-0.00167086783880672,0.999994528907963,0.00285488262572699,0.0156530747339578,-0.00282838268901318,0.999873482748061,6.26718822143013,6.04517566412298
119.45,0.109156891503885,0.0259482614538448,0.999999999989259,0.209305417109178,0.0497550966506014,1.91747322796821,0.999944337165713,0.00114478116226501,-0.0104886627514716,-0.00112480200146619,0.999997542335272,0.00191053497026077,0.0104908241182989,-0.00189863095561377,0.999943167289928,6.27246363239015,6.04517566412705
119.5,0.109156891503191,0.0259482614570217,0.999999999989303,0.209305417107848,0.049755096656693,1.9174732279683,0.999985637154311,0.00057902323601021,-0.00532824710194328,-0.000573867954084157,0.999999365841505,0.000969016078203377,0.00532880480581547,-0.000965944450111731,0.999985335287804,6.27773904335018,6.04517566413061
119.55,0.109156891502497,0.0259482614601367,0.999999999989348,0.209305417106516,0.049755096662666,1.91747322796839,0.999999985865229,1.80861025165791e-05,-0.000167159906121671,-1.80810290979854e-05,0.999999999375912,3.03521519279058e-05,0.000167160454969481,-3.03491290757521e-05,0.999999985568156,6.28301445431021,6.04517566413418
119.6,0.109156891501801,0.0259482614631906,0.999999999989395,0.209305417105182,0.0497550966685218,1.91747322796848,0.999987382899145,-0.000538014627393389,0.00499445520346946,0.000542543305999559,0.999999442920862,-0.000905430685645496,-0.00499396528620969,0.000908128969972965,0.999987117723271,6.28828986527024,6.04517566413774
119.65,0.109156891501104,0.0259482614661839,0.999999999989443,0.209305417103846,0.0497550966742614,1.91747322796857,0.999947828606797,-0.00108926347749467,0.0101564545796232,0.0011079894490921,0.999997696491842,-0.00183830639177861,-0.0101544287841342,0.00184946372928742,0.999946732111257,6.29356527623027,6.04517566414232
119.7,0.109156891500406,0.0259482614691173,0.999999999989494,0.209305417102508,0.049755096679886,1.91747322796866,0.999881324088978,-0.00163564510658843,0.0153186945644272,0.00167824166387157,0.999994760137455,-0.00276824900463639,-0.015314086423635,0.00279362895161797,0.999878829856043,6.29884068719031,6.04517566414588
119.75,0.109156891499708,0.0259482614719913,0.999999999989545,0.209305417101169,0.0497550966853967,1.91747322796876,0.9997878711965,-0.00217714430893067,0.0204810314932791,0.00225328408027808,0.999990633939419,-0.00369523264401254,-0.0204727946119763,0.00374059836094459,0.999783412847342,6.30411609815035,6.04517566414995
119.8,0.109156891499009,0.0259482614748065,0.999999999989598,0.20930541709983,0.0497550966907948,1.91747322796886,0.999667472530149,-0.00271374601465514,0.0256433216988812,0.00283310069494125,0.999985318012565,-0.00461923151204916,-0.0256304097828477,0.0046903456032075,0.999660483740598,6.3093915091104,6.04517566415453
119.85,0.109156891498311,0.0259482614775635,0.999999999989652,0.20930541709849,0.0497550966960814,1.91747322796897,0.999520131440606,-0.00324543529019138,0.0308054215152267,0.00341767537162416,0.999978812504835,-0.00554021989395252,-0.030786788400348,0.00564284424703837,0.999510045956916,6.31466692007044,6.04517566415962
119.9,0.109156891497612,0.025948261480263,0.999999999989708,0.20930541709715,0.0497550967012576,1.91747322796908,0.999345852028359,-0.00377219733868291,0.0359671872816217,0.00400699184167522,0.999971117597278,-0.00645817215871305,-0.035941786963004,0.00659806778450038,0.999332103682963,6.3199423310305,6.04517566416369
119.95,0.109156891496913,0.0259482614829056,0.999999999989765,0.209305417095811,0.0497550967063246,1.91747322796919,0.999144639143586,-0.00429401750039565,0.041128475346652,0.00460103370447723,0.999962233504041,-0.00737306275981288,-0.0410952620077318,0.00755598963181997,0.999126661870856,6.32521774199055,6.04517566416827
120,0.109156891496215,0.0259482614854918,0.999999999989824,0.209305417094472,0.0497550967112836,1.9174732279693,0.99891649838602,-0.00481088125312929,0.0462891420722121,0.00519978442790743,0.999952160472368,-0.00828486623594261,-0.0462470701138616,0.00851658313013263,0.998893726238017,6.33049315295062,6.04517566417387
120.05,0.109156891495518,0.0259482614880222,0.999999999989883,0.209305417093135,0.0497550967161357,1.91747322796941,0.998661436104794,-0.00532277421261904,0.0514490438374815,0.0058032273487953,0.99994089878259,-0.00919355721170588,-0.0513970679071074,0.00947982154622083,0.998633303267022,6.33576856391068,6.04517566417845
120.1,0.109156891494821,0.0259482614904976,0.999999999989944,0.209305417091799,0.0497550967208821,1.91747322796953,0.998379459398267,-0.00582968213293664,0.0566080370429261,0.0064113456733865,0.999928448748119,-0.0100991103983265,-0.0565451120635615,0.0104456780732587,0.998345400205414,6.34104397487075,6.04517566418405
120.15,0.109156891494126,0.0259482614929184,0.999999999990006,0.209305417090465,0.049755096725524,1.91747322796965,0.998070576113819,-0.00633159090688766,0.0617659781143045,0.00702412247781169,0.999914810715437,-0.0110015005943541,-0.0616910593136933,0.0114141258315602,0.998030025065507,6.34631938583083,6.04517566418914
120.2,0.109156891493431,0.0259482614952853,0.999999999990068,0.209305417089133,0.0497550967300624,1.91747322796977,0.997734794847641,-0.00682848656640281,0.06692272350665,0.00764154070855577,0.999899985064091,-0.0119007026863626,-0.0668347664463231,0.0123851378693243,0.997687186624156,6.35159479679091,6.04517566419423
120.25,0.109156891492737,0.0259482614975989,0.999999999990132,0.209305417087803,0.0497550967344987,1.91747322796989,0.997372124944491,-0.00732035528292732,0.0720781297082724,0.00826358318293336,0.999883972206677,-0.0127966916496511,-0.071976090312614,0.0133586871633865,0.997316894422521,6.35687020775099,6.04517566419932
120.3,0.109156891492045,0.0259482614998598,0.999999999990198,0.209305417086476,0.0497550967388339,1.91747322797001,0.996982576497433,-0.00780718336780609,0.0772320532447546,0.00889023258956725,0.99986677258883,-0.0136894425489401,-0.0771148878300588,0.0143347466199716,0.996919158765794,6.36214561871108,6.04517566420491
120.35,0.109156891491354,0.0259482615020686,0.999999999990263,0.209305417085151,0.0497550967430693,1.91747322797014,0.996566160347562,-0.0082889572726636,0.082384350682935,0.00952147148886894,0.999848386689214,-0.0145789305390639,-0.0822510159864516,0.0153132890754452,0.996493990722919,6.36742102967117,6.04517566420949
120.4,0.109156891490665,0.0259482615042259,0.99999999999033,0.209305417083829,0.0497550967472059,1.91747322797027,0.996122888083695,-0.00876566358978261,0.0875348786349164,0.0101572823135261,0.999828815019507,-0.015465130865665,-0.0873843318438844,0.0162942872970736,0.996041402126276,6.37269644063127,6.04517566421509
120.45,0.109156891489977,0.0259482615063324,0.999999999990398,0.20930541708251,0.049755096751245,1.9174732279704,0.995652772042053,-0.00923728905247528,0.092683493762035,0.0107976473689888,0.999808058124386,-0.0163480188658795,-0.0925146925427044,0.017277713983777,0.995561405571361,6.37797185159137,6.04517566422018
120.5,0.109156891489291,0.0259482615083886,0.999999999990467,0.209305417081195,0.0497550967551877,1.91747322797053,0.995155825305917,-0.00970382053545405,0.0978300527788678,0.0114425488339643,0.999786116581514,-0.0172275699690262,-0.0976419553055074,0.0182635417668931,0.995054014416427,6.38324726255148,6.04517566422578
120.55,0.109156891488607,0.0259482615103952,0.999999999990536,0.209305417079883,0.0497550967590352,1.91747322797066,0.994632061705262,-0.0101652450551964,0.102974412457214,0.012091968760912,0.999762991001521,-0.0181037596972894,-0.102765977441105,0.0192517432109375,0.994519242782116,6.38852267351159,6.04517566423188
120.6,0.109156891487925,0.0259482615123527,0.999999999990607,0.209305417078575,0.0497550967627887,1.9174732279708,0.994081495816376,-0.0106215497703052,0.108116429630072,0.012745889076542,0.999738682027991,-0.0189765636663992,-0.107886616348488,0.0202422908143655,0.99395710555107,6.3937980844717,6.04517566423799
120.65,0.109156891487245,0.0259482615142618,0.999999999990678,0.209305417077272,0.0497550967664493,1.91747322797094,0.993504142961449,-0.0110727219818684,0.113255961195644,0.0134042915823208,0.999713190337438,-0.0198459575863127,-0.113003729520813,0.0212351570103413,0.993367618367507,6.39907349543183,6.04517566424308
120.7,0.109156891486567,0.025948261516123,0.99999999999075,0.209305417075972,0.0497550967700182,1.91747322797107,0.992900019208152,-0.0115187491338094,0.118392864121293,0.0140671579549739,0.999686516639295,-0.0207119172618862,-0.118117174549345,0.0222303141675005,0.992750797636796,6.40434890639195,6.04517566424817
120.75,0.109156891485892,0.025948261517937,0.999999999990822,0.209305417074678,0.0497550967734966,1.91747322797121,0.992269141369187,-0.0119596188132391,0.123526995447547,0.0147344697469996,0.999658661675887,-0.0215744185935524,-0.123226809127442,0.0232277345907233,0.992106660524992,6.40962431735208,6.04517566425478
120.8,0.109156891485219,0.0259482615197045,0.999999999990895,0.209305417073388,0.0497550967768855,1.91747322797135,0.991611527001817,-0.0123953187508003,0.128658212292067,0.0154062083871801,0.999629626222415,-0.022433437577989,-0.128332491054508,0.0242273905219032,0.991435224958365,6.41489972831222,6.04517566426038
120.85,0.109156891484549,0.0259482615214259,0.999999999990969,0.209305417072103,0.0497550967801863,1.91747322797149,0.990927194407383,-0.0128258368210083,0.133786371853613,0.016082355181098,0.999599411086933,-0.0232889503087856,-0.133434078239936,0.0252292541407182,0.990736509622897,6.42017513927236,6.04517566426649
120.9,0.109156891483882,0.0259482615231019,0.999999999991044,0.209305417070824,0.0497550967834,1.91747322797164,0.990216162630789,-0.0132511610425905,0.138911331416043,0.0167628913116591,0.999568017110326,-0.024140932977113,-0.138531428707091,0.0262332975654089,0.990010533963764,6.42545055023251,6.0451756642726
120.95,0.109156891483218,0.0259482615247331,0.999999999991119,0.20930541706955,0.0497550967865279,1.91747322797178,0.989478451459976,-0.0136712795788176,0.144032948352261,0.0174477978396129,0.999535445166283,-0.0249893618723812,-0.143624400597236,0.0272394928535503,0.989257318184792,6.43072596119266,6.0451756642787
121,0.109156891482557,0.0259482615263202,0.999999999991194,0.209305417068282,0.0497550967895711,1.91747322797193,0.988714081425369,-0.0140861807378344,0.1491510801282,0.0181370557040819,0.999501696161279,-0.0258342133829022,-0.148712852173492,0.0282478120028323,0.988476883247898,6.43600137215282,6.04517566428481
121.05,0.109156891481899,0.0259482615278637,0.99999999999127,0.20930541706702,0.0497550967925307,1.91747322797207,0.987923073799307,-0.0144958529729848,0.154265584306785,0.0188306457230916,0.999466771034545,-0.0266754639965462,-0.15379664182478,0.0292582269518375,0.987669250872505,6.44127678311298,6.04517566429041
121.1,0.109156891481244,0.0259482615293642,0.999999999991346,0.209305417065765,0.0497550967954078,1.91747322797222,0.987105450595451,-0.0149002848831325,0.159376318551891,0.019528548594103,0.999430670758045,-0.0275130903013954,-0.158875628069758,0.0302707095808221,0.986834443534939,6.44655219407315,6.04517566429651
121.15,0.109156891480592,0.0259482615308222,0.999999999991423,0.209305417064515,0.0497550967982036,1.91747322797236,0.986261234568167,-0.01529946521298,0.16448314063232,0.0202307448945526,0.999393396336444,-0.0283470689863976,-0.163949669560771,0.0312852317125008,0.985972484467801,6.45182760503333,6.04517566430313
121.2,0.109156891479944,0.0259482615322384,0.999999999991501,0.209305417063273,0.0497550968009191,1.91747322797251,0.985390449211902,-0.0156933828533798,0.169585908425738,0.0209372150823895,0.999354948807086,-0.0291773768420117,-0.169018625087768,0.032301765112827,0.985083397659323,6.45710301599351,6.04517566430924
121.25,0.109156891479299,0.0259482615336133,0.999999999991578,0.209305417062036,0.0497550968035553,1.91747322797266,0.984493118760521,-0.0160820268416448,0.17468447992265,0.0216479394966219,0.999315329239962,-0.0300039907608564,-0.174082353582242,0.0333202814917818,0.984167207852698,6.46237842695369,6.04517566431483
121.3,0.109156891478658,0.0259482615349474,0.999999999991656,0.209305417060807,0.0497550968061134,1.91747322797281,0.983569268186638,-0.0164653863618532,0.179778713230339,0.0223628983578632,0.99927453873768,-0.0308268877383522,-0.179140714121155,0.0343407525041603,0.983223940545393,6.46765383791388,6.04517566432196
121.35,0.109156891478021,0.0259482615362413,0.999999999991735,0.209305417059584,0.0497550968085944,1.91747322797296,0.982618923200918,-0.0168434507451492,0.184868466576819,0.0230820717688821,0.999232578435436,-0.0316460448733613,-0.184193565930857,0.0353631497503595,0.98225362198844,6.47292924887407,6.04517566432806
121.4,0.109156891477387,0.0259482615374955,0.999999999991813,0.209305417058369,0.0497550968109995,1.91747322797311,0.981642110251363,-0.0172162094700404,0.189953598314787,0.0238054397151578,0.99918944950098,-0.0324614393688262,-0.18924076839101,0.0363874447771712,0.981256279185702,6.47820465983428,6.04517566433366
121.45,0.109156891476756,0.0259482615387107,0.999999999991892,0.20930541705716,0.0497550968133296,1.91747322797326,0.980638856522576,-0.01758365216269,0.19503396692555,0.0245329820654348,0.999145153134587,-0.033273048532402,-0.194282181038488,0.03741360907857,0.980231939893128,6.48348007079448,6.04517566434028
121.5,0.10915689147613,0.0259482615398875,0.999999999991972,0.209305417055959,0.0497550968155859,1.91747322797342,0.979609189935004,-0.017945768597206,0.200109431022978,0.0252646785722854,0.999099690569019,-0.0340808497770902,-0.199317663571304,0.0384416140965104,0.979180632617972,6.48875548175469,6.04517566434638
121.55,0.109156891475507,0.0259482615410262,0.999999999992051,0.209305417054765,0.0497550968177694,1.91747322797357,0.978553139144163,-0.0183025486959256,0.205179849357432,0.0260005088726718,0.999053063069496,-0.0348848206218661,-0.2043470758525,0.0394714312217194,0.978102386618007,6.49403089271491,6.04517566435249
121.6,0.109156891474889,0.0259482615421276,0.999999999992131,0.209305417053579,0.0497550968198813,1.91747322797372,0.977470733539834,-0.0186539825296955,0.210245080819695,0.0267404524885125,0.999005271933655,-0.0356849386923039,-0.209370277914053,0.0405030317944929,0.976997231900708,6.49930630367513,6.04517566435961
121.65,0.109156891474274,0.0259482615431922,0.99999999999221,0.2093054170524,0.0497550968219226,1.91747322797387,0.976362003245255,-0.0190000603181489,0.215304984444902,0.0274844888272542,0.998956318491519,-0.0364811817212014,-0.214387129960772,0.0415363871054944,0.975865199222416,6.50458171463536,6.04517566436521
121.7,0.109156891473663,0.0259482615442205,0.99999999999229,0.209305417051229,0.0497550968238944,1.91747322797403,0.975226979116274,-0.0193407724299764,0.220359419416458,0.0282325971824422,0.998906204105457,-0.0372735275491973,-0.219397492374185,0.0425714683965526,0.974706320087482,6.50985712559559,6.04517566437183
121.75,0.109156891473057,0.0259482615452131,0.999999999992371,0.209305417050066,0.0497550968257977,1.91747322797418,0.974065692740494,-0.0196761093831956,0.225408245069964,0.0289847567342989,0.998854930170147,-0.0380619541253895,-0.224401225716425,0.0436082468614626,0.973520626747392,6.51513253655583,6.04517566437844
121.8,0.109156891472454,0.0259482615461706,0.999999999992451,0.209305417048911,0.0497550968276336,1.91747322797433,0.972878176436396,-0.0200060618454138,0.230451320897127,0.0297409465503021,0.998802498112539,-0.0388464395079483,-0.229398190734114,0.0446466936467874,0.97230815219987,6.52040794751608,6.04517566438404
121.85,0.109156891471856,0.0259482615470935,0.999999999992531,0.209305417047764,0.0497550968294033,1.91747322797449,0.971664463252434,-0.0203306206340879,0.235488506549665,0.0305011455857672,0.998748909391809,-0.0396269618647262,-0.23438824836223,0.0456867798526601,0.971068930187955,6.52568335847633,6.04517566439015
121.9,0.109156891471262,0.0259482615479824,0.999999999992611,0.209305417046626,0.0497550968311078,1.91747322797464,0.97042458696612,-0.020649776716781,0.24051966184323,0.0312653326844347,0.998694165499327,-0.0404034994738681,-0.239371259727993,0.0467284765335906,0.969802995199068,6.53095876943658,6.04517566439676
121.95,0.109156891470673,0.0259482615488379,0.999999999992692,0.209305417045495,0.0497550968327482,1.9174732279748,0.969158582083084,-0.0209635212114119,0.245544646761287,0.0320334865790562,0.99863826795861,-0.041176030724412,-0.244347086154708,0.0477717546992674,0.968510382464048,6.53623418039685,6.04517566440338
122,0.109156891470088,0.0259482615496605,0.999999999992772,0.209305417044374,0.0497550968343255,1.91747322797495,0.967866483836108,-0.0212718453865041,0.250563321459031,0.0328055858919889,0.99858121832528,-0.0419445341168936,-0.249315589165644,0.0488165853153678,0.967191127956174,6.54150959135711,6.04517566440949
122.05,0.109156891469508,0.0259482615504508,0.999999999992853,0.209305417043261,0.0497550968358408,1.91747322797511,0.966548328184153,-0.0215747406614278,0.255575546267263,0.0335816091357891,0.998523018187023,-0.0427089882639434,-0.254276630487878,0.0498629393043642,0.96584526839016,6.54678500231739,6.04517566441661
122.1,0.109156891468932,0.0259482615512092,0.999999999992933,0.209305417042157,0.0497550968372951,1.91747322797526,0.965204151811356,-0.0218721986066387,0.260581181696287,0.03436153471381,0.998463669163542,-0.0434693718908813,-0.259230072056143,0.0509107875463331,0.96447284122114,6.55206041327766,6.04517566442272
122.15,0.109156891468361,0.0259482615519363,0.999999999993013,0.209305417041062,0.0497550968386892,1.91747322797541,0.963833992126002,-0.0221642109439133,0.265580088439791,0.0351453409208043,0.998403172906516,-0.0442256638363105,-0.264175776016677,0.0519601008797675,0.963073884643619,6.55733582423795,6.04517566442832
122.2,0.109156891467794,0.0259482615526326,0.999999999993094,0.209305417039975,0.0497550968400243,1.91747322797557,0.962437887259497,-0.0224507695465783,0.270572127378714,0.035933005943526,0.998341531099548,-0.044977843052704,-0.269113604731049,0.0530108501023854,0.961648437590414,6.56261123519823,6.04517566443493
122.25,0.109156891467232,0.0259482615532984,0.999999999993174,0.209305417038897,0.0497550968413011,1.91747322797572,0.961015876065291,-0.0227318664397376,0.275557159585134,0.0367245078613396,0.998278745458123,-0.0457258886069925,-0.274043420779999,0.0540630059719454,0.960196539731567,6.56788664615853,6.04517566444155
122.3,0.109156891466675,0.0259482615539344,0.999999999993254,0.209305417037829,0.0497550968425206,1.91747322797587,0.95956799811781,-0.0230074938004939,0.280535046326122,0.037519824646829,0.998214817729559,-0.046469779681146,-0.278965086967259,0.0551165392070591,0.958718231473245,6.57316205711883,6.04517566444765
122.35,0.109156891466122,0.025948261554541,0.999999999993334,0.209305417036769,0.0497550968436838,1.91747322797603,0.958094293711347,-0.023277643958166,0.285505649067602,0.0383189341664097,0.998149749692959,-0.0472094955727523,-0.283878466323365,0.0561714204880046,0.957213553956615,6.57843746807913,6.04517566445427
122.4,0.109156891465574,0.0259482615551188,0.999999999993414,0.209305417035718,0.0497550968447915,1.91747322797618,0.956594803858941,-0.0235423093945034,0.290468829478221,0.0391218141809479,0.998083543159159,-0.0479450156955959,-0.288783422109486,0.0572276204575468,0.955682549056694,6.58371287903945,6.04517566446038
122.45,0.109156891465031,0.0259482615556681,0.999999999993494,0.209305417034677,0.0497550968458448,1.91747322797633,0.95506957029124,-0.0238014827438943,0.29542444943318,0.0399284423463754,0.99801619997068,-0.0486763195802274,-0.293679817821207,0.0582851097217493,0.954125259381192,6.58898828999976,6.04517566446648
122.5,0.109156891464492,0.0259482615561894,0.999999999993573,0.209305417033644,0.0497550968468445,1.91747322797649,0.953518635455337,-0.0240551567935712,0.300372371018089,0.0407387962143139,0.997947722001676,-0.0494033868745356,-0.298567517192343,0.0593438588507955,0.952541728269317,6.59426370096008,6.04517566447259
122.55,0.109156891463959,0.0259482615566834,0.999999999993653,0.209305417032621,0.0497550968477916,1.91747322797664,0.951942042513586,-0.0243033244838116,0.305312456532805,0.0415528532326998,0.997878111157881,-0.0501261973443133,-0.30344638419873,0.0604038383798074,0.950931999790575,6.59953911192041,6.0451756644792
122.6,0.10915689146343,0.0259482615571504,0.999999999993732,0.209305417031607,0.049755096848687,1.91747322797679,0.950339835342406,-0.0245459789081345,0.310244568495261,0.0423705907464104,0.997807369376559,-0.0508447308738201,-0.308316283062003,0.0614650188096645,0.949296118743545,6.60481452288074,6.0451756644848
122.65,0.109156891462906,0.0259482615575909,0.999999999993811,0.209305417030602,0.0497550968495317,1.91747322797694,0.948712058531055,-0.0247831133134924,0.315168569645292,0.0431919859978959,0.997735498626446,-0.0515589674663424,-0.313177078253384,0.0625273706078257,0.947634130654624,6.61008993384108,6.04517566449142
122.7,0.109156891462387,0.0259482615580054,0.99999999999389,0.209305417029607,0.0497550968503266,1.91747322797709,0.947058757380394,-0.0250147211004592,0.320084322948455,0.044017016127811,0.997662500907697,-0.0522688872447494,-0.318028634497443,0.0635908642091499,0.945946081776771,6.61536534480142,6.04517566449803
122.75,0.109156891461872,0.0259482615583945,0.999999999993968,0.20930541702862,0.0497550968510727,1.91747322797724,0.94537997790162,-0.0252407958234146,0.324991691599851,0.0448456581756539,0.997588378251831,-0.0529744704520484,-0.322870816775881,0.0646554700167219,0.944232019088207,6.62064075576177,6.04517566450363
122.8,0.109156891461363,0.0259482615587586,0.999999999994047,0.209305417027644,0.0497550968517708,1.91747322797739,0.943675766814996,-0.0254613311907221,0.329890539027912,0.0456778890804011,0.997513132721674,-0.0536756974519307,-0.327703490331258,0.0657211584026711,0.942491990291123,6.62591616672213,6.04517566450923
122.85,0.109156891460858,0.0259482615590982,0.999999999994125,0.209305417026676,0.0497550968524219,1.91747322797754,0.941946171548536,-0.0256763210649055,0.334780728898228,0.0465136856811537,0.997436766411301,-0.0543725487293223,-0.332526520670775,0.066787899709001,0.940726043810337,6.63119157768249,6.04517566451584
122.9,0.109156891460359,0.0259482615594137,0.999999999994202,0.209305417025719,0.049755096853027,1.91747322797769,0.940191240236697,-0.0258857594628188,0.339662125117321,0.047353024717779,0.997359281445979,-0.0550650048909246,-0.33733977357,0.067855664248412,0.938934228791958,6.63646698864285,6.04517566452144
122.95,0.109156891459864,0.0259482615597057,0.99999999999428,0.209305417024771,0.0497550968535869,1.91747322797784,0.938411021719038,-0.0260896405558131,0.344534591836436,0.0481958828315579,0.997280679982107,-0.0557530466657537,-0.342143115076598,0.0689244223051266,0.937116595102011,6.64174239960322,6.04517566452806
123,0.109156891459375,0.0259482615599747,0.999999999994357,0.209305417023832,0.0497550968541026,1.91747322797799,0.936605565538853,-0.0262879586698988,0.349397993455337,0.0490422365658375,0.997200964207154,-0.0564366549056791,-0.346936411514079,0.0699941441357202,0.935273193325053,6.6470178105636,6.04517566453416
123.05,0.109156891458891,0.0259482615602211,0.999999999994434,0.209305417022903,0.0497550968545751,1.91747322797814,0.934774921941801,-0.0264807082859032,0.354252194626057,0.0498920623666808,0.997120136339603,-0.057115810585954,-0.351719529485498,0.0710647999699446,0.933404074762764,6.65229322152398,6.04517566454027
123.1,0.109156891458411,0.0259482615604453,0.99999999999451,0.209305417021984,0.0497550968550051,1.91747322797828,0.932919141874503,-0.0266678840396246,0.359097060256681,0.0507453365835239,0.997038198628885,-0.0577904948057464,-0.356492335877177,0.0721363600115591,0.931509291432521,6.65756863248436,6.04517566454638
123.15,0.109156891457937,0.0259482615606478,0.999999999994586,0.209305417021074,0.0497550968553934,1.91747322797843,0.931038276983126,-0.0268494807219812,0.363932455515103,0.051602035469834,0.996955153355318,-0.0584606887886646,-0.361254697862412,0.0732087944391591,0.929588896065945,6.66284404344476,6.04517566455198
123.2,0.109156891457467,0.025948261560829,0.999999999994662,0.209305417020174,0.0497550968557407,1.91747322797857,0.929132379611945,-0.0270254932791559,0.368758245832772,0.0524621351837695,0.996871002830042,-0.059126373883279,-0.366006482905159,0.0742820734070051,0.927642942107442,6.66811945440515,6.04517566455757
123.25,0.109156891457003,0.0259482615609892,0.999999999994738,0.209305417019284,0.0497550968560479,1.91747322797872,0.927201502801885,-0.0271959168127378,0.373574296908447,0.0533256117888455,0.99678574939496,-0.0597875315636431,-0.370747558763738,0.0753561670458558,0.925671483712708,6.67339486536555,6.04517566456368
123.3,0.109156891456544,0.0259482615611288,0.999999999994813,0.209305417018403,0.0497550968563156,1.91747322797886,0.925245700289049,-0.0273607465798574,0.378380474711924,0.0541924412545968,0.996699395422664,-0.0604441434298069,-0.375477793494496,0.0764310454637957,0.923674575747225,6.67867027632596,6.04517566456979
123.35,0.10915689145609,0.0259482615612483,0.999999999994887,0.209305417017532,0.0497550968565448,1.91747322797901,0.923265026503216,-0.0275199779933195,0.383176645487774,0.0550625994572497,0.996611943316377,-0.0610961912083302,-0.380197055455492,0.0775066787470704,0.921652273784735,6.68394568728637,6.04517566457538
123.4,0.10915689145564,0.0259482615613481,0.999999999994962,0.209305417016671,0.049755096856736,1.91747322797915,0.921259536566333,-0.0276736066217302,0.387962675759062,0.0559360621803918,0.996523395509882,-0.0617436567527913,-0.384905213310156,0.0785830369609173,0.919604634105691,6.68922109824679,6.04517566458149
123.45,0.109156891455196,0.0259482615614285,0.999999999995035,0.209305417015819,0.0497550968568902,1.91747322797929,0.919229286290978,-0.0278216281896208,0.392738432331059,0.0568128051156455,0.996433754467455,-0.0623865220442906,-0.38960213603094,0.0796600901503982,0.917531713695695,6.69449650920721,6.04517566458709
123.5,0.109156891454757,0.02594826156149,0.999999999995109,0.209305417014977,0.0497550968570081,1.91747322797943,0.917174332178803,-0.0279640385775665,0.397503782294961,0.0576928038633469,0.996343022683797,-0.0630247691919546,-0.394287692902978,0.0807378083412359,0.915433570243904,6.69977192016764,6.04517566459218
123.55,0.109156891454322,0.0259482615615329,0.999999999995182,0.209305417014144,0.0497550968570904,1.91747322797957,0.915094731418969,-0.0281008338223007,0.402258593031567,0.0585760339332211,0.996251202683965,-0.0636583804334305,-0.398961753527701,0.0818161615406435,0.913310262141435,6.70504733112807,6.04517566459778
123.6,0.109156891453893,0.0259482615615577,0.999999999995255,0.209305417013321,0.049755096857138,1.91747322797971,0.91299054188655,-0.0282320101168262,0.407002732214991,0.0594624707450675,0.996158297023299,-0.0642873381353838,-0.403624187826493,0.0828951197381643,0.911161848479731,6.7103227420885,6.04517566460439
123.65,0.109156891453469,0.0259482615615647,0.999999999995327,0.209305417012507,0.0497550968571515,1.91747322797985,0.91086182214092,-0.0283575638105202,0.411736067816332,0.0603520896294419,0.996064308287354,-0.0649116247939869,-0.408274866044289,0.0839746529065038,0.908988389048919,6.71559815304895,6.04517566460999
123.7,0.10915689145305,0.0259482615615544,0.999999999995398,0.209305417011703,0.0497550968571318,1.91747322797999,0.908708631424132,-0.0284774914092363,0.416458468107346,0.0612448658283419,0.995969239091827,-0.0655312230354061,-0.412913658753194,0.0850547310023646,0.906789944336155,6.72087356400939,6.04517566461508
123.75,0.109156891452635,0.0259482615615272,0.99999999999547,0.209305417010909,0.0497550968570796,1.91747322798012,0.906531029659258,-0.028591789575402,0.421169801664129,0.0621407744958996,0.995873092082483,-0.0661461156162873,-0.417540436856091,0.0861353239672866,0.904566575523922,6.72614897496984,6.04517566462017
123.8,0.109156891452226,0.0259482615614835,0.999999999995541,0.209305417010124,0.0497550968569957,1.91747322798026,0.904329077448729,-0.0287004551281111,0.425869937370753,0.0630397906990692,0.995775869935085,-0.0667562854242336,-0.422155071590225,0.0872164017284792,0.902318344488346,6.7314243859303,6.04517566462678
123.85,0.109156891451822,0.0259482615614236,0.999999999995611,0.209305417009348,0.0497550968568809,1.91747322798039,0.902102836072648,-0.0288034850432126,0.430558744422932,0.0639418894183233,0.995677575355314,-0.0673617154782825,-0.426757434530789,0.0882979341996606,0.900045313797462,6.73669979689076,6.04517566463187
123.9,0.109156891451422,0.025948261561348,0.999999999995681,0.209305417008583,0.0497550968567359,1.91747322798053,0.89985236748708,-0.0289008764533946,0.435236092331649,0.0648470455483479,0.995578211078699,-0.0679623889293783,-0.431347397594501,0.0893798912818941,0.897747546709479,6.74197520785123,6.04517566463645
123.95,0.109156891451028,0.0259482615612571,0.99999999999575,0.209305417007826,0.0497550968565616,1.91747322798066,0.897577734322333,-0.0289926266482642,0.439901850926797,0.0657552338987418,0.995477779870536,-0.0685582890608411,-0.435924833043162,0.0904622428644263,0.895425107171018,6.7472506188117,6.04517566464205
124,0.109156891450638,0.0259482615611512,0.999999999995819,0.20930541700708,0.0497550968563586,1.91747322798079,0.895278999881212,-0.029078733074423,0.4445558903608,0.0666664291947177,0.995376284525817,-0.0691493992888323,-0.440489613487223,0.0915449588255253,0.893078059815328,6.75252602977217,6.04517566464816
124.05,0.109156891450254,0.0259482615610308,0.999999999995888,0.209305417006342,0.0497550968561277,1.91747322798092,0.892956228137257,-0.0291591933355381,0.449198081112223,0.0675806060778048,0.995273727869145,-0.0697357031628154,-0.445041611889315,0.092628009033318,0.890706469960494,6.75780144073265,6.04517566465375
124.1,0.109156891449874,0.0259482615608962,0.999999999995955,0.209305417005615,0.0497550968558696,1.91747322798105,0.890609483732966,-0.0292340051924087,0.453828293989379,0.0684977391065554,0.995170112754662,-0.0703171843660144,-0.449580701567794,0.0937113633466295,0.888310403607616,6.76307685169314,6.04517566465782
124.15,0.1091568914495,0.0259482615607477,0.999999999996023,0.209305417004896,0.0497550968555849,1.91747322798118,0.888238831977992,-0.0293031665630287,0.458446400133922,0.0694178027572524,0.995065442065966,-0.0708938267158677,-0.454106756200267,0.0947949916158216,0.885889927438973,6.76835226265363,6.04517566466342
124.2,0.10915689144913,0.0259482615605856,0.99999999999609,0.209305417004187,0.0497550968552741,1.91747322798131,0.885844338847327,-0.0293666755226442,0.463052271024438,0.0703407714246194,0.994959718716031,-0.0714656141644784,-0.458619649827099,0.0958788636836315,0.883445108816164,6.77362767361412,6.04517566466902
124.25,0.109156891448765,0.0259482615604103,0.999999999996156,0.209305417003487,0.0497550968549379,1.91747322798144,0.883426070979466,-0.0294245303038075,0.467645778480021,0.0712666194225353,0.994852945647127,-0.0720325307990616,-0.463119256854935,0.0969629493860132,0.880976015778238,6.77890308457462,6.04517566467411
124.3,0.109156891448405,0.025948261560222,0.999999999996222,0.209305417002797,0.0497550968545768,1.91747322798157,0.880984095674553,-0.0294767292964259,0.47222679466383,0.0721953209847453,0.994745125830738,-0.0725945608423856,-0.467605452060174,0.098047218552973,0.878482717039798,6.78417849553512,6.0451756646792
124.35,0.10915689144805,0.0259482615600211,0.999999999996287,0.209305417002116,0.0497550968541915,1.91747322798169,0.878518480892508,-0.029523271047807,0.476795192086663,0.0731268502655817,0.994636262267478,-0.0731516886532128,-0.472078110592469,0.0991316410094128,0.87596528198909,6.78945390649563,6.04517566468429
124.4,0.109156891447699,0.0259482615598078,0.999999999996352,0.209305417001444,0.0497550968537826,1.91747322798181,0.876029295251134,-0.0295641542626986,0.481350843610493,0.0740611813406814,0.994526357987008,-0.0737038987267341,-0.476537107978198,0.100216186575969,0.873423780686069,6.79472931745614,6.04517566468887
124.45,0.109156891447354,0.0259482615595825,0.999999999996416,0.209305417000781,0.0497550968533507,1.91747322798194,0.87351660802421,-0.0295993778033251,0.485893622452007,0.0749982882077066,0.994415416047953,-0.0742511756949999,-0.480982320123923,0.101300825069848,0.870858283860455,6.80000472841665,6.04517566469396
124.5,0.109156891447013,0.0259482615593456,0.99999999999648,0.209305417000128,0.0497550968528963,1.91747322798206,0.87098048913956,-0.0296289406894189,0.490423402186148,0.0759381447870717,0.994303439537817,-0.0747935043273497,-0.485413623319856,0.102385526305677,0.868268862909755,6.80528013937717,6.04517566469904
124.55,0.109156891446677,0.0259482615590972,0.999999999996543,0.209305416999483,0.0497550968524201,1.91747322798218,0.868421009177109,-0.029652842098248,0.494940056749611,0.0768807249226648,0.994190431572892,-0.0753308695308335,-0.489830894243286,0.103470260096331,0.865655589897287,6.8105555503377,6.04517566470413
124.6,0.109156891446345,0.0259482615588378,0.999999999996605,0.209305416998848,0.0497550968519227,1.9174732279823,0.86583823936692,-0.0296710813646386,0.499443460444369,0.0778260023825787,0.994076395298181,-0.0758632563506335,-0.494234009962022,0.104554996253781,0.863018537550169,6.81583096129822,6.04517566470871
124.65,0.109156891446019,0.0259482615585676,0.999999999996668,0.209305416998221,0.0497550968514046,1.91747322798242,0.863232251587207,-0.0296836579809939,0.503933487941165,0.0787739508598398,0.993961333887299,-0.0763906499704797,-0.49862284793781,0.105639704589932,0.860357779257292,6.82110637225876,6.04517566471329
124.7,0.109156891445696,0.025948261558287,0.999999999996729,0.209305416997604,0.0497550968508666,1.91747322798254,0.860603118362342,-0.0296905715973079,0.508410014282998,0.0797245439731401,0.993845250542395,-0.0769130357130621,-0.502997286029743,0.106724354917465,0.857673389067286,6.82638178321929,6.04517566471787
124.75,0.109156891445379,0.0259482615579963,0.99999999999679,0.209305416996995,0.0497550968503091,1.91747322798265,0.857950912860828,-0.0296918220211754,0.512872914888606,0.0806777552675722,0.993728148494056,-0.0774303990404402,-0.507357202497666,0.107808917050673,0.854965441686448,6.83165719417983,6.04517566472296
124.8,0.109156891445066,0.0259482615576958,0.99999999999685,0.209305416996395,0.0497550968497329,1.91747322798277,0.85527570889327,-0.0296874092177971,0.517322065555926,0.0816335582153645,0.993610031001219,-0.0779427255544458,-0.511702476005553,0.108893360806305,0.852234012476676,6.83693260514038,6.04517566472805
124.85,0.109156891444758,0.0259482615573857,0.99999999999691,0.209305416995804,0.0497550968491384,1.91747322798289,0.852577580910316,-0.029677333309981,0.521757342465559,0.0825919262166201,0.993490901351082,-0.0784500009970854,-0.516032985624894,0.109977656004402,0.849479177453359,6.84220801610093,6.04517566473212
124.9,0.109156891444454,0.0259482615570665,0.99999999999697,0.209305416995222,0.0497550968485263,1.917473227983,0.849856604000588,-0.0296615945781385,0.526178622184207,0.0835528326000571,0.993370762859011,-0.0789522112509359,-0.520348610838057,0.111061772469143,0.846701013283271,6.84748342706148,6.0451756647367
124.95,0.109156891444155,0.0259482615567385,0.999999999997028,0.209305416994649,0.0497550968478972,1.91747322798311,0.847112853888593,-0.0296401934602768,0.530585781668112,0.0845162506237497,0.993249618868449,-0.0794493423395378,-0.524649231541634,0.112145680029678,0.843899597282434,6.85275883802204,6.04517566474128
125,0.109156891443861,0.0259482615564018,0.999999999997086,0.209305416994084,0.0497550968472518,1.91747322798322,0.844346406932608,-0.0296131305519869,0.534978698266488,0.0854821534758757,0.993127472750818,-0.0799413804277852,-0.528934728049806,0.113229348520973,0.841075007413961,6.8580342489826,6.04517566474637
125.05,0.109156891443571,0.025948261556057,0.999999999997144,0.209305416993528,0.0497550968465905,1.91747322798333,0.841557340122567,-0.0295804066064266,0.539357249724918,0.086450514275458,0.993004327905434,-0.0804283118223084,-0.533204981097643,0.114312747784646,0.838227322285897,6.86330965994317,6.04517566474993
125.1,0.109156891443285,0.0259482615557041,0.999999999997201,0.209305416992981,0.0497550968459138,1.91747322798344,0.838745731077912,-0.0295420225342999,0.543721314188769,0.0874213060731158,0.992880187759404,-0.0809101229718574,-0.537459871844447,0.115395847669807,0.835356621149026,6.86858507090373,6.045175664754
125.15,0.109156891443004,0.0259482615553434,0.999999999997257,0.209305416992442,0.0497550968452223,1.91747322798355,0.835911658045427,-0.0294979794038317,0.548070770206582,0.088394501851815,0.992755055767536,-0.0813868004676781,-0.541699281877052,0.116478618033901,0.832462983894659,6.87386048186431,6.0451756647596
125.2,0.109156891442728,0.0259482615549752,0.999999999997313,0.209305416991911,0.0497550968445163,1.91747322798366,0.833055199897074,-0.0294482784407375,0.552405496733443,0.0893700745276169,0.992628935412241,-0.0818583310438849,-0.545923093213113,0.117561028743537,0.829546491052423,6.87913589282488,6.04517566476367
125.25,0.109156891442455,0.0259482615545997,0.999999999997368,0.209305416991389,0.0497550968437963,1.91747322798376,0.830176436127785,-0.0293929210281901,0.556725373134367,0.0903479969504361,0.992501830203434,-0.082324701577831,-0.550131188304402,0.118643049675341,0.82660722378801,6.88441130378546,6.04517566476724
125.3,0.109156891442187,0.0259482615542172,0.999999999997423,0.209305416990875,0.0497550968430627,1.91747322798387,0.827275446853257,-0.0293319087067805,0.56103027918764,0.0913282419047926,0.99237374367844,-0.0827858990904727,-0.554323450040068,0.119724650716782,0.823645263900923,6.88968671474605,6.04517566477182
125.35,0.109156891441924,0.0259482615538278,0.999999999997477,0.20930541699037,0.0497550968423161,1.91747322798397,0.824352312807722,-0.0292652431744752,0.565320095088171,0.0923107821105708,0.992244679401894,-0.083241910746731,-0.5584997617499,0.120805801767013,0.8206606938222,6.89496212570663,6.04517566477589
125.4,0.109156891441665,0.0259482615534318,0.999999999997531,0.209305416989873,0.0497550968415568,1.91747322798408,0.821407115341694,-0.0291929262865691,0.569594701450833,0.0932955902237793,0.992114640965642,-0.083692723855849,-0.562660007207579,0.121886472737715,0.817653596612114,6.90023753666722,6.04517566477996
125.45,0.10915689144141,0.0259482615530294,0.999999999997584,0.209305416989384,0.0497550968407852,1.91747322798418,0.818439936419717,-0.0291149600556337,0.573853979313769,0.0942826388373097,0.99198363198864,-0.0841383258717444,-0.566804070633903,0.122966633553925,0.814624055957871,6.90551294762782,6.04517566478403
125.5,0.109156891441159,0.0259482615526209,0.999999999997636,0.209305416988903,0.0497550968400019,1.91747322798428,0.81545085861807,-0.0290313466514611,0.578097810141723,0.0952719004817022,0.991851656116854,-0.0845787043933595,-0.570931836700019,0.124046254154881,0.811572156171271,6.91078835858842,6.0451756647881
125.55,0.109156891440912,0.0259482615522065,0.999999999997688,0.20930541698843,0.0497550968392073,1.91747322798438,0.812439965122479,-0.0289420884010036,0.582326075829318,0.0962633476259073,0.991718717023158,-0.0850138471650055,-0.575043190530623,0.125125304494853,0.80849798218637,6.91606376954902,6.04517566479217
125.6,0.10915689144067,0.0259482615517864,0.999999999997739,0.209305416987965,0.0497550968384018,1.91747322798447,0.809407339725798,-0.0288471877883091,0.586538658704363,0.0972569526780542,0.991584818407235,-0.0854437420767045,-0.579138017707166,0.126203754543982,0.80540161955711,6.92133918050962,6.04517566479573
125.65,0.109156891440431,0.0259482615513609,0.99999999999779,0.209305416987508,0.0497550968375859,1.91747322798457,0.806353066825675,-0.0287466474544517,0.590735441531112,0.0982526879862173,0.991449963995468,-0.0858683771645254,-0.583216204271033,0.127281574289115,0.802283154454943,6.92661459147023,6.04517566480031
125.7,0.109156891440197,0.0259482615509302,0.99999999999784,0.209305416987059,0.04975509683676,1.91747322798467,0.803277231422211,-0.0286404701974586,0.594916307513532,0.0992505258391859,0.991314157540841,-0.0862877406109178,-0.587277636726712,0.128358733734641,0.799142673666428,6.93189000243084,6.04517566480438
125.75,0.109156891439967,0.0259482615504945,0.999999999997889,0.209305416986617,0.0497550968359246,1.91747322798476,0.800179919115584,-0.0285286589722317,0.599081140298561,0.100250438467237,0.991177402822836,-0.0867018207450407,-0.591322202044964,0.129435202903323,0.795980264590819,6.93716541339146,6.04517566480744
125.8,0.109156891439741,0.0259482615500541,0.999999999997938,0.209305416986183,0.0497550968350801,1.91747322798486,0.797061216103675,-0.0284112168904659,0.60322982397933,0.101252398042905,0.99103970364732,-0.0871106060430866,-0.59534978766595,0.130510951837137,0.792796015237635,6.94244082435208,6.045175664811
125.85,0.109156891439518,0.0259482615496092,0.999999999997986,0.209305416985757,0.049755096834227,1.91747322798495,0.793921209179665,-0.028288147220562,0.607362243098405,0.102256376681758,0.990901063846448,-0.0875140851286032,-0.599360281502384,0.131585950598101,0.789590014224203,6.9477162353127,6.04517566481507
125.9,0.1091568914393,0.02594826154916,0.999999999998034,0.209305416985339,0.0497550968333657,1.91747322798504,0.79075998572962,-0.0281594533875363,0.611478282650991,0.103262346443177,0.990761487278551,-0.0879122467728095,-0.603353571942638,0.132660169269112,0.786362350773199,6.95299164627332,6.04517566481863
125.95,0.109156891439086,0.0259482615487068,0.999999999998081,0.209305416984928,0.0497550968324967,1.91747322798513,0.787577633730065,-0.0280251389729247,0.615577828088131,0.104270279331126,0.99062097782803,-0.0883050798949078,-0.607329547853849,0.133733577954773,0.783113114710164,6.95826705723395,6.0451756648227
126,0.109156891438875,0.0259482615482498,0.999999999998128,0.209305416984525,0.0497550968316204,1.91747322798522,0.78437424174552,-0.0278852077146834,0.619660765319905,0.105280147294939,0.99047953940525,-0.0886925735623937,-0.611288098585027,0.134806146782235,0.779842396460996,6.96354246819458,6.04517566482576
126.05,0.109156891438669,0.0259482615477892,0.999999999998174,0.209305416984129,0.0497550968307372,1.91747322798531,0.781149898926055,-0.027739663507085,0.62372698071859,0.106291922230093,0.990337175946426,-0.0890747169913582,-0.61522911397011,0.135877845902018,0.776550287049449,6.96881787915522,6.04517566482932
126.1,0.109156891438466,0.0259482615473252,0.999999999998219,0.20930541698374,0.0497550968298475,1.9174732279854,0.777904695004795,-0.0275885104006094,0.627776361121834,0.107305575978998,0.990193891413518,-0.0894514995467893,-0.619152484331051,0.136948645488845,0.773236878094584,6.97409329011585,6.04517566483339
126.15,0.109156891438267,0.0259482615468579,0.999999999998264,0.209305416983359,0.0497550968289516,1.91747322798548,0.774638720295428,-0.027431752601832,0.631808793835804,0.108321080331776,0.990049689794121,-0.0898229107428679,-0.623058100480861,0.138018515742476,0.769902261808229,6.9793687010765,6.04517566483594
126.2,0.109156891438072,0.0259482615463876,0.999999999998309,0.209305416982984,0.0497550968280497,1.91747322798557,0.771352065689696,-0.0272693944733062,0.635824166638308,0.109338407027044,0.989904575101351,-0.0901889402432583,-0.626945853726642,0.139087426888532,0.766546530992411,6.98464411203714,6.0451756648395
126.25,0.109156891437881,0.0259482615459144,0.999999999998352,0.209305416982617,0.0497550968271423,1.91747322798565,0.768044822654849,-0.0271014405334416,0.639822367781945,0.110357527752708,0.989758551373734,-0.0905495778613982,-0.630815635872632,0.140155349179328,0.763169779036767,6.98991952299779,6.04517566484357
126.3,0.109156891437693,0.0259482615454384,0.999999999998396,0.209305416982258,0.0497550968262296,1.91747322798573,0.764717083231121,-0.0269278954563791,0.643803285997188,0.111378414146742,0.989611622675096,-0.0909048135607795,-0.63466733922319,0.141222252894696,0.759772099915957,6.99519493395843,6.04517566484662
126.35,0.109156891437509,0.0259482615449598,0.999999999998438,0.209305416981905,0.049755096825312,1.91747322798582,0.761368940029155,-0.0267487640718601,0.647766810495497,0.112401037797984,0.989463793094447,-0.0912546374552298,-0.638500856585813,0.142288108342817,0.756353588187036,7.00047034491909,6.04517566484968
126.4,0.109156891437329,0.0259482615444788,0.99999999999848,0.209305416981559,0.0497550968243897,1.9174732279859,0.758000486227428,-0.0265640513650925,0.651712830972397,0.113425370246925,0.989315066745869,-0.0915990398091864,-0.642316081274111,0.143352885861045,0.752914338986833,7.00574575587974,6.04517566485273
126.45,0.109156891437152,0.0259482615439956,0.999999999998522,0.209305416981219,0.0497550968234631,1.91747322798598,0.754611815569662,-0.0263737624766118,0.655641237610544,0.114451382986498,0.989165447768401,-0.0919380110379673,-0.646112907110775,0.14441655581673,0.749454448029296,7.0110211668404,6.04517566485578
126.5,0.109156891436978,0.0259482615435102,0.999999999998563,0.209305416980887,0.0497550968225324,1.91747322798605,0.751203022362206,-0.0261779027021378,0.659551921082795,0.115479047462876,0.989014940325923,-0.0922715417080388,-0.649891228430539,0.14547908860805,0.745974011602828,7.01629657780106,6.04517566485934
126.55,0.109156891436809,0.0259482615430229,0.999999999998603,0.209305416980561,0.0497550968215981,1.91747322798613,0.747774201471424,-0.0259764774924279,0.663444772555229,0.116508335076262,0.988863548607042,-0.0925996225372765,-0.653650940083109,0.146540454664826,0.742473126567618,7.02157198876172,6.0451756648624
126.6,0.109156891436642,0.0259482615425339,0.999999999998643,0.209305416980242,0.0497550968206603,1.91747322798621,0.744325448321046,-0.0257694924531248,0.667319683690196,0.117539217181689,0.988711276824974,-0.0929222443952251,-0.657391937436101,0.147600624449351,0.738951890352932,7.02684739972239,6.04517566486545
126.65,0.109156891436479,0.0259482615420432,0.999999999998682,0.20930541697993,0.0497550968197195,1.91747322798628,0.740856858889512,-0.0255569533446005,0.671176546649321,0.118571665089815,0.988558129217426,-0.0932393983033519,-0.661114116377948,0.148659568457211,0.735410400954407,7.03212281068306,6.0451756648685
126.7,0.10915689143632,0.0259482615415511,0.999999999998721,0.209305416979624,0.0497550968187759,1.91747322798636,0.73736852970731,-0.0253388660817966,0.675015254096505,0.119605650067721,0.988404110046482,-0.0935510754352961,-0.664817373320792,0.149717257218103,0.731848756931329,7.03739822164373,6.04517566487156
126.75,0.109156891436164,0.0259482615410577,0.999999999998759,0.209305416979325,0.0497550968178298,1.91747322798643,0.733860557854275,-0.0251152367340587,0.678835699200922,0.120641143339715,0.988249223598477,-0.0938572671171159,-0.668501605203382,0.150773661296658,0.728267057403877,7.0426736326044,6.04517566487359
126.8,0.109156891436011,0.0259482615405632,0.999999999998797,0.209305416979032,0.0497550968168816,1.9174732279865,0.730333040956903,-0.0248860715249685,0.682637775639978,0.121678116088123,0.988093474183887,-0.0941579648275283,-0.672166709493923,0.151828751293261,0.724665402050382,7.04794904356508,6.04517566487716
126.85,0.109156891435861,0.0259482615400677,0.999999999998834,0.209305416978745,0.0497550968159316,1.91747322798657,0.726786077185622,-0.02465137683217,0.686421377602282,0.122716539454104,0.9879368661372,-0.0944531601981474,-0.675812584192944,0.152882497844867,0.721043891104535,7.05322445452576,6.04517566488021
126.9,0.109156891435715,0.0259482615395715,0.999999999998871,0.209305416978464,0.04975509681498,1.91747322798664,0.723219765252064,-0.024411159187192,0.690186399790583,0.123756384538441,0.987779403816804,-0.0947428450137165,-0.679439127836131,0.153934871625819,0.717402625352612,7.05849986548644,6.04517566488224
126.95,0.109156891435572,0.0259482615390746,0.999999999998907,0.20930541697819,0.0497550968140273,1.91747322798671,0.719634204406325,-0.0241654252752669,0.693932737424703,0.124797622402355,0.987621091604857,-0.0950270112123371,-0.683046239497148,0.154985843348662,0.713741706130662,7.06377527644712,6.0451756648853
127,0.109156891435432,0.0259482615385773,0.999999999998942,0.209305416977922,0.0497550968130736,1.91747322798678,0.716029494434186,-0.0239141819351436,0.697660286244457,0.125840224068304,0.987461933907173,-0.0953056508856936,-0.686633818790455,0.156035383764964,0.710061235321685,7.06905068740781,6.04517566488835
127.05,0.109156891435295,0.0259482615380796,0.999999999998977,0.20930541697766,0.0497550968121194,1.91747322798685,0.712405735654354,-0.0236574361588986,0.701368942512545,0.126884160520791,0.987301935153093,-0.0955787562792727,-0.69020176587409,0.157083463666122,0.706361315352803,7.07432609836849,6.0451756648909
127.1,0.109156891435162,0.0259482615375817,0.999999999999012,0.209305416977403,0.0497550968111648,1.91747322798691,0.708763028915661,-0.0233951950917399,0.70505860301745,0.127929402707173,0.987141099795366,-0.0958463197925796,-0.693749981452457,0.158130053884184,0.702642049192404,7.07960150932919,6.04517566489395
127.15,0.109156891435031,0.0259482615370838,0.999999999999046,0.209305416977153,0.04975509681021,1.91747322798698,0.705101475594255,-0.0231274660318092,0.708729165076302,0.128975921538469,0.986979432310024,-0.0961083339793495,-0.697278366779085,0.15917512529265,0.69890354034728,7.08487692028988,6.04517566489649
127.2,0.109156891434904,0.0259482615365859,0.999999999999079,0.209305416976909,0.0497550968092552,1.91747322798704,0.701421177590788,-0.0228542564299788,0.712380526537738,0.130023687890167,0.986816937196255,-0.0963647915477547,-0.700786823659372,0.160218648807293,0.695145892859746,7.09015233125057,6.04517566489802
127.25,0.109156891434779,0.0259482615360881,0.999999999999112,0.20930541697667,0.0497550968083007,1.91747322798711,0.697722237327569,-0.0225755738896432,0.71601258578475,0.131072672603041,0.986653618976283,-0.0966156853606077,-0.704275254453333,0.161260595386961,0.691369211304738,7.09542774221127,6.04517566490107
127.3,0.109156891434658,0.0259482615355905,0.999999999999144,0.209305416976437,0.0497550968073466,1.91747322798717,0.694004757745724,-0.0222914261665087,0.719625241737505,0.132122846483952,0.986489482195236,-0.0968610084355598,-0.707743562078298,0.162300936034389,0.687573600786915,7.10070315317197,6.04517566490362
127.35,0.109156891434539,0.0259482615350932,0.999999999999176,0.209305416976209,0.0497550968063931,1.91747322798723,0.690268842302323,-0.022001821168377,0.723218393856161,0.133174180306672,0.986324531421023,-0.0971007539452951,-0.711191650011625,0.163339641797004,0.683759166937723,7.10597856413267,6.04517566490616
127.4,0.109156891434423,0.0259482615345964,0.999999999999208,0.209305416975988,0.0497550968054405,1.91747322798729,0.686514594967504,-0.021706766954925,0.726791942143671,0.134226644812689,0.986158771244209,-0.0973349152177211,-0.714619422293386,0.164376683767733,0.679926015912459,7.11125397509338,6.04517566490871
127.45,0.10915689143431,0.0259482615341002,0.999999999999239,0.209305416975771,0.0497550968044889,1.91747322798735,0.682742120221584,-0.0214062717374812,0.730345787148551,0.135280210712025,0.98599220627788,-0.0975634857361537,-0.718026783529031,0.165412033085805,0.676074254387323,7.11652938605408,6.04517566491074
127.5,0.1091568914342,0.0259482615336045,0.999999999999269,0.20930541697556,0.0497550968035385,1.91747322798741,0.678951523052141,-0.0211003438787959,0.733879829967669,0.13633484868405,0.985824841157523,-0.0977864591394992,-0.721413638892054,0.166445660937558,0.672203989556432,7.12180479701479,6.04517566491278
127.55,0.109156891434093,0.0259482615331097,0.999999999999299,0.209305416975355,0.0497550968025896,1.91747322798747,0.675142908951103,-0.02078899189281,0.737393972248976,0.1373905293783,0.985656680540893,-0.0980038292224308,-0.724779894126619,0.167477538557233,0.66831532912886,7.1270802079755,6.04517566491481
127.6,0.109156891433989,0.0259482615326156,0.999999999999328,0.209305416975154,0.0497550968016424,1.91747322798752,0.671316383911804,-0.0204722244444167,0.740888116194258,0.138447223415288,0.98548772910788,-0.0982155899355616,-0.728125455550193,0.168507637227784,0.664408381325622,7.13235561893621,6.04517566491736
127.65,0.109156891433887,0.0259482615321226,0.999999999999357,0.209305416974959,0.049755096800697,1.91747322798758,0.667472054426039,-0.0201500503492213,0.744362164561853,0.139504901387332,0.985317991560387,-0.0984217353856132,-0.73145023005615,0.169535928281674,0.660483254876668,7.13763102989693,6.0451756649199
127.7,0.109156891433788,0.0259482615316306,0.999999999999386,0.209305416974769,0.0497550967997536,1.91747322798763,0.6636100274811,-0.0198224785732957,0.747816020669352,0.140563533859361,0.985147472622192,-0.0986222598355788,-0.734754125116356,0.170562383101666,0.656540059017862,7.14290644085764,6.04517566492245
127.75,0.109156891433691,0.0259482615311398,0.999999999999414,0.209305416974584,0.0497550967988125,1.91747322798769,0.659730410556794,-0.019489518232928,0.751249588396301,0.141623091369745,0.984976177038818,-0.0988171577048839,-0.738037048783759,0.171586973121631,0.652578903487935,7.14818185181836,6.04517566492397
127.8,0.109156891433598,0.0259482615306503,0.999999999999441,0.209305416974404,0.0497550967978739,1.91747322798774,0.65583331162246,-0.0191511785943703,0.754662772186865,0.142683544431107,0.984804109577405,-0.099006423569541,-0.741298909694931,0.172609669827335,0.648599898525435,7.15345726277908,6.04517566492652
127.85,0.109156891433506,0.0259482615301621,0.999999999999468,0.209305416974229,0.0497550967969379,1.91747322798779,0.651918839133955,-0.0188074690735795,0.758055477052493,0.14374486353115,0.984631275026571,-0.0991900521623007,-0.744539617072623,0.173630444757235,0.644603154865657,7.1587326737398,6.04517566492855
127.9,0.109156891433418,0.0259482615296755,0.999999999999495,0.209305416974059,0.0497550967960047,1.91747322798784,0.647987102030644,-0.0184583992359558,0.76142760857456,0.144807019133471,0.984457678196285,-0.0993680383727983,-0.747759080728283,0.174649269503269,0.640588783737561,7.16400808470052,6.04517566493008
127.95,0.109156891433331,0.0259482615291904,0.999999999999521,0.209305416973894,0.0497550967950747,1.91747322798789,0.644038209732363,-0.0181039787960769,0.764779072906996,0.145869981678392,0.984283323917729,-0.0995403772476958,-0.750957211064571,0.175666115711651,0.636556896860684,7.16928349566124,6.04517566493161
128,0.109156891433248,0.0259482615287071,0.999999999999546,0.209305416973734,0.0497550967941479,1.91747322798794,0.640072272136372,-0.0177442176174264,0.768109776778897,0.146933721583775,0.984108217043163,-0.0997070639908206,-0.754133919077854,0.176680955083657,0.632507606442012,7.17455890662197,6.04517566493517
128.05,0.109156891433166,0.0259482615282255,0.999999999999572,0.209305416973578,0.0497550967932245,1.91747322798799,0.636089399614305,-0.0173791257121207,0.77141962749712,0.147998209245848,0.983932362445793,-0.0998680939632977,-0.757289116360677,0.177693759376412,0.628441025172882,7.1798343175827,6.04517566493771
128.1,0.109156891433088,0.0259482615277459,0.999999999999596,0.209305416973427,0.0497550967923047,1.91747322798804,0.632089703009094,-0.0170087132406302,0.77470853294886,0.149063415040031,0.983755765019636,-0.10002346268368,-0.760422715104224,0.178704500403677,0.624357266225831,7.18510972854343,6.04517566493924
128.15,0.109156891433011,0.0259482615272681,0.999999999999621,0.20930541697328,0.0497550967913886,1.91747322798808,0.628073293631874,-0.0166329905114947,0.777976401604223,0.150129309321756,0.98357842967938,-0.100173165828071,-0.763534628100771,0.179713150036636,0.62025644325144,7.19038513950416,6.04517566494178
128.2,0.109156891432937,0.0259482615267923,0.999999999999644,0.209305416973138,0.0497550967904763,1.91747322798813,0.624040283258907,-0.0162519679810395,0.78122314251876,0.151195862427297,0.983400361360247,-0.100317199230249,-0.766624768746099,0.180719680204672,0.616138670375194,7.19566055046489,6.04517566494331
128.25,0.109156891432865,0.0259482615263186,0.999999999999668,0.209305416973,0.049755096789568,1.91747322798817,0.61999078412845,-0.0158656562530815,0.784448665336011,0.152263044674591,0.983221565017862,-0.100455558881779,-0.769693051041916,0.181724062896156,0.61200406219428,7.20093596142563,6.04517566494484
128.3,0.109156891432795,0.025948261525847,0.999999999999691,0.209305416972866,0.0497550967886637,1.91747322798822,0.615924908937645,-0.0154740660786364,0.78765288029001,0.153330826364067,0.983042045628107,-0.100588240932126,-0.772739389598244,0.182726270159222,0.607852733774417,7.20621137238637,6.04517566494687
128.35,0.109156891432728,0.0259482615253776,0.999999999999713,0.209305416972737,0.0497550967877635,1.91747322798826,0.611842770839378,-0.0150772083556182,0.790835698207784,0.15439917777947,0.982861808186989,-0.100715241688762,-0.775763699635795,0.183726274102545,0.603684800646646,7.2114867833471,6.0451756649484
128.4,0.109156891432663,0.0259482615249103,0.999999999999735,0.209305416972612,0.0497550967868677,1.9174732279883,0.607744483439126,-0.0146750941285357,0.793997030511846,0.155468069188694,0.982680857710497,-0.10083655761727,-0.778765896988337,0.18472404689612,0.599500378804109,7.21676219430784,6.04517566494993
128.45,0.1091568914326,0.0259482615244454,0.999999999999757,0.209305416972492,0.0497550967859762,1.91747322798834,0.603630160791806,-0.0142677345881867,0.79713678922264,0.156537470844598,0.982499199234465,-0.10095218534144,-0.781745898105027,0.185719560772033,0.595299584698837,7.22203760526858,6.04517566495196
128.5,0.109156891432539,0.0259482615239828,0.999999999999778,0.209305416972375,0.0497550967850892,1.91747322798838,0.599499917398586,-0.0138551410713444,0.800254886961012,0.157607352985849,0.982316837814428,-0.101062121643364,-0.784703620052745,0.186712788025237,0.59108253523849,7.22731301622932,6.04517566495349
128.55,0.10915689143248,0.0259482615235226,0.999999999999799,0.209305416972262,0.0497550967842068,1.91747322798842,0.595353868203713,-0.0134373250604439,0.803351236950623,0.158677685837735,0.982133778525485,-0.101166363463526,-0.787638980518395,0.18770370101432,0.586849347783117,7.23258842719007,6.04517566495502
128.6,0.109156891432424,0.0259482615230649,0.999999999999819,0.209305416972154,0.0497550967833292,1.91747322798846,0.591192128591309,-0.0130142981832615,0.806425753020372,0.159748439613004,0.981950026462159,-0.101264907900888,-0.790551897811198,0.188692272162275,0.582600140141891,7.23786383815081,6.04517566495654
128.65,0.109156891432369,0.0259482615226098,0.999999999999839,0.209305416972049,0.0497550967824564,1.9174732279885,0.587014814382152,-0.012586072212591,0.809478349606799,0.160819584512691,0.98176558673825,-0.101357752212967,-0.793442290864971,0.189678473957271,0.578335030569814,7.24313924911156,6.04517566495756
128.7,0.109156891432317,0.0259482615221572,0.999999999999859,0.209305416971948,0.0497550967815885,1.91747322798854,0.582822041830466,-0.0121526590659172,0.812508941756455,0.161891090726943,0.981580464486696,-0.101444893815917,-0.796310079240372,0.190662278953414,0.574054137764448,7.2484146600723,6.0451756649596
128.75,0.109156891432266,0.0259482615217072,0.999999999999878,0.209305416971851,0.0497550967807258,1.91747322798858,0.578613927620671,-0.0117140708050823,0.815517445128279,0.162962928435855,0.98139466485943,-0.101526330284595,-0.799155183127152,0.191643659771514,0.569757580862588,7.25369007103305,6.04517566496112
128.8,0.109156891432217,0.02594826152126,0.999999999999897,0.209305416971758,0.0497550967798682,1.91747322798861,0.574390588864154,-0.0112703196359527,0.818503775995929,0.164035067810293,0.981208193027238,-0.101602059352634,-0.801977523346361,0.192622589099843,0.565445479436974,7.2589654819938,6.04517566496214
128.85,0.109156891432171,0.0259482615208155,0.999999999999915,0.209305416971668,0.0497550967790159,1.91747322798865,0.570152143095993,-0.0108214179080773,0.82146785125013,0.16510747901273,0.981021054179609,-0.1016720789125,-0.804777021352565,0.1935990396949,0.56111795349294,7.26424089295455,6.04517566496367
128.9,0.109156891432126,0.0259482615203739,0.999999999999933,0.209305416971582,0.0497550967781691,1.91747322798868,0.565898708271693,-0.0103673781143445,0.824409588400974,0.166180132198074,0.9808332535246,-0.101736387015557,-0.807553599236026,0.194572984382166,0.556775123465083,7.26951630391531,6.04517566496468
128.95,0.109156891432083,0.0259482615199351,0.999999999999951,0.2093054169715,0.0497550967773278,1.91747322798872,0.561630402763907,-0.00990821289063476,0.82732890558022,0.167252997514497,0.980644796288682,-0.101794981872116,-0.810307179724866,0.195544396056862,0.552417110213913,7.27479171487606,6.04517566496621
129,0.109156891432042,0.0259482615194993,0.999999999999968,0.209305416971421,0.0497550967764922,1.91747322798875,0.55734734535913,-0.00944393501546842,0.830225721543578,0.16832604510427,0.980455687716602,-0.101847861851491,-0.813037686187231,0.196513247684701,0.548044035022484,7.28006712583681,6.04517566496723
129.05,0.109156891432002,0.0259482615190665,0.999999999999985,0.209305416971345,0.0497550967756623,1.91747322798878,0.553049655254408,-0.00897455740965071,0.833099955672956,0.169399245104589,0.980265933071231,-0.101895025482034,-0.815745042633405,0.197479512302644,0.543656019593028,7.28534253679757,6.04517566496926
129.1,0.109156891431965,0.0259482615186367,1,0.209305416971273,0.0497550967748382,1.91747322798881,0.548737452054012,-0.00850009313591189,0.835951527978717,0.17047256764841,0.980075537633421,-0.101936471451189,-0.81842917371794,0.198443163019645,0.539253186043559,7.29061794775832,6.04517566497028
129.15,0.109156891431929,0.02594826151821,1.00000000000002,0.209305416971204,0.04975509677402,1.91747322798884,0.544410855766106,-0.00802055539854311,0.838780359101902,0.171545982865277,0.979884506701858,-0.101972198605518,-0.821090004741747,0.199404173017407,0.534835656904476,7.29589335871908,6.0451756649713
129.2,0.109156891431895,0.0259482615177864,1.00000000000003,0.209305416971139,0.0497550967732077,1.91747322798887,0.540069986799421,-0.00753595754303031,0.84158637031643,0.172619460882155,0.979692845592912,-0.102002205950737,-0.823727461654174,0.200362515551119,0.53040355511516,7.30116876967984,6.04517566497283
129.25,0.109156891431862,0.0259482615173659,1.00000000000005,0.209305416971077,0.0497550967724014,1.9174732279889,0.535714965959884,-0.007046313055681,0.844369483531304,0.173692971824265,0.979500559640493,-0.102026492651746,-0.826341471055069,0.201318163950209,0.525957004020539,7.3064441806406,6.04517566497384
129.3,0.109156891431831,0.0259482615169486,1.00000000000006,0.209305416971017,0.0497550967716011,1.91747322798893,0.531345914447276,-0.00655163556325071,0.847129621292772,0.174766485815907,0.979307654195898,-0.102045058032649,-0.828931960196822,0.202271091619081,0.521496127367672,7.31171959160136,6.04517566497486
129.35,0.109156891431802,0.0259482615165344,1.00000000000008,0.209305416970961,0.0497550967708069,1.91747322798896,0.526962953851851,-0.00605193883256308,0.849866706786481,0.175839972981298,0.979114134627666,-0.102057901576771,-0.831498856986388,0.203221272037856,0.517021049302296,7.31699500256212,6.04517566497588
129.4,0.109156891431774,0.0259482615161233,1.00000000000009,0.209305416970908,0.0497550967700188,1.91747322798899,0.522566206150941,-0.00554723677012577,0.852580663839632,0.176913403445401,0.978920006321426,-0.10206502292668,-0.834042089987296,0.204168678763113,0.512531894365364,7.32227041352289,6.0451756649769
129.45,0.109156891431748,0.0259482615157156,1.00000000000011,0.209305416970858,0.0497550967692369,1.91747322798902,0.518155793705585,-0.00503754342174528,0.855271416923078,0.177986747334759,0.97872527467975,-0.102066421884189,-0.836561588421634,0.20511328542862,0.508028787489597,7.32754582448365,6.04517566497791
129.5,0.109156891431724,0.025948261515311,1.00000000000012,0.209305416970811,0.0497550967684612,1.91747322798904,0.513731839257098,-0.00452287297213401,0.857938891153442,0.179059974778322,0.978529945121998,-0.102062098410364,-0.839057282172026,0.206055065746072,0.503511853995987,7.33282123544441,6.04517566497893
129.55,0.1091568914317,0.0259482615149097,1.00000000000013,0.209305416970767,0.0497550967676918,1.91747322798907,0.509294465923676,-0.00400323974451763,0.860583012295191,0.180133055908282,0.978334023084172,-0.102052052625528,-0.84152910178357,0.206993993505821,0.498981219590328,7.33809664640518,6.04517566497995
129.6,0.109156891431679,0.0259482615145118,1.00000000000015,0.209305416970725,0.0497550967669287,1.91747322798909,0.50484379719696,-0.00347865820023506,0.863203706762709,0.181205960860902,0.978137514018761,-0.102036284809253,-0.843976978465782,0.207930042577603,0.494437010359707,7.34337205736595,6.04517566498097
129.65,0.109156891431659,0.0259482615141171,1.00000000000016,0.209305416970687,0.049755096766172,1.91747322798912,0.500379956938596,-0.00294914293833588,0.86580090162234,0.182278659777349,0.977940423394594,-0.102014795400357,-0.846400844094512,0.208863186911271,0.489879352768991,7.34864746832671,6.04517566498199
129.7,0.10915689143164,0.0259482615137258,1.00000000000017,0.209305416970651,0.0497550967654217,1.91747322798914,0.4959030693768,-0.00241470869517535,0.868374524594421,0.183351122804523,0.97774275669668,-0.101987584996888,-0.848800631213826,0.209793400537515,0.485308373657323,7.35392287928748,6.045175664983
129.75,0.109156891431623,0.0259482615133379,1.00000000000018,0.209305416970618,0.0497550967646778,1.91747322798916,0.491413259102881,-0.00187537034400238,0.870924504055293,0.18442332009589,0.977544519426065,-0.101954654356107,-0.851176273037902,0.210720657568586,0.480724200234573,7.35919829024825,6.04517566498402
129.8,0.109156891431607,0.0259482615129534,1.0000000000002,0.209305416970587,0.0497550967639405,1.91747322798919,0.486910651067799,-0.0013311428945478,0.87345076903929,0.185495221812309,0.97734571709967,-0.101916004394472,-0.853527703452872,0.211644932199016,0.476126960077813,7.36447370120902,6.04517566498453
129.85,0.109156891431592,0.0259482615125723,1.00000000000021,0.209305416970559,0.0497550967632098,1.91747322798921,0.48239537057867,-0.000782041492605343,0.875953249240718,0.186566798122867,0.977146355250144,-0.101871636187607,-0.855854857018671,0.212566198706339,0.471516781127764,7.36974911216979,6.04517566498555
129.9,0.109156891431579,0.0259482615121947,1.00000000000022,0.209305416970534,0.0497550967624857,1.91747322798923,0.477867543295274,-0.000228081419609186,0.878431875015818,0.187638019205708,0.976946439425707,-0.101821550970274,-0.858157668970859,0.213484431451804,0.466893791685221,7.37502452313056,6.04517566498657
129.95,0.109156891431567,0.0259482615118205,1.00000000000023,0.209305416970511,0.0497550967617683,1.91747322798925,0.473327295226583,0.000330721907788337,0.880886577384686,0.188708855248858,0.976745975189995,-0.101765750136341,-0.860436075222415,0.214399604881087,0.462258120407507,7.38029993409133,6.04517566498708
130,0.109156891431556,0.0259482615114499,1.00000000000024,0.20930541697049,0.0497550967610576,1.91747322798927,0.468774752727224,0.000894352938149337,0.883317288033214,0.189779276451063,0.976544968121906,-0.101704235238737,-0.862690012365532,0.215311693525009,0.457609896304867,7.3855753450521,6.04517566498809
130.05,0.109156891431547,0.0259482615110828,1.00000000000025,0.209305416970472,0.0497550967603537,1.91747322798929,0.464210042493983,0.00146279598568053,0.885723939314976,0.190849253022611,0.976343423815448,-0.101637007989417,-0.864919417673373,0.216220672000237,0.452949248736898,7.39085075601288,6.0451756649886
130.1,0.109156891431538,0.0259482615107192,1.00000000000026,0.209305416970456,0.0497550967596565,1.91747322798931,0.459633291562278,0.00203603523067034,0.888106464253113,0.191918755186165,0.976141347879576,-0.101564070259308,-0.867124229101816,0.217126515009992,0.448276307408943,7.39612616697365,6.04517566498911
130.15,0.109156891431531,0.0259482615103592,1.00000000000027,0.209305416970442,0.0497550967589662,1.91747322798933,0.455044627302605,0.00261405471993074,0.890464796542207,0.192987753177591,0.975938745938044,-0.101485424078259,-0.869304385291193,0.21802919734476,0.443591202368466,7.40140157793442,6.04517566499013
130.2,0.109156891431525,0.0259482615100027,1.00000000000028,0.209305416970431,0.0497550967582826,1.91747322798935,0.45044417741702,0.00319683836723889,0.892798870550113,0.194056217246786,0.975735623629242,-0.101401071634986,-0.871459825567979,0.218928693882983,0.438894064001461,7.4066769888952,6.04517566499115
130.25,0.109156891431521,0.0259482615096497,1.00000000000029,0.209305416970422,0.0497550967576058,1.91747322798936,0.445832069935562,0.00378436995378668,0.895108621319796,0.195124117658505,0.975531986606043,-0.101311015277008,-0.873590489946498,0.219824979591768,0.434185023028797,7.41195239985598,6.04517566499115
130.3,0.109156891431517,0.0259482615093003,1.0000000000003,0.209305416970415,0.0497550967569359,1.91747322798938,0.441208433212706,0.00437663312863079,0.897393984571128,0.196191424693191,0.975327840535644,-0.101215257510584,-0.875696319130579,0.220718029527575,0.429464210502598,7.41722781081675,6.04517566499166
130.35,0.109156891431514,0.0259482615089545,1.00000000000031,0.20930541697041,0.0497550967562727,1.9174732279894,0.436573395923784,0.00497361140914825,0.899654896702689,0.1972581086478,0.97512319109941,-0.101113801000643,-0.877777254515215,0.221607818836916,0.424731757802589,7.42250322177753,6.04517566499267
130.4,0.109156891431513,0.0259482615086122,1.00000000000031,0.209305416970407,0.0497550967556164,1.91747322798941,0.431927087061399,0.00557528818149602,0.901891294793529,0.198324139836627,0.974918043992712,-0.101006648570709,-0.87983323818819,0.22249432275705,0.419987796632432,7.42777863273831,6.04517566499369
130.45,0.109156891431512,0.0259482615082734,1.00000000000032,0.209305416970406,0.0497550967549669,1.91747322798943,0.427269635931849,0.0061816467010713,0.90410311660492,0.199389488592136,0.974712404924774,-0.100893803202823,-0.881864212931692,0.223377516616661,0.415232459016081,7.43305404369908,6.04517566499369
130.5,0.109156891431513,0.0259482615079383,1.00000000000033,0.209305416970407,0.0497550967543242,1.91747322798944,0.42260117215151,0.00679267009298007,0.906290300582091,0.200454125265782,0.974506279618509,-0.10077526803746,-0.883870122223905,0.224257375836559,0.410465877294082,7.43832945465986,6.0451756649942
130.55,0.109156891431514,0.0259482615076066,1.00000000000034,0.20930541697041,0.0497550967536883,1.91747322798946,0.417921825643249,0.0074083413525043,0.90845278585594,0.201518020228835,0.974299673810364,-0.100651046373442,-0.88585091024058,0.225133875930351,0.405688184119914,7.44360486562064,6.04517566499522
130.6,0.109156891431517,0.0259482615072786,1.00000000000034,0.209305416970415,0.0497550967530593,1.91747322798947,0.413231726632796,0.00802864334557654,0.910590512244724,0.20258114387321,0.974092593250157,-0.100521141667844,-0.887806521856593,0.226006992505131,0.400899512456283,7.44888027658142,6.04517566499573
130.65,0.10915689143152,0.0259482615069541,1.00000000000035,0.209305416970421,0.0497550967524371,1.91747322798948,0.408531005645113,0.00865355880925726,0.912703420255741,0.203643466612286,0.973885043700917,-0.100385557535901,-0.889736902647476,0.226876701262156,0.39609999557142,7.4541556875422,6.04517566499623
130.7,0.109156891431525,0.0259482615066332,1.00000000000036,0.20930541697043,0.0497550967518217,1.9174732279895,0.403819793500785,0.00928307035221319,0.914791451086978,0.20470495888173,0.973677030938728,-0.100244297750905,-0.89164199889093,0.227742977997519,0.391289767035389,7.45943109850298,6.04517566499674
130.75,0.10915689143153,0.0259482615063158,1.00000000000037,0.20930541697044,0.0497550967512132,1.91747322798951,0.399098221312351,0.00991716045520406,0.916854546628757,0.205765591140324,0.973468560752564,-0.100097366244101,-0.893521757568326,0.228605798602832,0.386468960716344,7.46470650946376,6.04517566499725
130.8,0.109156891431536,0.0259482615060021,1.00000000000037,0.209305416970452,0.0497550967506116,1.91747322798952,0.394366420480677,0.010555811471568,0.918892649465341,0.206825333870783,0.973259638944126,-0.0999447671045779,-0.895376126366175,0.229465139065884,0.381637710776828,7.46998192042454,6.04517566499776
130.85,0.109156891431543,0.0259482615056919,1.00000000000038,0.209305416970465,0.0497550967500168,1.91747322798953,0.389624522691294,0.0111990056277128,0.920905702876539,0.207884157580573,0.973050271327689,-0.0997865045791542,-0.897205053677584,0.230320975471321,0.376796151670028,7.47525733138532,6.04517566499776
130.9,0.109156891431551,0.0259482615053853,1.00000000000038,0.209305416970481,0.0497550967494289,1.91747322798955,0.38487265991072,0.0118467250236125,0.922893650839284,0.208942032802744,0.972840463729931,-0.0996225830722593,-0.899008488603697,0.231173284001303,0.371944418136028,7.4805327423461,6.04517566499827
130.95,0.10915689143156,0.0259482615050822,1.00000000000039,0.209305416970497,0.0497550967488478,1.91747322798956,0.380110964382806,0.0124989516333032,0.92485643802919,0.209998930096736,0.972630221989776,-0.0994530071458118,-0.900786380955107,0.232022040936173,0.367082645198072,7.48580815330688,6.04517566499878
131,0.10915689143157,0.0259482615047828,1.00000000000039,0.209305416970516,0.0497550967482736,1.91747322798957,0.375339568625042,0.0131556673053863,0.926794009822095,0.211054820049209,0.97241955195823,-0.0992777815190919,-0.902538681253254,0.232867222655114,0.362210968158793,7.49108356426767,6.04517566499929
131.05,0.10915689143158,0.0259482615044869,1.0000000000004,0.209305416970535,0.0497550967477063,1.91747322798958,0.370558605424878,0.0138168537635327,0.928706312295576,0.212109673274853,0.972208459498217,-0.0990969110686108,-0.904265340731804,0.233708805636806,0.357329522596458,7.49635897522845,6.0451756649998
131.1,0.109156891431591,0.0259482615041947,1.0000000000004,0.209305416970557,0.0497550967471459,1.91747322798959,0.365768207836027,0.0144824926069913,0.930593292230451,0.213163460417212,0.971996950484419,-0.0989104008279746,-0.905966311337999,0.23454676646008,0.352438444361197,7.50163438618923,6.0451756649998
131.15,0.109156891431603,0.0259482615039059,1.00000000000041,0.209305416970579,0.0497550967465923,1.91747322798959,0.360968509174753,0.0151525653111029,0.932454897112267,0.214216152149501,0.971785030803109,-0.0987182559877436,-0.907641545734007,0.235381081804577,0.347537869571202,7.50690979715002,6.04517566500031
131.2,0.109156891431615,0.0259482615036208,1.00000000000041,0.209305416970603,0.0497550967460455,1.9174732279896,0.356159643016176,0.015827053227813,0.934291075132752,0.215267719175417,0.971572706351992,-0.0985204818952889,-0.909290997298227,0.236211728451384,0.342627934608966,7.5121852081108,6.04517566500082
131.25,0.109156891431629,0.0259482615033391,1.00000000000042,0.209305416970629,0.0497550967455055,1.91747322798961,0.351341743190535,0.0165059375861937,0.936101775191265,0.21631813222996,0.971359983040033,-0.0983170840546428,-0.910914620126594,0.237038683283693,0.337708776117465,7.51746061907158,6.04517566500082
131.3,0.109156891431642,0.025948261503061,1.00000000000042,0.209305416970656,0.0497550967449722,1.91747322798962,0.346514943779489,0.017189199492963,0.937886946896207,0.217367362080243,0.971146866787302,-0.0981080681263464,-0.912512369033853,0.237861923287436,0.332780530996373,7.52273603003237,6.04517566500082
131.35,0.109156891431657,0.0259482615027864,1.00000000000043,0.209305416970684,0.0497550967444457,1.91747322798963,0.341679379112366,0.0178768199330127,0.939646540566436,0.218415379526306,0.9709333635248,-0.0978934399272912,-0.914084199554815,0.23868142555193,0.327843336398242,7.52801144099315,6.04517566500132
131.4,0.109156891431672,0.0259482615025153,1.00000000000043,0.209305416970713,0.0497550967439259,1.91747322798963,0.336835183762422,0.0185687797699383,0.941380507232645,0.219462155401936,0.970719479194302,-0.0976732054305575,-0.915630067945604,0.239497167270511,0.322897329724681,7.53328685195394,6.04517566500183
131.45,0.109156891431688,0.0259482615022477,1.00000000000043,0.209305416970743,0.0497550967434127,1.91747322798964,0.331982492543118,0.0192650597465682,0.943088798638718,0.220507660575466,0.970505219748186,-0.0974473707652489,-0.91714993118486,0.240309125741171,0.317942648622547,7.53856226291472,6.04517566500234
131.5,0.109156891431705,0.0259482615019836,1.00000000000044,0.209305416970775,0.0497550967429063,1.91747322798965,0.327121440504342,0.0199656404855039,0.944771367243085,0.221551865950597,0.970290591149271,-0.0972159422163204,-0.918643746974948,0.241117278367192,0.312979430980097,7.54383767387551,6.04517566500234
131.55,0.109156891431722,0.0259482615017229,1.00000000000044,0.209305416970808,0.0497550967424064,1.91747322798965,0.32225216292867,0.0206705024896556,0.946428166220035,0.222594742467202,0.970075599370648,-0.0969789262244045,-0.92011147374313,0.241921602657769,0.308007814923165,7.54911308483629,6.04517566500234
131.6,0.10915689143174,0.0259482615014657,1.00000000000044,0.209305416970842,0.0497550967419132,1.91747322798966,0.317374795327595,0.0213796261427864,0.948059149461025,0.223636261102134,0.969860250395516,-0.0967363293856319,-0.92155307064272,0.24272207622864,0.303027938811313,7.55438849579708,6.04517566500234
131.65,0.109156891431758,0.0259482615012119,1.00000000000045,0.209305416970877,0.0497550967414266,1.91747322798967,0.312489473437747,0.0220929917100594,0.94966427157596,0.224676392870039,0.969644550217015,-0.0964881584514472,-0.922968497554227,0.24351867680271,0.298039941233972,7.55966390675786,6.04517566500285
131.7,0.109156891431777,0.0259482615009616,1.00000000000045,0.209305416970913,0.0497550967409465,1.91747322798967,0.30759633321713,0.0228105793385843,0.951243487894459,0.225715108824156,0.969428504838058,-0.096234420328422,-0.924357715086468,0.244311382210666,0.2930439610066,7.56493931771865,6.04517566500285
131.75,0.109156891431796,0.0259482615007146,1.00000000000045,0.20930541697095,0.049755096740473,1.91747322798968,0.302695510841326,0.0235323690579723,0.952796754467094,0.22675238005713,0.969212120271165,-0.0959751220780617,-0.925720684577662,0.2451001703916,0.288040137166807,7.57021472867943,6.04517566500336
131.8,0.109156891431816,0.0259482615004711,1.00000000000045,0.209305416970988,0.049755096740006,1.91747322798968,0.297787142699713,0.0242583407808903,0.95432402806662,0.22778817770181,0.968995402538298,-0.0957102709166098,-0.927057368096511,0.245885019393619,0.28302860897049,7.57549013964022,6.04517566500336
131.85,0.109156891431836,0.0259482615002309,1.00000000000046,0.209305416971027,0.0497550967395455,1.91747322798968,0.292871365391675,0.0249884743036198,0.955825266189168,0.228822472932053,0.968778357670688,-0.0954398742148469,-0.928367728443248,0.246665907374455,0.278009515887965,7.58076555060101,6.04517566500336
131.9,0.109156891431857,0.0259482614999941,1.00000000000046,0.209305416971067,0.0497550967390915,1.91747322798969,0.287948315722774,0.0257227493066216,0.957300427055439,0.229855236963531,0.96856099170867,-0.0951639394978847,-0.929651729150684,0.247442812602078,0.272982997600064,7.58604096156179,6.04517566500387
131.95,0.109156891431878,0.0259482614997607,1.00000000000046,0.209305416971108,0.0497550967386439,1.91747322798969,0.28301813070098,0.0264611453550978,0.958749469611858,0.230886441054529,0.968343310701518,-0.0948824744449581,-0.93090933448521,0.248215713455295,0.267949193994277,7.59131637252258,6.04517566500387
132,0.1091568914319,0.0259482614995306,1.00000000000046,0.209305416971149,0.0497550967382027,1.91747322798969,0.278080947532824,0.0272036418995639,0.960172353531723,0.231916056506744,0.96812532070727,-0.0945954868892101,-0.932140509447802,0.248984588424356,0.262908245160828,7.59659178348337,6.04517566500387
132.05,0.109156891431922,0.0259482614993039,1.00000000000046,0.209305416971192,0.0497550967377679,1.9174732279897,0.273136903619605,0.0279502182764172,0.961569039216319,0.232944054666083,0.967907027792567,-0.0943029848174747,-0.933345219774988,0.249749416111551,0.257860291388806,7.60186719444415,6.04517566500387
132.1,0.109156891431945,0.0259482614990804,1.00000000000046,0.209305416971235,0.0497550967373395,1.9174732279897,0.268186136553554,0.0287008537085146,0.96293948779603,0.233970406923465,0.967688438032476,-0.0940049763700544,-0.934523431939802,0.250510175231804,0.252805473162241,7.60714260540494,6.04517566500387
132.15,0.109156891431968,0.0259482614988603,1.00000000000047,0.209305416971279,0.0497550967369174,1.9174732279897,0.263228784114,0.0294555273057506,0.964283661131415,0.234995084715614,0.967469557510329,-0.093701469840493,-0.935675113152726,0.251266844613267,0.247743931156196,7.61241801636573,6.04517566500387
132.2,0.109156891431991,0.0259482614986434,1.00000000000047,0.209305416971324,0.0497550967365016,1.91747322798971,0.258264984263553,0.0302142180656363,0.965601521814267,0.236018059525852,0.967250392317548,-0.0933924736753462,-0.936800231362588,0.252019403197911,0.242675806232864,7.61769342732651,6.04517566500438
132.25,0.109156891432015,0.0259482614984298,1.00000000000047,0.20930541697137,0.049755096736092,1.91747322798971,0.253294875144241,0.0309769048738877,0.966893033168663,0.237039302884898,0.967030948553477,-0.0930779964739447,-0.937898755257467,0.252767830042108,0.237601239437632,7.6229688382873,6.04517566500438
132.3,0.109156891432039,0.0259482614982194,1.00000000000047,0.209305416971416,0.0497550967356885,1.91747322798971,0.248318595073689,0.0317435665050094,0.968158159251974,0.238058786371653,0.966811232325214,-0.0927580469881567,-0.938970654265555,0.253512104317217,0.232520371995169,7.62824424924809,6.04517566500387
132.35,0.109156891432063,0.0259482614980122,1.00000000000047,0.209305416971463,0.0497550967352913,1.91747322798971,0.243336282541259,0.0325141816228872,0.969396864855873,0.239076481613998,0.966591249747438,-0.0924326341221433,-0.940015898556015,0.254252205310161,0.227433345305493,7.63351966020887,6.04517566500438
132.4,0.109156891432088,0.0259482614978082,1.00000000000047,0.20930541697151,0.0497550967349001,1.91747322798971,0.238348076204183,0.0332887287813836,0.970609115507311,0.240092360289581,0.966371006942241,-0.0921017669321104,-0.941034459039807,0.254988112424008,0.222340300940021,7.63879507116966,6.04517566500438
132.45,0.109156891432113,0.0259482614976074,1.00000000000047,0.209305416971558,0.049755096734515,1.91747322798971,0.233354114883736,0.0340671864249301,0.971794877469478,0.241106394126603,0.966150510038959,-0.0917654546260581,-0.942026307370498,0.255719805178537,0.217241380637658,7.64407048213045,6.04517566500438
132.5,0.109156891432139,0.0259482614974097,1.00000000000047,0.209305416971607,0.049755096734136,1.91747322798971,0.228354537561335,0.0348495328891325,0.972954117742742,0.242118554904608,0.965929765173996,-0.0914237065635225,-0.942991415945052,0.256447263210817,0.212136726300819,7.64934589309123,6.04517566500438
132.55,0.109156891432164,0.0259482614972152,1.00000000000047,0.209305416971656,0.0497550967337629,1.91747322798971,0.223349483374701,0.0356357464013693,0.974086804065568,0.243128814455266,0.965708778490661,-0.091076532255317,-0.943929757904597,0.257170466275764,0.207026479991509,7.65462130405202,6.04517566500438
132.6,0.10915689143219,0.0259482614970237,1.00000000000047,0.209305416971706,0.0497550967333958,1.91747322798971,0.218339091613976,0.0364258050813997,0.97519290491541,0.244137144663158,0.965487556138988,-0.0907239413632667,-0.944841307135174,0.257889394246714,0.201910783927355,7.65989671501281,6.04517566500438
132.65,0.109156891432216,0.0259482614968353,1.00000000000047,0.209305416971756,0.0497550967330346,1.91747322798971,0.213323501717839,0.0372196869419731,0.976272389509598,0.24514351746656,0.965266104275573,-0.0903659436999392,-0.945726038268463,0.258604027115974,0.196789780477642,7.66517212597359,6.04517566500387
132.7,0.109156891432243,0.02594826149665,1.00000000000047,0.209305416971807,0.0497550967326792,1.91747322798971,0.20830285326964,0.0380173698894391,0.977325227806188,0.24614790485822,0.9650444290634,-0.0900025492283727,-0.946583926682487,0.259314344995387,0.191663612159372,7.67044753693438,6.04517566500438
132.75,0.10915689143227,0.0259482614964677,1.00000000000047,0.209305416971858,0.0497550967323297,1.91747322798971,0.203277285993499,0.0388188317243651,0.978351390504799,0.247150278886143,0.964822536671665,-0.0896337680617972,-0.947414948502302,0.26002032811688,0.186532421633268,7.67572294789517,6.04517566500438
132.8,0.109156891432297,0.0259482614962884,1.00000000000047,0.20930541697191,0.0497550967319859,1.91747322798971,0.198246939750436,0.0396240501421504,0.979350849047429,0.248150611654363,0.964600433275611,-0.0892596104633546,-0.948219080600656,0.260721956833015,0.181396351699837,7.68099835885596,6.04517566500387
132.85,0.109156891432324,0.0259482614961121,1.00000000000047,0.209305416971962,0.0497550967316479,1.91747322798971,0.193211954534468,0.0404330027336498,0.98032357561925,0.249148875323722,0.964378125056353,-0.0888800868458123,-0.948996300598635,0.261419211617538,0.176255545295373,7.68627376981674,6.04517566500438
132.9,0.109156891432351,0.0259482614959388,1.00000000000047,0.209305416972015,0.0497550967313156,1.91747322798971,0.188172470468703,0.0412456669857978,0.981269543149385,0.250145042112646,0.964155618200704,-0.0884952077712726,-0.94974658686629,0.262112073065921,0.171110145487979,7.69154918077753,6.04517566500438
132.95,0.109156891432379,0.0259482614957685,1.00000000000047,0.209305416972068,0.0497550967309889,1.91747322798971,0.183128627801468,0.0420620202822311,0.982188725311653,0.251139084297917,0.963932918901009,-0.0881049839508808,-0.95046991852323,0.262800521895902,0.165960295473606,7.69682459173831,6.04517566500387
133,0.109156891432407,0.025948261495601,1.00000000000047,0.209305416972121,0.0497550967306679,1.91747322798971,0.178080566902376,0.0428820399039233,0.983081096525311,0.252130974215444,0.963710033354965,-0.0877094262445249,-0.95116627543921,0.263484538948021,0.160806138572038,7.7021000026991,6.04517566500387
133.05,0.109156891432435,0.0259482614954365,1.00000000000047,0.209305416972174,0.0497550967303524,1.9174732279897,0.173028428258438,0.0437057030298131,0.98394663195576,0.253120684261034,0.963486967765454,-0.087308545660535,-0.951835638234691,0.264164105186154,0.155647818222929,7.70737541365989,6.04517566500387
133.1,0.109156891432463,0.0259482614952749,1.00000000000047,0.209305416972228,0.0497550967300425,1.9174732279897,0.167972352470155,0.0445329867374404,0.98478530751524,0.254108186891158,0.963263728340368,-0.0869023533553765,-0.952477988281373,0.264839201698044,0.150485477981805,7.71265082462067,6.04517566500387
133.15,0.109156891432491,0.0259482614951161,1.00000000000046,0.209305416972282,0.049755096729738,1.9174732279897,0.162912480247582,0.0453638680035866,0.985597099863496,0.255093454623721,0.963040321292437,-0.0864908606333384,-0.953093307702723,0.265509809695824,0.14531926151605,7.71792623558146,6.04517566500336
133.2,0.109156891432519,0.0259482614949601,1.00000000000046,0.209305416972337,0.049755096729439,1.9174732279897,0.157848952406448,0.046198323704911,0.986381986408432,0.256076460038823,0.962816752839057,-0.0860740789462213,-0.953681579374464,0.266175910516544,0.140149312600942,7.72320164654225,6.04517566500336
133.25,0.109156891432548,0.025948261494807,1.00000000000046,0.209305416972391,0.0497550967291453,1.9174732279897,0.152781909864199,0.0470363306185993,0.987139945306736,0.257057175779527,0.962593029202113,-0.0856520198930156,-0.954242786925058,0.266837485622687,0.134975775115614,7.72847705750303,6.04517566500336
133.3,0.109156891432576,0.0259482614946566,1.00000000000046,0.209305416972446,0.049755096728857,1.91747322798969,0.147711493636107,0.0478778654230054,0.987870955464491,0.258035574552615,0.962369156607812,-0.0852246952195812,-0.954776914736156,0.267494516602687,0.129798793039082,7.73375246846382,6.04517566500336
133.35,0.109156891432605,0.025948261494509,1.00000000000046,0.209305416972502,0.049755096728574,1.91747322798969,0.142637844831332,0.0487229046983026,0.988574996537761,0.25901162912935,0.962145141286505,-0.0847921168183197,-0.955283947943036,0.268146985171438,0.124618510446223,7.73902787942461,6.04517566500336
133.4,0.109156891432634,0.0259482614943642,1.00000000000046,0.209305416972557,0.0497550967282962,1.91747322798969,0.137561104648989,0.0495714249271362,0.989252048933154,0.259985312346235,0.961920989472515,-0.0843542967278428,-0.955763872435018,0.26879487317081,0.119435071503758,7.74430329038539,6.04517566500285
133.45,0.109156891432663,0.025948261494222,1.00000000000046,0.209305416972612,0.0497550967280236,1.91747322798968,0.132481414374236,0.0504234024952755,0.989902093808373,0.260956597105767,0.961696707403963,-0.0839112471326386,-0.956216674855851,0.269438162570145,0.114248620466261,7.74957870134618,6.04517566500285
133.5,0.109156891432692,0.0259482614940825,1.00000000000045,0.209305416972668,0.0497550967277561,1.91747322798968,0.127398915374319,0.0512788136922743,0.990525113072738,0.261925456377193,0.961472301322597,-0.0834629803627307,-0.956642342604093,0.270076835466767,0.10905930167212,7.75485411230696,6.04517566500285
133.55,0.109156891432721,0.0259482614939457,1.00000000000045,0.209305416972724,0.0497550967274938,1.91747322798968,0.122313749094664,0.0521376347121269,0.991121089387686,0.262891863197258,0.961247777473614,-0.0830095088933373,-0.957040863833453,0.270710874086475,0.103867259539542,7.76012952326775,6.04517566500234
133.6,0.10915689143275,0.0259482614938115,1.00000000000045,0.20930541697278,0.0497550967272365,1.91747322798967,0.117226057054923,0.0529998416539331,0.991690006167257,0.263855790670961,0.961023142105489,-0.0825508453445226,-0.957412227453127,0.27134026078404,0.098672638562525,7.76540493422853,6.04517566500234
133.65,0.10915689143278,0.0259482614936799,1.00000000000045,0.209305416972836,0.0497550967269841,1.91747322798967,0.112135980845029,0.0538654105225643,0.992231847578558,0.264817211972301,0.960798401469802,-0.0820870024808448,-0.957756423128104,0.271964978043697,0.0934755833068233,7.77068034518932,6.04517566500234
133.7,0.109156891432809,0.0259482614935509,1.00000000000045,0.209305416972892,0.0497550967267367,1.91747322798967,0.107043662121285,0.0547343172293273,0.992746598542198,0.265776100345022,0.960573561821062,-0.0816179932110035,-0.958073441279455,0.272585008479627,0.0882762384059546,7.7759557561501,6.04517566500183
133.75,0.109156891432838,0.0259482614934244,1.00000000000044,0.209305416972948,0.0497550967264943,1.91747322798966,0.101949242602383,0.0556065375926398,0.993234244732711,0.266732429103362,0.960348629416532,-0.0811438305874773,-0.958363273084596,0.273200334836449,0.08307474855714,7.78123116711089,6.04517566500183
133.8,0.109156891432868,0.0259482614933005,1.00000000000044,0.209305416973005,0.0497550967262566,1.91747322798966,0.0968528640654963,0.056482047338699,0.993694772578954,0.267686171632789,0.960123610516058,-0.0806645278061633,-0.95862591047754,0.273810939989693,0.0778712585173069,7.78650657807167,6.04517566500132
133.85,0.109156891432897,0.0259482614931791,1.00000000000044,0.209305416973061,0.0497550967260238,1.91747322798965,0.0917546683423114,0.0573608221021591,0.994128169264485,0.268637301390748,0.959898511381892,-0.0801800982060083,-0.958861346149113,0.274416806946282,0.0726659130990451,7.79178198903246,6.04517566500183
133.9,0.109156891432926,0.0259482614930601,1.00000000000044,0.209305416973117,0.0497550967257957,1.91747322798965,0.0866547973150806,0.0582428374268107,0.99453442272792,0.269585791907396,0.95967333827852,-0.0796905552686372,-0.959069573547167,0.275017918845002,0.0674588571665714,7.79705739999324,6.04517566500132
133.95,0.109156891432956,0.0259482614929436,1.00000000000044,0.209305416973174,0.0497550967255723,1.91747322798965,0.0815533929126932,0.0591280687662574,0.994913521663265,0.270531616786341,0.959448097472486,-0.0791959126179799,-0.959250586876754,0.275614258956969,0.0622502356317201,7.80233281095403,6.04517566500132
134,0.109156891432985,0.0259482614928295,1.00000000000043,0.20930541697323,0.0497550967253536,1.91747322798964,0.0764505971066969,0.0600164914846043,0.995265455520239,0.271474749705375,0.959222795232219,-0.0786961840198894,-0.959404381100292,0.276205810686102,0.0570401934498803,7.80760822191481,6.04517566500132
134.05,0.109156891433015,0.0259482614927179,1.00000000000043,0.209305416973286,0.0497550967251395,1.91747322798964,0.0713465519073731,0.0609080808571385,0.995590214504557,0.272415164417206,0.958997437827857,-0.078191383381761,-0.959530951937703,0.276792557569576,0.0518288756159891,7.8128836328756,6.04517566500082
134.1,0.109156891433044,0.0259482614926086,1.00000000000043,0.209305416973343,0.0497550967249299,1.91747322798963,0.0662413993597735,0.0618028120710199,0.99588778957821,0.27335283475019,0.958772031531071,-0.0776815247521445,-0.959630295866536,0.277374483278287,0.0466164271604846,7.81815904383638,6.04517566500031
134.15,0.109156891433073,0.0259482614925017,1.00000000000043,0.209305416973399,0.0497550967247249,1.91747322798963,0.0611352815397589,0.0627006602259724,0.996158172459716,0.274287734609059,0.958546582614898,-0.0771666223203521,-0.959702410122057,0.277951571617303,0.0414029931452613,7.82343445479716,6.04517566500031
134.2,0.109156891433103,0.025948261492397,1.00000000000042,0.209305416973455,0.0497550967245243,1.91747322798962,0.0560283405500619,0.0636016003349743,0.996401355624347,0.275219837975647,0.958321097353556,-0.0766466904160654,-0.959747292697336,0.278523806526314,0.0361887186596506,7.82870986575794,6.04517566500031
134.25,0.109156891433132,0.0259482614922947,1.00000000000042,0.209305416973511,0.0497550967243281,1.91747322798962,0.0509207185163162,0.0645056073249568,0.996617332304341,0.276149118909614,0.958095582022276,-0.076121743508935,-0.959764942343294,0.279091172080084,0.030973748816366,7.83398527671873,6.0451756649998
134.3,0.109156891433161,0.0259482614921947,1.00000000000042,0.209305416973568,0.0497550967241363,1.91747322798961,0.0458125575831165,0.0654126560374984,0.996806096489088,0.277075551549169,0.957870042897128,-0.0755917962081791,-0.959755358568743,0.279653652488887,0.025758228747481,7.83926068767951,6.0451756649998
134.35,0.10915689143319,0.0259482614920969,1.00000000000042,0.209305416973624,0.0497550967239488,1.91747322798961,0.0407039999100536,0.0663227212295273,0.996967642925302,0.277999110111786,0.957644486254841,-0.0750568632621764,-0.959718541640401,0.280211232098952,0.0205423036003797,7.84453609864029,6.0451756649998
134.4,0.109156891433219,0.0259482614920013,1.00000000000041,0.209305416973679,0.0497550967237655,1.9174732279896,0.0355951876677513,0.0672357775740246,0.997101967117162,0.278919768894928,0.957418918372634,-0.0745169595580547,-0.959654492582876,0.280763895392896,0.0153261185337116,7.84981150960108,6.04517566499929
134.45,0.109156891433249,0.025948261491908,1.00000000000041,0.209305416973735,0.0497550967235865,1.9174732279896,0.0304862630339322,0.0681517996607256,0.997209065326439,0.279837502276754,0.957193345528037,-0.0739721001212787,-0.959563213178649,0.281311626990157,0.0101098187133741,7.85508692056186,6.04517566499878
134.5,0.109156891433278,0.0259482614918168,1.00000000000041,0.209305416973791,0.0497550967234116,1.91747322798959,0.0253773681894312,0.069070761996832,0.997288934572602,0.280752284716842,0.956967773998719,-0.0734223001152294,-0.959444705968015,0.281854411647422,0.00489354930844208,7.86036233152264,6.04517566499878
134.55,0.109156891433307,0.0259482614917277,1.0000000000004,0.209305416973846,0.0497550967232409,1.91747322798959,0.0202686453142661,0.0699926390077167,0.997341572632897,0.281664090756889,0.956742210062312,-0.0728675748407842,-0.959298974249019,0.28239223425905,-0.000322544512843659,7.86563774248343,6.04517566499878
134.6,0.109156891433335,0.0259482614916408,1.0000000000004,0.209305416973902,0.0497550967230742,1.91747322798958,0.0151602365836662,0.0709174050376376,0.997366978042413,0.282572895021429,0.956516659996238,-0.0723079397358903,-0.959126022077358,0.282925079857493,-0.00553831758713141,7.87091315344421,6.04517566499827
134.65,0.109156891433364,0.025948261491556,1.0000000000004,0.209305416973957,0.0497550967229115,1.91747322798957,0.0100522841641114,0.0718450343504531,0.99736515009412,0.283478672218534,0.956291130077532,-0.0717434103751339,-0.958925854266273,0.283452933613713,-0.0107536247600028,7.87618856440499,6.04517566499827
134.7,0.109156891433393,0.0259482614914732,1.0000000000004,0.209305416974012,0.0497550967227528,1.91747322798957,0.00494493020939289,0.0727755011303346,0.997336088838889,0.284381397140517,0.956065626582666,-0.0711740024693093,-0.958698476386414,0.283975780837597,-0.0159683208899951,7.88146397536577,6.04517566499827
134.75,0.109156891433422,0.0259482614913925,1.00000000000039,0.209305416974067,0.049755096722598,1.91747322798956,-0.000161683143362949,0.0737087794824891,0.997279795085493,0.285281044664639,0.955840155787382,-0.0705997318649788,-0.958443894765684,0.284493606978358,-0.0211822608526602,7.88673938632655,6.04517566499725
134.8,0.10915689143345,0.0259482614913137,1.00000000000039,0.209305416974122,0.0497550967224471,1.91747322798956,-0.00526741377763453,0.0746448434338763,0.99719627040058,0.286177589753801,0.955614723966506,-0.070020614544034,-0.958162116489063,0.28500639762495,-0.0263952995445882,7.89201479728733,6.04517566499725
134.85,0.109156891433479,0.025948261491237,1.00000000000039,0.209305416974176,0.0497550967223,1.91747322798955,-0.0103721196014654,0.0755836669339333,0.997085517108635,0.287071007457247,0.955389337393784,-0.0694366666232502,-0.957853149398411,0.285514138506462,-0.0316072918874503,7.89729020824811,6.04517566499725
134.9,0.109156891433507,0.0259482614911623,1.00000000000038,0.209305416974231,0.0497550967221567,1.91747322798955,-0.0154756585514262,0.0765252238553002,0.996947538291908,0.287961272911255,0.9551640023417,-0.0688479043538369,-0.95751700209225,0.286016815492519,-0.0368180928320448,7.90256561920889,6.04517566499674
134.95,0.109156891433535,0.0259482614910895,1.00000000000038,0.209305416974285,0.049755096722017,1.91747322798954,-0.0205778885965533,0.0774694879945448,0.996782337790338,0.288848361339829,0.954938725081306,-0.0682543441209875,-0.957153683925525,0.28651441459367,-0.0420275573623175,7.90784103016967,6.04517566499674
135,0.109156891433563,0.0259482614910186,1.00000000000038,0.209305416974339,0.0497550967218811,1.91747322798953,-0.0256786677423196,0.078416433072895,0.996589920201436,0.289732248055391,0.954713511882044,-0.067656002443421,-0.956763205009342,0.287006921961787,-0.0472355404994171,7.91311644113045,6.04517566499674
135.05,0.109156891433591,0.0259482614909496,1.00000000000037,0.209305416974392,0.0497550967217488,1.91747322798953,-0.0307778540345666,0.0793660327369669,0.996370290880164,0.290612908459466,0.954488369011574,-0.0670528959729248,-0.95634557621069,0.287494323890438,-0.0524418973057088,7.91839185209123,6.04517566499623
135.1,0.109156891433619,0.0259482614908824,1.00000000000037,0.209305416974446,0.04975509672162,1.91747322798952,-0.0358753055634667,0.0803182605594999,0.996123455938783,0.291490318043364,0.9542633027356,-0.0664450414938895,-0.955900809152135,0.28797660681528,-0.057646482888821,7.92366726305201,6.04517566499573
135.15,0.109156891433647,0.0259482614908171,1.00000000000037,0.209305416974499,0.0497550967214948,1.91747322798952,-0.0409708804674773,0.0812730900400934,0.995849422246684,0.292364452388869,0.954038319317691,-0.0658324559228417,-0.955428916211498,0.288453757314428,-0.0628491524056812,7.92894267401279,6.04517566499522
135.2,0.109156891433674,0.0259482614907536,1.00000000000036,0.209305416974552,0.0497550967213731,1.91747322798951,-0.0460644369372729,0.0822304946059412,0.995548197430197,0.293235287168912,0.953813425019114,-0.0652151563079749,-0.954929910521509,0.288925762108834,-0.068049761066532,7.93421808497357,6.04517566499573
135.25,0.109156891433702,0.0259482614906919,1.00000000000036,0.209305416974604,0.0497550967212548,1.9174732279895,-0.0511558332197114,0.0831904476125745,0.995219789872376,0.294102798148253,0.953588626098653,-0.0645931598286725,-0.954403805969447,0.289392608062653,-0.0732481641389802,7.93949349593435,6.04517566499522
135.3,0.109156891433729,0.025948261490632,1.00000000000036,0.209305416974657,0.0497550967211399,1.9174732279895,-0.0562449276217573,0.0841529223445999,0.994864208712771,0.29496696118415,0.953363928812438,-0.0639664837950328,-0.953850617196745,0.28985428218361,-0.0784442169520021,7.94476890689513,6.04517566499471
135.35,0.109156891433756,0.0259482614905738,1.00000000000036,0.209305416974709,0.0497550967210283,1.91747322798949,-0.0613315785144404,0.0851178920164453,0.994481463847167,0.295827752227036,0.953139339413774,-0.0633351456473847,-0.953270359598591,0.290310771623363,-0.0836377748999862,7.95004431785591,6.04517566499471
135.4,0.109156891433783,0.0259482614905174,1.00000000000035,0.209305416974761,0.04975509672092,1.91747322798948,-0.0664156443368001,0.0860853297731059,0.994071565927315,0.296685147321185,0.952914864152957,-0.0626991629558027,-0.952663049323492,0.290762063677859,-0.0888286934467596,7.95531972881669,6.0451756649942
135.45,0.10915689143381,0.0259482614904626,1.00000000000035,0.209305416974812,0.049755096720815,1.91747322798948,-0.0714969835998042,0.0870552086908878,0.993634526360631,0.297539122605381,0.952690509277113,-0.0620585534196201,-0.952028703272832,0.291208145787685,-0.0940168281295899,7.96059513977746,6.0451756649942
135.5,0.109156891433837,0.0259482614904095,1.00000000000035,0.209305416974863,0.0497550967207132,1.91747322798947,-0.0765754548903159,0.0880275017781629,0.993170357309881,0.29838965431358,0.952466281030014,-0.0614133348669329,-0.951367339100394,0.291649005538423,-0.0992020345632348,7.96587055073824,6.0451756649942
135.55,0.109156891433864,0.0259482614903581,1.00000000000034,0.209305416974914,0.0497550967206146,1.91747322798947,-0.0816509168750025,0.0890021819761147,0.992679071692842,0.299236718775573,0.952242185651908,-0.0607635252541069,-0.950678975211875,0.292084630660993,-0.104384168443934,7.97114596169902,6.04517566499318
135.6,0.10915689143389,0.0259482614903082,1.00000000000034,0.209305416974965,0.0497550967205191,1.91747322798946,-0.0867232283042794,0.0899792221594937,0.992160683181941,0.300080292417644,0.952018229379347,-0.0601091426652768,-0.949963630764371,0.292515009031991,-0.109563085553434,7.9764213726598,6.04517566499318
135.65,0.109156891433916,0.02594826149026,1.00000000000034,0.209305416975015,0.0497550967204266,1.91747322798945,-0.0917922480162532,0.0909585951373743,0.991615206203877,0.300920351763225,0.951794418445011,-0.0594502053118411,-0.949221325665842,0.292940128674032,-0.114738641763017,7.98169678362058,6.04517566499318
135.7,0.109156891433942,0.0259482614902134,1.00000000000033,0.209305416975065,0.0497550967203372,1.91747322798945,-0.0968578349406244,0.0919402736539068,0.991042655939218,0.301756873433553,0.951570759077535,-0.0587867315319589,-0.948452080574565,0.293359977756082,-0.119910693037485,7.98697219458135,6.04517566499267
135.75,0.109156891433968,0.0259482614901683,1.00000000000033,0.209305416975115,0.0497550967202507,1.91747322798944,-0.101919848102641,0.0929242303890814,0.990443048321978,0.302589834148317,0.951347257501336,-0.0581187397900358,-0.947655916898549,0.293774544593784,-0.125079095439192,7.99224760554213,6.04517566499267
135.8,0.109156891433994,0.0259482614901247,1.00000000000033,0.209305416975164,0.0497550967201672,1.91747322798943,-0.106978146626998,0.0939104379594832,0.989816400039174,0.303419210726306,0.951123919936439,-0.0574462486762132,-0.946832856794946,0.294183817649785,-0.130243705132034,7.99752301650291,6.04517566499216
135.85,0.109156891434019,0.0259482614900827,1.00000000000032,0.209305416975213,0.0497550967200866,1.91747322798943,-0.112032589741771,0.0948988689190579,0.989162728530364,0.304244980086055,0.950900752598305,-0.0567692769058492,-0.945982923169434,0.294587785534058,-0.135404378385455,8.00279842746368,6.04517566499267
135.9,0.109156891434045,0.0259482614900421,1.00000000000032,0.209305416975262,0.0497550967200088,1.91747322798942,-0.117083036782336,0.0958894957598748,0.988482051987158,0.30506711924649,0.95067776169766,-0.0560878433189975,-0.945106139675579,0.294986437004221,-0.14056097157846,8.00807383842446,6.04517566499115
135.95,0.10915689143407,0.025948261490003,1.00000000000032,0.20930541697531,0.0497550967199338,1.91747322798941,-0.122129347195271,0.0968822909128909,0.987774389352714,0.305885605327561,0.950454953440316,-0.0554019668798847,-0.944202530714173,0.295379760965843,-0.145713341203588,8.01334924938523,6.04517566499115
136,0.109156891434095,0.0259482614899653,1.00000000000031,0.209305416975358,0.0497550967198615,1.91747322798941,-0.127171380542285,0.097877226748721,0.987039760321209,0.306700415550888,0.950232334027003,-0.0547116666763804,-0.94327212143256,0.295767746472759,-0.150861343870933,8.01862466034601,6.04517566499013
136.05,0.10915689143412,0.025948261489929,1.00000000000031,0.209305416975406,0.049755096719792,1.9174732279894,-0.132208996504112,0.0988742755784038,0.986278185337292,0.307511527240386,0.950009909653198,-0.0540169619194678,-0.942314937723934,0.296150382727373,-0.156004836312113,8.02390007130679,6.04517566499115
136.1,0.109156891434145,0.0259482614898942,1.0000000000003,0.209305416975453,0.0497550967197251,1.91747322798939,-0.13724205488442,0.0998734096541732,0.985489685595517,0.3083189178229,0.949787686508947,-0.0533178719427085,-0.941331006226618,0.296527659080958,-0.161143675384265,8.02917548226756,6.04517566499115
136.15,0.109156891434169,0.0259482614898606,1.0000000000003,0.2093054169755,0.0497550967196608,1.91747322798939,-0.142270415613721,0.100874601170232,0.98467428303975,0.309122564828835,0.949565670778697,-0.0526144162017036,-0.940320354323324,0.296899565033953,-0.166277718074035,8.03445089322834,6.04517566499115
136.2,0.109156891434193,0.0259482614898285,1.0000000000003,0.209305416975547,0.0497550967195991,1.91747322798938,-0.147293938753253,0.101877822263525,0.983832000362559,0.309922445892778,0.949343868641124,-0.0519066142735538,-0.93928301014039,0.297266090236251,-0.171406821501543,8.03972630418911,6.04517566499115
136.25,0.109156891434217,0.0259482614897976,1.00000000000029,0.209305416975593,0.04975509671954,1.91747322798937,-0.152312484498891,0.102883045014512,0.982962861004584,0.310718538754122,0.949122286268957,-0.0511944858563128,-0.938219002546995,0.297627224487497,-0.176530842924376,8.04500171514989,6.04517566498911
136.3,0.109156891434241,0.0259482614897681,1.00000000000029,0.209305416975639,0.0497550967194833,1.91747322798937,-0.157325913185026,0.103890241447948,0.982066889153883,0.311510821257684,0.948900929828811,-0.0504780507684411,-0.937128361154362,0.29798295773736,-0.181649639741547,8.05027712611066,6.04517566498911
136.35,0.109156891434265,0.0259482614897398,1.00000000000029,0.209305416975684,0.0497550967194292,1.91747322798936,-0.162334085288457,0.104899383533661,0.98114410974526,0.312299271354326,0.948679805481013,-0.049757328948253,-0.936011116314928,0.298333280085822,-0.186763069497471,8.05555253707143,6.04517566498911
136.4,0.109156891434288,0.0259482614897128,1.00000000000028,0.209305416975729,0.0497550967193774,1.91747322798936,-0.167336861432278,0.105910443187333,0.980194548459569,0.313083867101562,0.948458919379431,-0.0490323404533612,-0.934867299121499,0.298678181783447,-0.191870989885934,8.06082794803221,6.04517566498911
136.45,0.109156891434312,0.0259482614896871,1.00000000000028,0.209305416975774,0.049755096719328,1.91747322798935,-0.17233410238974,0.106923392271276,0.979218231723003,0.313864586664175,0.948238277671301,-0.0483031054601214,-0.933696941406391,0.299017653231658,-0.196973258754032,8.06610335899298,6.04517566498809
136.5,0.109156891434335,0.0259482614896626,1.00000000000028,0.209305416975818,0.049755096719281,1.91747322798934,-0.177325669088156,0.107938202595224,0.978215186706356,0.31464140831482,0.94801788649706,-0.0475696442630666,-0.932500075740536,0.299351684982998,-0.202069734106163,8.07137876995375,6.04517566498911
136.55,0.109156891434358,0.0259482614896392,1.00000000000027,0.209305416975862,0.0497550967192362,1.91747322798934,-0.182311422612736,0.108954845917111,0.977185441324265,0.315414310434631,0.947797751990171,-0.0468319772743465,-0.931276735432582,0.2996802677414,-0.207160274107938,8.07665418091453,6.04517566498809
136.6,0.10915689143438,0.0259482614896171,1.00000000000027,0.209305416975906,0.0497550967191938,1.91747322798933,-0.187291224210477,0.109973293943857,0.97612902423444,0.316183271513822,0.947577880276955,-0.046090125023157,-0.930026954527963,0.300003392362439,-0.212244737090159,8.0819295918753,6.04517566498911
136.65,0.109156891434403,0.0259482614895961,1.00000000000027,0.209305416975949,0.0497550967191535,1.91747322798932,-0.192264935294019,0.110993518332162,0.975045964836856,0.316948270152287,0.947358277476418,-0.0453441081551689,-0.928750767807952,0.30032104985359,-0.217322981552751,8.08720500283607,6.04517566498708
136.7,0.109156891434425,0.0259482614895762,1.00000000000026,0.209305416975991,0.0497550967191154,1.91747322798932,-0.197232417445494,0.112015490689284,0.973936293272946,0.317709285060191,0.947138949700084,-0.0445939474319549,-0.927448210788693,0.300633231374478,-0.222394866168692,8.09248041379684,6.04517566498708
136.75,0.109156891434447,0.0259482614895575,1.00000000000026,0.209305416976034,0.0497550967190795,1.91747322798931,-0.202193532420395,0.11303918257384,0.972800040424753,0.31846629505857,0.946919903051822,-0.0438396637304094,-0.926119319720213,0.300939928237125,-0.227460249787966,8.09775582475762,6.04517566498606
136.8,0.109156891434469,0.0259482614895398,1.00000000000026,0.209305416976076,0.0497550967190457,1.9174732279893,-0.207148142151404,0.114064565496591,0.971637237914077,0.319219279079914,0.946701143627678,-0.0430812780421698,-0.924764131585412,0.301241131906187,-0.232518991441468,8.10303123571839,6.04517566498708
136.85,0.109156891434491,0.0259482614895233,1.00000000000025,0.209305416976117,0.0497550967190139,1.9174732279893,-0.212096108752245,0.115091610921236,0.97044791810159,0.319968216168756,0.946482677515703,-0.0423188114730313,-0.923382684099036,0.301536833999199,-0.237570950344943,8.10830664667916,6.04517566498809
136.9,0.109156891434512,0.0259482614895078,1.00000000000025,0.209305416976159,0.0497550967189842,1.91747322798929,-0.217037294521526,0.116120290265209,0.96923211408594,0.320713085482254,0.946264510795787,-0.0415522852423588,-0.921975015706624,0.301827026286801,-0.242615985902903,8.11358205763993,6.04517566498708
136.95,0.109156891434534,0.0259482614894933,1.00000000000025,0.209305416976199,0.0497550967189564,1.91747322798929,-0.221971561946551,0.117150574900468,0.967989859702827,0.321453866290771,0.946046649539488,-0.040781720682499,-0.920541165583443,0.302111700692973,-0.247653957712524,8.1188574686007,6.04517566498606
137,0.109156891434555,0.0259482614894798,1.00000000000024,0.20930541697624,0.0497550967189305,1.91747322798928,-0.226898773707179,0.118182436154301,0.96672118952406,0.322190537978457,0.94582909980986,-0.0400071392381823,-0.919081173633391,0.302390849295255,-0.25268472556758,8.12413287956147,6.04517566498504
137.05,0.109156891434576,0.0259482614894673,1.00000000000024,0.20930541697628,0.0497550967189066,1.91747322798927,-0.23181879267961,0.119215845310114,0.9654261388566,0.322923080043813,0.945611867661291,-0.0392285624659309,-0.917595080487894,0.30266446432497,-0.257708149462321,8.12940829052224,6.04517566498504
137.1,0.109156891434596,0.0259482614894558,1.00000000000024,0.209305416976319,0.0497550967188846,1.91747322798927,-0.236731481940229,0.120250773608239,0.964104743741572,0.323651472100269,0.945394959139328,-0.0384460120334555,-0.916082927504771,0.302932538167441,-0.262724089595379,8.13468370148301,6.04517566498504
137.15,0.109156891434617,0.0259482614894453,1.00000000000023,0.209305416976358,0.0497550967188643,1.91747322798926,-0.241636704769408,0.121287192246729,0.962757040953265,0.324375693876752,0.945178380280515,-0.0376595097190526,-0.91454475676708,0.303195063362201,-0.267732406373666,8.13995911244379,6.04517566498606
137.2,0.109156891434637,0.0259482614894356,1.00000000000023,0.209305416976397,0.0497550967188459,1.91747322798925,-0.246534324655297,0.122325072382159,0.961383067998109,0.325095725218243,0.944962137112216,-0.0368690774110012,-0.912980611081956,0.303452032603199,-0.272732960416239,8.14523452340455,6.04517566498504
137.25,0.109156891434657,0.025948261489427,1.00000000000023,0.209305416976436,0.0497550967188292,1.91747322798925,-0.25142420529765,0.123364385130435,0.959982863113626,0.325811546086346,0.944746235652458,-0.0360747371069493,-0.911390533979408,0.303703438739011,-0.277725612558204,8.15050993436533,6.04517566498504
137.3,0.109156891434677,0.0259482614894192,1.00000000000023,0.209305416976474,0.0497550967188143,1.91747322798924,-0.256306210611591,0.12440510156759,0.958556465267375,0.326523136559839,0.944530681909756,-0.035276510913306,-0.909774569711119,0.303949274773028,-0.282710223854566,8.1557853453261,6.04517566498402
137.35,0.109156891434696,0.0259482614894123,1.00000000000022,0.209305416976511,0.0497550967188011,1.91747322798924,-0.261180204731418,0.125447192730592,0.95710391415586,0.327230476835233,0.944315481882948,-0.0344744210446234,-0.908132763249207,0.304189533863658,-0.287686655584109,8.16106075628687,6.04517566498504
137.4,0.109156891434716,0.0259482614894062,1.00000000000022,0.209305416976548,0.0497550967187895,1.91747322798923,-0.266046052014384,0.126490629618154,0.955625250203427,0.327933547227323,0.944100641561028,-0.0336684898229789,-0.906465160284975,0.304424209324518,-0.292654769253257,8.16633616724764,6.045175664983
137.45,0.109156891434735,0.0259482614894011,1.00000000000022,0.209305416976585,0.0497550967187796,1.91747322798922,-0.270903617044459,0.127535383191534,0.954120514561142,0.328632328169731,0.943886166922981,-0.0328587396773555,-0.904771807227641,0.304653294624612,-0.297614426599918,8.1716115782084,6.045175664983
137.5,0.109156891434754,0.0259482614893967,1.00000000000021,0.209305416976621,0.0497550967187712,1.91747322798922,-0.275752764636117,0.12858142437535,0.952589749105639,0.329326800215458,0.943672063937613,-0.032045193143015,-0.903052751203044,0.304876783388521,-0.302565489597347,8.17688698916917,6.045175664983
137.55,0.109156891434772,0.0259482614893932,1.00000000000021,0.209305416976657,0.0497550967187645,1.91747322798921,-0.280593359838083,0.129628724058385,0.951032996437964,0.330016944037418,0.943458338563389,-0.0312278728608731,-0.901308040052334,0.305094669396576,-0.307507820457974,8.18216240012994,6.04517566498402
137.6,0.109156891434791,0.0259482614893905,1.00000000000021,0.209305416976693,0.0497550967187593,1.91747322798921,-0.28542526793709,0.130677253094395,0.949450299882381,0.330702740428979,0.943244996748262,-0.0304068015768692,-0.899537722330645,0.305306946585031,-0.31244128163724,8.18743781109071,6.045175664983
137.65,0.109156891434809,0.0259482614893885,1.0000000000002,0.209305416976728,0.0497550967187556,1.9174732279892,-0.290248354461643,0.131726982302927,0.947841703485172,0.3313841703045,0.943032044429514,-0.0295820021413312,-0.897741847305731,0.305513609046235,-0.317365735837436,8.19271322205148,6.045175664983
137.7,0.109156891434827,0.0259482614893874,1.0000000000002,0.209305416976763,0.0497550967187533,1.91747322798919,-0.295062485185739,0.132777882470125,0.946207252013408,0.332061214699857,0.942819487533586,-0.0287534975083423,-0.895920464956611,0.305714651028793,-0.32228104601151,8.19798863301224,6.045175664983
137.75,0.109156891434845,0.0259482614893869,1.0000000000002,0.209305416976797,0.0497550967187525,1.91747322798919,-0.299867526132625,0.133829924349549,0.944546990953703,0.332733854772977,0.942607331975914,-0.0279213107351,-0.894073625972165,0.305910066937727,-0.327187075366892,8.20326404397301,6.04517566498199
137.8,0.109156891434863,0.0259482614893872,1.00000000000019,0.209305416976831,0.0497550967187531,1.91747322798918,-0.304663343578506,0.13488307866298,0.942860966510949,0.333402071804354,0.942395583660764,-0.0270854649812762,-0.892201381749731,0.306099851334632,-0.332083687369293,8.20853945493378,6.04517566498199
137.85,0.10915689143488,0.0259482614893882,1.00000000000019,0.209305416976864,0.049755096718755,1.91747322798918,-0.309449804056278,0.135937316101244,0.941149225607035,0.334065847197578,0.942184248481073,-0.0262459835083719,-0.890303784393673,0.306283998937829,-0.336970745746506,8.21381486589455,6.04517566498097
137.9,0.109156891434898,0.02594826148939,1.00000000000019,0.209305416976898,0.0497550967187583,1.91747322798917,-0.314226774359249,0.136992607325022,0.939411815879529,0.33472516247985,0.941973332318273,-0.0254028896790685,-0.888380886713925,0.306462504622508,-0.34184811449221,8.21909027685532,6.04517566498199
137.95,0.109156891434915,0.0259482614893924,1.00000000000019,0.20930541697693,0.0497550967187629,1.91747322798917,-0.318994121544824,0.138048922965669,0.937648785680366,0.335379999302492,0.941762841042142,-0.0245562069565808,-0.886432742224534,0.306635363420876,-0.346715657869731,8.22436568781608,6.04517566498097
138,0.109156891434932,0.0259482614893954,1.00000000000018,0.209305416976963,0.0497550967187688,1.91747322798916,-0.323751712938232,0.13910623362603,0.935860184074492,0.336030339441465,0.941552780510629,-0.023705958904,-0.884459405142155,0.30680257052229,-0.351573240415849,8.22964109877685,6.04517566498199
138.05,0.109156891434948,0.0259482614893991,1.00000000000018,0.209305416976994,0.0497550967187758,1.91747322798915,-0.328499416136194,0.140164509881259,0.934046060838504,0.33667616479787,0.941343156569697,-0.0228521691836418,-0.882460930384557,0.306964121273393,-0.356420726944543,8.23491650973762,6.04517566498097
138.1,0.109156891434965,0.0259482614894034,1.00000000000018,0.209305416977026,0.0497550967187842,1.91747322798915,-0.33323709901062,0.141223722279638,0.932206466459266,0.337317457398453,0.941133975053159,-0.0219948615563865,-0.880437373569086,0.307120011178245,-0.36125798255076,8.24019192069838,6.04517566498097
138.15,0.109156891434981,0.0259482614894084,1.00000000000017,0.209305416977057,0.0497550967187936,1.91747322798914,-0.337964629712294,0.142283841343395,0.930341452132495,0.337954199396109,0.940925241782513,-0.0211340598810145,-0.878388791011114,0.307270235898446,-0.366084872614188,8.24546733165915,6.04517566497995
138.2,0.109156891434997,0.025948261489414,1.00000000000017,0.209305416977088,0.0497550967188043,1.91747322798914,-0.34268187667452,0.143344837569527,0.92845106976135,0.338586373070373,0.940716962566787,-0.0202697881135491,-0.876315239722487,0.307414791253258,-0.370901262802968,8.25074274261991,6.04517566497893
138.25,0.109156891435013,0.0259482614894201,1.00000000000017,0.209305416977118,0.0497550967188161,1.91747322798913,-0.347388708616808,0.14440668143062,0.926535371954974,0.339213960827919,0.940509143202369,-0.0194020703065826,-0.874216777409918,0.307553673219719,-0.375707019077468,8.25601815358068,6.04517566497995
138.3,0.109156891435028,0.0259482614894268,1.00000000000017,0.209305416977148,0.049755096718829,1.91747322798913,-0.352084994548517,0.145469343375668,0.924594412027037,0.339836945203043,0.94030178947285,-0.0185309306086113,-0.872093462473395,0.307686877932761,-0.380502007693989,8.26129356454145,6.04517566498097
138.35,0.109156891435044,0.0259482614894341,1.00000000000016,0.209305416977177,0.0497550967188429,1.91747322798912,-0.356770603772489,0.1465327938309,0.922628243994256,0.340455308858156,0.940094907148862,-0.0176563932633641,-0.869945354004556,0.307814401685307,-0.385286095208488,8.26656897550221,6.04517566497995
138.4,0.109156891435059,0.0259482614894419,1.00000000000016,0.209305416977207,0.0497550967188579,1.91747322798912,-0.361445405888711,0.1475970032006,0.920636922574881,0.34106903458426,0.93988850198792,-0.0167784826091232,-0.867772511785033,0.307936240928388,-0.390059148480315,8.27184438646298,6.04517566497995
138.45,0.109156891435074,0.0259482614894503,1.00000000000016,0.209305416977235,0.049755096718874,1.91747322798911,-0.366109270797921,0.148661941867931,0.918620503187181,0.341678105301433,0.939682579734258,-0.0158972230780521,-0.865574996284804,0.308052392271227,-0.394821034675885,8.27711979742374,6.04517566497893
138.5,0.109156891435089,0.0259482614894592,1.00000000000015,0.209305416977264,0.049755096718891,1.91747322798911,-0.370762068705246,0.149727580195762,0.916579041947899,0.342282504059299,0.939477146118671,-0.0150126391955112,-0.863352868660493,0.308162852481347,-0.399571621272404,8.28239520838451,6.04517566497791
138.55,0.109156891435103,0.0259482614894686,1.00000000000015,0.209305416977292,0.0497550967189091,1.9174732279891,-0.375403670123802,0.150793888527488,0.914512595670688,0.342882214037505,0.939272206858354,-0.0141247555793787,-0.861106190753683,0.30826761848465,-0.404310776061538,8.28767061934527,6.04517566497893
138.6,0.109156891435118,0.0259482614894785,1.00000000000015,0.209305416977319,0.049755096718928,1.9174732279891,-0.380033945878302,0.151860837187858,0.912421221864535,0.343477218546183,0.939067767656746,-0.0132335969393634,-0.858835025089188,0.30836668736551,-0.409038367153102,8.29294603030604,6.04517566497791
138.65,0.109156891435132,0.0259482614894888,1.00000000000015,0.209305416977346,0.0497550967189479,1.91747322798909,-0.384652767108651,0.152928396483802,0.910304978732156,0.344067501026419,0.93886383420337,-0.0123391880763181,-0.856539434873312,0.30846005636685,-0.413754262978724,8.2982214412668,6.04517566497791
138.7,0.109156891435146,0.0259482614894997,1.00000000000014,0.209305416977373,0.0497550967189687,1.91747322798909,-0.389260005273536,0.153996536705256,0.908163925168377,0.344653045050714,0.938660412173671,-0.0114415538815484,-0.854219483992093,0.308547722890221,-0.418458332295513,8.30349685222756,6.04517566497791
138.75,0.10915689143516,0.025948261489511,1.00000000000014,0.2093054169774,0.0497550967189904,1.91747322798908,-0.393855532153997,0.155065228125988,0.905998120758497,0.345233834323438,0.938457507228865,-0.0105407193361204,-0.851875237009522,0.308629684495871,-0.423150444189711,8.30877226318833,6.04517566497791
138.8,0.109156891435173,0.0259482614895227,1.00000000000014,0.209305416977426,0.0497550967190129,1.91747322798907,-0.398439219856996,0.156134441004428,0.903807625776627,0.345809852681286,0.938255125015773,-0.00963670951016657,-0.84950675916575,0.308705938902819,-0.427830468080329,8.31404767414909,6.04517566497791
138.85,0.109156891435187,0.0259482614895349,1.00000000000014,0.209305416977451,0.0497550967190362,1.91747322798907,-0.403010940818978,0.157204145584489,0.901592501184018,0.346381084093727,0.938053271166674,-0.00872954956218705,-0.847114116375272,0.308776483988912,-0.432498273722784,8.31932308510985,6.04517566497791
138.9,0.1091568914352,0.0259482614895475,1.00000000000013,0.209305416977477,0.0497550967190603,1.91747322798907,-0.407570567809427,0.158274312096408,0.899352808627354,0.346947512663449,0.937851951299137,-0.00781926473834785,-0.844697375225084,0.308841317790887,-0.437153731212535,8.32459849607062,6.0451756649769
138.95,0.109156891435213,0.0259482614895604,1.00000000000013,0.209305416977502,0.0497550967190852,1.91747322798906,-0.412117973934393,0.159344910757558,0.89708861043705,0.347509122626805,0.937651171015874,-0.00690588037178255,-0.842256602972847,0.308900438504426,-0.441796710988678,8.32987390703138,6.0451756649769
139,0.109156891435226,0.0259482614895738,1.00000000000013,0.209305416977526,0.0497550967191108,1.91747322798906,-0.416653032640038,0.160415911773292,0.894799969625504,0.348065898354247,0.93745093590458,-0.00598942188188226,-0.839791867544995,0.308953844484207,-0.446427083837571,8.33514931799214,6.04517566497588
139.05,0.109156891435238,0.0259482614895875,1.00000000000013,0.20930541697755,0.0497550967191371,1.91747322798905,-0.421175617716148,0.161487285337761,0.892486949885353,0.348617824350765,0.937251251537777,-0.00506991477359203,-0.837303237534861,0.309001534243946,-0.451044720896417,8.34042472895291,6.0451756649769
139.1,0.109156891435251,0.0259482614896016,1.00000000000012,0.209305416977574,0.0497550967191642,1.91747322798905,-0.425685603299648,0.162559001634752,0.890149615587698,0.349164885256315,0.937052123472659,-0.00414738463669964,-0.834790782200761,0.309043506456442,-0.455649493656855,8.34570013991367,6.04517566497791
139.15,0.109156891435263,0.0259482614896161,1.00000000000012,0.209305416977598,0.0497550967191919,1.91747322798904,-0.430182863878112,0.16363103083851,0.887788031780308,0.34970706584625,0.936853557250942,-0.00322185714512213,-0.832254571464064,0.309079759953614,-0.460241273968539,8.35097555087443,6.0451756649769
139.2,0.109156891435275,0.0259482614896309,1.00000000000012,0.209305416977621,0.0497550967192202,1.91747322798904,-0.434667274293236,0.164703343114573,0.885402264185818,0.350244351031738,0.936655558398702,-0.00229335805619518,-0.829694675907255,0.309110293726529,-0.464819934042694,8.35625096183519,6.04517566497588
139.25,0.109156891435287,0.025948261489646,1.00000000000012,0.209305416977644,0.0497550967192492,1.91747322798903,-0.439138709744352,0.165775908620603,0.882992379199889,0.350776725860191,0.936458132426225,-0.00136191320995049,-0.827111166771959,0.309135106925436,-0.469385346455691,8.36152637279596,6.04517566497588
139.3,0.109156891435299,0.0259482614896614,1.00000000000011,0.209305416977666,0.0497550967192788,1.91747322798903,-0.443597045791871,0.166848697507213,0.880558443889372,0.351304175515671,0.936261284827858,-0.000427548528402183,-0.824504115956967,0.309154198859786,-0.473937384152574,8.36680178375672,6.04517566497588
139.35,0.10915689143531,0.0259482614896772,1.00000000000011,0.209305416977688,0.049755096719309,1.91747322798902,-0.448042158360763,0.167921679918799,0.878100525990435,0.35182668531931,0.936065021081847,0.00050970998517727,-0.821873596016235,0.309167568998254,-0.478475920450604,8.37207719471748,6.04517566497486
139.4,0.109156891435321,0.0259482614896932,1.00000000000011,0.20930541697771,0.0497550967193398,1.91747322798902,-0.452473923744007,0.168994825994372,0.875618693906677,0.352344240729712,0.935869346650194,0.001449836246981,-0.819219680156858,0.309175216968748,-0.48300082904279,8.37735260567824,6.04517566497486
139.45,0.109156891435333,0.0259482614897096,1.00000000000011,0.209305416977731,0.0497550967193711,1.91747322798901,-0.456892218606031,0.170068105868388,0.873113016707229,0.352856827343366,0.935674266978496,0.00239280409339238,-0.816542442237042,0.309177142558428,-0.487511984001391,8.382628016639,6.04517566497486
139.5,0.109156891435343,0.0259482614897262,1.0000000000001,0.209305416977752,0.049755096719403,1.91747322798901,-0.461296919986152,0.171141489671579,0.870583564124825,0.353364430895039,0.9354797874958,0.00333858728171491,-0.813841956764036,0.309173345713704,-0.492009259781439,8.38790342759977,6.04517566497486
139.55,0.109156891435354,0.0259482614897431,1.0000000000001,0.209305416977773,0.0497550967194354,1.91747322798901,-0.465687905301982,0.172214947531787,0.86803040655387,0.353867037258177,0.935285913614452,0.00428715949089969,-0.811118298892074,0.309163826540241,-0.496492531224211,8.39317883856053,6.04517566497486
139.6,0.109156891435365,0.0259482614897602,1.0000000000001,0.209305416977793,0.0497550967194683,1.917473227989,-0.470065052352857,0.173288449574788,0.865453615048474,0.354364632445296,0.93509265072994,0.0052384943222806,-0.808371544420272,0.309148585302958,-0.500961673560726,8.39845424952129,6.04517566497588
139.65,0.109156891435375,0.0259482614897776,1.0000000000001,0.209305416977813,0.0497550967195017,1.917473227989,-0.474428239323232,0.174361965925135,0.862853261320475,0.354857202608375,0.934900004220751,0.00619256530030882,-0.80560176979052,0.309127622426017,-0.505416562415223,8.40372966048205,6.04517566497384
139.7,0.109156891435385,0.0259482614897953,1.0000000000001,0.209305416977833,0.0497550967195355,1.91747322798899,-0.478777344786058,0.175435466706976,0.860229417737453,0.355344734039236,0.934707979448217,0.00714934587328647,-0.802809052085361,0.309100938492812,-0.509857073808599,8.40900507144281,6.04517566497384
139.75,0.109156891435396,0.0259482614898132,1.00000000000009,0.209305416977852,0.0497550967195698,1.91747322798899,-0.483112247706191,0.176508922044899,0.857582157320697,0.355827213169931,0.934516581756368,0.0081088094141111,-0.799993469025837,0.309068534245954,-0.51428308416189,8.41428048240357,6.04517566497384
139.8,0.109156891435405,0.0259482614898313,1.00000000000009,0.209305416977871,0.0497550967196045,1.91747322798899,-0.487432827443727,0.17758230206475,0.854911553743192,0.356304626573116,0.934325816471781,0.00907092922101113,-0.797155098969333,0.30903041058725,-0.518694470299684,8.41955589336433,6.04517566497486
139.85,0.109156891435415,0.0259482614898496,1.00000000000009,0.20930541697789,0.0497550967196396,1.91747322798898,-0.491738963757379,0.178655576894476,0.852217681327559,0.356776960962425,0.934135688903435,0.0100356785182918,-0.794294020907394,0.308986568577678,-0.52309110945356,8.42483130432509,6.04517566497486
139.9,0.109156891435425,0.0259482614898681,1.00000000000009,0.209305416977908,0.049755096719675,1.91747322798898,-0.496030536807824,0.179728716664951,0.849500615043987,0.35724420319284,0.933946204342559,0.0110030304570811,-0.791410314463524,0.308937009437356,-0.527472879265512,8.43010671528585,6.04517566497384
139.95,0.109156891435434,0.0259482614898868,1.00000000000009,0.209305416977926,0.0497550967197109,1.91747322798897,-0.500307427161025,0.180801691510804,0.84676043050815,0.35770634026106,0.933757368062491,0.0119729581160739,-0.788504059890978,0.308881734545509,-0.531839657791334,8.43538212624661,6.04517566497384
140,0.109156891435443,0.0259482614899056,1.00000000000008,0.209305416977944,0.0497550967197471,1.91747322798897,-0.504569515791572,0.181874471571258,0.843997203979098,0.358163359305857,0.933569185318523,0.0129454345022852,-0.785575338070514,0.308820745440434,-0.536191323504039,8.44065753720737,6.04517566497283
140.05,0.109156891435452,0.0259482614899247,1.00000000000008,0.209305416977961,0.0497550967197836,1.91747322798897,-0.508816684085977,0.182947026990954,0.841211012357139,0.358615247608439,0.933381661347763,0.0139204325517972,-0.78262423050816,0.308754043819449,-0.540527755297217,8.44593294816813,6.04517566497283
140.1,0.109156891435461,0.0259482614899439,1.00000000000008,0.209305416977978,0.0497550967198204,1.91747322798896,-0.513048813845987,0.184019327920788,0.838401933181697,0.359061992592802,0.933194801368982,0.0148979251305156,-0.779650819332932,0.308681631538854,-0.544848832488424,8.45120835912889,6.04517566497283
140.15,0.10915689143547,0.0259482614899632,1.00000000000008,0.209305416977995,0.0497550967198575,1.91747322798896,-0.517265787291872,0.185091344518734,0.835570044629155,0.359503581826078,0.933008610582475,0.0158778850349234,-0.776655187294556,0.308603510613876,-0.549154434822528,8.45648377008965,6.04517566497283
140.2,0.109156891435479,0.0259482614899827,1.00000000000008,0.209305416978011,0.0497550967198949,1.91747322798895,-0.521467487065695,0.186163046950683,0.832715425510677,0.359940003018885,0.932823094169911,0.0168602849928377,-0.773637417761159,0.308519683218611,-0.553444442475063,8.46175918105041,6.04517566497181
140.25,0.109156891435487,0.0259482614900024,1.00000000000007,0.209305416978027,0.0497550967199326,1.91747322798895,-0.525653796234591,0.187234405391267,0.829838155270015,0.360371244025667,0.932638257294193,0.0178450976641704,-0.770597594716955,0.308430151685968,-0.557718736055563,8.46703459201117,6.04517566497283
140.3,0.109156891435495,0.0259482614900221,1.00000000000007,0.209305416978043,0.0497550967199705,1.91747322798895,-0.52982459829401,0.188305390024691,0.826938313981303,0.360797292845031,0.932454105099314,0.0188322956416868,-0.767535802759903,0.308334918507599,-0.561977196610881,8.47231000297193,6.04517566497384
140.35,0.109156891435503,0.025948261490042,1.00000000000007,0.209305416978058,0.0497550967200086,1.91747322798894,-0.533979777170959,0.189375971045565,0.824015982346825,0.361218137620082,0.932270642710208,0.0198218514517688,-0.764452127099358,0.308233986333834,-0.566219705628497,8.47758541393269,6.04517566497283
140.4,0.109156891435511,0.0259482614900621,1.00000000000007,0.209305416978074,0.049755096720047,1.91747322798894,-0.538119217227245,0.190446118659729,0.821071241694764,0.361633766638755,0.932087875232615,0.0208137375551817,-0.76134665355369,0.308127357973605,-0.57044614503983,8.48286082489345,6.04517566497181
140.45,0.109156891435519,0.0259482614900822,1.00000000000007,0.209305416978089,0.0497550967200856,1.91747322798894,-0.542242803262679,0.191515803085087,0.818104173976949,0.362044168334137,0.931905807752935,0.0218079263478376,-0.75821946854791,0.308015036394368,-0.574656397223507,8.48813623585421,6.04517566497181
140.5,0.109156891435527,0.0259482614901024,1.00000000000006,0.209305416978103,0.0497550967201244,1.91747322798893,-0.546350420518289,0.192584994552431,0.815114861766567,0.362449331284791,0.931724445338088,0.0228043901615658,-0.75507065911125,0.307897024722022,-0.578850345008647,8.49341164681497,6.04517566497079
140.55,0.109156891435534,0.0259482614901227,1.00000000000006,0.209305416978118,0.0497550967201634,1.91747322798893,-0.550441954679515,0.193653663306275,0.812103388255864,0.362849244215075,0.93154379303537,0.0238031012648821,-0.751900312874748,0.307773326240818,-0.583027871678121,8.49868705777573,6.04517566497283
140.6,0.109156891435541,0.0259482614901432,1.00000000000006,0.209305416978132,0.0497550967202025,1.91747322798893,-0.554517291879383,0.194721779605678,0.809069837253838,0.363243895995452,0.931363855872316,0.0248040318637594,-0.748708518068814,0.307643944393272,-0.587188860971791,8.50396246873648,6.04517566497283
140.65,0.109156891435549,0.0259482614901637,1.00000000000006,0.209305416978145,0.0497550967202419,1.91747322798892,-0.558576318701685,0.195789313725074,0.806014293183898,0.363633275642805,0.931184638856559,0.0258071541024037,-0.745495363520765,0.307508882780069,-0.59133319708976,8.50923787969724,6.04517566497181
140.7,0.109156891435556,0.0259482614901842,1.00000000000006,0.209305416978159,0.0497550967202813,1.91747322798892,-0.562618922184121,0.196856235955098,0.802936841081519,0.364017372320739,0.931006146975689,0.026812440064026,-0.74226093865236,0.307368145159958,-0.595460764695579,8.514513290658,6.04517566497181
140.75,0.109156891435562,0.0259482614902049,1.00000000000006,0.209305416978172,0.0497550967203209,1.91747322798892,-0.56664498982146,0.197922516603418,0.799837566591872,0.364396175339882,0.930828385197118,0.0278198617716237,-0.739005333477305,0.307221735449653,-0.599571448919477,8.51978870161876,6.04517566497181
140.8,0.109156891435569,0.0259482614902256,1.00000000000005,0.209305416978185,0.0497550967203606,1.91747322798891,-0.570654409568656,0.198988125995551,0.796716555967446,0.364769674158188,0.930651358467937,0.0288293911887547,-0.735728638598756,0.307069657723721,-0.603665135361533,8.52506411257952,6.04517566497079
140.85,0.109156891435576,0.0259482614902464,1.00000000000005,0.209305416978198,0.0497550967204004,1.91747322798891,-0.574647069843969,0.2000530344757,0.793573896065644,0.36513785838122,0.930475071714781,0.029841000220319,-0.732430945206793,0.30691191621447,-0.607741710094877,8.53033952354028,6.04517566497079
140.9,0.109156891435582,0.0259482614902672,1.00000000000005,0.20930541697821,0.0497550967204403,1.91747322798891,-0.578622859532084,0.201117212407571,0.790409674346362,0.365500717762452,0.930299529843694,0.0308546607133435,-0.729112345075879,0.306748515311829,-0.611801059668862,8.53561493450103,6.04517566496977
140.95,0.109156891435589,0.025948261490288,1.00000000000005,0.209305416978222,0.0497550967204803,1.9174732279889,-0.58258166798718,0.202180630175204,0.787223978869567,0.365858242203544,0.930124737739986,0.0318703444577607,-0.725772930562313,0.306579459563228,-0.615843071112204,8.54089034546179,6.04517566496977
141,0.109156891435595,0.0259482614903089,1.00000000000005,0.209305416978234,0.0497550967205203,1.9174732279889,-0.586523385036037,0.203243258183793,0.784016898292827,0.366210421754628,0.929950700268104,0.0328880231871992,-0.72241279460165,0.306404753673472,-0.619867631936152,8.54616575642255,6.04517566497181
141.05,0.109156891435601,0.0259482614903298,1.00000000000005,0.209305416978246,0.0497550967205604,1.9174732279889,-0.590447900981073,0.20430506686051,0.780788521868865,0.366557246614585,0.929777422271492,0.0339076685797642,-0.719032030706129,0.306224402504606,-0.623874630137592,8.55144116738331,6.04517566497181
141.1,0.109156891435607,0.0259482614903507,1.00000000000004,0.209305416978257,0.0497550967206005,1.9174732279889,-0.594355106603415,0.205366026655329,0.777538939443065,0.366898707131312,0.92960490857246,0.0349292522588298,-0.71563073296206,0.306038411075786,-0.627863954202177,8.55671657834406,6.04517566497079
141.15,0.109156891435612,0.0259482614903716,1.00000000000004,0.209305416978268,0.0497550967206407,1.91747322798889,-0.598244893165939,0.20642610804185,0.774268241450964,0.367234793802001,0.929433163972045,0.0359527457938291,-0.712208996027203,0.305846784563134,-0.631835493107435,8.56199198930482,6.04517566496977
141.2,0.109156891435618,0.0259482614903926,1.00000000000004,0.209305416978279,0.0497550967206808,1.91747322798889,-0.602117152416286,0.207485281518118,0.770976518915752,0.367565497273394,0.929262193249883,0.0369781207010426,-0.708766915128144,0.305649528299596,-0.635789136325849,8.56726740026558,6.04517566496977
141.25,0.109156891435624,0.0259482614904136,1.00000000000004,0.209305416978289,0.049755096720721,1.91747322798889,-0.605971776589884,0.208543517607444,0.767663863445723,0.367890808342047,0.92909200116407,0.0380053484443932,-0.705304586057637,0.305446647774792,-0.639724773827938,8.57254281122633,6.04517566496977
141.3,0.109156891435629,0.0259482614904345,1.00000000000004,0.2093054169783,0.0497550967207612,1.91747322798888,-0.609808658412945,0.20960078685923,0.764330367231733,0.368210717954588,0.928922592451035,0.0390344004362402,-0.701822105171938,0.305238148634868,-0.643642296085324,8.57781822218709,6.04517566497079
141.35,0.109156891435634,0.0259482614904555,1.00000000000004,0.20930541697831,0.0497550967208014,1.91747322798888,-0.613627691105439,0.210657059849779,0.760976123044642,0.368525217207964,0.928753971825404,0.0400652480381715,-0.698319569388135,0.305024036682331,-0.647541594073759,8.58309363314785,6.04517566496876
141.4,0.109156891435639,0.0259482614904764,1.00000000000004,0.20930541697832,0.0497550967208416,1.91747322798888,-0.617428768384089,0.211712307183125,0.757601224232713,0.368834297349695,0.928586143979872,0.0410978625618073,-0.69479707618143,0.304804317875897,-0.651422559276194,8.58836904410861,6.04517566496977
141.45,0.109156891435644,0.0259482614904974,1.00000000000003,0.209305416978329,0.0497550967208817,1.91747322798888,-0.621211784465304,0.212766499491844,0.754205764719032,0.369137949778112,0.928419113585071,0.0421322152695908,-0.691254723582447,0.304578998330316,-0.655285083685763,8.59364445506936,6.04517566497079
141.5,0.109156891435649,0.0259482614905183,1.00000000000003,0.209305416978339,0.0497550967209218,1.91747322798887,-0.624976634068144,0.213819607437874,0.750789838998881,0.3694361660426,0.928252885289439,0.0431682773755954,-0.687692610174486,0.304348084316207,-0.659129059808819,8.59891986603012,6.04517566497079
141.55,0.109156891435654,0.0259482614905392,1.00000000000003,0.209305416978348,0.0497550967209619,1.91747322798887,-0.628723212417232,0.21487160171333,0.747353542137123,0.369728937843831,0.928087463719093,0.0442060200463188,-0.684110835090798,0.304111582259885,-0.662954380667901,8.60419527699088,6.04517566496876
141.6,0.109156891435659,0.02594826149056,1.00000000000003,0.209305416978357,0.0497550967210019,1.91747322798887,-0.632451415245678,0.215922453041319,0.743896969765544,0.370016257033995,0.927922853477697,0.0452454144014896,-0.680509498011814,0.303869498743177,-0.666760939804724,8.60947068795163,6.04517566496876
141.65,0.109156891435663,0.0259482614905809,1.00000000000003,0.209305416978365,0.0497550967210419,1.91747322798887,-0.636161138797989,0.216972132176758,0.740420218080191,0.37029811561703,0.927759059146337,0.0462864315148719,-0.676888699162368,0.303621840503241,-0.670548631283147,8.61474609891239,6.04517566496876
141.7,0.109156891435668,0.0259482614906017,1.00000000000003,0.209305416978374,0.0497550967210818,1.91747322798886,-0.63985227983294,0.218020609907187,0.736923383838705,0.37057450574884,0.927596085283393,0.0473290424150667,-0.673248539308918,0.303368614432381,-0.674317349692106,8.62002150987314,6.04517566496876
141.75,0.109156891435672,0.0259482614906225,1.00000000000003,0.209305416978382,0.0497550967211216,1.91747322798886,-0.643524735626464,0.219067857053578,0.733406564357617,0.370845419737518,0.927433936424411,0.0483732180863219,-0.669589119756731,0.303109827577853,-0.678066990148562,8.6252969208339,6.04517566496977
141.8,0.109156891435676,0.0259482614906432,1.00000000000003,0.20930541697839,0.0497550967211613,1.91747322798886,-0.647178403974493,0.220113844471153,0.72986985750965,0.371110850043554,0.927272617081976,0.049418929469336,-0.665910542347077,0.302845487141667,-0.681797448300408,8.63057233179466,6.04517566496977
141.85,0.10915689143568,0.0259482614906638,1.00000000000002,0.209305416978398,0.0497550967212009,1.91747322798886,-0.650813183195815,0.221158543050189,0.726313361720992,0.371370789280051,0.927112131745588,0.0504661474620693,-0.662212909454386,0.302575600480391,-0.685508620329379,8.63584774275541,6.04517566496977
141.9,0.109156891435684,0.0259482614906845,1.00000000000002,0.209305416978406,0.0497550967212405,1.91747322798886,-0.654428972134905,0.222201923716835,0.722737175968546,0.371625230212927,0.926952484881539,0.0515148429205548,-0.658496323983392,0.302300175104942,-0.689200402953945,8.64112315371617,6.04517566496774
141.95,0.109156891435688,0.025948261490705,1.00000000000002,0.209305416978413,0.0497550967212799,1.91747322798885,-0.658025670164727,0.223243957433912,0.719141399777198,0.371874165761117,0.926793680932784,0.0525649866597051,-0.654760889366291,0.30201921868038,-0.692872693432175,8.64639856467693,6.04517566496774
142,0.109156891435692,0.0259482614907255,1.00000000000002,0.20930541697842,0.0497550967213192,1.91747322798885,-0.661603177189553,0.224284615201733,0.71552613321702,0.37211758899677,0.92663572431882,0.0536165494541306,-0.651006709559833,0.301732739025693,-0.696525389564611,8.65167397563768,6.04517566496876
142.05,0.109156891435696,0.0259482614907459,1.00000000000002,0.209305416978427,0.0497550967213583,1.91747322798885,-0.665161393647732,0.2253238680589,0.711891476900505,0.372355493145444,0.926478619435564,0.0546695020389475,-0.647233889042454,0.301440744113579,-0.700158389697097,8.65694938659844,6.04517566496977
142.1,0.109156891435699,0.0259482614907663,1.00000000000002,0.209305416978434,0.0497550967213974,1.91747322798885,-0.668700220514468,0.226361687083112,0.708237531979766,0.372587871586289,0.926322370655227,0.0557238151105934,-0.643442532811362,0.301143242070229,-0.703771592723613,8.66222479755919,6.04517566496774
142.15,0.109156891435703,0.0259482614907866,1.00000000000002,0.209305416978441,0.0497550967214362,1.91747322798884,-0.672219559304577,0.227398043391974,0.704564400143708,0.37281471785224,0.926166982326198,0.0567794593276461,-0.639632746379604,0.300840241175091,-0.707364898089096,8.66750020851995,6.04517566496876
142.2,0.109156891435706,0.0259482614908068,1.00000000000002,0.209305416978447,0.049755096721475,1.91747322798884,-0.675719312075225,0.228432908143797,0.70087218361521,0.373036025630187,0.926012458772917,0.0578364053116357,-0.635804635773144,0.300531749860651,-0.71093820579223,8.6727756194807,6.04517566496876
142.25,0.109156891435709,0.0259482614908269,1.00000000000002,0.209305416978453,0.0497550967215136,1.91747322798884,-0.679199381428657,0.229466252538403,0.697160985148274,0.373251788761158,0.925858804295759,0.058894623647866,-0.631958307527899,0.300217776712188,-0.714491416388234,8.67805103044146,6.04517566496876
142.3,0.109156891435712,0.0259482614908469,1.00000000000002,0.209305416978459,0.049755096721552,1.91747322798884,-0.682659670514904,0.230498047817926,0.693430908025167,0.373462001240487,0.925706023170913,0.0599540848862303,-0.628093868686786,0.299898330467543,-0.718024430991625,8.68332644140222,6.04517566496774
142.35,0.109156891435715,0.0259482614908669,1.00000000000001,0.209305416978465,0.0497550967215903,1.91747322798884,-0.686100083034476,0.231528265267607,0.689682056053554,0.373666657217983,0.92555411965026,0.061014759542031,-0.624211426796742,0.299573420016873,-0.721537151278969,8.68860185236297,6.04517566496774
142.4,0.109156891435718,0.0259482614908868,1.00000000000001,0.209305416978471,0.0497550967216284,1.91747322798884,-0.689520523241054,0.232556876216604,0.685914533563591,0.373865750998091,0.92540309796126,0.062076618096804,-0.620311089905716,0.299243054402401,-0.725029479491631,8.69387726332373,6.04517566496774
142.45,0.109156891435721,0.0259482614909065,1.00000000000001,0.209305416978476,0.0497550967216663,1.91747322798883,-0.692920895944137,0.23358385203878,0.682128445405042,0.374059277040052,0.925252962306832,0.0631396309991347,-0.616392966559684,0.298907242818167,-0.728501318438473,8.69915267428448,6.04517566496774
142.5,0.109156891435724,0.0259482614909262,1.00000000000001,0.209305416978481,0.049755096721704,1.91747322798883,-0.696301106511713,0.234609164153505,0.678323896944341,0.374247229958057,0.925103716865234,0.0642037686654859,-0.612457165799605,0.298565994609774,-0.731952571498585,8.70442808524524,6.04517566496876
142.55,0.109156891435727,0.0259482614909458,1.00000000000001,0.209305416978487,0.0497550967217416,1.91747322798883,-0.699661060872867,0.235632784026449,0.674500994061684,0.374429604521395,0.924955365789952,0.0652690014810154,-0.608503797158413,0.298219319274124,-0.735383142623947,8.70970349620599,6.04517566496774
142.6,0.109156891435729,0.0259482614909653,1.00000000000001,0.209305416978492,0.049755096721779,1.91747322798883,-0.703000665520416,0.236654683170376,0.670659843148061,0.374606395654601,0.924807913209581,0.0663352998004041,-0.604532970657946,0.297867226459155,-0.738792936342118,8.71497890716675,6.04517566496876
142.65,0.109156891435732,0.0259482614909847,1.00000000000001,0.209305416978496,0.0497550967218162,1.91747322798883,-0.706319827513515,0.237674833145941,0.666800551102298,0.374777598437595,0.924661363227711,0.0674026339486822,-0.600544796805889,0.297509725963574,-0.7421818577589,8.72025431812751,6.04517566496774
142.7,0.109156891435734,0.025948261491004,1.00000000000001,0.209305416978501,0.0497550967218532,1.91747322798882,-0.709618454480224,0.238693205562473,0.662923225328099,0.374943208105823,0.924515719922813,0.0684709742220487,-0.596539386592714,0.297146827736583,-0.745549812560954,8.72552972908826,6.04517566496672
142.75,0.109156891435736,0.0259482614910232,1.00000000000001,0.209305416978505,0.0497550967218899,1.91747322798882,-0.7128964546201,0.239709772078776,0.659027973731034,0.375103220050385,0.924370987348125,0.0695402908887064,-0.592516851488566,0.296778541877601,-0.748896707018452,8.73080514004901,6.04517566496672
142.8,0.109156891435739,0.0259482614910422,1.00000000000001,0.20930541697851,0.0497550967219265,1.91747322798882,-0.716153736706741,0.240724504403909,0.655114904715551,0.375257629818165,0.924227169531539,0.0706105541896831,-0.58847730344018,0.296404878635986,-0.752222447987668,8.73608055100977,6.04517566496774
142.85,0.109156891435741,0.0259482614910612,1.00000000000001,0.209305416978514,0.0497550967219629,1.91747322798882,-0.719390210090319,0.241737374297975,0.651184127181958,0.375406433111954,0.92408427047549,0.0716817343396613,-0.584420854867764,0.296025848410747,-0.755526942913574,8.74135596197052,6.04517566496774
142.9,0.109156891435743,0.02594826149108,1,0.209305416978518,0.049755096721999,1.91747322798882,-0.722605784700122,0.242748353572911,0.647235750523379,0.375549625790572,0.923942294156845,0.0727538015278102,-0.580347618661852,0.295641461750256,-0.758810099832422,8.74663137293128,6.04517566496876
142.95,0.109156891435745,0.0259482614910988,1,0.209305416978521,0.0497550967220349,1.91747322798882,-0.725800371047036,0.243757414093269,0.643269884622736,0.375687203868983,0.923801244526789,0.0738267259186091,-0.576257708180195,0.295251729351954,-0.762071827374291,8.75190678389203,6.04517566496774
143,0.109156891435747,0.0259482614911174,1,0.209305416978525,0.0497550967220706,1.91747322798882,-0.728973880226059,0.244764527776999,0.639286639849658,0.375819163518403,0.923661125510719,0.0749004776526852,-0.57215123724457,0.294856662062052,-0.765312034765646,8.75718219485279,6.04517566496774
143.05,0.109156891435748,0.0259482614911359,1,0.209305416978529,0.049755096722106,1.91747322798881,-0.732126223918758,0.245769666596232,0.635286127057437,0.375945501066408,0.923521941008133,0.0759750268476385,-0.568028320137639,0.294456270875234,-0.76853063183185,8.76245760581354,6.04517566496672
143.1,0.10915689143575,0.0259482614911542,1,0.209305416978532,0.0497550967221412,1.91747322798881,-0.735257314395733,0.246772802578058,0.631268457579932,0.376066212997037,0.923383694892521,0.0770503435988757,-0.563889071599762,0.294050566934343,-0.771727528999679,8.7677330167743,6.04517566496672
143.15,0.109156891435752,0.0259482614911725,1,0.209305416978535,0.0497550967221762,1.91747322798881,-0.738367064519064,0.247773907805307,0.627233743228462,0.37618129595089,0.923246391011257,0.078126397980444,-0.559733606825792,0.293639561530079,-0.774902637299818,8.77300842773505,6.04517566496672
143.2,0.109156891435753,0.0259482614911906,1,0.209305416978538,0.0497550967222109,1.91747322798881,-0.741455387744725,0.248772954417324,0.623182096288714,0.37629074672522,0.923110033185496,0.0792031600458612,-0.555562041461884,0.29322326610068,-0.778055868369331,8.7782838386958,6.04517566496672
143.25,0.109156891435755,0.0259482614912086,0.999999999999999,0.209305416978541,0.0497550967222454,1.91747322798881,-0.744522198125005,0.249769914610748,0.619113629517596,0.376394562274024,0.92297462521006,0.0802805998289516,-0.551374491602266,0.292801692231603,-0.781187134454129,8.78355924965656,6.04517566496672
143.3,0.109156891435756,0.0259482614912264,0.999999999999999,0.209305416978544,0.0497550967222797,1.91747322798881,-0.747567410310885,0.250764760640277,0.615028456140121,0.376492739708125,0.92284017085334,0.0813586873446767,-0.54717107378602,0.292374851655206,-0.784296348411396,8.78883466061732,6.04517566496672
143.35,0.109156891435758,0.0259482614912441,0.999999999999998,0.209305416978547,0.0497550967223136,1.91747322798881,-0.750590939554428,0.251757464819451,0.610926689846241,0.376585276295256,0.922706673857187,0.0824373925899729,-0.542951904993828,0.291942756250418,-0.787383423712032,8.79411007157807,6.04517566496774
143.4,0.109156891435759,0.0259482614912617,0.999999999999997,0.209305416978549,0.0497550967223474,1.91747322798881,-0.753592701711129,0.252747999521415,0.606808444787681,0.376672169460133,0.922574137936808,0.0835166855445862,-0.538717102644716,0.291505418042409,-0.790448274443055,8.79938548253882,6.04517566496672
143.45,0.10915689143576,0.0259482614912792,0.999999999999997,0.209305416978551,0.0497550967223809,1.9174732279888,-0.756572613242256,0.253736337179691,0.60267383557478,0.376753416784529,0.922442566780664,0.084596536171904,-0.5344667845928,0.291062849202256,-0.793490815309981,8.80466089349958,6.04517566496774
143.5,0.109156891435762,0.0259482614912965,0.999999999999996,0.209305416978554,0.0497550967224141,1.9174732279888,-0.759530591217185,0.254722450288945,0.598522977273278,0.376829016007338,0.922311964050367,0.0856769144197971,-0.530201069123983,0.290615062046605,-0.796510961639219,8.80993630446033,6.04517566496672
143.55,0.109156891435763,0.0259482614913137,0.999999999999996,0.209305416978556,0.0497550967224471,1.9174732279888,-0.762466553315692,0.255706311405751,0.594355985401136,0.376898965024643,0.922182333380577,0.0867577902214496,-0.52592007495269,0.290162069037324,-0.799508629380407,8.81521171542109,6.0451756649657
143.6,0.109156891435764,0.0259482614913308,0.999999999999995,0.209305416978558,0.0497550967224798,1.9174732279888,-0.765380417830254,0.256687893149356,0.590172975925305,0.376963261889768,0.922053678378902,0.0878391334961999,-0.521623921218546,0.289703882781163,-0.80248373510876,8.82048712638184,6.0451756649657
143.65,0.109156891435765,0.0259482614913477,0.999999999999994,0.20930541697856,0.0497550967225122,1.9174732279888,-0.768272103668331,0.257667168202443,0.585974065258498,0.37702190481334,0.921926002625798,0.0889209141503785,-0.517312727483055,0.289240516029398,-0.805436196027401,8.82576253734259,6.04517566496774
143.7,0.109156891435766,0.0259482614913645,0.999999999999994,0.209305416978562,0.0497550967225444,1.9174732279888,-0.771141530354601,0.258644109311887,0.581759370255972,0.377074892163332,0.921799309674467,0.0900031020781402,-0.5129866137263,0.288771981677477,-0.808365929969644,8.83103794830335,6.04517566496774
143.75,0.109156891435766,0.0259482614913811,0.999999999999993,0.209305416978563,0.0497550967225763,1.9174732279888,-0.773988618033219,0.259618689289521,0.577529008212245,0.377122222465111,0.921673603050762,0.0910856671623089,-0.508645700343572,0.288298292764662,-0.8112728554013,8.8363133592641,6.04517566496672
143.8,0.109156891435767,0.0259482614913976,0.999999999999993,0.209305416978565,0.0497550967226079,1.9174732279888,-0.776813287470029,0.260590881012883,0.573283096857858,0.37716389440148,0.921548886253084,0.0921685792752092,-0.504290108142045,0.287819462473668,-0.814156891422933,8.84158877022486,6.0451756649657
143.85,0.109156891435768,0.025948261491414,0.999999999999992,0.209305416978566,0.0497550967226393,1.9174732279888,-0.779615460054773,0.261560657425978,0.569021754356083,0.377199906812713,0.921425162752289,0.0932518082795096,-0.499919958337397,0.287335504130291,-0.817017957772121,8.84686418118561,6.04517566496672
143.9,0.109156891435769,0.0259482614914302,0.999999999999992,0.209305416978567,0.0497550967226704,1.91747322798879,-0.782395057803281,0.26252799154003,0.564745099299639,0.377230258696589,0.92130243599159,0.0943353240290598,-0.495535372550442,0.286846431203041,-0.819855974825685,8.85213959214637,6.0451756649657
143.95,0.109156891435769,0.0259482614914462,0.999999999999991,0.209305416978569,0.0497550967227012,1.91747322798879,-0.785152003359633,0.263492856434231,0.560453250707394,0.377254949208418,0.921180709386459,0.0954190963697281,-0.491136472803751,0.286352257302768,-0.822670863601902,8.85741500310712,6.0451756649657
144,0.10915689143577,0.0259482614914622,0.999999999999991,0.20930541697857,0.0497550967227317,1.91747322798879,-0.787886219998324,0.264455225256492,0.556146328021044,0.377273977661065,0.921059986324535,0.0965030951402442,-0.486723381518241,0.28585299618228,-0.825462545762715,8.86269041406787,6.04517566496672
144.05,0.10915689143577,0.0259482614914779,0.99999999999999,0.209305416978571,0.0497550967227619,1.91747322798879,-0.790597631626386,0.265415071224187,0.551824451101806,0.37728734352497,0.920940270165528,0.0975872901730334,-0.48229622150979,0.285348661735962,-0.828230943615894,8.86796582502863,6.04517566496672
144.1,0.109156891435771,0.0259482614914936,0.99999999999999,0.209305416978572,0.0497550967227919,1.91747322798879,-0.793286162785514,0.266372367624902,0.547487740227066,0.377295046428164,0.920821564241127,0.0986716512950605,-0.477855115985802,0.28483926799939,-0.830975980117216,8.87324123598938,6.04517566496774
144.15,0.109156891435771,0.025948261491509,0.99999999999999,0.209305416978572,0.0497550967228216,1.91747322798879,-0.795951738654168,0.267327087817179,0.543136316087033,0.377297086156274,0.920703871854906,0.0997561483286689,-0.473400188541779,0.284324829148938,-0.8336975788726,8.87851664695014,6.0451756649657
144.2,0.109156891435772,0.0259482614915244,0.999999999999989,0.209305416978573,0.049755096722851,1.91747322798879,-0.798594285049643,0.268279205231252,0.538770299781397,0.377293462652536,0.92058719628223,0.100840751092417,-0.468931563157897,0.283805359501386,-0.836395664140233,8.88379205791089,6.04517566496672
144.25,0.109156891435772,0.0259482614915395,0.999999999999989,0.209305416978574,0.0497550967228801,1.91747322798879,-0.801213728430153,0.269228693369795,0.534389812815931,0.377284176017791,0.92047154077017,0.101925429401925,-0.464449364195527,0.28328087351352,-0.839070160832685,8.88906746887164,6.0451756649657
144.3,0.109156891435772,0.0259482614915546,0.999999999999988,0.209305416978574,0.0497550967229089,1.91747322798879,-0.803809995896856,0.27017552580865,0.529994977099139,0.377269226510486,0.920356908537406,0.103010153070705,-0.459953716393809,0.282751385781732,-0.841720994518988,8.8943428798324,6.0451756649657
144.35,0.109156891435772,0.0259482614915695,0.999999999999988,0.209305416978575,0.0497550967229374,1.91747322798879,-0.806383015195899,0.271119676197567,0.52558591493884,0.377248614546663,0.920243302774141,0.104094891911011,-0.455444744866152,0.28221691104161,-0.844348091426716,8.89961829079315,6.0451756649657
144.4,0.109156891435773,0.0259482614915842,0.999999999999988,0.209305416978575,0.0497550967229657,1.91747322798879,-0.808932714720422,0.272061118260942,0.521162749038776,0.377222340699951,0.920130726642012,0.105179615734675,-0.450922575096765,0.28167746416753,-0.846951378444036,8.9048937017539,6.04517566496672
144.45,0.109156891435773,0.0259482614915988,0.999999999999987,0.209305416978575,0.0497550967229936,1.91747322798879,-0.811459023512552,0.272999825798537,0.516725602495198,0.37719040570155,0.920019183274001,0.106264294353944,-0.446387332937166,0.281133060172243,-0.849530783121738,8.91016911271466,6.04517566496672
144.5,0.109156891435773,0.0259482614916132,0.999999999999987,0.209305416978575,0.0497550967230213,1.91747322798878,-0.813961871265377,0.27393577268622,0.51227459879343,0.377152810440206,0.919908675774348,0.107348897582325,-0.441839144602672,0.280583714206456,-0.85208623367526,8.91544452367541,6.04517566496672
144.55,0.109156891435773,0.0259482614916275,0.999999999999986,0.209305416978575,0.0497550967230487,1.91747322798878,-0.816441188324905,0.274868932876686,0.507809861804445,0.377109555962191,0.919799207218466,0.108433395235424,-0.43727813666889,0.280029441558409,-0.854617658986678,8.92071993463617,6.0451756649657
144.6,0.109156891435773,0.0259482614916416,0.999999999999986,0.209305416978575,0.0497550967230758,1.91747322798878,-0.818896905691995,0.275799280400183,0.503331515781415,0.377060643471274,0.919690780652853,0.10951775713178,-0.432704436068206,0.279470257653454,-0.857124988606684,8.92599534559692,6.0451756649657
144.65,0.109156891435773,0.0259482614916556,0.999999999999986,0.209305416978575,0.0497550967231027,1.91747322798878,-0.821328955024293,0.276726789365238,0.498839685356237,0.377006074328684,0.919583399095009,0.110601953093718,-0.428118170086224,0.27890617805362,-0.85960815275656,8.93127075655767,6.0451756649657
144.7,0.109156891435773,0.0259482614916695,0.999999999999986,0.209305416978575,0.0497550967231292,1.91747322798878,-0.823737268638115,0.27765143395937,0.494334495536094,0.376945850053075,0.919477065533352,0.111685952948174,-0.423519466358258,0.278337218457185,-0.862067082330101,8.93654616751842,6.04517566496468
144.75,0.109156891435772,0.0259482614916832,0.999999999999985,0.209305416978575,0.0497550967231554,1.91747322798878,-0.826121779510344,0.278573188449818,0.489816071699944,0.376879972320481,0.919371782927134,0.112769726527547,-0.418908452865749,0.277763394698233,-0.864501708895557,8.94182157847918,6.04517566496672
144.8,0.109156891435772,0.0259482614916967,0.999999999999985,0.209305416978574,0.0497550967231814,1.91747322798878,-0.828482421280292,0.279492027184249,0.485284539595055,0.376808442964274,0.919267554206358,0.113853243670529,-0.414285257932726,0.277184722746222,-0.866911964697521,8.94709698943993,6.04517566496672
144.85,0.109156891435772,0.0259482614917101,0.999999999999985,0.209305416978574,0.0497550967232071,1.91747322798878,-0.830819128251538,0.280407924591477,0.480740025333501,0.376731263975107,0.9191643822717,0.114936474222951,-0.40965001022223,0.276601218705532,-0.86929778265882,8.95237240040068,6.04517566496672
144.9,0.109156891435772,0.0259482614917233,0.999999999999984,0.209305416978573,0.0497550967232324,1.91747322798878,-0.833131835393775,0.281320855182172,0.476182655388635,0.376648437500865,0.919062269994423,0.116019388038619,-0.405002838732715,0.276012898815019,-0.871659096382395,8.95764781136144,6.0451756649657
144.95,0.109156891435772,0.0259482614917364,0.999999999999984,0.209305416978573,0.0497550967232575,1.91747322798878,-0.835420478344599,0.282230793549569,0.471612556591598,0.376559965846599,0.918961220216303,0.117101954980152,-0.40034387279449,0.275419779447566,-0.873995840153123,8.96292322232219,6.0451756649657
145,0.109156891435771,0.0259482614917493,0.999999999999984,0.209305416978572,0.0497550967232823,1.91747322798878,-0.837684993411316,0.28313771437018,0.467029856127757,0.376465851474466,0.918861235749542,0.118184144919828,-0.395673242066087,0.274821877109621,-0.876307948939673,8.96819863328295,6.0451756649657
145.05,0.109156891435771,0.0259482614917621,0.999999999999984,0.209305416978572,0.0497550967233068,1.91747322798878,-0.839925317572708,0.284041592404491,0.462434681533195,0.376366097003659,0.918762319376699,0.119265927740411,-0.390991076530678,0.274219208440747,-0.878595358396294,8.9734740442437,6.0451756649657
145.1,0.10915689143577,0.0259482614917747,0.999999999999983,0.209305416978571,0.049755096723331,1.91747322798878,-0.842141388480782,0.284942402497671,0.457827160691146,0.376260705210336,0.918664473850607,0.120347273335996,-0.386297506492446,0.273611790213148,-0.880858004864618,8.97874945520445,6.04517566496468
145.15,0.10915689143577,0.0259482614917872,0.999999999999983,0.20930541697857,0.049755096723355,1.91747322798878,-0.844333144462518,0.285840119580268,0.453207421828432,0.376149679027539,0.918567701894295,0.12142815161285,-0.381592662572953,0.272999639331212,-0.88309582537543,8.98402486616521,6.04517566496672
145.2,0.10915689143577,0.0259482614917995,0.999999999999983,0.209305416978569,0.0497550967233786,1.91747322798878,-0.846500524521574,0.286734718668908,0.448575593511911,0.376033021545114,0.918472006200919,0.122508532490241,-0.376876675707522,0.272382772831034,-0.885308757650417,8.98930027712596,6.04517566496672
145.25,0.109156891435769,0.0259482614918117,0.999999999999983,0.209305416978568,0.049755096723402,1.91747322798878,-0.848643468339987,0.287626174866993,0.44393180464488,0.375910736009628,0.918377389433677,0.123588385901283,-0.372149677141575,0.271761207879945,-0.887496740103903,8.99457568808671,6.0451756649657
145.3,0.109156891435769,0.0259482614918238,0.999999999999983,0.209305416978567,0.049755096723425,1.91747322798878,-0.850761916279853,0.288514463365388,0.439276184463505,0.375782825824274,0.918283854225747,0.124667681793766,-0.367411798426992,0.271134961776032,-0.889659711844564,8.99985109904747,6.0451756649657
145.35,0.109156891435768,0.0259482614918356,0.999999999999982,0.209305416978566,0.0497550967234478,1.91747322798878,-0.852855809384984,0.289399559443117,0.434608862533213,0.37564929454878,0.918191403180202,0.125746390130997,-0.362663171418449,0.27050405194766,-0.89179761267712,9.00512651000822,6.0451756649657
145.4,0.109156891435767,0.0259482614918474,0.999999999999982,0.209305416978565,0.0497550967234703,1.91747322798878,-0.854925089382555,0.290281438468048,0.429929968745087,0.375510145899306,0.918100038869946,0.126824480892635,-0.357903928269741,0.269868495952984,-0.893910383104012,9.01040192096897,6.04517566496468
145.45,0.109156891435767,0.025948261491859,0.999999999999982,0.209305416978564,0.0497550967234925,1.91747322798878,-0.856969698684716,0.291160075897578,0.425239633312259,0.375365383748347,0.918009763837638,0.127901924075527,-0.353134201430114,0.269228311479462,-0.895997964327059,9.01567733192972,6.04517566496468
145.5,0.109156891435766,0.0259482614918704,0.999999999999982,0.209305416978563,0.0497550967235145,1.91747322798878,-0.858989580390204,0.29203544727932,0.420537986766272,0.375215012124616,0.917920580595622,0.128978689694541,-0.348354123640564,0.26858351634336,-0.898060298249093,9.02095274289048,6.04517566496672
145.55,0.109156891435765,0.0259482614918817,0.999999999999982,0.209305416978561,0.0497550967235361,1.91747322798878,-0.860984678285921,0.292907528251779,0.415825159953462,0.375059035212941,0.91783249162586,0.130054747783401,-0.343563827930164,0.267934128489261,-0.900097327475575,9.02622815385123,6.04517566496672
145.6,0.109156891435765,0.0259482614918928,0.999999999999982,0.20930541697856,0.0497550967235575,1.91747322798877,-0.862954936848496,0.293776294545031,0.411101284031319,0.374897457354144,0.917745499379858,0.131130068395521,-0.338763447612351,0.267280165989561,-0.902108995316191,9.03150356481198,6.0451756649657
145.65,0.109156891435764,0.0259482614919038,0.999999999999981,0.209305416978559,0.0497550967235786,1.91747322798877,-0.864900301245842,0.294641721981401,0.40636649046481,0.374730283044918,0.917659606278601,0.132204621604842,-0.333953116281204,0.266621647043969,-0.904095245786435,9.03677897577274,6.04517566496672
145.7,0.109156891435763,0.0259482614919147,0.999999999999981,0.209305416978557,0.0497550967235994,1.91747322798877,-0.866820717338667,0.295503786476133,0.401620911022755,0.374557516937708,0.917574814712485,0.133278377506658,-0.329132967807751,0.265958589978998,-0.906056023609161,9.04205438673349,6.04517566496672
145.75,0.109156891435763,0.0259482614919254,0.999999999999981,0.209305416978556,0.0497550967236199,1.91747322798877,-0.868716131681991,0.296362464038062,0.396864677774133,0.374379163840577,0.917491127041252,0.134351306218454,-0.324303136336219,0.265291013247458,-0.907991274216128,9.04732979769425,6.04517566496468
145.8,0.109156891435762,0.025948261491936,0.999999999999981,0.209305416978554,0.0497550967236402,1.91747322798877,-0.870586491526629,0.29721773077028,0.392097923084426,0.374195228717073,0.917408545593919,0.135423377880736,-0.319463756280321,0.264618935427941,-0.909900943749511,9.052605208655,6.04517566496468
145.85,0.109156891435761,0.0259482614919464,0.999999999999981,0.209305416978553,0.0497550967236602,1.91747322798877,-0.87243174482066,0.298069562870802,0.387320779611923,0.374005716686092,0.91732707266872,0.13649456265786,-0.314614962319502,0.263942375224302,-0.911784979063404,9.05788061961575,6.0451756649657
145.9,0.10915689143576,0.0259482614919567,0.999999999999981,0.209305416978551,0.0497550967236799,1.91747322798877,-0.87425184021088,0.298917936633231,0.382533380304023,0.373810633021732,0.917246710533039,0.137564830738865,-0.309756889395188,0.263261351465141,-0.913643327725303,9.06315603057651,6.04517566496672
145.95,0.109156891435759,0.0259482614919668,0.999999999999981,0.209305416978549,0.0497550967236993,1.91747322798877,-0.876046727044218,0.299762828447411,0.377735858393563,0.373609983153153,0.917167461423344,0.138634152338301,-0.304889672707054,0.26257588310328,-0.915475938017553,9.06843144153726,6.0451756649657
146,0.109156891435758,0.0259482614919768,0.999999999999981,0.209305416978548,0.0497550967237185,1.91747322798877,-0.877816355369163,0.300604214800092,0.372928347395073,0.37340377266442,0.917089327545132,0.13970249769706,-0.300013447709228,0.26188598921523,-0.917282758938803,9.07370685249801,6.0451756649657
146.05,0.109156891435758,0.0259482614919866,0.999999999999981,0.209305416978546,0.0497550967237374,1.91747322798877,-0.879560675937141,0.301442072275578,0.368110981101087,0.373192007294349,0.917012311072858,0.140769837083201,-0.295128350106549,0.261191689000668,-0.919063740205414,9.07898226345877,6.0451756649657
146.1,0.109156891435757,0.0259482614919964,0.999999999999981,0.209305416978544,0.049755096723756,1.91747322798877,-0.881279640203892,0.302276377556383,0.363283893578411,0.372974692936349,0.916936414149884,0.141836140792779,-0.290234515850778,0.260493001781898,-0.92081883225286,9.08425767441952,6.0451756649657
146.15,0.109156891435756,0.0259482614920059,0.999999999999981,0.209305416978543,0.0497550967237743,1.91747322798877,-0.882973200330818,0.303107107423877,0.358447219164389,0.372751835638254,0.916861638888414,0.142901379150672,-0.285332081136813,0.25978994700331,-0.922547986237113,9.08953308538027,6.04517566496468
146.2,0.109156891435755,0.0259482614920153,0.99999999999998,0.209305416978541,0.0497550967237924,1.91747322798877,-0.884641309186317,0.303934238758934,0.353601092463168,0.372523441602162,0.916787987369435,0.143965522511408,-0.280421182398904,0.259082544230848,-0.924251154035996,9.09480849634102,6.04517566496468
146.25,0.109156891435754,0.0259482614920246,0.99999999999998,0.209305416978539,0.0497550967238102,1.91747322798877,-0.886283920347093,0.304757748542576,0.348745648341951,0.372289517184254,0.91671546164266,0.145028541259988,-0.275501956306852,0.258370813151457,-0.925928288250528,9.10008390730178,6.0451756649657
146.3,0.109156891435753,0.0259482614920338,0.99999999999998,0.209305416978537,0.0497550967238278,1.91747322798877,-0.887900988099448,0.305577613856611,0.343881021927242,0.372050068894623,0.916644063726475,0.14609040581271,-0.270574539762208,0.257654773572538,-0.927579342206236,9.10535931826253,6.04517566496672
146.35,0.109156891435752,0.0259482614920428,0.99999999999998,0.209305416978535,0.0497550967238451,1.91747322798877,-0.889492467440552,0.30639381188427,0.339007348601096,0.371805103397089,0.916573795607874,0.147151086617993,-0.265639069894469,0.2569344454214,-0.929204269954459,9.11063472922328,6.0451756649657
146.4,0.109156891435751,0.0259482614920517,0.99999999999998,0.209305416978533,0.0497550967238621,1.91747322798877,-0.891058314079703,0.307206319910849,0.334124763997329,0.371554627509017,0.916504659242413,0.148210554157201,-0.260695684057243,0.2562098487447,-0.930803026273628,9.11591014018404,6.0451756649657
146.45,0.10915689143575,0.0259482614920604,0.99999999999998,0.209305416978531,0.0497550967238789,1.91747322798877,-0.892598484439548,0.308015115324333,0.329233403997771,0.371298648201125,0.91643665655415,0.149268778945461,-0.255744519824451,0.255481003707888,-0.932375566670519,9.12118555114479,6.0451756649657
146.5,0.109156891435749,0.025948261492069,0.99999999999998,0.209305416978529,0.0497550967238954,1.91747322798877,-0.89411293565731,0.30882017561603,0.324333404728456,0.371037172597291,0.916369789435592,0.150325731532489,-0.250785714986472,0.254747930594645,-0.933921847381498,9.12646096210554,6.0451756649657
146.55,0.109156891435748,0.0259482614920775,0.99999999999998,0.209305416978527,0.0497550967239116,1.91747322798877,-0.895601625585965,0.309621478381195,0.319424902555859,0.370770207974353,0.916304059747644,0.151381382503403,-0.245819407546336,0.254010649806322,-0.935441825373731,9.1317363730663,6.0451756649657
146.6,0.109156891435747,0.0259482614920859,0.99999999999998,0.209305416978525,0.0497550967239276,1.91747322798877,-0.897064512795428,0.310419001319655,0.314508034083089,0.37049776176191,0.916239469319557,0.152435702479546,-0.240845735715866,0.253269181861365,-0.936935458346389,9.13701178402705,6.04517566496468
146.65,0.109156891435746,0.0259482614920941,0.99999999999998,0.209305416978523,0.0497550967239434,1.91747322798877,-0.898501556573701,0.31121272223643,0.309582936146079,0.37021984154211,0.916176019948876,0.153488662119303,-0.235864837911826,0.252523547394751,-0.938402704731822,9.1422871949878,6.0451756649657
146.7,0.109156891435744,0.0259482614921022,0.99999999999998,0.209305416978521,0.0497550967239589,1.91747322798877,-0.899912716928002,0.312002619042349,0.304649745809802,0.369936455049446,0.916113713401389,0.154540232118915,-0.230876852752092,0.251773767157409,-0.939843523696714,9.14756260594855,6.04517566496672
146.75,0.109156891435743,0.0259482614921101,0.99999999999998,0.209305416978519,0.0497550967239741,1.91747322798877,-0.901297954585888,0.312788669754666,0.299708600364422,0.369647610170532,0.916052551411082,0.1555903832133,-0.225881919051766,0.251019862015645,-0.941257875143224,9.15283801690931,6.04517566496672
146.8,0.109156891435742,0.0259482614921179,0.99999999999998,0.209305416978517,0.0497550967239891,1.91747322798877,-0.902657230996336,0.313570852497672,0.294759637321513,0.369353314943894,0.915992535680087,0.156639086176861,-0.220880175819341,0.250261852950562,-0.942645719710098,9.15811342787006,6.04517566496468
146.85,0.109156891435741,0.0259482614921256,0.99999999999998,0.209305416978515,0.0497550967240039,1.91747322798877,-0.903990508330825,0.3143491455033,0.289802994410205,0.369053577559737,0.915933667878635,0.157686311824302,-0.215871762252814,0.249499761057474,-0.944007018773763,9.16338883883082,6.04517566496468
146.9,0.10915689143574,0.0259482614921332,0.99999999999998,0.209305416978512,0.0497550967240184,1.91747322798877,-0.905297749484386,0.315123527111738,0.284838809573349,0.368748406359719,0.915875949645011,0.158732031011444,-0.21085681773581,0.248733607545318,-0.94534173444941,9.16866424979157,6.0451756649657
146.95,0.109156891435739,0.0259482614921407,0.99999999999998,0.20930541697851,0.0497550967240327,1.91747322798877,-0.906578918076634,0.315893975772027,0.279867220963696,0.368437809836725,0.915819382585507,0.15977621463603,-0.205835481833714,0.247963413736067,-0.94664982959204,9.17393966075232,6.0451756649657
147,0.109156891435738,0.025948261492148,0.99999999999998,0.209305416978508,0.0497550967240467,1.91747322798877,-0.907833978452778,0.316660470042659,0.274888366940044,0.368121796634624,0.915763968274379,0.160818833638537,-0.200807894289787,0.247189201064135,-0.9479312677975,9.17921507171308,6.04517566496468
147.05,0.109156891435736,0.0259482614921552,0.99999999999998,0.209305416978506,0.0497550967240605,1.91747322798877,-0.909062895684619,0.317422988592179,0.26990238606338,0.36780037554803,0.915709708253801,0.161859859002987,-0.195774195021266,0.24641099107578,-0.949186013403499,9.18449048267383,6.0451756649657
147.1,0.109156891435735,0.0259482614921622,0.99999999999998,0.209305416978504,0.049755096724074,1.91747322798877,-0.910265635571517,0.318181510199774,0.264909417093041,0.367473555522058,0.915656604033825,0.162899261757752,-0.190734524115484,0.245628805428507,-0.950414031490595,9.18976589363458,6.04517566496672
147.15,0.109156891435734,0.0259482614921692,0.99999999999998,0.209305416978501,0.0497550967240874,1.91747322798877,-0.911442164641347,0.318936013755867,0.259909598982825,0.367141345652076,0.915604657092334,0.163937012976363,-0.18568902182595,0.244842665890459,-0.951615287883173,9.19504130459534,6.04517566496672
147.2,0.109156891435733,0.025948261492176,0.99999999999998,0.209305416978499,0.0497550967241005,1.91747322798877,-0.912592450151426,0.319686478262703,0.254903070877163,0.366803755183451,0.915553868875008,0.164973083778308,-0.180637828568482,0.244052594339819,-0.952789749150392,9.20031671555609,6.0451756649657
147.25,0.109156891435732,0.0259482614921827,0.99999999999998,0.209305416978497,0.0497550967241133,1.91747322798877,-0.913716460089428,0.320432882834931,0.249889972107204,0.36646079351129,0.915504240795276,0.166007445329846,-0.175581084917254,0.243258612764196,-0.953937382607118,9.20559212651684,6.04517566496468
147.3,0.109156891435731,0.0259482614921893,0.99999999999998,0.209305416978494,0.0497550967241259,1.91747322798877,-0.914814163174274,0.32117520670019,0.244870442186972,0.36611247018018,0.915455774234284,0.167040068844802,-0.170518931600923,0.242460743260016,-0.955058156314829,9.2108675374776,6.0451756649657
147.35,0.109156891435729,0.0259482614921958,0.999999999999981,0.209305416978492,0.0497550967241383,1.91747322798877,-0.915885528856999,0.321913429199684,0.239844620809463,0.365758794883924,0.91540847054085,0.16807092558537,-0.165451509498689,0.241659008031903,-0.95615203908251,9.21614294843835,6.0451756649657
147.4,0.109156891435728,0.0259482614922021,0.999999999999981,0.20930541697849,0.0497550967241505,1.91747322798877,-0.916930527321609,0.322647529788758,0.234812647842761,0.365399777465269,0.915362331031431,0.169099986862915,-0.160378959636381,0.240853429392065,-0.957219000467518,9.2214183593991,6.0451756649657
147.45,0.109156891435727,0.0259482614922083,0.999999999999981,0.209305416978488,0.0497550967241625,1.91747322798877,-0.917949129485904,0.323377488037467,0.229774663326157,0.365035427915632,0.915317356990085,0.170127224038767,-0.155301423182541,0.240044029759674,-0.958259010776426,9.22669377035985,6.0451756649657
147.5,0.109156891435726,0.0259482614922145,0.999999999999981,0.209305416978485,0.0497550967241742,1.91747322798877,-0.918941307002292,0.324103283631151,0.224730807466233,0.364665756374823,0.915273549668436,0.171152608525024,-0.150219041444475,0.239230831660236,-0.959272041065857,9.23196918132061,6.04517566496672
147.55,0.109156891435725,0.0259482614922205,0.999999999999981,0.209305416978483,0.0497550967241857,1.91747322798877,-0.919907032258576,0.324824896370992,0.219681220632973,0.364290773130763,0.915230910285636,0.172176111785341,-0.145131955864342,0.23841385772497,-0.960258063143283,9.23724459228136,6.0451756649657
147.6,0.109156891435723,0.0259482614922264,0.999999999999981,0.20930541697848,0.049755096724197,1.91747322798877,-0.920846278378721,0.325542306174582,0.214626043355864,0.363910488619198,0.915189440028334,0.173197705335728,-0.140040308015212,0.237593130690177,-0.96121704956781,9.24252000324211,6.04517566496468
147.65,0.109156891435722,0.0259482614922321,0.999999999999981,0.209305416978478,0.0497550967242081,1.91747322798877,-0.921759019223606,0.326255493076482,0.209565416319957,0.363524913423404,0.915149140050645,0.174217360745342,-0.134944239597109,0.236768673396604,-0.962148973650947,9.24779541420287,6.04517566496468
147.7,0.109156891435721,0.0259482614922378,0.999999999999981,0.209305416978476,0.049755096724219,1.91747322798877,-0.922645229391748,0.326964437228775,0.204499480361979,0.363134058273901,0.915110011474111,0.17523504963728,-0.129843892433091,0.235940508788812,-0.963053809457343,9.25307082516362,6.0451756649657
147.75,0.10915689143572,0.0259482614922434,0.999999999999981,0.209305416978473,0.0497550967242296,1.91747322798877,-0.92350488422001,0.327669118901617,0.199428376466402,0.362737934048145,0.915072055387678,0.176250743689366,-0.124739408465289,0.235108659914537,-0.963931531805512,9.25834623612437,6.0451756649657
147.8,0.109156891435718,0.0259482614922488,0.999999999999981,0.209305416978471,0.0497550967242401,1.91747322798877,-0.924337959784286,0.328369518483791,0.194352245761521,0.362336551770234,0.915035272847659,0.177264414634939,-0.119630929750963,0.234273149924046,-0.964782116268531,9.26362164708513,6.0451756649657
147.85,0.109156891435717,0.0259482614922542,0.999999999999981,0.209305416978469,0.0497550967242503,1.91747322798877,-0.92514443290017,0.329065616483249,0.189271229515532,0.361929922610595,0.914999664877708,0.178276034263641,-0.11451859845855,0.233434002069497,-0.965605539174723,9.26889705804588,6.0451756649657
147.9,0.109156891435716,0.0259482614922594,0.999999999999981,0.209305416978466,0.0497550967242604,1.91747322798877,-0.925924281123601,0.329757393527657,0.184185469132583,0.361518057885675,0.914965232468792,0.179285574422205,-0.109402556863692,0.232591239704285,-0.966401777608315,9.27417246900663,6.04517566496672
147.95,0.109156891435715,0.0259482614922645,0.999999999999981,0.209305416978464,0.0497550967242702,1.91747322798877,-0.926677482751481,0.33044483036493,0.179095106148862,0.361100969057626,0.914931976579161,0.180293007015231,-0.104282947345302,0.231744886282401,-0.967170809410072,9.27944787996739,6.04517566496672
148,0.109156891435713,0.0259482614922696,0.999999999999982,0.209305416978462,0.0497550967242798,1.91747322798877,-0.927404016822288,0.331127907863773,0.17400028222864,0.360678667733987,0.914899898134323,0.181298304005975,-0.0991599123815776,0.230894965357773,-0.96791261317792,9.28472329092814,6.04517566496468
148.05,0.109156891435712,0.0259482614922745,0.999999999999982,0.209305416978459,0.0497550967242893,1.91747322798877,-0.928103863116654,0.33180660701421,0.168901139160342,0.36025116566736,0.914868998027017,0.182301437417126,-0.0940335945460539,0.230041500583612,-0.968627168267537,9.28999870188889,6.0451756649657
148.1,0.109156891435711,0.0259482614922793,0.999999999999982,0.209305416978457,0.0497550967242985,1.91747322798877,-0.928777002157929,0.332480908928114,0.163797818852588,0.359818474755084,0.914839277117191,0.183302379331586,-0.0889041365036228,0.229184515711754,-0.96931445479293,9.29527411284965,6.0451756649657
148.15,0.10915689143571,0.025948261492284,0.999999999999982,0.209305416978454,0.0497550967243076,1.91747322798878,-0.929423415212725,0.333150794839732,0.158690463330252,0.359380607038902,0.914810736231975,0.184301101893245,-0.0837716810065679,0.228324034591998,-0.969974453626984,9.3005495238104,6.0451756649657
148.2,0.109156891435709,0.0259482614922886,0.999999999999982,0.209305416978452,0.0497550967243164,1.91747322798878,-0.930043084291431,0.33381624610621,0.153579214730513,0.358937574704626,0.914783376165657,0.185297577307756,-0.0786363708905982,0.227460081171446,-0.970607146402001,9.30582493477115,6.04517566496672
148.25,0.109156891435707,0.0259482614922932,0.999999999999982,0.20930541697845,0.0497550967243251,1.91747322798878,-0.930635992148723,0.334477244208108,0.14846421529888,0.358489390081801,0.914757197679666,0.186291777843315,-0.0734983490708532,0.226592679493831,-0.971212515510207,9.31110034573191,6.04517566496672
148.3,0.109156891435706,0.0259482614922976,0.999999999999982,0.209305416978447,0.0497550967243336,1.91747322798878,-0.931202122284036,0.335133770749916,0.143345607385265,0.358036065643358,0.914732201502548,0.187283675831421,-0.0683577585379537,0.225721853698852,-0.971790544104243,9.31637575669266,6.04517566496468
148.35,0.109156891435705,0.0259482614923019,0.999999999999982,0.209305416978445,0.0497550967243419,1.91747322798878,-0.931741458942026,0.33578580746057,0.138223533439995,0.357577614005269,0.914708388329941,0.188273243667657,-0.0632147423540029,0.224847628021502,-0.972341216097632,9.32165116765341,6.04517566496672
148.4,0.109156891435704,0.0259482614923061,0.999999999999982,0.209305416978443,0.04975509672435,1.91747322798878,-0.932253987113012,0.336433336193955,0.13309813600985,0.357114047926196,0.914685758824565,0.189260453812455,-0.058069443648599,0.223970026791388,-0.97286451616523,9.32692657861417,6.0451756649657
148.45,0.109156891435702,0.0259482614923103,0.999999999999982,0.20930541697844,0.0497550967243579,1.91747322798878,-0.932739692533387,0.337076338929414,0.127969557734118,0.356645380307136,0.914664313616197,0.190245278791855,-0.0529220056148815,0.223089074432064,-0.97336042974365,9.33220198957492,6.04517566496468
148.5,0.109156891435701,0.0259482614923143,0.999999999999983,0.209305416978438,0.0497550967243656,1.91747322798878,-0.933198561686019,0.337714797772247,0.122837941340594,0.356171624191058,0.914644053301654,0.191227691198282,-0.0477725715055102,0.22220479546034,-0.97382894303167,9.33747740053567,6.0451756649657
148.55,0.1091568914357,0.0259482614923182,0.999999999999983,0.209305416978436,0.0497550967243732,1.91747322798878,-0.933630581800628,0.338348694954212,0.117703429641628,0.355692792762546,0.914624978444779,0.192207663691302,-0.0426212846287001,0.22131721448561,-0.974270042990612,9.34275281149643,6.04517566496672
148.6,0.109156891435699,0.0259482614923221,0.999999999999983,0.209305416978433,0.0497550967243806,1.91747322798878,-0.934035740854139,0.338978012834015,0.112566165530156,0.35520889934743,0.914607089576423,0.19318516899838,-0.0374682883442396,0.220426356209161,-0.974683717344711,9.34802822245718,6.0451756649657
148.65,0.109156891435697,0.0259482614923259,0.999999999999983,0.209305416978431,0.0497550967243878,1.91747322798878,-0.934414027571017,0.339602733897805,0.107426291975697,0.354719957412413,0.914590387194432,0.194160179915646,-0.0323137260594719,0.219532245423484,-0.975069954581453,9.35330363341794,6.04517566496672
148.7,0.109156891435696,0.0259482614923295,0.999999999999983,0.209305416978429,0.0497550967243949,1.91747322798878,-0.934765431423582,0.340222840759659,0.102283952020404,0.354225980564699,0.914574871763631,0.195132669308646,-0.0271577412253358,0.218634907011592,-0.975428743951894,9.35857904437869,6.04517566496672
148.75,0.109156891435695,0.0259482614923331,0.999999999999983,0.209305416978426,0.0497550967244017,1.91747322798878,-0.935089942632302,0.340838316162068,0.0971392887750617,0.353726982551611,0.914560543715812,0.196102610113103,-0.0220004773323511,0.217734365946318,-0.975760075470965,9.36385445533944,6.04517566496468
148.8,0.109156891435694,0.0259482614923366,0.999999999999983,0.209305416978424,0.0497550967244084,1.91747322798878,-0.935387552166062,0.341449142976416,0.0919924454151171,0.353222977260213,0.914547403449724,0.197069975335663,-0.0168420779066403,0.216830647289627,-0.976063939917743,9.3691298663002,6.0451756649657
148.85,0.109156891435693,0.02594826149234,0.999999999999983,0.209305416978422,0.049755096724415,1.91747322798878,-0.935658251742421,0.342055304203455,0.0868435651766857,0.35271397871692,0.91453545133106,0.198034738054654,-0.0116826865059225,0.215923776191917,-0.976340328835713,9.37440527726095,6.0451756649657
148.9,0.109156891435691,0.0259482614923434,0.999999999999984,0.209305416978419,0.0497550967244214,1.91747322798878,-0.935902033827838,0.342656782973782,0.0816927913525685,0.352200001087108,0.914524687692445,0.198996871420828,-0.00652244671552347,0.215013777891314,-0.976589234532999,9.3796806882217,6.0451756649657
148.95,0.10915689143569,0.0259482614923466,0.999999999999984,0.209305416978417,0.0497550967244276,1.91747322798878,-0.936118891637883,0.343253562548303,0.076540267288272,0.351681058674722,0.914515112833431,0.199956348658115,-0.00136150214438654,0.214100677712978,-0.976810650082581,9.38495609918245,6.04517566496672
149,0.109156891435689,0.0259482614923498,0.999999999999984,0.209305416978415,0.0497550967244337,1.91747322798878,-0.936308819137424,0.343845626318708,0.0713861363779977,0.351157165921874,0.914506727020484,0.200913143064362,0.00380000357894499,0.213184501068391,-0.977004569322489,9.39023151014321,6.04517566496672
149.05,0.109156891435688,0.0259482614923529,0.999999999999984,0.209305416978412,0.0497550967244396,1.91747322798878,-0.9364718110408,0.344432957807921,0.0662305420606811,0.350628337408446,0.914499530486981,0.201867228012079,0.00896192681029534,0.212265273454655,-0.977170986855969,9.39550692110396,6.0451756649657
149.1,0.109156891435687,0.0259482614923559,0.999999999999984,0.20930541697841,0.0497550967244453,1.91747322798878,-0.936607862811962,0.345015540670567,0.0610736278159772,0.350094587851682,0.914493523433201,0.202818576949183,0.0141241238938765,0.211343020453779,-0.977309898051638,9.40078233206472,6.04517566496672
149.15,0.109156891435685,0.0259482614923588,0.999999999999984,0.209305416978408,0.0497550967244509,1.91747322798878,-0.936716970664605,0.345593358693428,0.055915537160271,0.349555932105774,0.914488706026319,0.20376716339973,0.0192864511662825,0.210417767731968,-0.977421299043614,9.40605774302547,6.04517566496468
149.2,0.109156891435684,0.0259482614923616,0.999999999999984,0.209305416978406,0.0497550967244564,1.91747322798878,-0.936799131562267,0.346166395795886,0.0507564136426956,0.349012385161458,0.914485078400404,0.204712960964658,0.0244487649604757,0.20948954103891,-0.977505186731617,9.41133315398622,6.0451756649657
149.25,0.109156891435683,0.0259482614923644,0.999999999999984,0.209305416978403,0.0497550967244617,1.91747322798878,-0.93685434321842,0.34673463603038,0.0455964008411163,0.348463962145588,0.914482640656412,0.205655943322519,0.0296109216098058,0.208558366207057,-0.977561558781063,9.41660856494698,6.0451756649657
149.3,0.109156891435682,0.0259482614923671,0.999999999999985,0.209305416978401,0.0497550967244668,1.91747322798878,-0.936882604096528,0.347298063582841,0.0404356423581576,0.347910678320719,0.914481392862185,0.206596084230212,0.0347727774519852,0.207624269150908,-0.977590413623122,9.42188397590773,6.04517566496672
149.35,0.109156891435681,0.0259482614923697,0.999999999999985,0.209305416978399,0.0497550967244718,1.91747322798878,-0.936883913410095,0.34785666277314,0.0352742818171944,0.347352549084683,0.914481335052448,0.207533357523713,0.0399341888330996,0.206687275866287,-0.977591750454767,9.42715938686848,6.04517566496672
149.4,0.10915689143568,0.0259482614923722,0.999999999999985,0.209305416978397,0.0497550967244767,1.91747322798878,-0.936858271122683,0.348410418055519,0.0301124628583517,0.346789589970159,0.914482467228812,0.208467737118804,0.045095012111609,0.20574741242962,-0.977565569238795,9.43243479782924,6.0451756649657
149.45,0.109156891435679,0.0259482614923747,0.999999999999985,0.209305416978395,0.0497550967244814,1.91747322798878,-0.936805677947913,0.348959314019027,0.0249503291345209,0.346221816644242,0.914484789359767,0.209399197011795,0.050255103662332,0.204804704997209,-0.977511870703827,9.43771020878999,6.04517566496672
149.5,0.109156891435677,0.0259482614923771,0.999999999999985,0.209305416978392,0.049755096724486,1.91747322798878,-0.936726135349449,0.349503335387945,0.0197880243073393,0.345649244908002,0.914488301380689,0.210327711280258,0.0554143198804644,0.203859179804504,-0.977430656344285,9.44298561975075,6.0451756649657
149.55,0.109156891435676,0.0259482614923794,0.999999999999985,0.20930541697839,0.0497550967244904,1.91747322798878,-0.936619645540952,0.350042467022215,0.0146256920432234,0.345071890696052,0.914493003193838,0.211253254083735,0.0605725171855457,0.202910863165374,-0.977321928420359,9.4482610307115,6.0451756649657
149.6,0.109156891435675,0.0259482614923816,0.999999999999985,0.209305416978388,0.0497550967244947,1.91747322798878,-0.936486211486023,0.35057669391786,0.00946347600934114,0.344489770076101,0.914498894668365,0.212175799664465,0.0657295520254832,0.201959781471371,-0.977185689957935,9.45353644167225,6.0451756649657
149.65,0.109156891435674,0.0259482614923838,0.999999999999986,0.209305416978386,0.0497550967244989,1.91747322798878,-0.936325836898118,0.3511060012074,0.00430151986962744,0.343902899248505,0.914505975640308,0.213095322348102,0.0708852808805341,0.201005961191001,-0.977021944748515,9.458811852633,6.04517566496672
149.7,0.109156891435673,0.0259482614923859,0.999999999999986,0.209305416978384,0.049755096724503,1.91747322798878,-0.936138526240444,0.351630374160269,-0.000860032719210327,0.343311294545818,0.914514245912607,0.214011796544424,0.0760395602672958,0.200049428868983,-0.976830697349111,9.46408726359376,6.0451756649657
149.75,0.109156891435672,0.025948261492388,0.999999999999986,0.209305416978382,0.0497550967245069,1.91747322798878,-0.935924284725839,0.352149798183222,-0.00602103811170251,0.342714972432337,0.914523705255099,0.214925196748049,0.0811922467427111,0.199090211125512,-0.976611953082118,9.46936267455451,6.04517566496672
149.8,0.109156891435671,0.0259482614923899,0.999999999999986,0.20930541697838,0.0497550967245107,1.91747322798878,-0.935683118316621,0.352664258820742,-0.0111813526776045,0.342113949503644,0.914534353404533,0.215835497539145,0.0863431969080499,0.198128334655519,-0.976365718035168,9.47463808551527,6.0451756649657
149.85,0.10915689143567,0.0259482614923918,0.999999999999986,0.209305416978377,0.0497550967245143,1.91747322798878,-0.935415033724426,0.353173741755443,-0.0163408328058901,0.341508242486147,0.914546190064572,0.216742673584135,0.0914922674128964,0.197163826227926,-0.976091999060955,9.47991349647602,6.04517566496672
149.9,0.109156891435669,0.0259482614923937,0.999999999999986,0.209305416978375,0.0497550967245179,1.91747322798878,-0.935120038410021,0.353678232808468,-0.0214993349087733,0.340897868236608,0.914559214905803,0.217646699636404,0.0966393149591632,0.196196712684903,-0.97579080377705,9.48518890743678,6.0451756649657
149.95,0.109156891435667,0.0259482614923955,0.999999999999986,0.209305416978373,0.0497550967245213,1.91747322798878,-0.934798140583095,0.354177717939882,-0.026656715425665,0.34028284374168,0.914573427565745,0.218547550537,0.101784196305041,0.195227020941119,-0.975462140565687,9.49046431839753,6.0451756649657
150,0.109156891435666,0.0259482614923972,0.999999999999987,0.209305416978371,0.0497550967245246,1.91747322798878,-0.934449349202031,0.354672183249067,-0.0318128308272093,0.339663186117429,0.914588827648861,0.219445201215336,0.106926768269023,0.194254777982995,-0.975106018573529,9.49573972935828,6.0451756649657
150.05,0.109156891435665,0.0259482614923988,0.999999999999987,0.209305416978369,0.0497550967245277,1.91747322798878,-0.934073673973657,0.355161614975105,-0.0369675376192458,0.339038912608864,0.91460541472657,0.220339626689888,0.112066887733863,0.193280010867951,-0.974722447711414,9.50101514031904,6.04517566496672
150.1,0.109156891435664,0.0259482614924004,0.999999999999987,0.209305416978367,0.0497550967245308,1.91747322798878,-0.933671125352975,0.355645999497161,-0.0421206923468177,0.338410040589452,0.914623188337254,0.221230802068886,0.117204411650566,0.192302746723656,-0.974311438654079,9.50629055127979,6.04517566496672
150.15,0.109156891435663,0.025948261492402,0.999999999999987,0.209305416978365,0.0497550967245338,1.91747322798879,-0.933241714542872,0.356125323334864,-0.0472721515981668,0.337776587560635,0.914642147986276,0.222118702551013,0.12233919704238,0.191323012747268,-0.973873002839864,9.51156596224054,6.04517566496672
150.2,0.109156891435662,0.0259482614924035,0.999999999999987,0.209305416978363,0.0497550967245366,1.91747322798879,-0.932785453493806,0.356599573148682,-0.0524217720087131,0.337138571151346,0.91466229314599,0.223003303426091,0.127471101008756,0.190340836204683,-0.973407152470392,9.5168413732013,6.04517566496672
150.25,0.109156891435661,0.0259482614924049,0.999999999999987,0.209305416978361,0.0497550967245393,1.91747322798879,-0.932302354903474,0.357068735740291,-0.0575694102650584,0.336496009117515,0.914683623255759,0.223884580075768,0.132599980729341,0.189356244429773,-0.97291390051023,9.52211678416205,6.0451756649657
150.3,0.10915689143566,0.0259482614924062,0.999999999999987,0.209305416978359,0.0497550967245419,1.91747322798879,-0.931792432216461,0.357532798052945,-0.0627149231089621,0.335848919341577,0.914706137721968,0.224762507974207,0.137725693467944,0.188369264823623,-0.97239326068653,9.5273921951228,6.0451756649657
150.35,0.109156891435659,0.0259482614924076,0.999999999999988,0.209305416978357,0.0497550967245444,1.91747322798879,-0.931255699623863,0.357991747171838,-0.0678581673413321,0.335197319831973,0.914729835918043,0.225637062688765,0.142848096576508,0.187379924853775,-0.971845247488643,9.53266760608355,6.0451756649657
150.4,0.109156891435658,0.0259482614924088,0.999999999999988,0.209305416978355,0.0497550967245469,1.91747322798879,-0.93069217206289,0.358445570324465,-0.0729989998262237,0.33454122872265,0.914754717184463,0.226508219880677,0.147967047499094,0.186388252053456,-0.97126987616772,9.53794301704431,6.04517566496672
150.45,0.109156891435657,0.02594826149241,0.999999999999988,0.209305416978353,0.0497550967245491,1.91747322798879,-0.930101865216458,0.358894254880972,-0.0781372774947918,0.333880664272556,0.914780780828788,0.227375955305726,0.153082403775819,0.185394274020819,-0.970667162736286,9.54321842800506,6.0451756649657
150.5,0.109156891435656,0.0259482614924112,0.999999999999988,0.209305416978352,0.0497550967245513,1.91747322798879,-0.929484795512743,0.359337788354517,-0.0832728573493121,0.33321564486513,0.914808026125667,0.228240244814927,0.158194023046858,0.184398018418168,-0.970037123967791,9.54849383896582,6.04517566496672
150.55,0.109156891435655,0.0259482614924122,0.999999999999988,0.20930541697835,0.0497550967245534,1.91747322798879,-0.928840980124732,0.359776158401608,-0.0884055964671232,0.332546189007794,0.914836452316867,0.229101064355193,0.16330176305637,0.183399512971194,-0.96937977739615,9.55376924992657,6.04517566496672
150.6,0.109156891435654,0.0259482614924133,0.999999999999988,0.209305416978348,0.0497550967245554,1.91747322798879,-0.928170436969741,0.360209352822452,-0.093535352004628,0.331872315331436,0.91486605861129,0.229958389970003,0.168405481656482,0.182398785468199,-0.968695141315251,9.55904466088733,6.04517566496672
150.65,0.109156891435653,0.0259482614924143,0.999999999999988,0.209305416978346,0.0497550967245573,1.91747322798879,-0.927473184708916,0.360637359561294,-0.0986619812012653,0.331194042589888,0.914896844184997,0.230812197800077,0.173505036811236,0.181395863759327,-0.967983234778444,9.56432007184808,6.0451756649657
150.7,0.109156891435652,0.0259482614924152,0.999999999999989,0.209305416978344,0.0497550967245591,1.91747322798879,-0.926749242746715,0.36106016670675,-0.103785341383473,0.330511389659412,0.914928808181227,0.231662464084029,0.178600286600539,0.180390775755784,-0.967244077598013,9.56959548280883,6.04517566496672
150.75,0.109156891435651,0.0259482614924161,0.999999999999989,0.209305416978342,0.0497550967245609,1.91747322798879,-0.925998631230368,0.361477762492142,-0.108905289968672,0.329824375538167,0.914961949710427,0.232509165159039,0.183691089224121,0.179383549429065,-0.966477690344628,9.57487089376959,6.0451756649657
150.8,0.10915689143565,0.025948261492417,0.999999999999989,0.20930541697834,0.0497550967245625,1.91747322798879,-0.925221371049314,0.361890135295822,-0.114021684469223,0.329133019345686,0.91499626785027,0.233352277461503,0.188777303005472,0.178374212810175,-0.965684094346764,9.58014630473034,6.04517566496672
150.85,0.109156891435649,0.0259482614924177,0.999999999999989,0.209305416978339,0.049755096724564,1.91747322798879,-0.924417483834626,0.362297273641497,-0.119134382496396,0.328437340322339,0.915031761645687,0.234191777527692,0.193858786395787,0.177362793988847,-0.964863311690118,9.58542171569109,6.04517566496672
150.9,0.109156891435648,0.0259482614924185,0.999999999999989,0.209305416978337,0.0497550967245654,1.91747322798879,-0.923586991958399,0.36269916619855,-0.124243241764339,0.327737357828801,0.915068430108888,0.235027641994407,0.198935397977915,0.176349321112761,-0.964015365216985,9.59069712665185,6.04517566496672
150.95,0.109156891435648,0.0259482614924192,0.999999999999989,0.209305416978335,0.0497550967245668,1.91747322798879,-0.922729918533138,0.363095801782353,-0.129348120094024,0.327033091345514,0.915106272219395,0.235859847599627,0.204006996470279,0.175333822386763,-0.963140278525627,9.5959725376126,6.04517566496672
151,0.109156891435647,0.0259482614924199,0.999999999999989,0.209305416978333,0.0497550967245681,1.91747322798879,-0.921846287411107,0.363487169354578,-0.134448875417221,0.326324560472139,0.915145286924066,0.236688371183157,0.209073440730822,0.174316326072077,-0.962238075969616,9.60124794857336,6.0451756649657
151.05,0.109156891435646,0.0259482614924205,0.99999999999999,0.209305416978332,0.0497550967245693,1.91747322798879,-0.920936123183667,0.363873258023507,-0.139545365780436,0.325611784927018,0.915185473137124,0.23751318968727,0.214134589760924,0.17329686048552,-0.961308782657156,9.60652335953411,6.04517566496672
151.1,0.109156891435645,0.0259482614924211,0.99999999999999,0.20930541697833,0.0497550967245704,1.91747322798879,-0.919999451180596,0.364254057044332,-0.144637449348872,0.324894784546619,0.915226829740192,0.238334280157353,0.219190302709332,0.172275453998712,-0.960352424450383,9.61179877049486,6.0451756649657
151.15,0.109156891435644,0.0259482614924216,0.99999999999999,0.209305416978328,0.0497550967245714,1.91747322798879,-0.919036297469377,0.364629555819455,-0.149724984410369,0.324173579284991,0.915269355582321,0.239151619742543,0.224240438876079,0.171252135037293,-0.959369027964648,9.61707418145562,6.0451756649657
151.2,0.109156891435643,0.0259482614924221,0.99999999999999,0.209305416978327,0.0497550967245723,1.91747322798879,-0.918046688854479,0.364999743898785,-0.154807829379357,0.323448189213199,0.915313049480019,0.239965185696366,0.229284857716399,0.17022693208012,-0.958358620567771,9.62234959241637,6.04517566496672
151.25,0.109156891435642,0.0259482614924225,0.99999999999999,0.209305416978325,0.0497550967245732,1.91747322798879,-0.917030652876607,0.365364610980026,-0.159885842800789,0.322718634518774,0.915357910217292,0.240774955377364,0.234323418844644,0.169199873658486,-0.957321230379286,9.62762500337713,6.04517566496672
151.3,0.109156891435641,0.0259482614924229,0.99999999999999,0.209305416978323,0.049755096724574,1.91747322798879,-0.915988217811936,0.365724146908965,-0.164958883354075,0.321984935505147,0.915403936545668,0.241580906249732,0.239355982038176,0.168170988355322,-0.956256886269655,9.63290041433788,6.04517566496672
151.35,0.109156891435641,0.0259482614924233,0.99999999999999,0.209305416978322,0.0497550967245747,1.91747322798879,-0.914919412671327,0.366078341679754,-0.170026809857021,0.321247112591088,0.91545112718424,0.24238301588394,0.244382407241281,0.167140304804397,-0.955165617859463,9.63817582529863,6.04517566496672
151.4,0.10915689143564,0.0259482614924237,0.99999999999999,0.20930541697832,0.0497550967245753,1.91747322798879,-0.913824267199515,0.366427185435189,-0.175089481269764,0.320505186310129,0.915499480819698,0.24318126195736,0.249402554569072,0.166107851689529,-0.954047455518598,9.64345123625939,6.0451756649657
151.45,0.109156891435639,0.025948261492424,0.999999999999991,0.209305416978319,0.0497550967245759,1.91747322798879,-0.912702811874286,0.366770668466986,-0.180146756698678,0.319759177310004,0.915548996106364,0.243975622254888,0.254416284311366,0.16507365774378,-0.952902430365401,9.64872664722014,6.04517566496672
151.5,0.109156891435638,0.0259482614924242,0.999999999999991,0.209305416978317,0.0497550967245764,1.91747322798879,-0.911555077905624,0.367108781216046,-0.185198495400317,0.319009106352064,0.915599671666234,0.244766074669557,0.259423456936587,0.16403775174866,-0.951730574265803,9.65400205818089,6.0451756649657
151.55,0.109156891435637,0.0259482614924244,0.999999999999991,0.209305416978315,0.0497550967245768,1.91747322798879,-0.910381097234847,0.367441514272728,-0.190244556785315,0.318254994310707,0.915651506089012,0.245552597203161,0.26442393309564,0.163000162533326,-0.950531919832439,9.65927746914165,6.04517566496672
151.6,0.109156891435636,0.0259482614924246,0.999999999999991,0.209305416978314,0.0497550967245772,1.91747322798879,-0.909180902533716,0.367768858377104,-0.195284800422305,0.317496862172793,0.91570449793215,0.246335167966857,0.26941757362579,0.161960918973779,-0.949306500423736,9.6645528801024,6.04517566496774
151.65,0.109156891435636,0.0259482614924248,0.999999999999991,0.209305416978312,0.0497550967245775,1.91747322798879,-0.907954527203523,0.368090804419222,-0.200319086041836,0.31673473103706,0.915758645720893,0.247113765181783,0.274404239554544,0.160920049992058,-0.948054350142989,9.66982829106316,6.04517566496672
151.7,0.109156891435635,0.0259482614924249,0.999999999999991,0.209305416978311,0.0497550967245777,1.91747322798879,-0.90670200537417,0.368407343439357,-0.205347273540252,0.31596862211354,0.915813947948313,0.247888367179659,0.279383792103498,0.15987758455544,-0.946775503837413,9.67510370202391,6.04517566496672
151.75,0.109156891435634,0.025948261492425,0.999999999999991,0.209305416978309,0.0497550967245779,1.91747322798879,-0.905423371903205,0.368718466628262,-0.210369222983626,0.315198556722962,0.915870403075353,0.248658952403393,0.284356092692231,0.158833551675629,-0.945469997097165,9.68037911298467,6.04517566496672
151.8,0.109156891435633,0.025948261492425,0.999999999999992,0.209305416978308,0.049755096724578,1.91747322798879,-0.904118662374867,0.36902416532741,-0.21538479461162,0.314424556296169,0.915928009530874,0.249425499407677,0.289321002942127,0.157787980407952,-0.944137866254363,9.68565452394542,6.0451756649657
151.85,0.109156891435633,0.0259482614924251,0.999999999999992,0.209305416978307,0.049755096724578,1.91747322798879,-0.902787913099088,0.369324431029237,-0.220393848841396,0.313646642373511,0.915986765711695,0.250187986859586,0.294278384680249,0.156740899850549,-0.942779148382071,9.69092993490617,6.0451756649657
151.9,0.109156891435632,0.0259482614924251,0.999999999999992,0.209305416978305,0.049755096724578,1.91747322798879,-0.90143116111048,0.369619255377382,-0.225396246271497,0.312864836604252,0.916046669982636,0.250946393539176,0.299228099943181,0.155692339143563,-0.941393881293266,9.69620534586693,6.04517566496672
151.95,0.109156891435631,0.025948261492425,0.999999999999992,0.209305416978304,0.049755096724578,1.91747322798879,-0.900048444167312,0.369908630166912,-0.230391847685719,0.312079160745966,0.916107720676568,0.251700698340066,0.304170010980856,0.154642327468331,-0.939982103539787,9.70148075682768,6.04517566496672
152,0.10915689143563,0.025948261492425,0.999999999999992,0.209305416978302,0.0497550967245778,1.91747322798879,-0.898639800750452,0.370192547344557,-0.235380514056998,0.31128963666393,0.916169916094458,0.252450880270033,0.309103980260409,0.153590894046567,-0.938543854411262,9.70675616778844,6.04517566496672
152.05,0.10915689143563,0.0259482614924249,0.999999999999992,0.209305416978301,0.0497550967245776,1.9174732279888,-0.8972052700623,0.370470999008932,-0.24036210655126,0.310496286330517,0.916233254505411,0.253196918451591,0.314029870469981,0.152538068139555,-0.937079173934017,9.71203157874919,6.04517566496672
152.1,0.109156891435629,0.0259482614924247,0.999999999999992,0.2093054169783,0.0497550967245774,1.9174732279888,-0.895744892025698,0.370743977410755,-0.245336486531304,0.309699131824585,0.916297734146728,0.253938792122574,0.318947544522559,0.151483879047332,-0.935588102869956,9.71730698970994,6.04517566496774
152.15,0.109156891435628,0.0259482614924246,0.999999999999992,0.209305416978298,0.0497550967245771,1.9174732279888,-0.894258707282812,0.371011474953067,-0.250303515560656,0.308898195330861,0.916363353223946,0.254676480636716,0.323856865559789,0.150428356107869,-0.934070682715432,9.7225824006707,6.0451756649657
152.2,0.109156891435628,0.0259482614924244,0.999999999999993,0.209305416978297,0.0497550967245768,1.9174732279888,-0.892746757194013,0.371273484191438,-0.255263055407405,0.308093499139326,0.916430109910894,0.255409963464221,0.328757696955767,0.149371528696261,-0.932526955700092,9.72785781163145,6.0451756649657
152.25,0.109156891435627,0.0259482614924242,0.999999999999993,0.209305416978296,0.0497550967245764,1.9174732279888,-0.891209083836713,0.371529997834179,-0.260214968048079,0.307285065644589,0.916498002349739,0.256139220192339,0.333649902320873,0.148313426223906,-0.930956964785697,9.7331332225922,6.04517566496672
152.3,0.109156891435626,0.025948261492424,0.999999999999993,0.209305416978294,0.0497550967245759,1.9174732279888,-0.889645730004201,0.37178100874254,-0.265159115671462,0.306472917345271,0.916567028651042,0.25686423052593,0.338533345505537,0.147254078137683,-0.929360753664932,9.73840863355296,6.04517566496774
152.35,0.109156891435626,0.0259482614924237,0.999999999999993,0.209305416978293,0.0497550967245755,1.9174732279888,-0.888056739204454,0.372026509930915,-0.270095360682434,0.305657076843377,0.916637186893809,0.257584974288033,0.343407890604037,0.146193513919143,-0.927738366760187,9.74368404451371,6.04517566496672
152.4,0.109156891435625,0.0259482614924234,0.999999999999993,0.209305416978292,0.0497550967245749,1.9174732279888,-0.886442155658921,0.372266494567032,-0.275023565705813,0.304837566843661,0.916708475125543,0.258301431420422,0.348273401958292,0.145131763083676,-0.926089849222321,9.74895945547447,6.04517566496672
152.45,0.109156891435624,0.0259482614924231,0.999999999999993,0.20930541697829,0.0497550967245743,1.9174732279888,-0.884802024301294,0.372500955972142,-0.279943593590161,0.304014410153002,0.916780891362299,0.259013581984171,0.353129744161625,0.144068855179699,-0.924415246929407,9.75423486643522,6.04517566496774
152.5,0.109156891435624,0.0259482614924228,0.999999999999993,0.209305416978289,0.0497550967245737,1.9174732279888,-0.883136390776257,0.372729887621209,-0.284855307411617,0.303187629679766,0.916854433588742,0.259721406160203,0.357976782062539,0.143004819787827,-0.922714606485451,9.75951027739598,6.04517566496672
152.55,0.109156891435623,0.0259482614924225,0.999999999999993,0.209305416978288,0.049755096724573,1.9174732279888,-0.881445301438221,0.372953283143089,-0.28975857047769,0.302357248433167,0.916929099758198,0.260424884249845,0.362814380768469,0.141939686520056,-0.920987975219102,9.76478568835673,6.0451756649657
152.6,0.109156891435622,0.0259482614924221,0.999999999999993,0.209305416978287,0.0497550967245723,1.9174732279888,-0.879728803350026,0.373171136320708,-0.294653246331078,0.30152328952263,0.917004887792716,0.261123996675374,0.367642405649544,0.140873485018934,-0.919235401182328,9.77006109931748,6.0451756649657
152.65,0.109156891435622,0.0259482614924217,0.999999999999994,0.209305416978286,0.0497550967245716,1.9174732279888,-0.877986944281635,0.373383441091234,-0.299539198753463,0.300685776157144,0.917081795583124,0.261818723980564,0.372460722342335,0.139806244956738,-0.917456933149084,9.77533651027824,6.04517566496672
152.7,0.109156891435621,0.0259482614924213,0.999999999999994,0.209305416978285,0.0497550967245708,1.9174732279888,-0.876219772708806,0.373590191546248,-0.304416291769292,0.299844731644619,0.917159820989084,0.262509046831226,0.377269196753585,0.138737996034649,-0.91565262061395,9.78061192123899,6.04517566496672
152.75,0.109156891435621,0.0259482614924209,0.999999999999994,0.209305416978283,0.04975509672457,1.9174732279888,-0.874427337811738,0.373791381931906,-0.309284389649578,0.299000179391237,0.917238961839158,0.263194946015747,0.382067695063957,0.137668767981921,-0.913822513790756,9.78588733219975,6.04517566496672
152.8,0.10915689143562,0.0259482614924204,0.999999999999994,0.209305416978282,0.0497550967245691,1.9174732279888,-0.872609689473712,0.3739870066491,-0.314143356915657,0.298152142900799,0.917319215930865,0.263876402445625,0.386856083731733,0.136598590555063,-0.911966663611185,9.7911627431605,6.04517566496672
152.85,0.109156891435619,0.0259482614924199,0.999999999999994,0.209305416978281,0.0497550967245682,1.9174732279888,-0.870766878279691,0.374177060253615,-0.318993058342974,0.297300645774074,0.917400581030741,0.264553397155996,0.391634229496555,0.135527493537,-0.910085121723357,9.79643815412125,6.04517566496774
152.9,0.109156891435619,0.0259482614924194,0.999999999999994,0.20930541697828,0.0497550967245673,1.9174732279888,-0.868898955514918,0.374361537456279,-0.323833358964846,0.296445711708137,0.917483054874404,0.265225911306168,0.396401999383126,0.134455506736252,-0.908177940490385,9.80171356508201,6.04517566496672
152.95,0.109156891435618,0.0259482614924189,0.999999999999994,0.209305416978279,0.0497550967245663,1.9174732279888,-0.867005973163493,0.37454043312311,-0.328664124076202,0.295587364495716,0.917566635166616,0.265893926180143,0.401159260704899,0.133382659986099,-0.906245172988927,9.80698897604276,6.04517566496672
153,0.109156891435618,0.0259482614924184,0.999999999999994,0.209305416978278,0.0497550967245653,1.9174732279888,-0.865087983906916,0.374713742275461,-0.333485219237356,0.294725628024523,0.917651319581346,0.266557423187136,0.40590588106779,0.132308983143757,-0.904286873007701,9.81226438700352,6.0451756649657
153.05,0.109156891435617,0.0259482614924179,0.999999999999994,0.209305416978277,0.0497550967245642,1.9174732279888,-0.863145041122629,0.374881460090156,-0.338296510277727,0.293860526276596,0.917737105761835,0.267216383862094,0.410641728373843,0.131234506089538,-0.902303095045993,9.81753979796427,6.04517566496672
153.1,0.109156891435617,0.0259482614924173,0.999999999999995,0.209305416978276,0.0497550967245632,1.9174732279888,-0.861177198882529,0.375043581899624,-0.343097863299584,0.292992083327627,0.917823991320662,0.267870789866209,0.41536667082492,0.13015925872603,-0.900293894312137,9.82281520892503,6.04517566496774
153.15,0.109156891435616,0.0259482614924167,0.999999999999995,0.209305416978275,0.049755096724562,1.9174732279888,-0.859184511951461,0.375200103192034,-0.347889144681774,0.292120323346292,0.917911973839812,0.268520622987432,0.420080576926365,0.129083270977254,-0.89825932672198,9.82809061988578,6.04517566496774
153.2,0.109156891435615,0.0259482614924161,0.999999999999995,0.209305416978274,0.0497550967245609,1.9174732279888,-0.857167035785697,0.375351019611414,-0.352670221083428,0.291245270593582,0.918001050870741,0.269165865140971,0.424783315490655,0.128006572787838,-0.89619944889733,9.83336603084653,6.04517566496774
153.25,0.109156891435615,0.0259482614924155,0.999999999999995,0.209305416978273,0.0497550967245598,1.9174732279888,-0.855124826531386,0.375496326957776,-0.357440959447691,0.290366949422123,0.918091219934443,0.269806498369808,0.429474755641071,0.12692919412218,-0.89411431816437,9.83864144180729,6.04517566496672
153.3,0.109156891435614,0.0259482614924149,0.999999999999995,0.209305416978272,0.0497550967245586,1.9174732279888,-0.853057941023003,0.37563602118723,-0.362201227005406,0.289485384275503,0.918182478521524,0.270442504845183,0.434154766815313,0.125851164963617,-0.892003992552075,9.84391685276804,6.0451756649657
153.35,0.109156891435614,0.0259482614924143,0.999999999999995,0.209305416978271,0.0497550967245574,1.9174732279888,-0.850966436781757,0.375770098412102,-0.366950891278819,0.28860059968759,0.918274824092265,0.271073866867104,0.438823218769158,0.124772515313589,-0.889868530790586,9.8491922637288,6.04517566496672
153.4,0.109156891435613,0.0259482614924136,0.999999999999995,0.20930541697827,0.0497550967245561,1.9174732279888,-0.848850372013992,0.375898554901036,-0.37168982008527,0.287712620281845,0.9183682540767,0.271700566864831,0.443479981580074,0.123693275190804,-0.887707992309582,9.85446767468955,6.04517566496672
153.45,0.109156891435613,0.025948261492413,0.999999999999995,0.209305416978269,0.0497550967245548,1.9174732279888,-0.846709805609573,0.376021387079102,-0.376417881540858,0.286821470770643,0.918462765874681,0.272322587397368,0.448124925650833,0.122613474630403,-0.885522437236627,9.8597430856503,6.04517566496672
153.5,0.109156891435613,0.0259482614924123,0.999999999999995,0.209305416978268,0.0497550967245536,1.9174732279888,-0.844544797140239,0.376138591527892,-0.381134944064129,0.285927175954583,0.918558356855955,0.272939911153948,0.452757921713127,0.121533143683122,-0.883311926395488,9.86501849661106,6.04517566496672
153.55,0.109156891435612,0.0259482614924116,0.999999999999995,0.209305416978267,0.0497550967245522,1.9174732279888,-0.842355406857953,0.376250164985618,-0.385840876379717,0.285029760721798,0.918655024360236,0.273552520954515,0.457378840831152,0.12045231241446,-0.881076521304456,9.87029390757182,6.04517566496672
153.6,0.109156891435612,0.0259482614924109,0.999999999999996,0.209305416978266,0.0497550967245509,1.9174732279888,-0.840141695693219,0.376356104347204,-0.390535547522014,0.284129250047259,0.918752765697275,0.274160399750201,0.461987554405208,0.119371010903839,-0.878816284174622,9.87556931853257,6.04517566496774
153.65,0.109156891435611,0.0259482614924102,0.999999999999996,0.209305416978265,0.0497550967245495,1.9174732279888,-0.837903725253387,0.376456406664368,-0.395218826838814,0.283225668992085,0.918851578146944,0.274763530623804,0.46658393417528,0.118289269243768,-0.87653127790815,9.88084472949332,6.04517566496672
153.7,0.109156891435611,0.0259482614924095,0.999999999999996,0.209305416978264,0.0497550967245482,1.9174732279888,-0.835641557820946,0.376551069145705,-0.399890583994933,0.282319042702845,0.918951458959299,0.275361896790252,0.471167852224588,0.117207117539006,-0.874221566096528,9.88612014045408,6.04517566496672
153.75,0.10915689143561,0.0259482614924088,0.999999999999996,0.209305416978264,0.0497550967245468,1.9174732279888,-0.833355256351778,0.376640089156771,-0.404550688975858,0.281409396410852,0.91905240535467,0.275955481597079,0.475739180983175,0.116124585905722,-0.871887213018796,9.89139555141483,6.04517566496672
153.8,0.10915689143561,0.025948261492408,0.999999999999996,0.209305416978263,0.0497550967245453,1.9174732279888,-0.831044884473416,0.376723464220147,-0.409199012091352,0.280496755431469,0.919154414523729,0.27654426852488,0.480297793231434,0.115041704470658,-0.869528283639756,9.89667096237559,6.04517566496774
153.85,0.109156891435609,0.0259482614924073,0.999999999999996,0.209305416978262,0.0497550967245439,1.9174732279888,-0.828710506483272,0.376801192015512,-0.413835423979059,0.2795811451634,0.91925748362757,0.277128241187776,0.484843562103655,0.113958503370294,-0.867144843608173,9.90194637333634,6.04517566496672
153.9,0.109156891435609,0.0259482614924065,0.999999999999996,0.209305416978261,0.0497550967245424,1.9174732279888,-0.826352187346841,0.376873270379712,-0.418459795608123,0.278662591087984,0.919361609797792,0.277707383333869,0.489376361091566,0.112875012750002,-0.864736959254931,9.90722178429709,6.04517566496672
153.95,0.109156891435609,0.0259482614924057,0.999999999999996,0.20930541697826,0.049755096724541,1.9174732279888,-0.823969992695901,0.376939697306813,-0.423071998282757,0.277741118768485,0.919466790136574,0.278281678845692,0.49389606404784,0.111791262763216,-0.862304697591204,9.91249719525785,6.04517566496774
154,0.109156891435608,0.025948261492405,0.999999999999996,0.20930541697826,0.0497550967245395,1.9174732279888,-0.82156398882668,0.37700047094816,-0.427671903645845,0.276816753849381,0.919573021716758,0.278851111740662,0.498402545189615,0.110707283570584,-0.85984812630658,9.9177726062186,6.04517566496774
154.05,0.109156891435608,0.0259482614924042,0.999999999999996,0.209305416978259,0.049755096724538,1.9174732279888,-0.819134242698017,0.377055589612428,-0.432259383682494,0.275889522055654,0.91968030158193,0.279415666171519,0.502895679101987,0.109623105339135,-0.857367313767184,9.92304801717936,6.04517566496672
154.1,0.109156891435607,0.0259482614924034,0.999999999999996,0.209305416978258,0.0497550967245365,1.9174732279888,-0.816680821929498,0.377105051765672,-0.436834310723607,0.274959449192068,0.919788626746503,0.279975326426773,0.507375340741501,0.108538758241437,-0.854862329013773,9.92832342814011,6.04517566496672
154.15,0.109156891435607,0.0259482614924026,0.999999999999997,0.209305416978257,0.0497550967245349,1.9174732279888,-0.814203794799565,0.377148856031365,-0.441396557449445,0.274026561142454,0.919897994195798,0.280530076931136,0.511841405439644,0.107454272454756,-0.852333241759812,9.93359883910087,6.04517566496672
154.2,0.109156891435607,0.0259482614924018,0.999999999999997,0.209305416978257,0.0497550967245334,1.9174732279888,-0.811703230243627,0.377187001190438,-0.445945996893151,0.273090883868989,0.920008400886131,0.281079902245961,0.516293748906294,0.106369678160221,-0.849780122389536,9.93887425006162,6.0451756649657
154.25,0.109156891435606,0.025948261492401,0.999999999999997,0.209305416978256,0.0497550967245318,1.9174732279888,-0.809179197852136,0.377219486181316,-0.450482502444299,0.272152443411476,0.920119843744895,0.281624787069664,0.520732247233199,0.105285005541977,-0.847203041955993,9.94414966102237,6.04517566496672
154.3,0.109156891435606,0.0259482614924001,0.999999999999997,0.209305416978255,0.0497550967245302,1.9174732279888,-0.80663176786865,0.377246310099945,-0.455005947852413,0.271211265886614,0.920232319670647,0.282164716238159,0.525156776897411,0.104200284786351,-0.844602072179063,9.94942507198313,6.04517566496774
154.35,0.109156891435606,0.0259482614923993,0.999999999999997,0.209305416978255,0.0497550967245287,1.9174732279888,-0.804061011187885,0.377267472199817,-0.459516207230469,0.270267377487277,0.920345825533194,0.282699674725272,0.529567214764722,0.103115546081009,-0.841977285443467,9.95470048294388,6.04517566496774
154.4,0.109156891435605,0.0259482614923985,0.999999999999997,0.209305416978254,0.0497550967245271,1.9174732279888,-0.801466999353729,0.377282971891995,-0.464013155058425,0.26932080448178,0.920460358173679,0.283229647643164,0.533963438093112,0.102030819614117,-0.839328754796746,9.95997589390464,6.04517566496672
154.45,0.109156891435605,0.0259482614923976,0.999999999999997,0.209305416978253,0.0497550967245255,1.9174732279888,-0.798849804557266,0.377292808745122,-0.468496666186682,0.268371573213154,0.92057591440467,0.283754620242744,0.538345324536134,0.1009461355735,-0.836656553947234,9.96525130486539,6.04517566496672
154.5,0.109156891435605,0.0259482614923968,0.999999999999997,0.209305416978253,0.0497550967245238,1.9174732279888,-0.796209499634752,0.377296982485441,-0.472966615839594,0.267419710098404,0.92069249101025,0.284274577914079,0.542712752146348,0.0998615241458019,-0.833960757262003,9.97052671582615,6.04517566496672
154.55,0.109156891435604,0.025948261492396,0.999999999999997,0.209305416978252,0.0497550967245222,1.9174732279888,-0.7935461580656,0.377295492996797,-0.477422879618928,0.266465241627782,0.920810084746104,0.284789506186801,0.547065599378697,0.0987770155156461,-0.831241439764794,9.9758021267869,6.04517566496774
154.6,0.109156891435604,0.0259482614923951,0.999999999999997,0.209305416978251,0.0497550967245206,1.9174732279888,-0.790859853970332,0.377288340320642,-0.48186533350732,0.265508194364049,0.92092869233961,0.285299390730509,0.55140374509389,0.0976926398647964,-0.828498677133935,9.98107753774766,6.04517566496672
154.65,0.109156891435604,0.0259482614923943,0.999999999999997,0.209305416978251,0.049755096724519,1.9174732279888,-0.788150662108509,0.377275524656033,-0.486293853871745,0.264548594941728,0.921048310489931,0.28580421735517,0.555727068561786,0.0966084273713131,-0.82573254570022,9.98635294870841,6.04517566496774
154.7,0.109156891435603,0.0259482614923934,0.999999999999997,0.20930541697825,0.0497550967245173,1.91747322798881,-0.785418657876663,0.377257046359631,-0.490708317466934,0.263586470066374,0.921168935868108,0.28630397201151,0.560035449464738,0.095524408208719,-0.822943122444804,9.99162835966916,6.04517566496672
154.75,0.109156891435603,0.0259482614923925,0.999999999999997,0.20930541697825,0.0497550967245156,1.91747322798881,-0.782663917306185,0.377232905945684,-0.495108601438829,0.262621846513821,0.921290565117147,0.28679864079141,0.564328767900954,0.0944406125451538,-0.820130484997044,9.99690377062992,6.04517566496672
154.8,0.109156891435603,0.0259482614923917,0.999999999999998,0.209305416978249,0.049755096724514,1.91747322798881,-0.779886517061219,0.377203104086016,-0.499494583327982,0.261654751129442,0.92141319485212,0.287288209928289,0.568606904387829,0.0933570705425384,-0.817294711632349,10.0021791815907,6.04517566496672
154.85,0.109156891435602,0.0259482614923908,0.999999999999998,0.209305416978249,0.0497550967245123,1.91747322798881,-0.777086534436531,0.377167641610012,-0.503866141072968,0.260685210827402,0.921536821660253,0.287772665797488,0.572869739865264,0.0922738123557355,-0.814435881270001,10.0074545925514,6.04517566496672
154.9,0.109156891435602,0.0259482614923899,0.999999999999998,0.209305416978248,0.0497550967245107,1.91747322798881,-0.774264047355341,0.377126519504587,-0.508223153013794,0.259713252589908,0.921661442101026,0.288251994916651,0.577117155698994,0.0911908681317068,-0.811554073470948,10.0127300035122,6.04517566496672
154.95,0.109156891435602,0.0259482614923891,0.999999999999998,0.209305416978247,0.049755096724509,1.91747322798881,-0.771419134367176,0.377079738914166,-0.512565497895266,0.258738903466455,0.921787052706264,0.288726183946098,0.581349033683874,0.0901082680086785,-0.808649368435605,10.0180054144729,6.04517566496672
155,0.109156891435601,0.0259482614923882,0.999999999999998,0.209305416978247,0.0497550967245073,1.91747322798881,-0.768551874645665,0.377027301140648,-0.51689305487038,0.257762190573079,0.921913649980238,0.289195219689199,0.585565256047183,0.0890260421152987,-0.805721847001608,10.0232808254337,6.04517566496774
155.05,0.109156891435601,0.0259482614923873,0.999999999999998,0.209305416978246,0.0497550967245056,1.91747322798881,-0.76566234798635,0.37696920764337,-0.521205703503673,0.256783141091598,0.922041230399758,0.289659089092736,0.589765705451887,0.0879442205698024,-0.802771590641577,10.0285562363944,6.04517566496774
155.1,0.109156891435601,0.0259482614923864,0.999999999999998,0.209305416978246,0.0497550967245039,1.91747322798881,-0.762750634804462,0.376905460039069,-0.525503323774576,0.255801782268858,0.922169790414275,0.290117779247271,0.593950264999912,0.0868628334791717,-0.799798681460844,10.0338316473552,6.04517566496774
155.15,0.109156891435601,0.0259482614923855,0.999999999999998,0.209305416978245,0.0497550967245022,1.91747322798881,-0.759816816132672,0.376836060101834,-0.529785796080771,0.254818141415973,0.922299326445977,0.290571277387508,0.598118818235405,0.0857819109382959,-0.796803202195157,10.039107058316,6.04517566496672
155.2,0.1091568914356,0.0259482614923847,0.999999999999998,0.209305416978245,0.0497550967245006,1.91747322798881,-0.756860973618854,0.376761009763057,-0.53405300124149,0.253832245907567,0.922429834889888,0.291019570892637,0.602271249147958,0.0847014830291383,-0.793785236208399,10.0443824692767,6.04517566496672
155.25,0.1091568914356,0.0259482614923838,0.999999999999998,0.209305416978244,0.0497550967244989,1.91747322798881,-0.753883189523794,0.376680311111383,-0.538304820500861,0.252844123181008,0.922561312113974,0.291462647286698,0.606407442175852,0.0836215798198947,-0.790744867490245,10.0496578802375,6.04517566496672
155.3,0.1091568914356,0.0259482614923829,0.999999999999998,0.209305416978244,0.0497550967244972,1.91747322798881,-0.750883546718915,0.376593966392645,-0.542541135531195,0.251853800735649,0.922693754459237,0.291900494238922,0.610527282209265,0.0825422313641593,-0.787682180653844,10.0549332911982,6.04517566496774
155.35,0.1091568914356,0.025948261492382,0.999999999999998,0.209305416978244,0.0497550967244955,1.91747322798881,-0.747862128683968,0.376501978009809,-0.546761828436281,0.250861306132063,0.922827158239818,0.292333099564072,0.614630654593471,0.0814634677000887,-0.784597260933453,10.060208702159,6.0451756649657
155.4,0.1091568914356,0.0259482614923811,0.999999999999998,0.209305416978243,0.0497550967244938,1.91747322798881,-0.744819019504702,0.376404348522902,-0.550966781754676,0.24986666699127,0.922961519743106,0.292760451222787,0.618717445132048,0.0803853188495628,-0.781490194182067,10.0654841131197,6.04517566496672
155.45,0.109156891435599,0.0259482614923803,0.999999999999998,0.209305416978243,0.0497550967244921,1.91747322798881,-0.74175430387053,0.376301080648942,-0.555155878462964,0.248869910993975,0.923096835229834,0.293182537321915,0.622787540090035,0.0793078148173528,-0.778361066869033,10.0707595240805,6.04517566496774
155.5,0.109156891435599,0.0259482614923794,0.999999999999998,0.209305416978242,0.0497550967244904,1.91747322798881,-0.738668067072167,0.376192177261863,-0.559329001979021,0.247871065879793,0.923233100934186,0.293599346114844,0.626840826197117,0.0782309855902832,-0.775209966077636,10.0760349350412,6.04517566496774
155.55,0.109156891435599,0.0259482614923785,0.999999999999999,0.209305416978242,0.0497550967244887,1.91747322798881,-0.735560394999266,0.376077641392436,-0.56348603616525,0.24687015944648,0.9233703130639,0.294010866001828,0.630877190650758,0.0771548611364004,-0.772036979502685,10.081310346002,6.04517566496672
155.6,0.109156891435599,0.0259482614923776,0.999999999999999,0.209305416978241,0.049755096724487,1.91747322798881,-0.732431374138021,0.375957476228182,-0.567626865331819,0.24586721954916,0.923508467800379,0.294417085530311,0.634896521119352,0.076079471404137,-0.768842195448072,10.0865857569627,6.04517566496672
155.65,0.109156891435598,0.0259482614923767,0.999999999999999,0.209305416978241,0.0497550967244853,1.91747322798881,-0.729281091568753,0.375831685113284,-0.571751374239885,0.244862274099544,0.92364756129879,0.294817993395246,0.638898705745353,0.0750048463214766,-0.7656257028243,10.0918611679235,6.04517566496672
155.7,0.109156891435598,0.0259482614923758,0.999999999999999,0.209305416978241,0.0497550967244837,1.91747322798881,-0.726109634963503,0.375700271548498,-0.575859448104791,0.243855351065161,0.923787589688174,0.295213578439408,0.642883633148376,0.0739310157951245,-0.762387591146029,10.0971365788843,6.04517566496672
155.75,0.109156891435598,0.025948261492375,0.999999999999999,0.20930541697824,0.049755096724482,1.91747322798881,-0.722917092583575,0.375563239191047,-0.57995097259927,0.242846478468574,0.923928549071558,0.295603829653708,0.646851192428308,0.0728580097096718,-0.759127950529568,10.102411989845,6.04517566496774
155.8,0.109156891435598,0.0259482614923741,0.999999999999999,0.20930541697824,0.0497550967244803,1.91747322798881,-0.719703553277095,0.375420591854529,-0.584025833856619,0.241835684386603,0.924070435526055,0.295988736177494,0.650801273168383,0.0717858579267673,-0.755846871690378,10.1076874008058,6.04517566496774
155.85,0.109156891435598,0.0259482614923732,0.999999999999999,0.20930541697824,0.0497550967244786,1.91747322798881,-0.71646910647653,0.375272333508805,-0.588083918473869,0.240822996949543,0.924213245102981,0.296368287298858,0.654733765438261,0.0707145902842844,-0.752544445940545,10.1129628117665,6.04517566496774
155.9,0.109156891435598,0.0259482614923723,0.999999999999999,0.209305416978239,0.0497550967244769,1.91747322798881,-0.713213842196195,0.375118468279888,-0.59212511351495,0.239808444340379,0.92435697382796,0.296742472454931,0.658648559797096,0.0696442365954893,-0.749220765186232,10.1182382227273,6.04517566496672
155.95,0.109156891435597,0.0259482614923715,0.999999999999999,0.209305416978239,0.0497550967244753,1.91747322798881,-0.709937851029762,0.374959000449832,-0.596149306513819,0.238792054794006,0.924501617701035,0.297111281232178,0.662545547296562,0.0685748266482154,-0.745875921925133,10.123513633688,6.04517566496672
156,0.109156891435597,0.0259482614923706,0.999999999999999,0.209305416978239,0.0497550967244736,1.91747322798881,-0.706641224147721,0.374793934456611,-0.600156385477606,0.237773856596439,0.924647172696784,0.297474703366691,0.666424619483904,0.0675063902040297,-0.742510009243886,10.1287890446488,6.04517566496672
156.05,0.109156891435597,0.0259482614923697,0.999999999999999,0.209305416978238,0.049755096724472,1.91747322798881,-0.703324053294857,0.374623274893993,-0.604146238889719,0.236753878084028,0.924793634764425,0.297832728744469,0.670285668404947,0.0664389569974073,-0.739123120815491,10.1340644556095,6.04517566496774
156.1,0.109156891435597,0.0259482614923689,0.999999999999999,0.209305416978238,0.0497550967244703,1.91747322798881,-0.699986430787694,0.374447026511416,-0.608118755712947,0.23573214764267,0.924940999827936,0.298185347401702,0.674128586607094,0.0653725567349049,-0.735715350896706,10.1393398665703,6.04517566496672
156.15,0.109156891435597,0.025948261492368,0.999999999999999,0.209305416978238,0.0497550967244687,1.91747322798881,-0.696628449511916,0.374265194213856,-0.612073825392566,0.234708693707017,0.92508926378616,0.298532549525051,0.677953267142338,0.0643072190943297,-0.732286794325409,10.144615277531,6.04517566496774
156.2,0.109156891435597,0.0259482614923672,0.999999999999999,0.209305416978237,0.049755096724467,1.91747322798881,-0.693250202919797,0.374077783061685,-0.61601133785939,0.233683544759686,0.925238422512928,0.298874325451915,0.681759603570209,0.0632429737239192,-0.728837546517979,10.1498906884918,6.04517566496774
156.25,0.109156891435596,0.0259482614923663,0.999999999999999,0.209305416978237,0.0497550967244654,1.91747322798881,-0.689851785027585,0.373884798270537,-0.619931183532861,0.232656729330464,0.925388471857168,0.299210665670707,0.685547489960765,0.0621798502415101,-0.72536770346662,10.1551660994526,6.04517566496774
156.3,0.109156891435596,0.0259482614923655,0.999999999999999,0.209305416978237,0.0497550967244637,1.91747322798881,-0.686433290412901,0.373686245211158,-0.623833253324079,0.23162827599552,0.925539407643022,0.299541560821113,0.689316820897518,0.0611178782337195,-0.721877361736706,10.1604415104133,6.04517566496672
156.35,0.109156891435596,0.0259482614923646,0.999999999999999,0.209305416978237,0.0497550967244621,1.91747322798881,-0.682994814212096,0.37348212940926,-0.627717438638843,0.230598213376604,0.925691225669962,0.299867001694355,0.693067491480378,0.0600570872551188,-0.718366618464087,10.1657169213741,6.04517566496672
156.4,0.109156891435596,0.0259482614923638,0.999999999999999,0.209305416978236,0.0497550967244605,1.91747322798881,-0.679536452117603,0.373272456545363,-0.631583631380683,0.22956657014025,0.92584392171291,0.300186979233447,0.696799397328573,0.0589975068274099,-0.714835571352383,10.1709923323348,6.04517566496672
156.45,0.109156891435596,0.0259482614923629,0.999999999999999,0.209305416978236,0.0497550967244589,1.91747322798881,-0.676058300375283,0.373057232454643,-0.635431723953853,0.228533374996984,0.925997491522349,0.300501484533448,0.70051243458355,0.0579391664386068,-0.711284318670268,10.1762677432956,6.04517566496672
156.5,0.109156891435596,0.0259482614923621,0.999999999999999,0.209305416978236,0.0497550967244573,1.91747322798881,-0.672560455781735,0.372836463126763,-0.639261609266341,0.227498656700517,0.926151930824448,0.300810508841709,0.70420649991187,0.0568820955422118,-0.707712959248734,10.1815431542563,6.04517566496774
156.55,0.109156891435596,0.0259482614923613,0.999999999999999,0.209305416978236,0.0497550967244557,1.91747322798881,-0.669043015681612,0.372610154705711,-0.643073180732831,0.226462444046955,0.926307235321177,0.301114043558114,0.707881490508075,0.0558263235563989,-0.704121592478346,10.1868185652171,6.04517566496774
156.6,0.109156891435596,0.0259482614923604,1,0.209305416978235,0.0497550967244541,1.91747322798881,-0.665506077964911,0.372378313489626,-0.646866332277684,0.225424765873987,0.926463400690429,0.301412080235323,0.711537304097557,0.0547718798631937,-0.70051031830647,10.1920939761778,6.04517566496774
156.65,0.109156891435595,0.0259482614923596,1,0.209305416978235,0.0497550967244525,1.91747322798881,-0.661949741064237,0.372140945930626,-0.65064095833789,0.224385651060088,0.926620422586136,0.301704610579008,0.715173838939408,0.0537187938076533,-0.696879237234487,10.1973693871386,6.04517566496672
156.7,0.109156891435595,0.0259482614923588,1,0.209305416978235,0.0497550967244509,1.91747322798881,-0.658374103952081,0.371898058634625,-0.654396953865994,0.223345128523718,0.926778296638397,0.301991626448078,0.718790993829234,0.0526670946970549,-0.693228450315012,10.2026447980993,6.04517566496774
156.75,0.109156891435595,0.025948261492358,1,0.209305416978235,0.0497550967244494,1.91747322798881,-0.654779266138049,0.371649658361152,-0.658134214333032,0.22230322722251,0.926937018453593,0.302273119854913,0.722388668101996,0.0516168118000742,-0.689558059149061,10.2079202090601,6.04517566496672
156.8,0.109156891435595,0.0259482614923572,1,0.209305416978235,0.0497550967244478,1.91747322798881,-0.651165327666107,0.371395752023159,-0.661852635731433,0.221259976152468,0.927096583614511,0.302549082965579,0.725966761634788,0.0505679743459763,-0.685868165883243,10.2131956200209,6.04517566496672
156.85,0.109156891435595,0.0259482614923563,1,0.209305416978234,0.0497550967244463,1.91747322798881,-0.647532389111788,0.371136346686835,-0.665552114577912,0.220215404347163,0.92725698768047,0.302819508100052,0.729525174849639,0.0495206115237987,-0.682158873206904,10.2184710309816,6.04517566496672
156.9,0.109156891435595,0.0259482614923555,1,0.209305416978234,0.0497550967244447,1.91747322798881,-0.643880551579392,0.370871449571403,-0.669232547916361,0.219169540876918,0.927418226187442,0.303084387732428,0.73306380871628,0.0484747524815392,-0.678430284349272,10.2237464419424,6.04517566496774
156.95,0.109156891435595,0.0259482614923547,1,0.209305416978234,0.0497550967244432,1.91747322798881,-0.640209916699183,0.370601068048922,-0.672893833320698,0.218122414848007,0.927580294648175,0.303343714491136,0.736582564754895,0.0474304263253477,-0.674682503076593,10.2290218529031,6.04517566496774
157,0.109156891435595,0.0259482614923539,1,0.209305416978234,0.0497550967244417,1.91747322798881,-0.636520586624544,0.370325209644081,-0.676535868897735,0.217074055401837,0.927743188552321,0.303597481159137,0.740081345038872,0.0463876621187115,-0.670915633689225,10.2342972638639,6.04517566496774
157.05,0.109156891435595,0.0259482614923532,1,0.209305416978234,0.0497550967244401,1.91747322798881,-0.632812664029152,0.370043882033993,-0.680158553289996,0.216024491714143,0.927906903366561,0.303845680674133,0.743560052197517,0.0453464888816509,-0.667129781018755,10.2395726748246,6.04517566496672
157.1,0.109156891435595,0.0259482614923524,1,0.209305416978234,0.0497550967244386,1.91747322798881,-0.629086252104109,0.369757093047974,-0.683761785678549,0.214973752994175,0.928071434534726,0.304088306128756,0.747018589418767,0.0443069355899098,-0.663325050425074,10.2448480857854,6.04517566496672
157.15,0.109156891435594,0.0259482614923516,1,0.209305416978233,0.0497550967244371,1.91747322798881,-0.62534145455507,0.369464850667333,-0.687345465785812,0.213921868483881,0.928236777477933,0.304325350770765,0.750456860451895,0.0432690311741475,-0.659501547793435,10.2501234967461,6.04517566496672
157.2,0.109156891435594,0.0259482614923508,1,0.209305416978233,0.0497550967244357,1.91747322798881,-0.621578375599363,0.369167163025144,-0.69090949387834,0.212868867457098,0.928402927594703,0.304556808003232,0.753874769610172,0.0422328045191368,-0.655659379531521,10.2553989077069,6.04517566496672
157.25,0.109156891435594,0.02594826149235,1,0.209305416978233,0.0497550967244342,1.91747322798881,-0.617797119963083,0.368864038406024,-0.694453770769602,0.211814779218735,0.928569880261098,0.304782671384726,0.757272221773543,0.0411982844629571,-0.651798652566474,10.2606743186676,6.04517566496774
157.3,0.109156891435594,0.0259482614923493,1,0.209305416978233,0.0497550967244327,1.91747322798881,-0.613997792878184,0.3685554852459,-0.697978197822739,0.21075963310396,0.92873763083084,0.305002934629494,0.760649122391266,0.0401654997961948,-0.647919474341927,10.2659497296284,6.04517566496774
157.35,0.109156891435594,0.0259482614923485,1,0.209305416978233,0.0497550967244313,1.91747322798881,-0.610180500079547,0.368241512131774,-0.701482676953308,0.209703458477378,0.92890617463545,0.305217591607631,0.764005377484544,0.0391344792611408,-0.64402195281501,10.2712251405892,6.04517566496774
157.4,0.109156891435594,0.0259482614923478,1,0.209305416978233,0.0497550967244298,1.91747322798881,-0.606345347802029,0.367922127801485,-0.704967110632024,0.208646284732221,0.92907550698437,0.305426636345256,0.767340893649151,0.0381052515509883,-0.640106196453337,10.2765005515499,6.04517566496672
157.45,0.109156891435594,0.025948261492347,1,0.209305416978233,0.0497550967244284,1.91747322798881,-0.602492442777526,0.367597341143466,-0.708431401887454,0.207588141289523,0.929245623165099,0.305630063024677,0.770655578058013,0.037077845309039,-0.636172314232008,10.2817759625107,6.04517566496774
157.5,0.109156891435594,0.0259482614923463,1,0.209305416978233,0.049755096724427,1.91747322798881,-0.59862189223198,0.367267161196496,-0.711875454308737,0.206529057597307,0.929416518443322,0.305827865984549,0.773949338463812,0.0360522891279006,-0.632220415630551,10.2870513734714,6.04517566496672
157.55,0.109156891435594,0.0259482614923456,1,0.209305416978232,0.0497550967244256,1.91747322798881,-0.594733803882415,0.366931597149449,-0.715299172048247,0.205469063129763,0.92958818806304,0.306020039720036,0.777222083201533,0.0350286115486965,-0.628250610629898,10.2923267844322,6.04517566496672
157.6,0.109156891435594,0.0259482614923448,1,0.209305416978232,0.0497550967244242,1.91747322798881,-0.590828285933926,0.366590658341037,-0.718702459824276,0.204408187386426,0.929760627246706,0.306206578882964,0.780473721191031,0.0340068410602673,-0.62426300970931,10.2976021953929,6.04517566496672
157.65,0.109156891435594,0.0259482614923441,1,0.209305416978232,0.0497550967244228,1.91747322798881,-0.586905447076668,0.366244354259552,-0.72208522292368,0.203346459891358,0.929933831195354,0.306387478281968,0.78370416193956,0.0329870060983788,-0.620257723843304,10.3028776063537,6.04517566496774
157.7,0.109156891435594,0.0259482614923434,1,0.209305416978232,0.0497550967244214,1.91747322798881,-0.582965396482846,0.365892694542601,-0.725447367204509,0.202283910192326,0.930107795088738,0.306562732882634,0.786913315544286,0.0319691350449335,-0.616234864498575,10.3081530173144,6.04517566496774
157.75,0.109156891435594,0.0259482614923427,1,0.209305416978232,0.04975509672442,1.91747322798881,-0.579008243803653,0.365535688976837,-0.728788799098641,0.201220567859976,0.93028251408546,0.306732337807647,0.790101092694801,0.0309532562271759,-0.612194543630876,10.3134284282752,6.04517566496774
157.8,0.109156891435594,0.025948261492342,1,0.209305416978232,0.0497550967244187,1.91747322798881,-0.575034099166241,0.365173347497687,-0.732109425614371,0.200156462487017,0.930457983323109,0.306896288336919,0.793267404675595,0.0299393979169088,-0.60813687368192,10.3187038392359,6.04517566496672
157.85,0.109156891435594,0.0259482614923413,1,0.209305416978232,0.0497550967244173,1.91747322798881,-0.571043073170645,0.364805680189079,-0.735409154339004,0.19909162368739,0.930634197918394,0.307054579907723,0.796412163368531,0.0289275883297045,-0.604061967576244,10.3239792501967,6.04517566496672
157.9,0.109156891435594,0.0259482614923406,1,0.209305416978232,0.049755096724416,1.91747322798881,-0.5670352768867,0.364432697283154,-0.738687893441437,0.198026081095448,0.93081115296728,0.307207208114821,0.799535281255306,0.0279178556241177,-0.599969938718057,10.3292546611575,6.04517566496672
157.95,0.109156891435594,0.0259482614923399,1,0.209305416978232,0.0497550967244147,1.91747322798881,-0.563010821850965,0.364054409159989,-0.741945551674698,0.196959864365132,0.930988843545127,0.307354168710587,0.802636671419871,0.0269102279009056,-0.595860900988101,10.3345300721182,6.04517566496672
158,0.109156891435594,0.0259482614923392,1,0.209305416978232,0.0497550967244134,1.91747322798881,-0.558969820063601,0.363670826347302,-0.7451820383785,0.195893003169142,0.931167264706826,0.307495457605121,0.805716247550861,0.0259047332022422,-0.591734968740466,10.339805483079,6.04517566496774
158.05,0.109156891435594,0.0259482614923385,1,0.209305416978232,0.0497550967244121,1.91747322798881,-0.554912383985272,0.363281959520163,-0.748397263481751,0.194825527198114,0.931346411486933,0.30763107086637,0.80877392394399,0.0249013995109414,-0.587592256799421,10.3450808940397,6.04517566496774
158.1,0.109156891435594,0.0259482614923378,1,0.209305416978232,0.0497550967244108,1.91747322798881,-0.550838626534005,0.362887819500697,-0.751591137505068,0.193757466159796,0.931526278899812,0.30776100472023,0.81180961550444,0.0239002547496764,-0.583432880456213,10.3503563050005,6.04517566496774
158.15,0.109156891435594,0.0259482614923372,1,0.209305416978232,0.0497550967244095,1.91747322798881,-0.546748661082042,0.362488417257778,-0.754763571563272,0.192688849778212,0.931706861939772,0.307885255550655,0.814823237749234,0.0229013267802006,-0.579256955465847,10.3556317159612,6.04517566496774
158.2,0.109156891435594,0.0259482614923365,1,0.209305416978232,0.0497550967244082,1.91747322798881,-0.542642601452703,0.36208376390673,-0.757914477367848,0.191619707792849,0.931888155581206,0.308003819899757,0.817814706809572,0.0219046434025772,-0.575064598043889,10.360907126922,6.04517566496774
158.25,0.109156891435593,0.0259482614923359,1,0.209305416978232,0.049755096724407,1.91747322798881,-0.538520561917196,0.361673870709013,-0.76104376722942,0.190550069957814,0.93207015477873,0.308116694467903,0.820783939433186,0.0209102323543998,-0.570855924863205,10.3661825378827,6.04517566496672
158.3,0.109156891435593,0.0259482614923352,1,0.209305416978232,0.0497550967244057,1.91747322798881,-0.534382657191457,0.361258749071914,-0.764151354060171,0.18947996604102,0.932252854467325,0.308223876113806,0.823730852986636,0.0199181213100258,-0.566631053050738,10.3714579488435,6.04517566496672
158.35,0.109156891435593,0.0259482614923346,1,0.209305416978231,0.0497550967244045,1.91747322798881,-0.530229002432947,0.360838410548223,-0.767237151376283,0.188409425823346,0.932436249562479,0.308325361854611,0.826655365457625,0.0189283378798026,-0.562390100184231,10.3767333598042,6.04517566496672
158.4,0.109156891435593,0.0259482614923339,1,0.209305416978231,0.0497550967244033,1.91747322798881,-0.526059713237442,0.360412866835918,-0.77030107330034,0.187338479097816,0.932620334960324,0.308421148865981,0.829557395457275,0.0179409096092993,-0.558133184288959,10.382008770765,6.04517566496774
158.45,0.109156891435593,0.0259482614923333,1,0.209305416978231,0.0497550967244021,1.91747322798881,-0.521874905635833,0.359982129777837,-0.773343034563707,0.186267155668767,0.932805105537783,0.308511234482173,0.83243686222239,0.0169558639785438,-0.553860423834456,10.3872841817258,6.04517566496774
158.5,0.109156891435593,0.0259482614923327,1,0.209305416978231,0.0497550967244009,1.91747322798881,-0.517674696090876,0.359546211361348,-0.776362950508923,0.185195485351017,0.93299055615271,0.308595616196113,0.835293685617712,0.0159732284012522,-0.549571937731195,10.3925595926865,6.04517566496774
158.55,0.109156891435593,0.0259482614923321,1,0.209305416978231,0.0497550967243997,1.91747322798881,-0.51345920149397,0.359105123718014,-0.779360737092038,0.18412349796904,0.933176681644034,0.308674291659468,0.83812778613814,0.0149930302240716,-0.545267845327304,10.3978350036473,6.04517566496672
158.6,0.109156891435593,0.0259482614923315,1,0.209305416978231,0.0497550967243986,1.91747322798881,-0.509228539161895,0.358658879123259,-0.782336310884961,0.183051223356137,0.933363476831902,0.308747258682708,0.840939084910949,0.0140152967258161,-0.540948266405229,10.403110414608,6.04517566496672
158.65,0.109156891435593,0.0259482614923309,1,0.209305416978231,0.0497550967243974,1.91747322798881,-0.50498282683354,0.358207489996024,-0.785289589077784,0.181978691353595,0.933550936517822,0.308814515235167,0.843727503697989,0.0130400551167065,-0.536613321178401,10.4083858255688,6.04517566496672
158.7,0.109156891435593,0.0259482614923303,1,0.209305416978231,0.0497550967243963,1.91747322798881,-0.500722182666643,0.357750968898421,-0.788220489481081,0.180905931809871,0.933739055484812,0.308876059445103,0.846492964897852,0.0120673325376164,-0.532263130287897,10.4136612365295,6.04517566496672
158.75,0.109156891435593,0.0259482614923297,1,0.209305416978231,0.0497550967243951,1.91747322798881,-0.496446725234483,0.357289328535385,-0.791128930528199,0.17983297457975,0.933927828497539,0.308931889599747,0.849235391548043,0.0110971560593133,-0.527897814799075,10.4189366474903,6.04517566496774
158.8,0.109156891435593,0.0259482614923291,1,0.209305416978231,0.049755096724394,1.91747322798881,-0.492156573522601,0.35682258175432,-0.794014831277524,0.178759849523521,0.934117250302472,0.308982004145352,0.85195470732711,0.0101295526817085,-0.523517496198215,10.424212058451,6.04517566496774
158.85,0.109156891435593,0.0259482614923285,1,0.209305416978231,0.0497550967243929,1.91747322798881,-0.487851846925477,0.35635074154474,-0.796878111414735,0.177686586506144,0.934307315628019,0.309026401687234,0.854650836556775,0.0091645493331042,-0.519122296389132,10.4294874694118,6.04517566496774
158.9,0.109156891435593,0.0259482614923279,1,0.209305416978231,0.0497550967243918,1.91747322798881,-0.483532665243199,0.355873821037909,-0.799718691255048,0.176613215396416,0.934498019184684,0.309065080989815,0.857323704204047,0.00820217286944236,-0.514712337689774,10.4347628803725,6.04517566496774
158.95,0.109156891435593,0.0259482614923274,1,0.209305416978231,0.0497550967243907,1.91747322798881,-0.479199148678152,0.355391833506476,-0.802536491745416,0.175539766066146,0.934689355665206,0.309098040976654,0.859973235883291,0.00724245007356136,-0.510287742828842,10.4400382913333,6.04517566496774
159,0.109156891435593,0.0259482614923268,1,0.209305416978231,0.0497550967243897,1.91747322798881,-0.474851417831645,0.354904792364102,-0.805331434466748,0.174466268389314,0.93488131974471,0.309125280730478,0.862599357858319,0.00628540765444574,-0.505848634942345,10.4453137022941,6.04517566496672
159.05,0.109156891435593,0.0259482614923263,1,0.209305416978232,0.0497550967243886,1.91747322798881,-0.470489593700583,0.354412711165094,-0.808103441636075,0.173392752241252,0.935073906080857,0.309146799493208,0.865201997044427,0.00533107224648771,-0.501395137570198,10.4505891132548,6.04517566496672
159.1,0.109156891435593,0.0259482614923257,1,0.209305416978232,0.0497550967243876,1.91747322798881,-0.466113797674077,0.35391560360402,-0.810852436108724,0.172319247497802,0.935267109313987,0.309162596665977,0.867781081010436,0.00437947040874273,-0.496927374652774,10.4558645242156,6.04517566496672
159.15,0.109156891435594,0.0259482614923252,1,0.209305416978232,0.0497550967243865,1.91747322798881,-0.461724151530074,0.35341348351533,-0.813578341380468,0.171245784034489,0.935460924067277,0.309172671809154,0.870336537980709,0.00343062862419019,-0.492445470527444,10.4611399351763,6.04517566496774
159.2,0.109156891435594,0.0259482614923247,1,0.209305416978232,0.0497550967243855,1.91747322798881,-0.457320777431975,0.352906364872976,-0.816281081589642,0.170172391725691,0.93565534494688,0.309177024642347,0.872868296837142,0.00248457329899981,-0.487949549925143,10.4664153461371,6.04517566496774
159.25,0.109156891435594,0.0259482614923241,1,0.209305416978232,0.0497550967243845,1.91747322798881,-0.452903797925219,0.352394261790017,-0.81896058151927,0.169099100443803,0.935850366542084,0.309175655044418,0.875376287121149,0.00154133076179194,-0.483439737966868,10.4716907570978,6.04517566496774
159.3,0.109156891435594,0.0259482614923236,1,0.209305416978232,0.0497550967243835,1.91747322798881,-0.448473335933891,0.351877188518228,-0.821616766599146,0.168025940058411,0.936045983425458,0.309168563053482,0.877860439035622,0.00060092726290914,-0.478916160160221,10.4769661680586,6.04517566496672
159.35,0.109156891435594,0.0259482614923231,1,0.209305416978232,0.0497550967243825,1.91747322798881,-0.444029514757292,0.351355159447705,-0.824249562907911,0.166952940435458,0.936242190153005,0.309155748866909,0.880320683446867,-0.000336611026316186,-0.474378942395906,10.4822415790193,6.04517566496672
159.4,0.109156891435594,0.0259482614923226,1,0.209305416978232,0.0497550967243815,1.91747322798881,-0.439572458066498,0.350828189106462,-0.826858897175121,0.165880131436411,0.936438981264312,0.309137212841317,0.88275695188654,-0.00127125801429157,-0.469828210944219,10.4875169899801,6.04517566496672
159.45,0.109156891435594,0.0259482614923221,1,0.209305416978232,0.0497550967243806,1.91747322798881,-0.435102289900937,0.35029629216003,-0.829444696783273,0.164807542917434,0.936636351282702,0.30911295549256,0.885169176553544,-0.00220298768988805,-0.465264092451544,10.4927924009408,6.04517566496672
159.5,0.109156891435594,0.0259482614923216,1,0.209305416978232,0.0497550967243796,1.91747322798881,-0.430619134664926,0.349759483411046,-0.832006889769832,0.163735204728554,0.936834294715389,0.309082977495719,0.887557290315915,-0.00313177412316534,-0.460686713936827,10.4980678119016,6.04517566496672
159.55,0.109156891435594,0.0259482614923211,1,0.209305416978232,0.0497550967243787,1.91747322798881,-0.426123117124207,0.349217777798841,-0.834545404829233,0.16266314671283,0.937032806053627,0.309047279685078,0.889921226712696,-0.00405759146609375,-0.456096202788035,10.5033432228624,6.04517566496774
159.6,0.109156891435594,0.0259482614923206,1,0.209305416978232,0.0497550967243778,1.91747322798881,-0.421614362402488,0.348671190399026,-0.837060171314864,0.161591398705528,0.937231879772866,0.309005863054103,0.89226091995578,-0.00498041395327167,-0.451492686758622,10.5086186338231,6.04517566496774
159.65,0.109156891435594,0.0259482614923201,1,0.209305416978232,0.0497550967243768,1.91747322798881,-0.417092995977938,0.348119736423072,-0.839551119241038,0.160519990533281,0.937431510332906,0.308958728755415,0.89457630493175,-0.00590021590264628,-0.446876293963955,10.5138940447839,6.04517566496774
159.7,0.109156891435594,0.0259482614923197,1,0.209305416978232,0.0497550967243759,1.91747322798881,-0.412559143679721,0.347563431217886,-0.842018179284928,0.159448952013271,0.937631692178049,0.308905878100756,0.896867317203679,-0.00681697171622345,-0.442247152877772,10.5191694557446,6.04517566496774
159.75,0.109156891435594,0.0259482614923192,1,0.209305416978232,0.0497550967243751,1.91747322798881,-0.408012931684472,0.347002290265383,-0.844461282788513,0.158378312952385,0.937832419737254,0.308847312560956,0.899133893012937,-0.00773065588078534,-0.437605392328584,10.5244448667054,6.04517566496774
159.8,0.109156891435594,0.0259482614923188,1,0.209305416978232,0.0497550967243742,1.91747322798881,-0.403454486512801,0.346436329182059,-0.846880361760474,0.157308103146399,0.938033687424294,0.308783033765886,0.901375969280951,-0.0086412429685957,-0.432951141496109,10.5297202776661,6.04517566496774
159.85,0.109156891435594,0.0259482614923183,1,0.209305416978232,0.0497550967243733,1.91747322798881,-0.398883935025768,0.345865563718552,-0.849275348878093,0.156238352379141,0.938235489637911,0.308713043504419,0.903593483610971,-0.0095487076381098,-0.428284529907667,10.5349956886269,6.04517566496672
159.9,0.109156891435594,0.0259482614923179,1,0.209305416978232,0.0497550967243724,1.91747322798881,-0.39430140442134,0.345290009759205,-0.85164617748913,0.155169090421663,0.93843782076197,0.308637343724377,0.905786374289806,-0.0104530246346812,-0.423605687434569,10.5402710995876,6.04517566496774
159.95,0.109156891435594,0.0259482614923174,1,0.209305416978232,0.0497550967243716,1.91747322798881,-0.389707022230874,0.344709683321626,-0.853992781613668,0.154100347031416,0.938640675165617,0.308555936532476,0.907954580289533,-0.0113541687912606,-0.418914744288522,10.5455465105484,6.04517566496774
160,0.109156891435594,0.025948261492317,1,0.209305416978232,0.0497550967243708,1.91747322798881,-0.385100916315545,0.344124600556238,-0.856315095945959,0.153032151951416,0.938844047203434,0.308468824194271,0.910098041269207,-0.0122521150291006,-0.414211831017979,10.5508219215091,6.04517566496774
160.05,0.109156891435594,0.0259482614923166,1,0.209305416978232,0.04975509672437,1.91747322798881,-0.380483214862805,0.343534777745835,-0.858613055856236,0.151964534909421,0.939047931215599,0.308376009134088,0.912216697576529,-0.0131468383584502,-0.409497078504534,10.5560973324699,6.04517566496672
160.1,0.109156891435594,0.0259482614923161,1,0.209305416978233,0.0497550967243692,1.91747322798881,-0.375854046382809,0.342940231305125,-0.860886597392512,0.150897525617104,0.939252321528042,0.308277493934961,0.914310490249513,-0.0140383138792511,-0.404770617959262,10.5613727434307,6.04517566496672
160.15,0.109156891435594,0.0259482614923157,1,0.209305416978233,0.0497550967243684,1.91747322798881,-0.371213539704832,0.342340977780272,-0.863135657282363,0.149831153769222,0.9394572124526,0.308173281338559,0.916379361018128,-0.0149265167818331,-0.400032580919066,10.5666481543914,6.04517566496672
160.2,0.109156891435594,0.0259482614923153,1,0.209305416978233,0.0497550967243676,1.91747322798881,-0.366561823973695,0.34173703384844,-0.865360172934685,0.148765449042794,0.939662598287181,0.308063374245106,0.918423252305915,-0.0158114223476013,-0.395283099243026,10.5719235653522,6.04517566496672
160.25,0.109156891435594,0.0259482614923149,1,0.209305416978233,0.0497550967243668,1.91747322798881,-0.361899028646163,0.341128416317327,-0.867560082441439,0.14770044109627,0.939868473315919,0.307947775713306,0.920442107231591,-0.0166930059497254,-0.390522305108724,10.5771989763129,6.04517566496672
160.3,0.109156891435594,0.0259482614923145,1,0.209305416978233,0.049755096724366,1.91747322798881,-0.357225283487346,0.340515142124695,-0.869735324579371,0.146636159568712,0.940074831809332,0.307826488960253,0.922435869610633,-0.0175712430538258,-0.385750331008567,10.5824743872737,6.04517566496774
160.35,0.109156891435594,0.0259482614923141,1,0.209305416978233,0.0497550967243653,1.91747322798881,-0.352540718567091,0.339897228337901,-0.871885838811718,0.145572634078965,0.940281668024485,0.307699517361346,0.92440448395684,-0.0184461092186538,-0.380967309746102,10.5877497982344,6.04517566496774
160.4,0.109156891435594,0.0259482614923137,1,0.209305416978233,0.0497550967243645,1.91747322798881,-0.347845464256347,0.339274692153422,-0.874011565289892,0.144509894224832,0.940488976205147,0.307566864450192,0.92634789548388,-0.0193175800967761,-0.37617337443231,10.5930252091952,6.04517566496774
160.45,0.109156891435594,0.0259482614923133,1,0.209305416978233,0.0497550967243638,1.91747322798881,-0.343139651223562,0.338647550896376,-0.876112444855145,0.143447969582254,0.940696750581954,0.307428533918506,0.928266050106811,-0.0201856314352475,-0.371368658481918,10.5983006201559,6.04517566496774
160.5,0.109156891435594,0.025948261492313,1,0.209305416978233,0.0497550967243631,1.91747322798881,-0.338423410431018,0.338015822020037,-0.878188419040218,0.142386889704482,0.940904985372567,0.307284529616013,0.930158894443591,-0.0210502390762903,-0.366553295609667,10.6035760311167,6.04517566496672
160.55,0.109156891435594,0.0259482614923126,1,0.209305416978233,0.0497550967243624,1.91747322798881,-0.33369687313121,0.337379523105357,-0.880239430070964,0.14132668412126,0.941113674781832,0.307134855550338,0.932026375816555,-0.0219113789579628,-0.361727419826612,10.6088514420774,6.04517566496672
160.6,0.109156891435594,0.0259482614923122,1,0.209305416978233,0.0497550967243617,1.91747322798881,-0.328960170863183,0.336738671860466,-0.882265420867958,0.140267382337999,0.941322813001945,0.306979515886895,0.933868442253892,-0.0227690271148313,-0.356891165436374,10.6141268530382,6.04517566496672
160.65,0.109156891435594,0.0259482614923119,1,0.209305416978233,0.049755096724361,1.91747322798881,-0.324213435448864,0.33609328612019,-0.884266335048088,0.139209013834958,0.941532394212611,0.30681851494877,0.935685042491085,-0.0236231596786376,-0.352044667031406,10.619402263999,6.04517566496774
160.7,0.109156891435595,0.0259482614923115,1,0.209305416978234,0.0497550967243603,1.91747322798881,-0.319456798989413,0.335443383845546,-0.886242116926118,0.138151608066423,0.941742412581206,0.306651857216603,0.937476125972336,-0.0244737528789597,-0.347188059489264,10.6246776749597,6.04517566496774
160.75,0.109156891435595,0.0259482614923112,1,0.209305416978234,0.0497550967243597,1.91747322798881,-0.314690393861524,0.334788983123246,-0.888192711516246,0.137095194459886,0.941952862262942,0.306479547328461,0.939241642851979,-0.0253207830438784,-0.342321477968824,10.6299530859205,6.04517566496774
160.8,0.109156891435595,0.0259482614923108,1,0.209305416978234,0.049755096724359,1.91747322798881,-0.309914352713759,0.334130102165196,-0.890118064533626,0.136039802415229,0.942163737401025,0.30630159007971,0.940981543995863,-0.0261642266006313,-0.337445057906548,10.6352284968812,6.04517566496672
160.85,0.109156891435595,0.0259482614923105,1,0.209305416978234,0.0497550967243584,1.91747322798881,-0.305128808462852,0.333466759307984,-0.89201812239588,0.134985461303902,0.942375032126822,0.306117990422883,0.942695780982716,-0.0270040600762713,-0.332558935012705,10.640503907842,6.04517566496672
160.9,0.109156891435595,0.0259482614923102,1,0.209305416978234,0.0497550967243577,1.91747322798881,-0.300333894289998,0.332798973012373,-0.893892832224598,0.13393220046811,0.942586740560023,0.305928753467539,0.944384306105504,-0.0278402600983208,-0.327663245267582,10.6457793188027,6.04517566496672
160.95,0.109156891435595,0.0259482614923098,1,0.209305416978234,0.0497550967243571,1.91747322798881,-0.295529743637163,0.332126761862786,-0.8957421418468,0.132880049219992,0.942798856808804,0.305733884480122,0.946047072372747,-0.0286728033954195,-0.32275812491772,10.6510547297635,6.04517566496672
161,0.109156891435595,0.0259482614923095,1,0.209305416978234,0.0497550967243565,1.91747322798881,-0.290716490203361,0.33145014456679,-0.89756599979639,0.131829036840809,0.943011374969993,0.305533388883816,0.947684033509832,-0.0295016667979739,-0.317843710472108,10.6563301407242,6.04517566496672
161.05,0.109156891435595,0.0259482614923092,1,0.209305416978234,0.0497550967243559,1.91747322798881,-0.285894267940933,0.330769139954573,-0.899364355315592,0.130779192580124,0.94322428912923,0.305327272258393,0.949295143960301,-0.0303268272388018,-0.31292013869839,10.661605551685,6.04517566496774
161.1,0.109156891435595,0.0259482614923089,1,0.209305416978234,0.0497550967243553,1.91747322798881,-0.281063211051831,0.330083766978425,-0.901137158356355,0.129730545654998,0.943437593361136,0.305115540340057,0.950880358887116,-0.0311482617537727,-0.307987546619061,10.6668809626457,6.04517566496774
161.15,0.109156891435595,0.0259482614923086,1,0.209305416978234,0.0497550967243547,1.91747322798881,-0.27622345398386,0.329394044712202,-0.902884359581758,0.128683125249162,0.943651281729477,0.304898199021286,0.952439634173912,-0.0319659474824506,-0.303046071507641,10.6721563736065,6.04517566496774
161.2,0.109156891435595,0.0259482614923083,1,0.209305416978234,0.0497550967243541,1.91747322798881,-0.271375131426963,0.328699992350806,-0.90460591036737,0.12763696051222,0.943865348287328,0.304675254350666,0.953972926426217,-0.0327798616687253,-0.298095850884877,10.6774317845673,6.04517566496774
161.25,0.109156891435595,0.025948261492308,1,0.209305416978235,0.0497550967243536,1.91747322798881,-0.266518378309448,0.32800162920964,-0.906301762802613,0.126592080558826,0.944079787077239,0.304446712532723,0.95548019297267,-0.0335899816614506,-0.293137022514887,10.682707195528,6.04517566496672
161.3,0.109156891435595,0.0259482614923077,1,0.209305416978235,0.049755096724353,1.91747322798881,-0.261653329794254,0.327298974724079,-0.907971869692088,0.125548514467883,0.944294592131401,0.304212579927753,0.956961391866196,-0.0343962849150701,-0.288169724401358,10.6879826064888,6.04517566496774
161.35,0.109156891435595,0.0259482614923074,1,0.209305416978235,0.0497550967243525,1.91747322798881,-0.256780121275177,0.326592048448924,-0.909616184556894,0.124506291281725,0.94450975747181,0.303972863051643,0.958416481885185,-0.0351987489902484,-0.283194094783676,10.6932580174495,6.04517566496774
161.4,0.109156891435595,0.0259482614923072,1,0.209305416978235,0.0497550967243519,1.91747322798881,-0.251898888373102,0.325880870057859,-0.911234661635919,0.123465440005316,0.944725277110439,0.303727568575687,0.959845422534634,-0.0359973515544937,-0.278210272133099,10.6985334284103,6.04517566496774
161.45,0.109156891435595,0.0259482614923069,1,0.209305416978235,0.0497550967243514,1.91747322798881,-0.247009766932238,0.325165459342907,-0.912827255887114,0.12242598960544,0.944941145049397,0.303476703326406,0.96124817404727,-0.0367920703827787,-0.273218395148897,10.703808839371,6.04517566496774
161.5,0.109156891435595,0.0259482614923066,1,0.209305416978235,0.0497550967243509,1.91747322798881,-0.242112893016323,0.324445836213872,-0.914393922988746,0.121387969009892,0.945157355281103,0.303220274285354,0.962624697384666,-0.0375828833581619,-0.268218602754482,10.7090842503318,6.04517566496774
161.55,0.109156891435595,0.0259482614923064,1,0.209305416978235,0.0497550967243504,1.91747322798881,-0.237208402904851,0.323722020697791,-0.915934619340632,0.120351407106679,0.945373901788448,0.302958288588923,0.963974954238321,-0.0383697684723998,-0.263211034093562,10.7143596612925,6.04517566496672
161.6,0.109156891435595,0.0259482614923061,1,0.209305416978235,0.0497550967243499,1.91747322798881,-0.232296433089279,0.322994032938377,-0.917449302065352,0.119316332743211,0.945590778544965,0.30269075352815,0.965298907030724,-0.0391527038265606,-0.258195828526257,10.7196350722533,6.04517566496774
161.65,0.109156891435595,0.0259482614923058,1,0.209305416978235,0.0497550967243494,1.91747322798881,-0.227377120269209,0.322261893195452,-0.918937929009443,0.118282774725499,0.945807979514997,0.302417676548507,0.966596518916409,-0.0399316676316358,-0.253173125625209,10.7249104832141,6.04517566496672
161.7,0.109156891435595,0.0259482614923056,1,0.209305416978235,0.0497550967243489,1.91747322798881,-0.222450601348613,0.321525621844389,-0.920400458744572,0.117250761817357,0.946025498653862,0.302139065249697,0.967867753782969,-0.0407066382091424,-0.248143065171727,10.7301858941748,6.04517566496672
161.75,0.109156891435596,0.0259482614923053,1,0.209305416978235,0.0497550967243485,1.91747322798881,-0.217517013431998,0.320785239375544,-0.921836850568689,0.116220322739595,0.946243329908028,0.301854927385445,0.969112576252072,-0.0414775939917304,-0.243105787151867,10.7354613051356,6.04517566496672
161.8,0.109156891435596,0.0259482614923051,1,0.209305416978236,0.049755096724348,1.91747322798881,-0.212576493820603,0.320040766393684,-0.923247064507157,0.115191486169228,0.946461467215271,0.301565270863278,0.970330951680438,-0.0422445135237804,-0.238061431752553,10.7407367160963,6.04517566496774
161.85,0.109156891435596,0.0259482614923049,1,0.209305416978236,0.0497550967243476,1.91747322798881,-0.207629180008581,0.319292223617415,-0.924631061313869,0.11416428073867,0.946679904504853,0.301270103744306,0.971522846160803,-0.0430073754620006,-0.233010139357677,10.7460121270571,6.04517566496774
161.9,0.109156891435596,0.0259482614923046,1,0.209305416978236,0.0497550967243471,1.91747322798881,-0.202675209679155,0.318539631878605,-0.925988802472338,0.113138735034941,0.946898635697688,0.300969434243001,0.972688226522869,-0.0437661585760234,-0.227952050544176,10.7512875380178,6.04517566496774
161.95,0.109156891435596,0.0259482614923044,1,0.209305416978236,0.0497550967243467,1.91747322798881,-0.197714720700814,0.317783012121803,-0.927320250196766,0.112114877598873,0.947117654706508,0.300663270726962,0.97382706033422,-0.0445208417489924,-0.222887306078144,10.7565629489786,6.04517566496774
162,0.109156891435596,0.0259482614923042,1,0.209305416978236,0.0497550967243463,1.91747322798881,-0.192747851123443,0.31702238540366,-0.928625367433105,0.111092736924311,0.947336955436038,0.30035162171669,0.974939315901231,-0.0452714039781542,-0.217816046910887,10.7618383599393,6.04517566496672
162.05,0.109156891435596,0.025948261492304,1,0.209305416978236,0.0497550967243459,1.91747322798881,-0.187774739174513,0.316257772892337,-0.929904117860074,0.110072341457324,0.94755653178316,0.300034495885343,0.976024962269944,-0.0460178243754392,-0.212738414175028,10.7671137709001,6.04517566496672
162.1,0.109156891435596,0.0259482614923038,1,0.209305416978236,0.0497550967243455,1.91747322798881,-0.182795523255214,0.315489195866922,-0.931156465890183,0.109053719595413,0.947776377637089,0.299711902058501,0.977083969226933,-0.046760082168045,-0.207654549180557,10.7723891818608,6.04517566496672
162.15,0.109156891435596,0.0259482614923036,1,0.209305416978236,0.049755096724345,1.91747322798881,-0.177810341936603,0.314716675716833,-0.932382376670717,0.108036899686718,0.947996486879536,0.299383849213915,0.978116307300145,-0.0474981566990151,-0.202564593410905,10.7776645928216,6.04517566496774
162.2,0.109156891435596,0.0259482614923034,1,0.209305416978236,0.0497550967243447,1.91747322798881,-0.172819333955765,0.313940233941227,-0.933581816084704,0.107021910029232,0.948216853384884,0.299050346481264,0.979121947759716,-0.0482320274278107,-0.197468688519021,10.7829400037824,6.04517566496672
162.25,0.109156891435596,0.0259482614923032,1,0.209305416978236,0.0497550967243443,1.91747322798881,-0.167822638211929,0.313159892148396,-0.934754750751871,0.10600877887001,0.948437471020357,0.298711403141893,0.98010086261878,-0.0489616739308868,-0.192366976323402,10.7882154147431,6.04517566496774
162.3,0.109156891435596,0.025948261492303,1,0.209305416978237,0.0497550967243439,1.91747322798881,-0.162820393762622,0.312375672055173,-0.935901148029568,0.104997534404389,0.948658333646188,0.298367028628561,0.981053024634237,-0.0496870759022563,-0.187259598804172,10.7934908257039,6.04517566496672
162.35,0.109156891435596,0.0259482614923028,1,0.209305416978237,0.0497550967243435,1.91747322798881,-0.157812739819791,0.311587595486321,-0.937020976013677,0.103988204775198,0.948879435115794,0.298017232525174,0.981978407307514,-0.050408213154057,-0.182146698099122,10.7987662366646,6.04517566496774
162.4,0.109156891435596,0.0259482614923026,1,0.209305416978237,0.0497550967243432,1.91747322798881,-0.152799815745919,0.310795684373929,-0.938114203539502,0.102980818071975,0.949100769275943,0.297662024566521,0.982876984885311,-0.0511250656171151,-0.177028416499741,10.8040416476254,6.04517566496672
162.45,0.109156891435596,0.0259482614923024,1,0.209305416978237,0.0497550967243428,1.91747322798881,-0.147781761050171,0.309999960756803,-0.939180800182633,0.101975402330187,0.949322329966929,0.297301414638004,0.983748732360305,-0.0518376133414998,-0.171904896447281,10.8093170585861,6.04517566496672
162.5,0.109156891435596,0.0259482614923022,1,0.209305416978237,0.0497550967243425,1.91747322798881,-0.142758715384482,0.309200446779846,-0.940220736259798,0.100971985530451,0.94954411102274,0.296935412775359,0.984593625471855,-0.0525458364970828,-0.166776280528769,10.8145924695469,6.04517566496672
162.55,0.109156891435596,0.0259482614923021,1,0.209305416978237,0.0497550967243421,1.91747322798881,-0.137730818539692,0.30839716469345,-0.941233982829683,0.0999705955977504,0.949766106271234,0.29656402916438,0.985411640706673,-0.053249715374087,-0.161642711473055,10.8198678805076,6.04517566496774
162.6,0.109156891435596,0.0259482614923019,1,0.209305416978237,0.0497550967243418,1.91747322798881,-0.132698210441655,0.307590136852873,-0.94222051169374,0.0989712604006656,0.949988309534304,0.296187274140634,0.98620275529948,-0.0539492303836355,-0.156504332146837,10.8251432914684,6.04517566496774
162.65,0.109156891435596,0.0259482614923017,1,0.209305416978237,0.0497550967243415,1.91747322798881,-0.127661031147324,0.306779385717615,-0.943180295396975,0.0979740077505896,0.950210714628058,0.295805158189175,0.986966947233639,-0.0546443620582992,-0.151361285550672,10.8304187024291,6.04517566496774
162.7,0.109156891435597,0.0259482614923016,1,0.209305416978237,0.0497550967243412,1.91747322798881,-0.122619420840884,0.305964933850796,-0.944113307228706,0.0969788654009616,0.950433315362985,0.29541769194425,0.987704195241768,-0.0553350910526347,-0.146213714815021,10.8356941133899,6.04517566496774
162.75,0.109156891435597,0.0259482614923014,1,0.209305416978237,0.0497550967243409,1.91747322798881,-0.117573519829819,0.305146803918528,-0.94501952122331,0.0959858610464886,0.950656105544129,0.295024886189004,0.988414478806331,-0.0560213981437268,-0.141061763196235,10.8409695243507,6.04517566496672
162.8,0.109156891435597,0.0259482614923012,1,0.209305416978238,0.0497550967243406,1.91747322798881,-0.112523468541037,0.304325018689282,-0.945898912160947,0.0949950223223798,0.950879078971263,0.294626751855181,0.98909777816021,-0.0567032642317195,-0.1359055740726,10.8462449353114,6.04517566496672
162.85,0.109156891435597,0.0259482614923011,1,0.209305416978238,0.0497550967243403,1.91747322798881,-0.107469407516941,0.303499601033254,-0.946751455568257,0.0940063768035742,0.951102229439059,0.294223300022818,0.989754074287256,-0.0573806703403504,-0.130745290940324,10.8515203462722,6.04517566496672
162.9,0.109156891435597,0.0259482614923009,1,0.209305416978238,0.04975509672434,1.91747322798881,-0.10241147741152,0.302670573921734,-0.947577127719047,0.0930199520039728,0.951325550737263,0.293814541919937,0.990383348922814,-0.0580535976174784,-0.125581057409545,10.8567957572329,6.04517566496774
162.95,0.109156891435597,0.0259482614923008,1,0.209305416978238,0.0497550967243397,1.91747322798881,-0.0973498189864504,0.301837960426459,-0.948375905634944,0.092035775375677,0.951549036650867,0.293400488922235,0.990985584554237,-0.0587220273356063,-0.120413017200355,10.8620711681937,6.04517566496672
163,0.109156891435597,0.0259482614923007,1,0.209305416978238,0.0497550967243395,1.91747322798881,-0.0922845731071548,0.301001783718977,-0.949147767086045,0.0910538743082188,0.95177268096028,0.292981152552762,0.991560764421371,-0.0593859408924054,-0.115241314138769,10.8673465791544,6.04517566496876
163.05,0.109156891435597,0.0259482614923005,1,0.209305416978238,0.0497550967243392,1.91747322798881,-0.0872158807389021,0.300162067069997,-0.949892690591524,0.0900742761278034,0.951996477441505,0.292556544481607,0.992108872517019,-0.0600453198112298,-0.110066092152748,10.8726219901152,6.04517566496876
163.1,0.109156891435597,0.0259482614923004,1,0.209305416978238,0.0497550967243389,1.91747322798881,-0.082143882942882,0.29931883384875,-0.950610655420236,0.089097008096548,0.952220419866309,0.292126676525569,0.992629893587388,-0.0607001457416319,-0.104887495268191,10.8778974010759,6.04517566496774
163.15,0.109156891435597,0.0259482614923002,1,0.209305416978238,0.0497550967243387,1.91747322798881,-0.0770687208722584,0.298472107522326,-0.951301641591296,0.0881220974117186,0.952444502002397,0.291691560647828,0.993123813132519,-0.0613504004598751,-0.0997056676049032,10.8831728120367,6.04517566496672
163.2,0.109156891435597,0.0259482614923001,1,0.209305416978238,0.0497550967243384,1.91747322798881,-0.071990535768272,0.297621911655032,-0.95196562987463,0.08714957120498,0.952668717613587,0.291251208957614,0.993590617406679,-0.0619960658694371,-0.0945207533726173,10.8884482229974,6.04517566496672
163.25,0.109156891435597,0.0259482614923,1,0.209305416978238,0.0497550967243382,1.91747322798881,-0.0669094689562825,0.296768269907731,-0.952602601791513,0.0861794565416346,0.952893060459982,0.290805633709868,0.994030293418755,-0.0626371240015172,-0.0893328968669536,10.8937236339582,6.04517566496672
163.3,0.109156891435597,0.0259482614922999,1,0.209305416978239,0.049755096724338,1.91747322798881,-0.0618256618418521,0.295911206037183,-0.953212539615083,0.0852117804198727,0.953117524298143,0.290354847304904,0.99444282893261,-0.0632735570155341,-0.0841422424654205,10.898999044919,6.04517566496774
163.35,0.109156891435597,0.0259482614922998,1,0.209305416978239,0.0497550967243378,1.91747322798881,-0.0567392559068106,0.295050743895389,-0.953795426370833,0.0842465697700215,0.953342102881266,0.28989886228806,0.994828212467422,-0.0639053471996223,-0.0789489346233967,10.9042744558797,6.04517566496774
163.4,0.109156891435597,0.0259482614922996,1,0.209305416978239,0.0497550967243375,1.91747322798881,-0.0516503927053006,0.294186907428918,-0.954351245837086,0.083283851453792,0.953566789959351,0.289437691349352,0.995186433298008,-0.0645324769711276,-0.0737531178700938,10.9095498668405,6.04517566496774
163.45,0.109156891435597,0.0259482614922995,1,0.209305416978239,0.0497550967243373,1.91747322798881,-0.0465592138598639,0.293319720678252,-0.954879982545442,0.0823236522635363,0.95379157927938,0.28897134732312,0.995517481455119,-0.0651549288770924,-0.06855493680456,10.9148252778012,6.04517566496774
163.5,0.109156891435597,0.0259482614922994,1,0.209305416978239,0.0497550967243371,1.91747322798881,-0.0414658610574728,0.292449207777107,-0.955381621781215,0.0813659989214969,0.95401646458549,0.288499843187669,0.99582134772572,-0.0657726855947457,-0.0633545360916281,10.920100688762,6.04517566496672
163.55,0.109156891435597,0.0259482614922993,1,0.209305416978239,0.0497550967243369,1.91747322798881,-0.0363704760456127,0.291575392951766,-0.955856149583837,0.0804109180790681,0.954241439619147,0.288023192064911,0.996098023653243,-0.0663857299319815,-0.0581520604579157,10.9253760997227,6.04517566496672
163.6,0.109156891435597,0.0259482614922992,1,0.209305416978239,0.0497550967243367,1.91747322798881,-0.0312732006283197,0.290698300520407,-0.956303552747248,0.0794584363160504,0.954466498119317,0.287541407219996,0.996347501537827,-0.0669940448278396,-0.05294765468778,10.9306515106835,6.04517566496672
163.65,0.109156891435597,0.0259482614922991,1,0.209305416978239,0.0497550967243365,1.91747322798881,-0.0261741766622349,0.28981795489242,-0.956723818820264,0.0785085801399118,0.954691633822648,0.287054502060948,0.996569774436527,-0.06759761335298,-0.0477414636192886,10.9359269216442,6.04517566496774
163.7,0.109156891435598,0.025948261492299,1,0.209305416978239,0.0497550967243364,1.91747322798881,-0.0210735460526731,0.288934380567733,-0.957116936106924,0.0775613759850522,0.954916840463635,0.286562490138286,0.996764836163511,-0.0681964187101525,-0.0425336321402056,10.941202332605,6.04517566496672
163.75,0.109156891435598,0.0259482614922989,1,0.209305416978239,0.0497550967243362,1.91747322798881,-0.0159714507496482,0.288047602136127,-0.957482893666816,0.0766168502120638,0.9551421117748,0.286065385144651,0.996932681290233,-0.0687904442346669,-0.037324305183934,10.9464777435657,6.04517566496774
163.8,0.109156891435598,0.0259482614922989,1,0.209305416978239,0.049755096724336,1.91747322798881,-0.0108680327439466,0.287157644276554,-0.957821681315378,0.0756750291070015,0.955367441486868,0.285563200914423,0.99707330514558,-0.0693796733948541,-0.032113627725506,10.9517531545265,6.04517566496774
163.85,0.109156891435598,0.0259482614922988,1,0.20930541697824,0.0497550967243358,1.91747322798881,-0.00576343406316547,0.28626453175645,-0.958133289624184,0.0747359388806496,0.955592823328935,0.285055951423337,0.997186703816004,-0.0699640897925274,-0.0269017447775382,10.9570285654873,6.04517566496774
163.9,0.109156891435598,0.0259482614922987,1,0.20930541697824,0.0497550967243357,1.91747322798881,-0.000657796767749651,0.285368289431042,-0.958417709921208,0.0737996056677904,0.955818251028647,0.284543650788095,0.997272874145633,-0.0705436771634397,-0.0216888013861855,10.962303976448,6.04517566496672
163.95,0.109156891435598,0.0259482614922986,1,0.20930541697824,0.0497550967243355,1.91747322798881,0.00444873705293769,0.284468942242663,-0.958674934291063,0.0728660555264813,0.956043718312376,0.284026313265969,0.997331813736354,-0.071118419377734,-0.0164749426271287,10.9675793874088,6.04517566496672
164,0.109156891435598,0.0259482614922985,1,0.20930541697824,0.0497550967243354,1.91747322798881,0.00955602528459522,0.28356651522005,-0.958904955575221,0.071935314437325,0.95626921890539,0.28350395325441,0.997363520947886,-0.0716883004403945,-0.0112603136015108,10.9728547983695,6.04517566496672
164.05,0.109156891435598,0.0259482614922984,1,0.20930541697824,0.0497550967243352,1.91747322798881,0.0146639257919213,0.282661033477655,-0.959107767372214,0.0710074083027494,0.956494746532032,0.282976585290641,0.997367994897819,-0.0722533044916904,-0.00604505943191672,10.9781302093303,6.04517566496774
164.1,0.109156891435598,0.0259482614922984,1,0.20930541697824,0.0497550967243351,1.91747322798881,0.0197722964225694,0.28175252221494,-0.95928336403781,0.070082362946287,0.95672029491589,0.28244422405126,0.997345235461645,-0.072813415807617,-0.000829325258334238,10.983405620291,6.04517566496774
164.15,0.109156891435598,0.0259482614922983,1,0.20930541697824,0.049755096724335,1.91747322798881,0.0248809950111218,0.28084100671568,-0.959431740685173,0.0691602041118527,0.956945857779977,0.281906884351823,0.997295243272755,-0.0733686188003353,0.00438674376590268,10.9886810312518,6.04517566496774
164.2,0.109156891435598,0.0259482614922982,1,0.20930541697824,0.0497550967243348,1.91747322798881,0.0299898793830199,0.279926512347256,-0.959552893184995,0.0682409574630327,0.957171428846901,0.28136458114644,0.997218019722428,-0.0739188980186028,0.00960300247812718,10.9939564422125,6.04517566496774
164.25,0.109156891435598,0.0259482614922982,1,0.20930541697824,0.0497550967243347,1.91747322798881,0.0350988073585484,0.279009064559951,-0.959646818165615,0.0673246485823644,0.957397001839043,0.280817329527351,0.997113566959787,-0.0744642381482066,0.0148193057104074,10.9992318531733,6.04517566496672
164.3,0.109156891435598,0.0259482614922981,1,0.20930541697824,0.0497550967243346,1.91747322798881,0.0402076367567666,0.278088688886243,-0.959713513013111,0.0664113029706299,0.957622570478731,0.280265144724513,0.996981887891741,-0.0750046240123871,0.0200355082935604,11.004507264134,6.04517566496672
164.35,0.109156891435598,0.025948261492298,1,0.20930541697824,0.0497550967243345,1.91747322798881,0.045316225399484,0.277165410940091,-0.959752975871372,0.0655009460461426,0.957848128488411,0.279708042105172,0.996822986182905,-0.0755400405722618,0.0252514650612109,11.0097826750948,6.04517566496672
164.4,0.109156891435598,0.025948261492298,1,0.209305416978241,0.0497550967243344,1.91747322798881,0.0504244311152087,0.276239256416224,-0.95976520564215,0.0645936031440411,0.958073669590829,0.279146037173436,0.996636866255497,-0.0760704729272434,0.0304670308538234,11.0150580860556,6.04517566496672
164.45,0.109156891435598,0.0259482614922979,1,0.209305416978241,0.0497550967243343,1.91747322798881,0.0555321117431037,0.275310251089427,-0.959750201985094,0.0636892995155847,0.958299187509199,0.278579145569843,0.996423533289216,-0.0765959063154544,0.035682060522741,11.0203334970163,6.04517566496672
164.5,0.109156891435598,0.0259482614922979,1,0.209305416978241,0.0497550967243342,1.91747322798881,0.0606391251369523,0.274378420813822,-0.959707965317751,0.0627880603274486,0.95852467596738,0.278007383070928,0.996182993221096,-0.0771163261141385,0.0408964089342344,11.0256089079771,6.04517566496774
164.55,0.109156891435598,0.0259482614922978,1,0.209305416978241,0.049755096724334,1.91747322798881,0.0657453291690981,0.273443791522148,-0.959638496815566,0.0618899106610265,0.958750128690053,0.277430765588782,0.995915252745341,-0.0776317178400664,0.0461099309735246,11.0308843189378,6.04517566496774
164.6,0.109156891435598,0.0259482614922978,1,0.209305416978241,0.049755096724334,1.91747322798881,0.070850581734409,0.272506389225042,-0.959541798411839,0.0609948755117311,0.95897553940289,0.27684930917061,0.995620319313143,-0.0781420671499396,0.0513224815488307,11.0361597298986,6.04517566496774
164.65,0.109156891435598,0.0259482614922977,1,0.209305416978241,0.0497550967243339,1.91747322798881,0.0759547407542426,0.271566240010312,-0.959417872797676,0.0601029797882964,0.959200901832737,0.276263029998284,0.995298201132466,-0.0786473598407903,0.0565339155954178,11.0414351408593,6.04517566496672
164.7,0.109156891435598,0.0259482614922977,1,0.209305416978241,0.0497550967243338,1.91747322798881,0.0810576641803762,0.270623370042214,-0.959266723421915,0.0592142483120893,0.959426209707778,0.275671944387892,0.994948907167828,-0.0791475818503746,0.0617440880796102,11.0467105518201,6.04517566496672
164.75,0.109156891435598,0.0259482614922976,1,0.209305416978241,0.0497550967243337,1.91747322798881,0.0861592099989851,0.26967780556072,-0.959088354491027,0.0583287058164136,0.959651456757721,0.275076068789285,0.994572447140043,-0.0796427192575665,0.0669528540028532,11.0519859627808,6.04517566496672
164.8,0.109156891435598,0.0259482614922976,1,0.209305416978241,0.0497550967243336,1.91747322798881,0.0912592362345786,0.268729572880793,-0.958882770969,0.057446376945825,0.959876636713962,0.27447541978562,0.994168831525954,-0.0801327582827433,0.0721600684057316,11.0572613737416,6.04517566496774
164.85,0.109156891435599,0.0259482614922976,1,0.209305416978241,0.0497550967243336,1.91747322798881,0.0963576009539504,0.26777869839165,-0.958649978577204,0.0565672862554454,0.960101743309766,0.273870014092896,0.993738071558142,-0.0806176852881692,0.0773655863720035,11.0625367847023,6.04517566496774
164.9,0.109156891435599,0.0259482614922975,1,0.209305416978241,0.0497550967243335,1.91747322798881,0.101454162270146,0.266825208556028,-0.958389983794225,0.0556914582102763,0.960326770280441,0.27325986855949,0.993280179224611,-0.0810974867783767,0.0825692630326508,11.0678121956631,6.04517566496774
164.95,0.109156891435599,0.0259482614922975,1,0.209305416978241,0.0497550967243334,1.91747322798881,0.106548778346386,0.265869129909452,-0.958102793855693,0.0548189171845226,0.96055171136351,0.272645000165691,0.99279516726846,-0.0815721494005394,0.0877709535698851,11.0730876066239,6.04517566496774
165,0.109156891435599,0.0259482614922975,1,0.209305416978241,0.0497550967243334,1.91747322798881,0.11164130740004,0.26491048905949,-0.957788416754072,0.0539496874609092,0.960776560298885,0.27202542602322,0.992283049187519,-0.0820416599448464,0.0929705132212051,11.0783630175846,6.04517566496672
165.05,0.109156891435599,0.0259482614922974,1,0.209305416978242,0.0497550967243333,1.91747322798881,0.116731607706548,0.263949312685018,-0.957446861238446,0.0530837932300102,0.961001310829043,0.271401163374762,0.991743839233982,-0.0825060053448675,0.0981677972833999,11.0836384285454,6.04517566496672
165.1,0.109156891435599,0.0259482614922974,1,0.209305416978242,0.0497550967243333,1.91747322798881,0.121819537603383,0.262985627535475,-0.957078136814268,0.0522212585895719,0.961225956699202,0.270772229593482,0.991177552414006,-0.0829651726779185,0.103362661116595,11.0889138395061,6.04517566496672
165.15,0.109156891435599,0.0259482614922974,1,0.209305416978242,0.0497550967243332,1.91747322798881,0.126904955493982,0.262019460430119,-0.956682253743102,0.0513621075438437,0.961450491657489,0.270138642182543,0.990584204487294,-0.0834191491654202,0.108554960148269,11.0941892504669,6.04517566496672
165.2,0.109156891435599,0.0259482614922974,1,0.209305416978242,0.0497550967243332,1.91747322798881,0.131987719851692,0.26105083825728,-0.956259223042331,0.0505063640029105,0.96167490945512,0.269500418774615,0.989963811966658,-0.0838679221732539,0.113744549877276,11.0994646614276,6.04517566496672
165.25,0.109156891435599,0.0259482614922973,1,0.209305416978242,0.0497550967243331,1.91747322798881,0.137067689223713,0.260079787973611,-0.955809056484857,0.0496540517820254,0.961899203846571,0.26885757713139,0.989316392117557,-0.0843114792121137,0.118931285877879,11.1047400723884,6.04517566496774
165.3,0.109156891435599,0.0259482614922973,1,0.209305416978242,0.0497550967243331,1.91747322798881,0.142144722235021,0.259106336603343,-0.955331766598769,0.0488051946009497,0.962123368589752,0.268210135143084,0.988641962957618,-0.084749807937853,0.124115023803748,11.1100154833491,6.04517566496774
165.35,0.109156891435599,0.0259482614922973,1,0.209305416978242,0.049755096724333,1.91747322798881,0.147218677592311,0.258130511237526,-0.954827366666993,0.0479598160832912,0.962347397446182,0.267558110827941,0.987940543256136,-0.0851828961518287,0.129295619391991,11.1152908943099,6.04517566496774
165.4,0.109156891435599,0.0259482614922973,1,0.209305416978242,0.049755096724333,1.91747322798881,0.152289414087938,0.257152339033278,-0.954295870726928,0.0471179397558452,0.962571284181161,0.266901522331729,0.987212152533546,-0.085610731801241,0.134472928467178,11.1205663052706,6.04517566496672
165.45,0.109156891435599,0.0259482614922973,1,0.209305416978242,0.049755096724333,1.91747322798881,0.157356790603825,0.256171847213032,-0.953737293570052,0.0462795890479438,0.962795022563945,0.26624038792724,0.986456811060889,-0.0860333029794678,0.139646806945328,11.1258417162314,6.04517566496774
165.5,0.109156891435599,0.0259482614922972,1,0.209305416978242,0.0497550967243329,1.91747322798881,0.162420666115415,0.25518906306377,-0.953151650741507,0.0454447872907989,0.963018606367916,0.265574726013773,0.985674539859237,-0.0864505979263975,0.144817110837945,11.1311171271922,6.04517566496774
165.55,0.109156891435599,0.0259482614922972,1,0.209305416978242,0.0497550967243329,1.91747322798881,0.167480899695576,0.254204013936276,-0.952538958539674,0.0446135577168576,0.963242029370762,0.264904555116631,0.984865360699119,-0.0868626050287549,0.149983696256005,11.1363925381529,6.04517566496774
165.6,0.109156891435599,0.0259482614922972,1,0.209305416978242,0.0497550967243329,1.91747322798881,0.172537350518528,0.253216727244364,-0.951899234015712,0.043785923459153,0.963465285354643,0.264229893886602,0.984029296099906,-0.0872693128204246,0.155146419413969,11.1416679491137,6.04517566496774
165.65,0.109156891435599,0.0259482614922972,1,0.209305416978242,0.0497550967243329,1.91747322798881,0.177589877863777,0.25222723046412,-0.951232494973089,0.0429619075506598,0.963688368106369,0.263550761099437,0.983166369329188,-0.0876707099827716,0.160305136633794,11.1469433600744,6.04517566496774
165.7,0.109156891435599,0.0259482614922972,1,0.209305416978242,0.0497550967243329,1.91747322798881,0.182638341120002,0.251235551133138,-0.950538759967084,0.0421415329236562,0.963911271417569,0.26286717565533,0.98227660440213,-0.0880667853449539,0.165459704348907,11.1522187710352,6.04517566496774
165.75,0.109156891435599,0.0259482614922972,1,0.209305416978242,0.0497550967243328,1.91747322798881,0.187682599789004,0.250241716849749,-0.949818048304269,0.0413248224090819,0.964133989084868,0.262179156578394,0.981360026080795,-0.088457527884236,0.170609979108231,11.1574941819959,6.04517566496672
165.8,0.109156891435599,0.0259482614922972,1,0.209305416978243,0.0497550967243328,1.91747322798881,0.19272251348958,0.249245755272259,-0.949070380041976,0.0405117987359066,0.964356514910055,0.261486723016129,0.980416659873464,-0.088842926726293,0.175755817580149,11.1627695929567,6.04517566496672
165.85,0.109156891435599,0.0259482614922972,1,0.209305416978243,0.0497550967243328,1.91747322798881,0.197757941961458,0.248247694118176,-0.948295775987733,0.0397024845304946,0.964578842700261,0.260789894238889,0.979446532033921,-0.0892229711455152,0.18089707655651,11.1680450039174,6.04517566496672
165.9,0.109156891435599,0.0259482614922972,1,0.209305416978243,0.0497550967243328,1.91747322798881,0.202788745069185,0.247247561163437,-0.947494257698693,0.0388969023159762,0.964800966268126,0.260088689639345,0.978449669560723,-0.0895976505653059,0.186033612956612,11.1733204148782,6.04517566496672
165.95,0.109156891435599,0.0259482614922972,1,0.209305416978243,0.0497550967243328,1.91747322798881,0.20781478280603,0.24624538424164,-0.946665847481026,0.0380950745116211,0.965022879431974,0.259383128731951,0.977426100196448,-0.0899669545583756,0.191165283831178,11.1785958258389,6.04517566496672
166,0.109156891435599,0.0259482614922972,1,0.209305416978243,0.0497550967243328,1.91747322798881,0.212835915297891,0.245241191243263,-0.945810568389302,0.0372970234322132,0.965244576015985,0.258673231152391,0.976375852426926,-0.0903308728470328,0.196291946366343,11.1838712367997,6.04517566496774
166.05,0.109156891435599,0.0259482614922972,1,0.209305416978243,0.0497550967243328,1.91747322798881,0.217852002807168,0.244235010114894,-0.944928444225849,0.0365027712874317,0.965466049850366,0.257959016657043,0.975298955480443,-0.0906893953034692,0.20141345788762,11.1891466477605,6.04517566496774
166.1,0.109156891435599,0.0259482614922972,1,0.209305416978243,0.0497550967243328,1.91747322798881,0.222862905736661,0.243226868858449,-0.944019499540093,0.035712340181232,0.965687294771523,0.257240505122422,0.974195439326931,-0.0910425119500416,0.206529675863868,11.1944220587212,6.04517566496774
166.15,0.109156891435599,0.0259482614922972,1,0.209305416978243,0.0497550967243328,1.91747322798881,0.22786848463347,0.242216795530395,-0.943083759627867,0.0349257521112287,0.965908304622232,0.256517716544628,0.973065334677128,-0.0913902129595509,0.211640457911281,11.199697469682,6.04517566496672
166.2,0.109156891435599,0.0259482614922972,1,0.209305416978243,0.0497550967243328,1.91747322798881,0.232868600192845,0.241204818240969,-0.942121250530719,0.0341430289680872,0.966129073251813,0.255790671038795,0.971908672981731,-0.0917324886555136,0.216745661797317,11.2049728806427,6.04517566496672
166.25,0.1091568914356,0.0259482614922972,1,0.209305416978243,0.0497550967243329,1.91747322798881,0.237863113262095,0.240190965153391,-0.941131999035176,0.0333641925349107,0.966349594516298,0.255059388838521,0.970725486430514,-0.0920693295124329,0.221845145444686,11.2102482916035,6.04517566496672
166.3,0.1091568914356,0.0259482614922972,1,0.209305416978243,0.0497550967243329,1.91747322798881,0.242851884844439,0.23917526448309,-0.940116032672003,0.0325892644866362,0.966569862278603,0.254323890295315,0.969515807951435,-0.0924007261560628,0.226938766935288,11.2155237025642,6.04517566496774
166.35,0.1091568914356,0.0259482614922972,1,0.209305416978243,0.0497550967243329,1.91747322798881,0.247834776102877,0.238157744496909,-0.939073379715442,0.0318182663894318,0.966789870408698,0.253584195878026,0.968279671209723,-0.0927266693636686,0.23202638451416,11.220799113525,6.04517566496774
166.4,0.1091568914356,0.0259482614922972,1,0.209305416978243,0.0497550967243329,1.91747322798881,0.252811648364067,0.237138433512324,-0.938004069182413,0.0310512197000934,0.96700961278378,0.252840326172272,0.967017110606932,-0.0930471500642853,0.237107856593439,11.2260745244857,6.04517566496774
166.45,0.1091568914356,0.0259482614922972,1,0.209305416978243,0.0497550967243329,1.91747322798881,0.257782363122166,0.236117359896654,-0.936908130831719,0.030288145765452,0.967229083288442,0.25209230187987,0.965728161279996,-0.0933621593389676,0.242183041756277,11.2313499354465,6.04517566496774
166.5,0.1091568914356,0.0259482614922973,1,0.209305416978243,0.0497550967243329,1.91747322798881,0.262746782042703,0.235094552066271,-0.93578559516321,0.0295290658217748,0.967448275814842,0.251340143818258,0.964412859100239,-0.0936716884210406,0.247251798760806,11.2366253464072,6.04517566496774
166.55,0.1091568914356,0.0259482614922973,1,0.209305416978243,0.049755096724333,1.91747322798881,0.267704766966412,0.234070038485812,-0.934636493416938,0.0287740009941787,0.967667184262876,0.250583872919917,0.963071240672385,-0.0939757286963418,0.252313986544039,11.241900757368,6.04517566496672
166.6,0.1091568914356,0.0259482614922973,1,0.209305416978243,0.049755096724333,1.91747322798881,0.272656179913082,0.233043847667384,-0.933460857572285,0.0280229722960396,0.967885802540343,0.249823510231788,0.961703343333536,-0.0942742717034617,0.257369464225812,11.2471761683288,6.04517566496672
166.65,0.1091568914356,0.0259482614922973,1,0.209305416978244,0.049755096724333,1.91747322798881,0.277600883085411,0.23201600816977,-0.932258720347075,0.0272760006284079,0.96810412456312,0.249059076914686,0.960309205152132,-0.0945673091339797,0.262418091112712,11.2524515792895,6.04517566496672
166.7,0.1091568914356,0.0259482614922973,1,0.209305416978244,0.0497550967243331,1.91747322798881,0.282538738872819,0.230986548597636,-0.931030115196662,0.026533106779428,0.968322144255327,0.24829059424271,0.958888864926895,-0.0948548328326942,0.267459726701971,11.2577269902503,6.04517566496672
166.75,0.1091568914356,0.0259482614922973,1,0.209305416978244,0.0497550967243331,1.91747322798881,0.287469609855297,0.229955497600736,-0.929775076312998,0.0257943114237578,0.968539855549499,0.247518083602653,0.957442362185744,-0.095136834797851,0.272494230685401,11.263002401211,6.04517566496774
166.8,0.1091568914356,0.0259482614922973,1,0.209305416978244,0.0497550967243331,1.91747322798881,0.292393358807212,0.228922883873113,-0.928493638623687,0.025059635121996,0.968757252386754,0.246741566493407,0.955969737184703,-0.0954133071813643,0.277521462953274,11.2682778121718,6.04517566496774
166.85,0.1091568914356,0.0259482614922974,1,0.209305416978244,0.0497550967243332,1.91747322798881,0.29730984870114,0.227888736152299,-0.927185837791008,0.0243290983201083,0.968974328716959,0.245961064525362,0.954471030906772,-0.0956842422890362,0.282541283598233,11.2735532231325,6.04517566496774
166.9,0.1091568914356,0.0259482614922974,1,0.209305416978244,0.0497550967243332,1.91747322798881,0.302218942711683,0.226853083218517,-0.92585171021092,0.0236027213488572,0.969191078498904,0.245176599419807,0.95294628506079,-0.0959496325807711,0.287553552919199,11.2788286340933,6.04517566496672
166.95,0.1091568914356,0.0259482614922974,1,0.209305416978244,0.0497550967243332,1.91747322798881,0.307120504219258,0.225815953893883,-0.924491293012057,0.0228805244232393,0.969407495700463,0.244388193008325,0.951395542080278,-0.0962094706707844,0.292558131425228,11.284104045054,6.04517566496672
167,0.1091568914356,0.0259482614922974,1,0.209305416978244,0.0497550967243333,1.91747322798881,0.312014396813921,0.224777377041596,-0.923104624054687,0.0221625276419196,0.96962357429877,0.243595867232183,0.949818845122251,-0.0964637493278093,0.297554879839426,11.2893794560148,6.04517566496672
167.05,0.1091568914356,0.0259482614922974,1,0.209305416978244,0.0497550967243333,1.91747322798881,0.316900484299149,0.223737381565143,-0.921691741929664,0.0214487509866739,0.969839308280378,0.242799644141726,0.948216238066021,-0.0967124614752971,0.302543659102802,11.2946548669756,6.04517566496774
167.1,0.1091568914356,0.0259482614922975,1,0.209305416978244,0.0497550967243334,1.91747322798881,0.321778630695629,0.222695996407491,-0.920252685957352,0.0207392143218332,0.970054691641435,0.241999545895761,0.946587765511978,-0.0969556001916142,0.307524330378142,11.2999302779363,6.04517566496672
167.15,0.1091568914356,0.0259482614922975,1,0.209305416978244,0.0497550967243334,1.91747322798881,0.326648700245059,0.221653250550281,-0.918787496186527,0.0200339373937285,0.970269718387842,0.241195594760938,0.944933472780342,-0.0971931587102358,0.312496755053887,11.3052056888971,6.04517566496774
167.2,0.1091568914356,0.0259482614922975,1,0.209305416978244,0.0497550967243334,1.91747322798881,0.331510557413904,0.220609173013021,-0.917296213393271,0.0193329398301442,0.970484382535428,0.240387813111135,0.943253405909911,-0.0974251304199327,0.317460794747969,11.3104810998578,6.04517566496774
167.25,0.1091568914356,0.0259482614922975,1,0.209305416978244,0.0497550967243335,1.91747322798881,0.336364066897188,0.21956379285228,-0.915778879079828,0.018636241139769,0.970698678110112,0.239576223426829,0.941547611656768,-0.0976515088649565,0.322416311311684,11.3157565108186,6.04517566496774
167.3,0.1091568914356,0.0259482614922976,1,0.209305416978244,0.0497550967243335,1.91747322798881,0.341209093622243,0.218517139160881,-0.914235535473453,0.0179438607116556,0.97091259914807,0.238760848294479,0.939816137492993,-0.0978722877452184,0.327363166833517,11.3210319217793,6.04517566496672
167.35,0.1091568914356,0.0259482614922976,1,0.209305416978244,0.0497550967243336,1.91747322798881,0.346045502752474,0.217469241067087,-0.912666225525242,0.0172558178146799,0.971126139695903,0.23794171040589,0.938059031605332,-0.0980874609164649,0.332301223642988,11.3263073327401,6.04517566496672
167.4,0.1091568914356,0.0259482614922976,1,0.209305416978244,0.0497550967243336,1.91747322798881,0.350873159691123,0.216420127733793,-0.911070992908926,0.0165721315970039,0.971339293810799,0.237118832557584,0.936276342893859,-0.0982970223904493,0.337230344314494,11.3315827437008,6.04517566496672
167.45,0.1091568914356,0.0259482614922976,1,0.209305416978244,0.0497550967243337,1.91747322798881,0.355691930084993,0.215369828357715,-0.909449882019664,0.0158928210855443,0.9715520555607,0.236292237650166,0.934468120970617,-0.0985009663350973,0.342150391671114,11.3368581546616,6.04517566496672
167.5,0.1091568914356,0.0259482614922977,1,0.209305416978244,0.0497550967243337,1.91747322798881,0.36050167982821,0.214318372168575,-0.907802937972802,0.0152179051854416,0.971764419024469,0.235461948687687,0.932634416158232,-0.0986992870746702,0.347061228788446,11.3421335656223,6.04517566496774
167.55,0.1091568914356,0.0259482614922977,1,0.209305416978244,0.0497550967243338,1.91747322798881,0.365302275065934,0.213265788428289,-0.906130206602623,0.0145474026795357,0.971976378292054,0.234627988777002,0.93077527948852,-0.0988919790899224,0.3519627189984,11.3474089765831,6.04517566496774
167.6,0.1091568914356,0.0259482614922977,1,0.209305416978244,0.0497550967243338,1.91747322798881,0.370093582198095,0.212212106430155,-0.90443173446107,0.0138813322278423,0.97218792746465,0.23379038112713,0.928890762701063,-0.0990790370182549,0.356854725893007,11.3526843875438,6.04517566496774
167.65,0.1091568914356,0.0259482614922977,1,0.209305416978244,0.0497550967243339,1.91747322798881,0.374875467883117,0.211157355498032,-0.902707568816442,0.013219712367032,0.972399060654866,0.232949149048603,0.926980918241766,-0.0992604556538652,0.361737113328229,11.3579597985046,6.04517566496672
167.7,0.1091568914356,0.0259482614922978,1,0.209305416978244,0.049755096724334,1.91747322798881,0.379647799041613,0.210101564985531,-0.900957757652094,0.0125625615099178,0.972609771986885,0.232104315952825,0.925045799261403,-0.0994362299478913,0.366609745427726,11.3632352094654,6.04517566496672
167.75,0.1091568914356,0.0259482614922978,1,0.209305416978244,0.049755096724334,1.91747322798881,0.384410442860106,0.209044764275191,-0.899182349665087,0.0119098979449392,0.972820055596635,0.231255905351412,0.923085459614135,-0.099606355008553,0.371472486586654,11.3685106204261,6.04517566496672
167.8,0.1091568914356,0.0259482614922978,1,0.209305416978244,0.0497550967243341,1.91747322798881,0.389163266794713,0.207986982777666,-0.897381394264841,0.0112617398356556,0.973029905631944,0.230403940855543,0.921099953856009,-0.0997708261012875,0.376325201475434,11.3737860313869,6.04517566496774
167.85,0.1091568914356,0.0259482614922979,1,0.209305416978245,0.0497550967243341,1.91747322798881,0.393906138574832,0.206928249930906,-0.89555494157176,0.0106181052202406,0.973239316252707,0.229548446175302,0.919089337243446,-0.0999296386488811,0.381167755043507,11.3790614423476,6.04517566496672
167.9,0.1091568914356,0.0259482614922979,1,0.209305416978245,0.0497550967243342,1.91747322798881,0.398638926206839,0.205868595199336,-0.89370304241583,0.00997901201097774,0.973448281631049,0.228689445119017,0.917053665731697,-0.100082788231597,0.386000012523116,11.3843368533084,6.04517566496774
167.95,0.1091568914356,0.0259482614922979,1,0.209305416978245,0.0497550967243342,1.91747322798881,0.403361497977739,0.204808048073038,-0.891825748335215,0.00934447799376575,0.973656795951484,0.227826961592598,0.914992995973291,-0.100230270587299,0.390821839433032,11.3896122642691,6.04517566496774
168,0.1091568914356,0.025948261492298,1,0.209305416978245,0.0497550967243343,1.91747322798881,0.408073722458857,0.203746638066927,-0.889923111574813,0.0087145208276196,0.973864853411081,0.226961019598872,0.91290738531645,-0.100372081611568,0.395633101582317,11.3948876752299,6.04517566496774
168.05,0.1091568914356,0.025948261492298,1,0.209305416978245,0.0497550967243344,1.91747322798881,0.41277546850947,0.202684394719934,-0.887995185084807,0.00808915804418232,0.974072448219622,0.226091643236915,0.910796891803504,-0.100508217357818,0.400433665074042,11.4001630861906,6.04517566496672
168.1,0.1091568914356,0.025948261492298,1,0.209305416978245,0.0497550967243344,1.91747322798881,0.417466605280471,0.201621347594182,-0.886042022519195,0.0074684070472357,0.974279574599765,0.225218856701382,0.90866157416927,-0.100638674037404,0.40522339630902,11.4054384971514,6.04517566496672
168.15,0.1091568914356,0.0259482614922981,1,0.209305416978245,0.0497550967243345,1.91747322798881,0.422147002218015,0.200557526274161,-0.884063678234285,0.00685228511221495,0.974486226787205,0.224342684281831,0.906501491839415,-0.100763448019732,0.410002161989532,11.4107139081122,6.04517566496672
168.2,0.1091568914356,0.0259482614922981,1,0.209305416978245,0.0497550967243346,1.91747322798881,0.426816529067137,0.19949296036591,-0.882060207287194,0.00624080938573007,0.974692399030832,0.223463150362049,0.904316704928806,-0.100882535832354,0.414769829123022,11.4159893190729,6.04517566496672
168.25,0.1091568914356,0.0259482614922981,1,0.209305416978245,0.0497550967243346,1.91747322798881,0.431475055875393,0.198427679496185,-0.88003166543431,0.00563399688508642,0.974898085592895,0.222580279419374,0.902107274239835,-0.100995934161069,0.419526265025812,11.4212647300337,6.04517566496774
168.3,0.1091568914356,0.0259482614922982,1,0.209305416978245,0.0497550967243347,1.91747322798881,0.436122452996465,0.197361713311643,-0.877978109129743,0.0050318644978134,0.975103280749158,0.221694096024012,0.89987326126073,-0.101103639850013,0.424271337326783,11.4265401409944,6.04517566496774
168.35,0.1091568914356,0.0259482614922982,1,0.209305416978245,0.0497550967243348,1.91747322798881,0.440758591093767,0.196295091478014,-0.875899595523754,0.00443442898119326,0.975307978789061,0.220804624838358,0.897614728163842,-0.101205649901748,0.42900491397106,11.4318155519552,6.04517566496774
168.4,0.1091568914356,0.0259482614922982,1,0.209305416978245,0.0497550967243348,1.91747322798881,0.445383341144065,0.195227843679271,-0.873796182461157,0.00384170696179366,0.975512174015878,0.219911890616299,0.89533173780391,-0.101301961477345,0.433726863223703,11.4370909629159,6.04517566496672
168.45,0.1091568914356,0.0259482614922983,1,0.209305416978245,0.0497550967243349,1.91747322798881,0.449996574441037,0.194159999616811,-0.871667928479724,0.00325371493500771,0.975715860746878,0.219015918202538,0.893024353716322,-0.101392571896462,0.438437053673349,11.4423663738767,6.04517566496672
168.5,0.1091568914356,0.0259482614922983,1,0.209305416978245,0.049755096724335,1.91747322798881,0.454598162598885,0.193091589008622,-0.869514892808538,0.00267046926459191,0.97591903331348,0.218116732531894,0.890692640115334,-0.101477478637422,0.443135354235889,11.4476417848374,6.04517566496672
168.55,0.1091568914356,0.0259482614922983,1,0.209305416978245,0.049755096724335,1.91747322798881,0.459187977555887,0.192022641588461,-0.86733713536636,0.00209198618221279,0.976121686061413,0.217214358628611,0.888336661892296,-0.101556679337277,0.447821634158108,11.4529171957982,6.04517566496774
168.6,0.109156891435601,0.0259482614922984,1,0.209305416978245,0.0497550967243351,1.91747322798881,0.463765891577965,0.190953187105025,-0.865134716759955,0.00151828178699509,0.976323813350871,0.21630882160566,0.885956484613838,-0.101630171791882,0.452495763021315,11.4581926067589,6.04517566496672
168.65,0.109156891435601,0.0259482614922984,1,0.209305416978245,0.0497550967243352,1.91747322798881,0.468331777262253,0.189883255321119,-0.862907698282403,0.000949372045071811,0.976525409556673,0.215400146664044,0.883552174520045,-0.101697953955948,0.457157610744997,11.4634680177197,6.04517566496774
168.7,0.109156891435601,0.0259482614922984,1,0.209305416978245,0.0497550967243352,1.91747322798881,0.472885507540619,0.188812876012836,-0.860656141911398,0.000385272789142896,0.976726469068418,0.214488359092092,0.881123798522619,-0.101760023943105,0.461807047590408,11.4687434286804,6.04517566496774
168.75,0.109156891435601,0.0259482614922985,1,0.209305416978245,0.0497550967243353,1.91747322798881,0.477426955683228,0.18774207896872,-0.858380110307519,-0.000174000281968692,0.976926986290641,0.213573484264756,0.878671424203011,-0.101816380025952,0.466443944164209,11.4740188396412,6.04517566496774
168.8,0.109156891435601,0.0259482614922985,1,0.209305416978245,0.0497550967243354,1.91747322798881,0.481955995302046,0.18667089398894,-0.85607966681249,-0.000728431603751023,0.977126955642967,0.212655547642909,0.876195119810544,-0.101867020636105,0.471068171422046,11.479294250602,6.04517566496672
168.85,0.109156891435601,0.0259482614922985,1,0.209305416978245,0.0497550967243354,1.91747322798881,0.486472500354368,0.185599350884467,-0.853754875447417,-0.00127800574643756,0.977326371560271,0.211734574772632,0.873694954260514,-0.10191194436424,0.475679600672153,11.4845696615627,6.04517566496672
168.9,0.109156891435601,0.0259482614922986,1,0.209305416978245,0.0497550967243355,1.91747322798881,0.490976345146331,0.18452747947623,-0.851405800910999,-0.00182270741543747,0.977525228492828,0.210810591284505,0.871170997132267,-0.101951149960136,0.480278103578934,11.4898450725235,6.04517566496672
168.95,0.109156891435601,0.0259482614922986,1,0.209305416978245,0.0497550967243356,1.91747322798881,0.495467404336399,0.183455309594302,-0.84903250857774,-0.00236252145175941,0.97772352090647,0.209883622892891,0.86862331866727,-0.101984636332704,0.48486355216653,11.4951204834842,6.04517566496672
169,0.109156891435601,0.0259482614922987,1,0.209305416978245,0.0497550967243357,1.91747322798881,0.499945552938865,0.182382871077058,-0.846635064496115,-0.00289743283243533,0.977921243282741,0.208953695395224,0.866051989767147,-0.102012402550023,0.489435818822385,11.500395894445,6.04517566496774
169.05,0.109156891435601,0.0259482614922987,1,0.209305416978245,0.0497550967243357,1.91747322798881,0.504410666327315,0.181310193770351,-0.844213535386748,-0.00342742667093665,0.978118390119046,0.208020834671292,0.863457081991716,-0.10203444783936,0.49399477630079,11.5056713054057,6.04517566496774
169.1,0.109156891435601,0.0259482614922987,1,0.209305416978245,0.0497550967243358,1.91747322798881,0.508862620238104,0.180237307526681,-0.841767988640543,-0.00395248821758944,0.97831495592881,0.20708506668251,0.860838667556994,-0.102050771587199,0.498540297726428,11.5109467163665,6.04517566496774
169.15,0.109156891435601,0.0259482614922988,1,0.209305416978245,0.0497550967243359,1.91747322798881,0.513301290773821,0.179164242204358,-0.839298492316808,-0.00447260285998602,0.978510935241627,0.206146417471206,0.85819681933318,-0.102061373339251,0.503072256597916,11.5162221273272,6.04517566496672
169.2,0.109156891435601,0.0259482614922988,1,0.209305416978245,0.0497550967243359,1.91747322798881,0.517726554406721,0.178091027666681,-0.836805115141376,-0.00498775612338917,0.978706322603413,0.205204913159888,0.855531610842638,-0.10206625280047,0.507590526791302,11.521497538288,6.04517566496774
169.25,0.109156891435601,0.0259482614922988,1,0.209305416978245,0.049755096724336,1.91747322798881,0.522138287982181,0.177017693781097,-0.834287926504669,-0.00549793367113771,0.978901112576558,0.204260579950525,0.852843116257841,-0.102065409835061,0.512094982563602,11.5267729492488,6.04517566496672
169.3,0.109156891435601,0.0259482614922989,1,0.209305416978245,0.0497550967243361,1.91747322798881,0.526536368722109,0.175944270418378,-0.831746996459789,-0.00600312130504288,0.979095299740077,0.203313444123812,0.850131410399317,-0.102058844466484,0.516585498556274,11.5320483602095,6.04517566496672
169.35,0.109156891435601,0.0259482614922989,1,0.209305416978245,0.0497550967243361,1.91747322798881,0.530920674228376,0.174870787451786,-0.829182395720555,-0.00650330496578524,0.979288878689761,0.20236353203844,0.847396568733559,-0.102046556877453,0.521061949798724,11.5373237711703,6.04517566496672
169.4,0.109156891435601,0.025948261492299,1,0.209305416978245,0.0497550967243362,1.91747322798881,0.535291082486216,0.173797274756238,-0.826594195659539,-0.00699847073330594,0.979481844038329,0.201410870130364,0.844638667370924,-0.10202854740993,0.525524211711782,11.542599182131,6.04517566496774
169.45,0.109156891435601,0.025948261492299,1,0.209305416978245,0.0497550967243363,1.91747322798881,0.539647471867617,0.172723762207483,-0.823982468306081,-0.00748860482719228,0.979674190415574,0.200455484912068,0.841857783063524,-0.102004816565116,0.529972160111157,11.5478745930918,6.04517566496774
169.5,0.109156891435601,0.025948261492299,1,0.209305416978245,0.0497550967243364,1.91747322798881,0.54398972113472,0.171650279681262,-0.821347286344281,-0.00797369360706403,0.979865912468517,0.19949740297182,0.839053993203078,-0.101975365003438,0.534405671210912,11.5531500040525,6.04517566496774
169.55,0.109156891435601,0.0259482614922991,1,0.209305416978245,0.0497550967243364,1.91747322798881,0.548317709443175,0.170576857052484,-0.81868872311098,-0.00845372357295038,0.980057004861554,0.198536650972943,0.836227375818768,-0.101940193544531,0.53882462162689,11.5584254150133,6.04517566496672
169.6,0.109156891435601,0.0259482614922991,1,0.209305416978245,0.0497550967243365,1.91747322798881,0.552631316345513,0.16950352419439,-0.816006852593719,-0.00892868136566685,0.980247462276602,0.197573255653067,0.833378009575064,-0.101899303167213,0.543228888380156,11.563700825974,6.04517566496672
169.65,0.109156891435601,0.0259482614922991,1,0.209305416978245,0.0497550967243366,1.91747322798881,0.556930421794506,0.16843031097772,-0.813301749428674,-0.00939855376718787,0.980437279413252,0.196607243823381,0.830505973769532,-0.101852695009457,0.547618348900429,11.5689762369348,6.04517566496672
169.7,0.109156891435601,0.0259482614922992,1,0.209305416978245,0.0497550967243366,1.91747322798881,0.561214906146493,0.167357247269888,-0.810573488898588,-0.00986332770101289,0.980626450988912,0.195638642367895,0.827611348330631,-0.101800370368366,0.551992881029473,11.5742516478955,6.04517566496672
169.75,0.109156891435601,0.0259482614922992,1,0.209305416978246,0.0497550967243367,1.91747322798881,0.565484650164723,0.166284362934144,-0.807822146930664,-0.010322990232532,0.980814971738957,0.194667478242688,0.824694213815485,-0.101742330700127,0.556352363024519,11.5795270588563,6.04517566496774
169.8,0.109156891435601,0.0259482614922993,1,0.209305416978246,0.0497550967243368,1.91747322798881,0.56973953502266,0.16521168782875,-0.805047800094466,-0.0107775285693844,0.981002836416875,0.193693778475155,0.821754651407645,-0.101678577619979,0.560696673561631,11.5848024698171,6.04517566496774
169.85,0.109156891435601,0.0259482614922993,1,0.209305416978246,0.0497550967243369,1.91747322798881,0.573979442307296,0.164139251806142,-0.802250525599781,-0.011226930061815,0.98119003979441,0.192717570163261,0.818792742914831,-0.101609112902163,0.565025691739095,11.5900778807778,6.04517566496774
169.9,0.109156891435601,0.0259482614922993,1,0.209305416978246,0.0497550967243369,1.91747322798881,0.578204254022459,0.163067084712102,-0.799430401294465,-0.0116711822030274,0.981376576661712,0.191738880474782,0.815808570766645,-0.101533938479876,0.569339297080791,11.5953532917386,6.04517566496672
169.95,0.109156891435601,0.0259482614922994,1,0.209305416978246,0.049755096724337,1.91747322798881,0.582413852592069,0.161995216384931,-0.796587505662286,-0.0121102726295301,0.98156244182748,0.19075773664655,0.812802218012292,-0.101453056445213,0.573637369539522,11.6006287026993,6.04517566496774
170,0.109156891435601,0.0259482614922994,1,0.209305416978246,0.0497550967243371,1.91747322798881,0.586608120863442,0.160923676654611,-0.793721917820734,-0.0125441891214826,0.981747630119104,0.189774165983696,0.809773768318255,-0.101366469049114,0.577919789500385,11.6059041136601,6.04517566496672
170.05,0.109156891435601,0.0259482614922994,1,0.209305416978246,0.0497550967243371,1.91747322798881,0.590786942110522,0.159852495341984,-0.790833717518822,-0.0129729196030336,0.981932136382815,0.188788195858889,0.806723305965975,-0.101274178701296,0.582186437784071,11.6111795246208,6.04517566496672
170.1,0.109156891435601,0.0259482614922995,1,0.209305416978246,0.0497550967243372,1.91747322798881,0.594950200037148,0.158781702257915,-0.787922985134865,-0.0133964521426582,0.982115955483822,0.187799853711577,0.803650915849505,-0.10117618797019,0.586437195650202,11.6164549355816,6.04517566496672
170.15,0.109156891435601,0.0259482614922995,1,0.209305416978246,0.0497550967243373,1.91747322798881,0.599097778780287,0.157711327202461,-0.784989801674241,-0.0138147749534901,0.982299082306458,0.186809167047218,0.800556683473139,-0.101072499582869,0.590671944800631,11.6217303465423,6.04517566496774
170.2,0.109156891435601,0.0259482614922995,1,0.209305416978246,0.0497550967243373,1.91747322798881,0.603229562913248,0.156641399964053,-0.782034248767146,-0.0142278763936485,0.982481511754323,0.185816163436519,0.797440694949047,-0.10096311642497,0.594890567382724,11.6270057575031,6.04517566496774
170.25,0.109156891435601,0.0259482614922996,1,0.209305416978246,0.0497550967243374,1.91747322798881,0.607345437448912,0.155571950318651,-0.779056408666305,-0.0146357449665636,0.982663238750425,0.184820870514668,0.794303036994864,-0.100848041540613,0.599092945992656,11.6322811684638,6.04517566496774
170.3,0.109156891435601,0.0259482614922996,1,0.209305416978246,0.0497550967243375,1.91747322798881,0.611445287842915,0.154503008028931,-0.776056364244703,-0.0150383693212951,0.982844258237319,0.183823315980564,0.791143796931285,-0.100727278132322,0.603278963678664,11.6375565794246,6.04517566496672
170.35,0.109156891435601,0.0259482614922997,1,0.209305416978246,0.0497550967243376,1.91747322798881,0.615528999996844,0.153434602843445,-0.773034198993265,-0.0154357382528487,0.983024565177253,0.182823527596046,0.787963062679638,-0.100600829560929,0.607448503944308,11.6428319903854,6.04517566496672
170.4,0.109156891435601,0.0259482614922997,1,0.209305416978246,0.0497550967243376,1.91747322798881,0.619596460261417,0.152366764495797,-0.769989997018536,-0.0158278407024886,0.983204154552303,0.181821533185121,0.784760922759422,-0.100468699345485,0.611601450751719,11.6481074013461,6.04517566496672
170.45,0.109156891435601,0.0259482614922997,1,0.209305416978246,0.0497550967243377,1.91747322798881,0.623647555439634,0.15129952270382,-0.766923843040341,-0.0162146657580441,0.983383021364515,0.180817360633189,0.781537466285861,-0.100330891163161,0.615737688524815,11.6533828123069,6.04517566496672
170.5,0.109156891435601,0.0259482614922998,1,0.209305416978246,0.0497550967243378,1.91747322798881,0.62768217278994,0.15023290716874,-0.763835822389424,-0.0165962026542145,0.983561160636045,0.179811037886268,0.778292782967412,-0.100187408849144,0.619857102152532,11.6586582232676,6.04517566496774
170.55,0.109156891435601,0.0259482614922998,1,0.209305416978246,0.0497550967243378,1.91747322798881,0.631700200029351,0.149166947574358,-0.760726021005083,-0.0169724407728671,0.983738567409294,0.178802592950216,0.775026963103278,-0.100038256396531,0.623959576992014,11.6639336342284,6.04517566496774
170.6,0.109156891435601,0.0259482614922998,1,0.209305416978246,0.0497550967243379,1.91747322798881,0.635701525336583,0.148101673586219,-0.75759452543277,-0.017343369643334,0.983915236747052,0.177792053889952,0.771740097580887,-0.0998834379562196,0.628044998871808,11.6692090451891,6.04517566496774
170.65,0.109156891435601,0.0259482614922999,1,0.209305416978246,0.049755096724338,1.91747322798881,0.639686037355172,0.147037114850787,-0.754441422821676,-0.0177089789427036,0.984091163732628,0.176779448828671,0.768432277873363,-0.0997229578367916,0.632113254095053,11.6744844561499,6.04517566496672
170.7,0.109156891435601,0.0259482614922999,1,0.209305416978246,0.049755096724338,1.91747322798881,0.643653625196557,0.145973300994621,-0.751266800922325,-0.0180692584961067,0.984266343469993,0.175764805947069,0.765103596036988,-0.0995568205043918,0.636164229442622,11.6797598671106,6.04517566496774
170.75,0.109156891435601,0.0259482614922999,1,0.209305416978246,0.0497550967243381,1.91747322798881,0.647604178443186,0.144910261623551,-0.74807074808411,-0.018424198277001,0.984440771083913,0.17474815348255,0.76175414470863,-0.0993850305826047,0.640197812176298,11.6850352780714,6.04517566496672
170.8,0.109156891435601,0.0259482614923,1,0.209305416978246,0.0497550967243382,1.91747322798881,0.651537587151567,0.143848026321852,-0.744853353252855,-0.018773788407449,0.984614441720085,0.173729519728449,0.758384017103173,-0.0992075928523262,0.644213890041887,11.6903106890321,6.04517566496672
170.85,0.109156891435601,0.0259482614923,1,0.209305416978246,0.0497550967243382,1.91747322798881,0.655453741855344,0.142786624651423,-0.741614705968322,-0.0191180191583936,0.984787350545274,0.172708933033236,0.754993307010921,-0.09902451225163,0.648212351272359,11.6955860999929,6.04517566496672
170.9,0.109156891435601,0.0259482614923,1,0.209305416978246,0.0497550967243383,1.91747322798881,0.659352533568343,0.141726086150961,-0.738354896361728,-0.0194568809499289,0.984959492747445,0.171686421799733,0.751582108794979,-0.0988357938756299,0.652193084590956,11.7008615109537,6.04517566496774
170.95,0.109156891435601,0.0259482614923001,1,0.209305416978246,0.0497550967243384,1.91747322798881,0.663233853787588,0.140666440335144,-0.735074015153239,-0.0197903643515662,0.985130863535899,0.170662014484323,0.748150517388645,-0.0986414429763391,0.656155979214279,11.7061369219144,6.04517566496774
171,0.109156891435601,0.0259482614923001,1,0.209305416978246,0.0497550967243384,1.91747322798881,0.667097594496346,0.139607716693803,-0.731772153649435,-0.0201184600824973,0.985301458141403,0.169635739596153,0.744698628292746,-0.0984414649625227,0.660100924855385,11.7114123328752,6.04517566496774
171.05,0.109156891435601,0.0259482614923001,1,0.209305416978246,0.0497550967243385,1.91747322798881,0.670943648167111,0.138549944691109,-0.72844940374078,-0.0204411590118519,0.985471271816329,0.168607625696347,0.741226537573001,-0.0982358653995481,0.664027811726845,11.7166877438359,6.04517566496672
171.1,0.109156891435601,0.0259482614923002,1,0.209305416978246,0.0497550967243386,1.91747322798881,0.674771907764606,0.137493153764747,-0.725105857899064,-0.020758452158952,0.985640299834778,0.167577701397211,0.737734341857337,-0.0980246500092301,0.667936530543801,11.7219631547967,6.04517566496672
171.15,0.109156891435601,0.0259482614923002,1,0.209305416978246,0.0497550967243386,1.91747322798881,0.678582266748768,0.136437373325098,-0.721741609174815,-0.0210703306935626,0.98580853749272,0.166545995361429,0.734222138333194,-0.0978078246696708,0.671826972527019,11.7272385657574,6.04517566496672
171.2,0.109156891435601,0.0259482614923002,1,0.209305416978246,0.0497550967243387,1.91747322798881,0.682374619077698,0.135382632754422,-0.71835675119473,-0.0213767859361362,0.985975980108116,0.165512536301273,0.730690024744834,-0.097585395415097,0.675699029405898,11.7325139767182,6.04517566496672
171.25,0.109156891435601,0.0259482614923003,1,0.209305416978246,0.0497550967243387,1.91747322798881,0.686148859210629,0.134328961406041,-0.714951378159052,-0.0216778093580555,0.986142623021057,0.164477352977802,0.72713809939061,-0.0973573684356917,0.679552593421502,11.7377893876789,6.04517566496774
171.3,0.109156891435601,0.0259482614923003,1,0.209305416978246,0.0497550967243388,1.91747322798881,0.689904882110846,0.133276388603517,-0.71152558483896,-0.0219733925818697,0.986308461593888,0.16344047420006,0.723566461120236,-0.0971237500774221,0.68338755732954,11.7430647986397,6.04517566496774
171.35,0.109156891435601,0.0259482614923003,1,0.209305416978246,0.0497550967243389,1.91747322798881,0.69364258324862,0.132224943639845,-0.70807946657393,-0.0222635273815281,0.986473491211338,0.162401928824277,0.719975209332039,-0.0968845468418631,0.687203814403364,11.7483402096004,6.04517566496774
171.4,0.109156891435601,0.0259482614923004,1,0.209305416978246,0.0497550967243389,1.91747322798881,0.69736185860412,0.131174655776627,-0.704613119269072,-0.0225482056826098,0.986637707280651,0.161361745753061,0.716364443970178,-0.0966397653860156,0.691001258436939,11.7536156205612,6.04517566496774
171.45,0.109156891435601,0.0259482614923004,1,0.209305416978246,0.049755096724339,1.91747322798881,0.701062604670294,0.130125554243266,-0.701126639392475,-0.0228274195625468,0.986801105231709,0.160319953934601,0.712734265521883,-0.0963894125221225,0.694779783747787,11.758891031522,6.04517566496774
171.5,0.109156891435601,0.0259482614923004,1,0.209305416978246,0.049755096724339,1.91747322798881,0.704744718455768,0.129077668236149,-0.697620123972509,-0.0231011612508461,0.986963680517166,0.159276582361854,0.70908477501464,-0.0961334952174775,0.698539285179945,11.7641664424827,6.04517566496672
171.55,0.109156891435601,0.0259482614923005,1,0.209305416978246,0.0497550967243391,1.91747322798881,0.708408097487694,0.128031026917834,-0.694093670595137,-0.0233694231293047,0.987125428612567,0.158231660071743,0.705416074013394,-0.0958720205942332,0.702279658106875,11.7694418534435,6.04517566496672
171.6,0.109156891435601,0.0259482614923005,1,0.209305416978246,0.0497550967243392,1.91747322798881,0.712052639814613,0.126985659416242,-0.690547377401191,-0.0236321977322224,0.98728634501648,0.157185216144348,0.701728264617712,-0.095604995929201,0.706000798434387,11.7747172644042,6.04517566496672
171.65,0.109156891435601,0.0259482614923005,1,0.209305416978246,0.0497550967243392,1.91747322798881,0.715678244009294,0.12594159482384,-0.68698134308364,-0.0238894777466094,0.987446425250618,0.156137279702093,0.698021449458946,-0.0953324286536495,0.709702602603534,11.779992675365,6.04517566496774
171.7,0.109156891435601,0.0259482614923006,1,0.209305416978246,0.0497550967243393,1.91747322798881,0.719284809171543,0.124898862196839,-0.683395666884852,-0.0241412560123893,0.987605664859965,0.155087879908942,0.69429573169738,-0.095054326353098,0.713384967593485,11.7852680863257,6.04517566496774
171.75,0.109156891435601,0.0259482614923006,1,0.209305416978246,0.0497550967243394,1.91747322798881,0.722872234931032,0.123857490554378,-0.67979044859382,-0.0243875255225994,0.987764059412899,0.154037045969581,0.690551215019349,-0.0947706967671043,0.717047790924411,11.7905434972865,6.04517566496774
171.8,0.109156891435601,0.0259482614923006,1,0.209305416978246,0.0497550967243394,1.91747322798881,0.72644042145007,0.122817508877724,-0.676165788543398,-0.0246282794235847,0.987921604501317,0.152984807128611,0.686788003634366,-0.0944815477890505,0.720690970660315,11.7958189082472,6.04517566496672
171.85,0.109156891435601,0.0259482614923006,1,0.209305416978246,0.0497550967243395,1.91747322798881,0.729989269426395,0.121778946109458,-0.6725217876075,-0.0248635110151888,0.988078295740753,0.151931192669729,0.683006202272216,-0.0941868874659229,0.724314405411881,11.801094319208,6.04517566496672
171.9,0.109156891435601,0.0259482614923007,1,0.209305416978246,0.0497550967243395,1.91747322798881,0.73351868009594,0.120741831152675,-0.668858547198292,-0.0250932137509413,0.988234128770509,0.150876231914916,0.679205916180035,-0.0938867239980876,0.727917994339298,11.8063697301687,6.04517566496672
171.95,0.109156891435601,0.0259482614923007,1,0.209305416978246,0.0497550967243396,1.91747322798881,0.737028555235569,0.119706192870175,-0.665176169263375,-0.0253173812382387,0.988389099253765,0.149819954223621,0.675387251119391,-0.0935810657390626,0.731501637155061,11.8116451411295,6.04517566496672
172,0.109156891435601,0.0259482614923007,1,0.209305416978246,0.0497550967243396,1.91747322798881,0.740518797165824,0.118672060083665,-0.661474756282945,-0.0255360072385232,0.988543202877711,0.148762388991942,0.671550313363337,-0.0932699211952857,0.735065234126761,11.8169205520903,6.04517566496672
172.05,0.109156891435601,0.0259482614923008,1,0.209305416978246,0.0497550967243397,1.91747322798881,0.743989308753632,0.117639461572953,-0.65775441126694,-0.0257490856674558,0.988696435353659,0.14770356565181,0.667695209693452,-0.0929532990258771,0.738608686079864,11.822195963051,6.04517566496774
172.1,0.109156891435601,0.0259482614923008,1,0.209305416978246,0.0497550967243397,1.91747322798881,0.747439993415015,0.116608426075149,-0.654015237752179,-0.0259566105950859,0.988848792417163,0.146643513670168,0.663822047396874,-0.0926312080423993,0.742131894400468,11.8274713740118,6.04517566496774
172.15,0.109156891435601,0.0259482614923008,1,0.209305416978246,0.0497550967243398,1.91747322798881,0.750870755117779,0.115578982283863,-0.65025733979947,-0.0261585762460164,0.989000269828144,0.145582262548153,0.659930934263304,-0.0923036572086105,0.745634761038055,11.8327467849725,6.04517566496774
172.2,0.109156891435601,0.0259482614923009,1,0.209305416978246,0.0497550967243399,1.91747322798881,0.754281498384179,0.11455115884841,-0.646480821990726,-0.0263549769995641,0.989150863371,0.144519841820275,0.656021978582022,-0.0919706556402168,0.749117188508205,11.8380221959333,6.04517566496774
172.25,0.109156891435601,0.0259482614923009,1,0.209305416978246,0.0497550967243399,1.91747322798881,0.757672128293587,0.113524984373008,-0.642685789426042,-0.0265458073899165,0.989300568854729,0.143456281053591,0.652095289138853,-0.091632212604617,0.752579079895328,11.843297606894,6.04517566496672
172.3,0.109156891435601,0.0259482614923009,1,0.209305416978246,0.04975509672434,1.91747322798881,0.761042550485122,0.112500487415987,-0.638872347720784,-0.0267310621062834,0.989449382113043,0.142391609846887,0.64815097521316,-0.0912883375206459,0.756020338855342,11.8485730178548,6.04517566496672
172.35,0.109156891435601,0.0259482614923009,1,0.209305416978246,0.04975509672434,1.91747322798881,0.764392671160283,0.111477696488992,-0.635040603002639,-0.0269107359930455,0.989597299004483,0.141325857829853,0.644189146574793,-0.0909390399583115,0.759440869618366,11.8538484288155,6.04517566496672
172.4,0.109156891435601,0.025948261492301,1,0.209305416978246,0.0497550967243401,1.91747322798881,0.767722397085563,0.110456640056187,-0.631190661908662,-0.0270848240498972,0.989744315412539,0.140259054662256,0.640209913481026,-0.0905843296385283,0.762840576991389,11.8591238397763,6.04517566496774
172.45,0.109156891435601,0.025948261492301,1,0.209305416978246,0.0497550967243401,1.91747322798881,0.771031635595031,0.109437346533468,-0.627322631582318,-0.0272533214319857,0.989890427245759,0.139191230033119,0.636213386673509,-0.0902242164328482,0.766219366360902,11.864399250737,6.04517566496774
172.5,0.109156891435601,0.025948261492301,1,0.209305416978246,0.0497550967243402,1.91747322798881,0.774320294592927,0.108419844287667,-0.623436619670486,-0.0274162234500465,0.990035630437866,0.138122413659889,0.632199677375163,-0.0898587103631838,0.769577143695552,11.8696746616978,6.04517566496774
172.55,0.109156891435601,0.025948261492301,1,0.209305416978246,0.0497550967243402,1.91747322798881,0.777588282556208,0.107404161635765,-0.619532734320475,-0.0275735255705334,0.99017992094787,0.137052635287616,0.628168897287105,-0.0894878216015315,0.772913815548742,11.8749500726586,6.04517566496672
172.6,0.109156891435601,0.0259482614923011,1,0.209305416978246,0.0497550967243403,1.91747322798881,0.780835508537109,0.106390326844107,-0.615611084177015,-0.0277252234157444,0.990323294760182,0.135981924688121,0.624121158585528,-0.0891115604696873,0.776229289061238,11.8802254836193,6.04517566496672
172.65,0.109156891435601,0.0259482614923011,1,0.209305416978246,0.0497550967243403,1.91747322798881,0.784061882165668,0.105378368127609,-0.611671778379215,-0.0278713127639445,0.990465747884721,0.134910311659168,0.620056573918578,-0.0887299374389589,0.779523471963759,11.8855008945801,6.04517566496672
172.7,0.109156891435601,0.0259482614923011,1,0.209305416978246,0.0497550967243404,1.91747322798881,0.787267313652243,0.104368313648977,-0.607714926557551,-0.0280117895494823,0.990607276357035,0.133837826023637,0.615975256403223,-0.0883429631298759,0.782796272579537,11.8907763055408,6.04517566496672
172.75,0.109156891435601,0.0259482614923011,1,0.209305416978246,0.0497550967243404,1.91747322798881,0.790451713790006,0.103360191517923,-0.603740638830798,-0.0281466498629032,0.990747876238398,0.132764497628693,0.611877319622109,-0.0879506483118933,0.786047599826868,11.8960517165016,6.04517566496672
172.8,0.109156891435601,0.0259482614923012,1,0.209305416978246,0.0497550967243405,1.91747322798881,0.793614993957435,0.10235402979038,-0.599749025802969,-0.0282758899510589,0.990887543615932,0.131690356344951,0.607762877620389,-0.0875530039030915,0.789277363221656,11.9013271274623,6.04517566496774
172.85,0.109156891435601,0.0259482614923012,1,0.209305416978246,0.0497550967243405,1.91747322798881,0.796757066120766,0.101349856467726,-0.595740198560245,-0.028399506217211,0.991026274602707,0.130615432065655,0.603632044902561,-0.0871500409698735,0.792485472879915,11.9066025384231,6.04517566496774
172.9,0.109156891435601,0.0259482614923012,1,0.209305416978246,0.0497550967243406,1.91747322798881,0.799877842836462,0.100347699495999,-0.591714268667867,-0.0285174952211318,0.991164065337856,0.129539754705834,0.599484936429266,-0.0867417707266556,0.795671839520291,11.9118779493838,6.04517566496774
172.95,0.109156891435601,0.0259482614923012,1,0.209305416978246,0.0497550967243406,1.91747322798881,0.802977237253626,0.0993475867651247,-0.587671348167052,-0.0286298536791994,0.991300911986675,0.128463354201478,0.595321667614108,-0.0863282045355566,0.798836374466527,11.9171533603446,6.04517566496774
173,0.109156891435601,0.0259482614923013,1,0.209305416978246,0.0497550967243407,1.91747322798881,0.806055163116437,0.0983495461081359,-0.583611549571852,-0.0287365784644896,0.991436810740737,0.127386260508701,0.59114235432042,-0.0859093539060804,0.801978989649948,11.9224287713053,6.04517566496672
173.05,0.109156891435601,0.0259482614923013,1,0.209305416978246,0.0497550967243407,1.91747322798881,0.809111534766535,0.0973536053004012,-0.579534985866045,-0.0288376666068627,0.991571757817993,0.12630850360291,0.586947112858062,-0.0854852304947968,0.805099597611896,11.9277041822661,6.04517566496672
173.1,0.109156891435601,0.0259482614923013,1,0.209305416978246,0.0497550967243407,1.91747322798881,0.812146267145413,0.0963597920588501,-0.575441770499976,-0.0289331152930463,0.991705749462881,0.125230113477966,0.582736059980169,-0.0850558461050165,0.808198111506176,11.9329795932269,6.04517566496672
173.15,0.109156891435601,0.0259482614923013,1,0.209305416978246,0.0497550967243408,1.91747322798881,0.815159275796787,0.0953681340412008,-0.5713320173874,-0.0290229218667132,0.991838781946427,0.124151120145356,0.578509312879901,-0.0846212126864619,0.811274445101469,11.9382550041876,6.04517566496774
173.2,0.109156891435601,0.0259482614923014,1,0.209305416978246,0.0497550967243408,1.91747322798881,0.818150476868936,0.0943786588451946,-0.567205840902326,-0.0291070838285558,0.991970851566351,0.123071553633351,0.574266989187198,-0.0841813423349367,0.814328512783728,11.9435304151484,6.04517566496774
173.25,0.109156891435601,0.0259482614923014,1,0.209305416978246,0.0497550967243409,1.91747322798881,0.821119787117048,0.093391394007822,-0.563063355875811,-0.0291855988363556,0.992101954647168,0.121991443986176,0.570009206965482,-0.0837362472919864,0.81736022955857,11.9488058261091,6.04517566496774
173.3,0.109156891435601,0.0259482614923014,1,0.209305416978246,0.0497550967243409,1.91747322798881,0.824067123905524,0.0924063670045619,-0.558904677592787,-0.0292584647050479,0.992232087540294,0.12091082126317,0.565736084708393,-0.0832859399445603,0.820369511053628,11.9540812370699,6.04517566496672
173.35,0.109156891435601,0.0259482614923014,1,0.209305416978246,0.049755096724341,1.91747322798881,0.826992405210285,0.0914236052486141,-0.554729921788841,-0.0293256794067831,0.992361246624144,0.119829715537952,0.561447741336483,-0.0828304328246655,0.82335627352091,11.9593566480306,6.04517566496672
173.4,0.109156891435601,0.0259482614923015,1,0.209305416978246,0.049755096724341,1.91747322798881,0.829895549621059,0.0904431360901355,-0.550539204646991,-0.0293872410709832,0.992489428304233,0.118748156897581,0.5571442961939,-0.0823697386090173,0.826320433839129,11.9646320589914,6.04517566496672
173.45,0.109156891435601,0.0259482614923015,1,0.209305416978246,0.049755096724341,1.91747322798881,0.832776476343638,0.0894649868154813,-0.546332642794461,-0.0294431479843933,0.99261662901328,0.117666175441723,0.552825869045076,-0.0819038701186882,0.829261909516009,11.9699074699521,6.04517566496672
173.5,0.109156891435601,0.0259482614923015,1,0.209305416978246,0.0497550967243411,1.91747322798881,0.835635105202129,0.0884891846464443,-0.542110353299431,-0.02949339859113,0.992742845211301,0.116583801281809,0.548492580071391,-0.0814328403187499,0.832180618690588,11.9751828809129,6.04517566496672
173.55,0.109156891435601,0.0259482614923015,1,0.209305416978246,0.0497550967243411,1.91747322798881,0.838471356641189,0.0875157567394973,-0.537872453667779,-0.0295379914927239,0.992868073385712,0.115501064540199,0.544144549867827,-0.0809566623179127,0.835076480135493,11.9804582918736,6.04517566496774
173.6,0.109156891435601,0.0259482614923015,1,0.209305416978246,0.0497550967243412,1.91747322798881,0.841285151728232,0.0865447301850391,-0.533619061839815,-0.0295769254481593,0.992992310051428,0.114417995349346,0.539781899439616,-0.0804753493681615,0.837949413259197,11.9857337028344,6.04517566496774
173.65,0.109156891435601,0.0259482614923016,1,0.209305416978246,0.0497550967243412,1.91747322798881,0.844076412155636,0.0855761320066366,-0.529350296186988,-0.0296101993739083,0.993115551750954,0.113334623850951,0.535404750198863,-0.0799889148643851,0.840799338108274,11.9910091137952,6.04517566496774
173.7,0.109156891435601,0.0259482614923016,1,0.209305416978246,0.0497550967243413,1.91747322798881,0.846845060242909,0.0846099891602779,-0.525066275508608,-0.0296378123439609,0.993237795054486,0.112250980195132,0.531013223961182,-0.0794973723440059,0.843626175369607,11.9962845247559,6.04517566496774
173.75,0.109156891435601,0.0259482614923016,1,0.209305416978246,0.0497550967243413,1.91747322798881,0.849591018938866,0.0836463285336169,-0.520767119028521,-0.029659763589851,0.993359036560006,0.111167094539579,0.526607442942287,-0.0790007354866006,0.846429846372611,12.0015599357167,6.04517566496672
173.8,0.109156891435601,0.0259482614923016,1,0.209305416978246,0.0497550967243413,1.91747322798881,0.852314211823758,0.0826851769452298,-0.51645294639181,-0.0296760525006778,0.993479272893375,0.110082997048718,0.522187529754611,-0.0784990181135219,0.849210273091412,12.0068353466774,6.04517566496672
173.85,0.109156891435601,0.0259482614923016,1,0.209305416978246,0.0497550967243414,1.91747322798881,0.855014563111411,0.0817265611438657,-0.512123877661452,-0.0296866786231226,0.993598500708429,0.108998717892869,0.51775360740388,-0.0779922341875123,0.851967378147021,12.0121107576382,6.04517566496672
173.9,0.109156891435601,0.0259482614923017,1,0.209305416978246,0.0497550967243414,1.91747322798881,0.857691997651329,0.0807705078077018,-0.507780033314976,-0.0296916416614614,0.99371671668707,0.107914287247408,0.513305799285688,-0.0774803978123153,0.854701084809494,12.0173861685989,6.04517566496774
173.95,0.109156891435601,0.0259482614923017,1,0.209305416978246,0.0497550967243414,1.91747322798881,0.860346440930786,0.0798170435436047,-0.503421534241125,-0.0296909414775734,0.99383391753936,0.106829735291928,0.50884422918208,-0.0769635232322849,0.857411317000054,12.0226615795597,6.04517566496774
174,0.109156891435601,0.0259482614923017,1,0.209305416978246,0.0497550967243415,1.91747322798881,0.862977819076902,0.0788661948863846,-0.499048501736472,-0.0296845780909447,0.993950100003611,0.105745092209397,0.504369021258083,-0.0764416248319863,0.860097999293225,12.0279369905204,6.04517566496774
174.05,0.109156891435601,0.0259482614923017,1,0.209305416978246,0.0497550967243415,1.91747322798881,0.865586058858695,0.0779179882980617,-0.494661057502059,-0.0296725516786677,0.994065260846477,0.10466038818532,0.499880300058273,-0.0759147171357983,0.862761056918915,12.0332124014812,6.04517566496672
174.1,0.109156891435601,0.0259482614923017,1,0.209305416978246,0.0497550967243415,1.91747322798881,0.868171087689121,0.0769724501671275,-0.490259323640007,-0.0296548625754362,0.994179396863044,0.103575653406898,0.495378190503296,-0.0753828148075076,0.865400415764504,12.0384878124419,6.04517566496774
174.15,0.109156891435601,0.0259482614923018,1,0.209305416978246,0.0497550967243416,1.91747322798881,0.8707328336271,0.076029606807809,-0.485843422650108,-0.029631511273536,0.994292504876918,0.102490918062186,0.490862817886391,-0.0748459326499002,0.868016002376914,12.0437632234027,6.04517566496672
174.2,0.109156891435601,0.0259482614923018,1,0.209305416978246,0.0497550967243416,1.91747322798881,0.873271225379503,0.0750894844593401,-0.481413477426434,-0.0296024984228315,0.994404581740316,0.101406212339257,0.486334307869913,-0.0743040856043515,0.870607743964636,12.0490386343635,6.04517566496672
174.25,0.109156891435601,0.0259482614923018,1,0.209305416978246,0.0497550967243416,1.91747322798881,0.875786192303155,0.0741521092852275,-0.476969611253896,-0.0295678248307473,0.994515624334148,0.100321566425359,0.481792786481822,-0.0737572887504082,0.873175568399775,12.0543140453242,6.04517566496672
174.3,0.109156891435601,0.0259482614923018,1,0.209305416978246,0.0497550967243417,1.91747322798881,0.878277664406787,0.073217507372525,-0.472511947804829,-0.0295274914622458,0.994625629568113,0.0992370105060735,0.477238380112189,-0.0732055573053698,0.875719404220042,12.059589456285,6.04517566496774
174.35,0.109156891435601,0.0259482614923018,1,0.209305416978246,0.0497550967243417,1.91747322798881,0.880745572352987,0.0722857047311078,-0.468040611135548,-0.0294814994398007,0.994734594380774,0.0981525747644814,0.472671215509673,-0.0726489066238659,0.878239180630747,12.0648648672457,6.04517566496774
174.4,0.109156891435601,0.0259482614923018,1,0.209305416978246,0.0497550967243417,1.91747322798881,0.883189847460134,0.0713567272929455,-0.463555725682884,-0.029429850043365,0.994842515739654,0.0970682893803153,0.468091419777986,-0.0720873521974263,0.880734827506778,12.0701402782065,6.04517566496774
174.45,0.109156891435601,0.0259482614923019,1,0.209305416978246,0.0497550967243418,1.91747322798881,0.885610421704304,0.0704306009113851,-0.45905741626074,-0.0293725447103361,0.994949390641312,0.0959841845291264,0.463499120372374,-0.0715209096540534,0.883206275394538,12.0754156891672,6.04517566496774
174.5,0.109156891435601,0.0259482614923019,1,0.209305416978246,0.0497550967243418,1.91747322798881,0.88800722772117,0.0695073513604264,-0.454545808056593,-0.0293095850355154,0.99505521611143,0.0949002903814387,0.458894445096047,-0.0709495947577836,0.885653455513892,12.080691100128,6.04517566496672
174.55,0.109156891435601,0.0259482614923019,1,0.209305416978246,0.0497550967243418,1.91747322798881,0.890380198807866,0.0685870043340097,-0.450021026628037,-0.0292409727710642,0.995159989204896,0.093816637101915,0.454277522096645,-0.0703734234082517,0.888076299760069,12.0859665110887,6.04517566496672
174.6,0.109156891435601,0.0259482614923019,1,0.209305416978246,0.0497550967243419,1.91747322798881,0.892729268924853,0.0676695854452972,-0.445483197899269,-0.0291667098264548,0.995263707005887,0.0927332548485137,0.449648479862656,-0.0697924116402465,0.890474740705564,12.0912419220495,6.04517566496672
174.65,0.109156891435601,0.0259482614923019,1,0.209305416978246,0.0497550967243419,1.91747322798881,0.895054372697756,0.0667551202259604,-0.440932448157589,-0.029086798268417,0.995366366627946,0.0916501737716494,0.445007447219841,-0.0692065756232649,0.892848711602017,12.0965173330102,6.04517566496774
174.7,0.109156891435601,0.0259482614923019,1,0.209305416978246,0.0497550967243419,1.91747322798881,0.897355445419175,0.0658436341254728,-0.436368904049894,-0.0290012403208814,0.995467965214067,0.0905674240133576,0.440354553327662,-0.0686159316610631,0.895198146382062,12.101792743971,6.04517566496672
174.75,0.109156891435601,0.0259482614923019,1,0.209305416978246,0.049755096724342,1.91747322798881,0.899632423050498,0.0649351525103969,-0.431792692579138,-0.0289100383649167,0.995568499936772,0.0894850357064502,0.435689927675669,-0.0680204961912005,0.897522979661175,12.1070681549318,6.04517566496774
174.8,0.109156891435601,0.025948261492302,1,0.209305416978246,0.049755096724342,1.91747322798881,0.901885242223672,0.0640297006636822,-0.427203941100815,-0.0288131949386639,0.99566796799819,0.0884030389736824,0.431013700079911,-0.0674202857845849,0.899823146739485,12.1123435658925,6.04517566496672
174.85,0.109156891435601,0.025948261492302,1,0.209305416978246,0.049755096724342,1.91747322798881,0.904113840242971,0.0631273037839603,-0.422602777319405,-0.0287107127372655,0.995766366630134,0.0873214639269116,0.426326000679322,-0.0668153171450101,0.902098583603581,12.1176189768533,6.04517566496774
174.9,0.109156891435601,0.025948261492302,1,0.209305416978246,0.049755096724342,1.91747322798881,0.906318155086748,0.0622279869848418,-0.417989329284813,-0.0286025946127904,0.995863693094183,0.0862403406662578,0.421626959932082,-0.0662056071086897,0.904349226928292,12.122894387814,6.04517566496672
174.95,0.109156891435601,0.025948261492302,1,0.209305416978246,0.0497550967243421,1.91747322798881,0.908498125409145,0.0613317752942208,-0.413363725388825,-0.0284888435741551,0.995959944681749,0.0851596992792705,0.416916708612015,-0.0655911726437916,0.906575014078447,12.1281697987748,6.04517566496672
175,0.109156891435601,0.025948261492302,1,0.209305416978246,0.0497550967243421,1.91747322798881,0.910653690541818,0.060438693653575,-0.408726094361513,-0.0283694627870389,0.996055118714161,0.0840795698400865,0.412195377804922,-0.0649720308499625,0.908775883110621,12.1334452097355,6.04517566496672
175.05,0.109156891435601,0.025948261492302,1,0.209305416978246,0.0497550967243421,1.91747322798881,0.912784790495611,0.0595487669172737,-0.404076565267668,-0.0282444555737969,0.996149212542736,0.0829999824085959,0.407463098904949,-0.0643481989578545,0.910951772774858,12.1387206206963,6.04517566496774
175.1,0.109156891435601,0.0259482614923021,1,0.209305416978246,0.0497550967243421,1.91747322798881,0.914891365962232,0.0586620198518866,-0.399415267503207,-0.0281138254133668,0.996242223548852,0.0819209670296061,0.402720003610931,-0.0637196943286449,0.913102622516372,12.143996031657,6.04517566496774
175.15,0.109156891435601,0.0259482614923021,1,0.209305416978246,0.0497550967243422,1.91747322798881,0.916973358315907,0.0577784771354913,-0.394742330791556,-0.0279775759411724,0.996334149144023,0.0808425537320016,0.397966223922713,-0.0630865344535516,0.91522837247724,12.1492714426178,6.04517566496774
175.2,0.109156891435601,0.0259482614923021,1,0.209305416978246,0.0497550967243422,1.91747322798881,0.919030709615003,0.0568981633569912,-0.390057885180066,-0.0278357109490225,0.996424986769969,0.0797647725279142,0.393201892137496,-0.062448736953349,0.91732896349806,12.1545468535785,6.04517566496774
175.25,0.109156891435601,0.0259482614923021,1,0.209305416978246,0.0497550967243422,1.91747322798881,0.921063362603648,0.0560211030154262,-0.385362061036366,-0.0276882343850049,0.996514733898688,0.0786876534118815,0.388427140846133,-0.0618063195778746,0.919404337119603,12.1598222645393,6.04517566496672
175.3,0.109156891435601,0.0259482614923021,1,0.209305416978246,0.0497550967243423,1.91747322798881,0.923071260713319,0.0551473205192955,-0.380654989044759,-0.0275351503533772,0.996603388032527,0.0776112263600178,0.383642102929463,-0.0611593002055378,0.921454435584434,12.1650976755001,6.04517566496672
175.35,0.109156891435601,0.0259482614923021,1,0.209305416978246,0.0497550967243423,1.91747322798881,0.92505434806442,0.0542768401858754,-0.375936800202571,-0.0273764631144523,0.99669094670425,0.0765355213291763,0.378846911554593,-0.0605076968428208,0.923479201838527,12.1703730864608,6.04517566496672
175.4,0.109156891435601,0.0259482614923021,1,0.209305416978246,0.0497550967243423,1.91747322798881,0.927012569467838,0.0534096862405423,-0.371207625816503,-0.0272121770844792,0.996777407477109,0.0754605682561153,0.374041700171198,-0.0598515276237769,0.925478579532849,12.1756484974216,6.04517566496774
175.45,0.109156891435601,0.0259482614923021,1,0.209305416978246,0.0497550967243423,1.91747322798881,0.92894587042647,0.0525458828161018,-0.366467597498993,-0.0270422968355215,0.99686276794491,0.0743863970566689,0.369226602507819,-0.0591908108095282,0.927452513024922,12.1809239083823,6.04517566496672
175.5,0.109156891435601,0.0259482614923022,1,0.209305416978246,0.0497550967243423,1.91747322798881,0.930854197136756,0.0516854539521123,-0.361716847164533,-0.0268668270953285,0.996947025732079,0.0733130376249086,0.364401752568117,-0.0585255647877542,0.929400947380386,12.1861993193431,6.04517566496774
175.55,0.109156891435601,0.0259482614923022,1,0.209305416978246,0.0497550967243424,1.91747322798881,0.932737496490158,0.0508284235942206,-0.356955507026013,-0.026685772747205,0.997030178493731,0.0722405198323167,0.35956728462717,-0.0578558080721832,0.931323828374513,12.1914747303038,6.04517566496672
175.6,0.109156891435601,0.0259482614923022,1,0.209305416978246,0.0497550967243424,1.91747322798881,0.934595716074651,0.049974815593493,-0.35218370959104,-0.026499138829875,0.997112223915733,0.071168873526953,0.354723333227721,-0.0571815593020755,0.933221102493722,12.1967501412646,6.04517566496774
175.65,0.109156891435601,0.0259482614923022,1,0.209305416978246,0.0497550967243424,1.91747322798881,0.936428804176179,0.0491246537057507,-0.347401587658234,-0.0263069305373408,0.99719315971477,0.0700981285326214,0.349870033176428,-0.0565028372417036,0.935092716937076,12.2020255522253,6.04517566496672
175.7,0.109156891435601,0.0259482614923022,1,0.209305416978246,0.0497550967243424,1.91747322798881,0.938236709780087,0.0482779615909118,-0.34260927431356,-0.0261091532187393,0.997272983638407,0.0690283146480455,0.345007519540137,-0.055819660779833,0.936938619617735,12.2073009631861,6.04517566496672
175.75,0.109156891435601,0.0259482614923022,1,0.209305416978246,0.0497550967243424,1.91747322798881,0.940019382572551,0.0474347628123293,-0.337806902926595,-0.0259058123781927,0.997351693465152,0.0679594616460337,0.340135927642091,-0.0551320489291928,0.938758759164421,12.2125763741468,6.04517566496672
175.8,0.109156891435601,0.0259482614923022,1,0.209305416978246,0.0497550967243425,1.91747322798881,0.941776772941973,0.0465950808361376,-0.332994607146837,-0.0256969136746555,0.997429287004519,0.0668915992726541,0.335255393058188,-0.0544400208259498,0.94055308492284,12.2178517851076,6.04517566496774
175.85,0.109156891435601,0.0259482614923022,1,0.209305416978246,0.0497550967243425,1.91747322798881,0.94350883198036,0.0457589390305999,-0.328172520899984,-0.0254824629217571,0.997505762097088,0.0658247572464069,0.330366051613203,-0.0537435957291748,0.942321546957089,12.2231271960684,6.04517566496774
175.9,0.109156891435601,0.0259482614923022,1,0.209305416978246,0.0497550967243425,1.91747322798881,0.94521551148469,0.0449263606654548,-0.323340778384189,-0.0252624660876395,0.997581116614565,0.0647589652573936,0.325468039376997,-0.0530427930203051,0.944064096051057,12.2284026070291,6.04517566496774
175.95,0.109156891435601,0.0259482614923022,1,0.209305416978246,0.0497550967243425,1.91747322798881,0.946896763958248,0.044097368911273,-0.318499514066351,-0.025036929294792,0.997655348459841,0.0636942529664961,0.320561492660747,-0.0523376322026084,0.94578068370978,12.2336780179899,6.04517566496774
176,0.109156891435601,0.0259482614923023,1,0.209305416978246,0.0497550967243425,1.91747322798881,0.948552542611953,0.0432719868388078,-0.313648862678347,-0.0248058588198799,0.997728455567053,0.0626306500045456,0.315646548013133,-0.0516281329006361,0.947471262160804,12.2389534289506,6.04517566496672
176.05,0.109156891435601,0.0259482614923023,1,0.209305416978246,0.0497550967243426,1.91747322798881,0.950182801365657,0.0424502374183576,-0.308788959213308,-0.0245692610935707,0.997800435901636,0.0615681859715032,0.310723342216559,-0.0509143148596809,0.949135784355505,12.2442288399114,6.04517566496672
176.1,0.109156891435601,0.0259482614923023,1,0.209305416978246,0.0497550967243426,1.91747322798881,0.951787494849426,0.0416321435191234,-0.303919938921843,-0.0243271427003547,0.997871287460385,0.0605068904356327,0.305792012283333,-0.0501961979452248,0.950774203970403,12.2495042508721,6.04517566496672
176.15,0.109156891435601,0.0259482614923023,1,0.209305416978246,0.0497550967243426,1.91747322798881,0.95336657840481,0.0408177279085728,-0.299041937308276,-0.0240795103783613,0.99794100827151,0.0594467929326778,0.30085269545185,-0.0494738021423864,0.952386475408451,12.2547796618329,6.04517566496774
176.2,0.109156891435601,0.0259482614923023,1,0.209305416978246,0.0497550967243426,1.91747322798881,0.954920008086075,0.0400070132518089,-0.294155090126893,-0.0238263710191727,0.998009596394686,0.0583879229650435,0.295905529182791,-0.0487471475553669,0.953972553800301,12.2600550727936,6.04517566496672
176.25,0.109156891435601,0.0259482614923023,1,0.209305416978246,0.0497550967243426,1.91747322798881,0.956447740661435,0.0392000221109353,-0.289259533378138,-0.0235677316676307,0.998077049921115,0.0573303100009696,0.290950651155275,-0.048016254406887,0.955532395005557,12.2653304837544,6.04517566496774
176.3,0.109156891435601,0.0259482614923023,1,0.209305416978246,0.0497550967243426,1.91747322798881,0.957949733614252,0.0383967769444323,-0.284355403304849,-0.0233035995216418,0.99814336697357,0.0562739834737159,0.285988199263045,-0.0472811430376278,0.957065955613999,12.2706058947151,6.04517566496774
176.35,0.109156891435601,0.0259482614923023,1,0.209305416978246,0.0497550967243427,1.91747322798881,0.959425945144215,0.0375973001065302,-0.279442836388463,-0.0230339819319763,0.998208545706456,0.0552189727807409,0.281018311610626,-0.0465418339056629,0.958573192946794,12.2758813056759,6.04517566496774
176.4,0.109156891435601,0.0259482614923023,1,0.209305416978246,0.0497550967243427,1.91747322798881,0.960876334168513,0.0368016138465853,-0.274521969345198,-0.0227588864020635,0.998272584305854,0.0541653072828811,0.27604112650947,-0.0457983475858878,0.960054065057685,12.2811567166367,6.04517566496672
176.45,0.109156891435601,0.0259482614923023,1,0.209305416978246,0.0497550967243427,1.91747322798881,0.962300860322969,0.0360097403084647,-0.269592939122283,-0.0224783205877838,0.998335480989578,0.0531130163035397,0.271056782474128,-0.0450507047694506,0.961508530734153,12.2864321275974,6.04517566496672
176.5,0.109156891435601,0.0259482614923023,1,0.209305416978246,0.0497550967243427,1.91747322798881,0.963699483963168,0.0352217015299261,-0.264655882894111,-0.0221922922972545,0.99839723400722,0.0520621291278642,0.266065418218373,-0.0442989262631725,0.96293654949857,12.2917075385582,6.04517566496672
176.55,0.109156891435601,0.0259482614923024,1,0.209305416978246,0.0497550967243427,1.91747322798881,0.965072166165559,0.0344375194420069,-0.259710938058445,-0.0219008094906131,0.998457841640198,0.0510126750019359,0.261067172651354,-0.0435430329889715,0.964338081609323,12.2969829495189,6.04517566496774
176.6,0.109156891435601,0.0259482614923024,1,0.209305416978246,0.0497550967243427,1.91747322798881,0.966418868728538,0.0336572158684141,-0.254758242232593,-0.0216038802797962,0.998517302201809,0.0499646831319551,0.256062184873733,-0.0427830459832796,0.965713088061917,12.3022583604797,6.04517566496774
176.65,0.109156891435601,0.0259482614923024,1,0.209305416978246,0.0497550967243428,1.91747322798881,0.967739554173514,0.0328808125249141,-0.249797933249557,-0.0213015129283126,0.998575614037273,0.0489181826834255,0.251050594173791,-0.0420189863964555,0.967061530590066,12.3075337714404,6.04517566496774
176.7,0.109156891435601,0.0259482614923024,1,0.209305416978246,0.0497550967243428,1.91747322798881,0.969034185745946,0.0321083310187325,-0.24483014915423,-0.0209937158510147,0.998632775523775,0.0478732027803475,0.246032540023587,-0.0412508754921991,0.968383371666753,12.3128091824012,6.04517566496774
176.75,0.109156891435601,0.0259482614923024,1,0.209305416978246,0.0497550967243428,1.91747322798881,0.970302727416374,0.0313397928479485,-0.239855028199521,-0.0206804976138629,0.998688785070519,0.0468297725044019,0.241008162075039,-0.0404787346469563,0.969678574505281,12.3180845933619,6.04517566496672
176.8,0.109156891435601,0.0259482614923024,1,0.209305416978246,0.0497550967243428,1.91747322798881,0.971545143881414,0.0305752194009003,-0.234872708842534,-0.0203618669336884,0.998743641118764,0.0457879208941461,0.235977600156069,-0.0397025853493273,0.970947103060286,12.3233600043227,6.04517566496672
176.85,0.109156891435601,0.0259482614923024,1,0.209305416978246,0.0497550967243428,1.91747322798881,0.972761400564744,0.0298146319555875,-0.2298833297407,-0.02003783267795,0.998797342141872,0.044747676944202,0.230940994266693,-0.0389224491994665,0.972188922028752,12.3286354152834,6.04517566496672
176.9,0.109156891435601,0.0259482614923024,1,0.209305416978246,0.0497550967243428,1.91747322798881,0.973951463618067,0.0290580516790797,-0.22488702974792,-0.0197084038644873,0.998849886645349,0.0437090696044508,0.22589848457513,-0.0381383479084819,0.973403996850984,12.3339108262442,6.04517566496672
176.95,0.109156891435601,0.0259482614923024,1,0.209305416978246,0.0497550967243428,1.91747322798881,0.975115299922051,0.0283054996269277,-0.219883947910707,-0.0193735896612703,0.998901273166888,0.0426721277792275,0.220850211413902,-0.0373503032978313,0.974592293711578,12.339186237205,6.04517566496672
177,0.109156891435601,0.0259482614923024,1,0.209305416978246,0.0497550967243428,1.91747322798881,0.976252877087254,0.0275569967425765,-0.214874223464305,-0.019033399386143,0.998951500276406,0.0416368803265143,0.215796315275924,-0.0365583372987138,0.975753779540355,12.3444616481657,6.04517566496774
177.05,0.109156891435601,0.0259482614923024,1,0.209305416978246,0.0497550967243429,1.91747322798881,0.977364163455021,0.0268125638567841,-0.209857995828829,-0.0186878425065658,0.999000566576089,0.0406033560571412,0.210736936810604,-0.0357624719514614,0.976888422013284,12.3497370591265,6.04517566496774
177.1,0.109156891435601,0.0259482614923024,1,0.209305416978246,0.0497550967243429,1.91747322798881,0.978449128098367,0.026072221687041,-0.204835404605376,-0.0183369286393511,0.999048470700426,0.039571583733982,0.205672216819923,-0.0349627294049249,0.977996189553383,12.3550124700872,6.04517566496774
177.15,0.109156891435601,0.0259482614923024,1,0.209305416978246,0.0497550967243429,1.91747322798881,0.979507740822839,0.0253359908369919,-0.199806589572132,-0.0179806675503948,0.99909521131625,0.0385415920711522,0.200602296254507,-0.034159131915855,0.979077051331597,12.360287881048,6.04517566496672
177.2,0.109156891435601,0.0259482614923024,1,0.209305416978246,0.0497550967243429,1.91747322798881,0.980539972167354,0.0246038917958661,-0.194771690680506,-0.0176190691544067,0.999140787122776,0.0375134097332142,0.195527316209725,-0.0333517018482879,0.980130977267653,12.3655632920087,6.04517566496672
177.25,0.109156891435601,0.0259482614923024,1,0.209305416978246,0.0497550967243429,1.91747322798881,0.981545793405021,0.0238759449379032,-0.189730848051206,-0.0172521435146321,0.999185196851633,0.0364870653343748,0.19044741792174,-0.0325404616729175,0.981157938030904,12.3708387029695,6.04517566496672
177.3,0.109156891435601,0.0259482614923024,1,0.209305416978246,0.0497550967243429,1.91747322798881,0.982525176543941,0.0231521705217888,-0.184684201970358,-0.0168799008425737,0.999228439266902,0.0354625874376922,0.185362742763596,-0.0317254339664739,0.982157905041137,12.3761141139302,6.04517566496774
177.35,0.109156891435601,0.0259482614923025,1,0.209305416978246,0.0497550967243429,1.91747322798881,0.98347809432798,0.0224325886900904,-0.179631892885606,-0.0165023514977066,0.999270513165152,0.0344400045542809,0.180273432241279,-0.0309066414110944,0.983130850469374,12.381389524891,6.04517566496774
177.4,0.109156891435601,0.0259482614923025,1,0.209305416978246,0.0497550967243429,1.91747322798881,0.984404520237537,0.0217172194686948,-0.174574061402181,-0.0161195059871896,0.999311417375472,0.0334193451425151,0.175179627989766,-0.0300841067936898,0.984076747238646,12.3866649358517,6.04517566496774
177.45,0.109156891435601,0.0259482614923025,1,0.209305416978246,0.0497550967243429,1.91747322798881,0.985304428490275,0.0210060827662543,-0.169510848279013,-0.0157313749655739,0.9993511507595,0.0324006376072419,0.170081471769108,-0.0292578530053143,0.984995569024741,12.3919403468125,6.04517566496774
177.5,0.109156891435601,0.0259482614923025,1,0.209305416978246,0.049755096724343,1.91747322798881,0.986177794041839,0.0202991983736284,-0.164442394424794,-0.0153379692345052,0.999389712211461,0.0313839102989847,0.164979105460457,-0.0284279030405239,0.985887290256947,12.3972157577733,6.04517566496672
177.55,0.109156891435601,0.0259482614923025,1,0.209305416978246,0.049755096724343,1.91747322798881,0.987024592586558,0.0195965859633374,-0.159368840894072,-0.0149392997424244,0.999427100658194,0.0303691915131603,0.159872671062144,-0.0275942799967409,0.986751886118753,12.402491168734,6.04517566496672
177.6,0.109156891435601,0.0259482614923025,1,0.209305416978246,0.049755096724343,1.91747322798881,0.987844800558116,0.0188982650890113,-0.154290328883314,-0.0145353775842621,0.999463315059181,0.0293565094892867,0.154762310685705,-0.0267570070736079,0.987589332548547,12.4077665796948,6.04517566496672
177.65,0.109156891435601,0.0259482614923025,1,0.209305416978246,0.049755096724343,1.91747322798881,0.98863839513021,0.0182042551848477,-0.149206999726984,-0.01412621400113,0.999498354406581,0.0283458924101997,0.149648166551941,-0.0259161075723435,0.98839960624028,12.4130419906555,6.04517566496672
177.7,0.109156891435601,0.0259482614923025,1,0.209305416978246,0.049755096724343,1.91747322798881,0.989405354217185,0.0175145755650705,-0.144118994893605,-0.0137118203800083,0.999532217725252,0.027337368401268,0.144530380986953,-0.0250716048950938,0.989182684644121,12.4183174016163,6.04517566496672
177.75,0.109156891435601,0.0259482614923025,1,0.209305416978246,0.049755096724343,1.91747322798881,0.990145656474649,0.0168292454233913,-0.139026455981819,-0.0132922082534281,0.99956490407278,0.0263309655296093,0.139409096418178,-0.0242235225442799,0.989938545967079,12.423592812577,6.04517566496774
177.8,0.109156891435601,0.0259482614923025,1,0.209305416978246,0.049755096724343,1.91747322798881,0.990859281300069,0.0161482838324772,-0.13392952471646,-0.0128673892991517,0.999596412539509,0.0253267118033116,0.134284455370438,-0.0233718841219462,0.990667169173611,12.4288682235378,6.04517566496774
177.85,0.109156891435601,0.0259482614923025,1,0.209305416978246,0.049755096724343,1.91747322798881,0.991546208833337,0.0154717097434191,-0.128828342944598,-0.0124373753398468,0.999626742248561,0.0243246351706527,0.129156600461964,-0.0225167133291023,0.991368533986208,12.4341436344985,6.04517566496774
177.9,0.109156891435601,0.0259482614923025,1,0.209305416978246,0.049755096724343,1.91747322798881,0.992206419957334,0.0147995419852029,-0.123723052631588,-0.0120021783427565,0.999655892355863,0.02332476351932,0.124025674400421,-0.0216580339650613,0.992042620885962,12.4394190454593,6.04517566496672
177.95,0.109156891435601,0.0259482614923025,1,0.209305416978246,0.049755096724343,1.91747322798881,0.992839896298451,0.0141317992641885,-0.118613795857135,-0.011561810419369,0.999683862050171,0.0223271246756391,0.118891819978954,-0.0207958699267822,0.992689411113104,12.44469445642,6.04517566496672
178,0.109156891435601,0.0259482614923025,1,0.209305416978246,0.049755096724343,1.91747322798881,0.993446620227108,0.0134685001635857,-0.11350071481132,-0.0111162838250772,0.999710650553091,0.0213317464037946,0.113755180072195,-0.0199302452081997,0.993308886667528,12.4499698673808,6.04517566496672
178.05,0.109156891435601,0.0259482614923025,1,0.209305416978246,0.049755096724343,1.91747322798881,0.99402657485824,0.0128096631429398,-0.108383951790659,-0.0106656109588401,0.999736257119102,0.0203386564050605,0.1086158976323,-0.0190611838995601,0.993901030309294,12.4552452783416,6.04517566496774
178.1,0.109156891435601,0.0259482614923025,1,0.209305416978246,0.049755096724343,1.91747322798881,0.994579744051771,0.0121553065376174,-0.10326364919414,-0.0102098043628373,0.999760681035576,0.0193478823170295,0.10347411568497,-0.0181887101867502,0.994465825559107,12.4605206893023,6.04517566496774
178.15,0.109156891435601,0.0259482614923025,1,0.209305416978246,0.0497550967243431,1.91747322798881,0.995106112413059,0.0115054485582941,-0.0981399495192476,-0.00974887672211842,0.999783921622798,0.0183594517128403,0.0983299773254573,-0.0173128483506217,0.995003256698773,12.4657961002631,6.04517566496774
178.2,0.109156891435601,0.0259482614923025,1,0.209305416978246,0.0497550967243431,1.91747322798881,0.995605665293328,0.0108601072904508,-0.0930129953580179,-0.00928284086425253,0.999805978233984,0.0173733921004155,0.0931836257146057,-0.01643362276632,0.995513308771638,12.4710715112238,6.04517566496774
178.25,0.109156891435601,0.0259482614923025,1,0.209305416978246,0.0497550967243431,1.91747322798881,0.996078388790072,0.0102193006938673,-0.0878829293930469,-0.0088117097589686,0.999826850255302,0.0163897309216903,0.0880352040748395,-0.0155510579026006,0.995995967583007,12.4763469221846,6.04517566496672
178.3,0.109156891435601,0.0259482614923025,1,0.209305416978246,0.0497550967243431,1.91747322798881,0.996524269747445,0.00958304660212525,-0.0827498943935434,-0.00833549651779686,0.999846537105885,0.0154084955518545,0.0828848556862042,-0.0146651783211531,0.996451219700536,12.4816223331453,6.04517566496672
178.35,0.109156891435601,0.0259482614923025,1,0.209305416978246,0.0497550967243431,1.91747322798881,0.996943295756628,0.00895136272210984,-0.0776140332113373,-0.00785421439370229,0.999865038237851,0.0144297132985861,0.0777327238823592,-0.0137760086759139,0.996879052454605,12.4868977441061,6.04517566496672
178.4,0.109156891435601,0.0259482614923025,1,0.209305416978246,0.0497550967243431,1.91747322798881,0.997335455156169,0.00832426663351795,-0.0724754887769124,-0.00736787678071643,0.999882353136314,0.0134534114012938,0.0725789520465984,-0.0128835737123821,0.997279453938672,12.4921731550668,6.04517566496672
178.45,0.109156891435601,0.0259482614923025,1,0.209305416978246,0.0497550967243431,1.91747322798881,0.997700737032312,0.00770177578836888,-0.0673344040954291,-0.00687649721356477,0.999898481319403,0.0124796170303585,0.067423683607859,-0.0119878982669303,0.997652413009606,12.4974485660276,6.04517566496672
178.5,0.109156891435601,0.0259482614923025,1,0.209305416978246,0.0497550967243431,1.91747322798881,0.998039131219303,0.00708390751051761,-0.0621909222427354,-0.00638008936728923,0.999913422338272,0.0115083572863753,0.0622670620367216,-0.0110890072661126,0.997997919287995,12.5027239769883,6.04517566496774
178.55,0.109156891435601,0.0259482614923025,1,0.209305416978246,0.0497550967243431,1.91747322798881,0.998350628299664,0.00647067899517467,-0.0570451863614013,-0.00587866705686897,0.999927175777114,0.0105396591994031,0.057109230841433,-0.0101869257259727,0.998315963158435,12.5079993879491,6.04517566496774
178.6,0.109156891435601,0.0259482614923025,1,0.209305416978246,0.0497550967243431,1.91747322798881,0.998635219604465,0.00586210730842641,-0.051897339656726,-0.00537224423683523,0.999939741253172,0.0095735497282096,0.051950333563904,-0.00928167875134693,0.998606535769798,12.5132747989099,6.04517566496774
178.65,0.109156891435601,0.0259482614923025,1,0.209305416978246,0.0497550967243431,1.91747322798881,0.99889289721356,0.00525820938675894,-0.0467475253927424,-0.00486083500088188,0.999951118416751,0.00861005575951992,0.0467905137757035,-0.00837329153516349,0.998869629035478,12.5185502098706,6.04517566496672
178.7,0.109156891435601,0.0259482614923025,1,0.209305416978246,0.0497550967243431,1.91747322798881,0.999123653955807,0.00465900203658959,-0.041595886888254,-0.00434445358147557,0.999961306951226,0.00764920410727257,0.0416299150740879,-0.00746178935774559,0.999105235633617,12.5238256208314,6.04517566496672
178.75,0.109156891435601,0.0259482614923026,1,0.209305416978246,0.0497550967243431,1.91747322798881,0.999327483409269,0.00406450193379613,-0.0364425675128209,-0.00382311434945713,0.99997030657305,0.00669102151186836,0.0364686810779787,-0.00654719758610336,0.999313349007308,12.5291010317921,6.04517566496672
178.8,0.109156891435601,0.0259482614923026,1,0.209305416978246,0.0497550967243431,1.91747322798881,0.999504379901396,0.00347472562325476,-0.0312877106827867,-0.00329683181364332,0.999978117031764,0.00573553463942953,0.0313069554239824,-0.00562954167323092,0.999493963364777,12.5343764427529,6.04517566496774
178.85,0.109156891435601,0.0259482614923026,1,0.209305416978246,0.0497550967243431,1.91747322798881,0.999654338509174,0.00288968951837963,-0.0261314598572874,-0.002765620620423,0.999984738110005,0.0047827700810576,0.0261448817623938,-0.00470884715739803,0.999647073679546,12.5396518537136,6.04517566496774
178.9,0.109156891435601,0.0259482614923026,1,0.209305416978246,0.0497550967243431,1.91747322798881,0.999777355059273,0.00230940990066403,-0.0209739585342417,-0.00222949555334791,0.999990169623509,0.00383275435209009,0.0209826037531804,-0.00378513966143636,0.999772675690569,12.5449272646744,6.04517566496774
178.95,0.109156891435601,0.0259482614923026,1,0.209305416978246,0.0497550967243431,1.91747322798881,0.999873426128153,0.00173390291923034,-0.0158153502463833,-0.00168847153272373,0.999994411421117,0.00288551389136748,0.0158202650620106,-0.00285844489203092,0.999870765902358,12.5502026756351,6.04517566496774
179,0.109156891435601,0.0259482614923026,1,0.209305416978245,0.0497550967243431,1.91747322798881,0.999942549042168,0.00116318459037736,-0.0106557785572388,-0.00114256361519211,0.99999746338478,0.00194107506049225,0.0106580093562278,-0.00192878863899975,0.99994134158507,12.5554780865959,6.04517566496774
179.05,0.109156891435601,0.0259482614923026,1,0.209305416978245,0.0497550967243431,1.91747322798881,0.999984721877633,0.000597270797137361,-0.00549538705715642,-0.000591786993314148,0.999999325429563,0.000999464143099713,0.00549598030087623,-0.000996196774580577,0.999984400774591,12.5607534975567,6.04517566496672
179.1,0.109156891435601,0.0259482614923026,1,0.209305416978245,0.0497550967243431,1.91747322798881,0.999999943460883,3.61772888328771e-05,-0.000334319359299882,-3.61569951464616e-05,0.999999997503645,6.070734412466e-05,0.000334321554692424,-6.06952527088711e-05,0.99999994227259,12.5660289085174,6.04517566496672
179.15,0.109156891435601,0.0259482614923026,1,0.209305416978245,0.0497550967243431,1.91747322798881,0.999988213368304,-0.000520080319362509,0.00482728090435743,0.000524310916186318,0.999999479588322,-0.000875169210929517,-0.00482682323390136,0.000877689891706017,0.999987965646548,12.5713043194782,6.04517566496672
179.2,0.109156891435601,0.0259482614923026,1,0.209305416978245,0.0497550967243431,1.91747322798881,0.999949531926341,-0.00107148654685692,0.00998927008701216,0.00108960114291995,0.999997771698008,-0.00180813947671476,-0.00998731043077758,0.00181893254350222,0.999948471229774,12.5765797304389,6.04517566496672
179.25,0.109156891435601,0.0259482614923026,1,0.209305416978245,0.0497550967243431,1.91747322798881,0.999883900211496,-0.0016180260480728,0.015151504531046,0.00165969795308665,0.999994873880234,-0.0027381774887663,-0.0151469964201181,0.00276300650799532,0.999881460121391,12.5818551413997,6.04517566496774
179.3,0.109156891435601,0.0259482614923026,1,0.209305416978245,0.0497550967243431,1.91747322798881,0.999791320050293,-0.0021596836128721,0.0203138405720065,0.00223458548095099,0.999990786215644,-0.00366525736422209,-0.0203057376083936,0.00370988551170423,0.999786934186314,12.5871305523604,6.04517566496774
179.35,0.109156891435601,0.0259482614923026,1,0.209305416978245,0.0497550967243431,1.91747322798881,0.999671794019228,-0.00269644416698069,0.0254761345426137,0.00281424772745227,0.999985508817999,-0.00458935330254477,-0.0254633904283685,0.00465954320308382,0.999664896055189,12.5924059633212,6.04517566496774
179.4,0.109156891435601,0.0259482614923026,1,0.209305416978245,0.0497550967243431,1.91747322798881,0.999525325444697,-0.00322829277240873,0.0306382427767688,0.00339866856065109,0.999979041834168,-0.00551043958624148,-0.0306198113431068,0.00561195315326036,0.999515349124323,12.5976813742819,6.04517566496672
179.45,0.109156891435601,0.0259482614923026,1,0.209305416978245,0.0497550967243431,1.91747322798881,0.999351918402907,-0.00375521462786398,0.0358000216135282,0.00398783171617551,0.999971385444127,-0.00642849058157525,-0.0357748568499425,0.00656708885676243,0.999338297555594,12.6029567852427,6.04517566496672
179.5,0.109156891435601,0.0259482614923026,1,0.209305416978245,0.0497550967243432,1.91747322798881,0.999151577719756,-0.0042771950691664,0.0409613274011276,0.00458172079767662,0.999962539860951,-0.00734348073928304,-0.040928383484499,0.00752492373226348,0.999133746276328,12.6082321962034,6.04517566496672
179.55,0.109156891435601,0.0259482614923026,1,0.209305416978245,0.0497550967243432,1.91747322798881,0.998924308970706,-0.00479421956965446,0.0461220165009623,0.0051803192772829,0.999952505330813,-0.00825538459528368,-0.0460802478246647,0.00848543112331826,0.998901700979165,12.6135076071642,6.04517566496774
179.6,0.109156891435601,0.0259482614923026,1,0.209305416978245,0.0497550967243432,1.91747322798881,0.998670118480623,-0.00530627374058942,0.0512819452915849,0.00578361049606014,0.999941282132972,-0.00916417677138655,-0.0512303064945842,0.00944858429910476,0.998642168121902,12.6187830181249,6.04517566496672
179.65,0.109156891435601,0.0259482614923026,1,0.209305416978245,0.0497550967243432,1.91747322798881,0.9983890133236,-0.0058133433315575,0.0564409701727192,0.00639157766447715,0.99992887057977,-0.0100698319760009,-0.056378416168666,0.0104143564551713,0.998355154927312,12.6240584290857,6.04517566496774
179.7,0.109156891435601,0.0259482614923026,1,0.209305416978245,0.0497550967243432,1.91747322798881,0.998081001322766,-0.00631541423086394,0.0615989475692312,0.00700420386286983,0.999915271016617,-0.010972325004835,-0.061524433575545,0.0113827207141777,0.998040669382942,12.6293338400465,6.04517566496774
179.75,0.109156891435601,0.0259482614923026,1,0.209305416978245,0.0497550967243432,1.91747322798881,0.997746091050063,-0.00681247246592833,0.0667557339351518,0.00762147204191551,0.99990048382199,-0.0118716307416029,-0.0666682155020975,0.0123536501266483,0.997698720240892,12.6346092510072,6.04517566496774
179.8,0.109156891435601,0.0259482614923026,1,0.209305416978245,0.0497550967243432,1.91747322798881,0.997384291826008,-0.00730450420367125,0.0719111857576481,0.00824336502310434,0.999884509407413,-0.0127677241587185,-0.0718096187974026,0.0133271176717178,0.997329317017572,12.639884661968,6.04517566496672
179.85,0.109156891435601,0.0259482614923026,1,0.209305416978245,0.0497550967243432,1.91747322798881,0.996995613719437,-0.00779149575090012,0.077065159561027,0.00886986549921879,0.999867348217453,-0.0136605803179943,-0.0769485003767365,0.0143030962578845,0.996932469993434,12.6451600729287,6.04517566496672
179.9,0.109156891435601,0.0259482614923026,1,0.209305416978245,0.0497550967243432,1.91747322798881,0.996580067547221,-0.00827343355469119,0.0822175119107376,0.00950095603481621,0.999849000729704,-0.014550174371337,-0.0820847172255631,0.0152815587237668,0.99650819021269,12.6504354838895,6.04517566496672
179.95,0.109156891435601,0.0259482614923026,1,0.209305416978245,0.0497550967243432,1.91747322798881,0.996137664873967,-0.0087503042027651,0.0873680994173449,0.010136619066712,0.999829467454775,-0.0154364815614359,-0.0872181264034969,0.016262477838855,0.996056489483003,12.6557108948502,6.04517566496672
180,0.109156891435601,0.0259482614923026,1,0.209305416978245,0.0497550967243432,1.91747322798881,0.995668418011695,-0.00922209442386162,0.0925167787405382,0.0107768369044707,0.999808748936275,-0.0163194772224545,-0.0923485850482982,0.0172458263042729,0.995577380375157,12.660986305811,6.04517566496774
180.05,0.109156891435601,0.0259482614923026,1,0.209305416978245,0.0497550967243432,1.91747322798881,0.995172340019497,-0.00968879108810752,0.0976634065931025,0.0114215917308957,0.999786845750799,-0.0171991367807146,-0.0974759503798316,0.0182315767535341,0.995070876222708,12.6662617167717,6.04517566496774
180.1,0.109156891435601,0.0259482614923026,1,0.209305416978245,0.0497550967243432,1.91747322798881,0.994649444703172,-0.0101503812073828,0.102807839744915,0.0120708656025267,0.999763758507908,-0.0180754357553815,-0.102600079704048,0.0192197017533051,0.994536991121616,12.6715371277325,6.04517566496774
180.15,0.109156891435601,0.0259482614923026,1,0.209305416978245,0.0497550967243432,1.91747322798881,0.994099746614842,-0.0106068519356828,0.107949935026942,0.0127246404501401,0.99973948785012,-0.0189483497591468,-0.107720830416968,0.0202101738041711,0.993975739929846,12.6768125386932,6.04517566496672
180.2,0.109156891435601,0.0259482614923026,1,0.209305416978245,0.0497550967243432,1.91747322798881,0.993523261052549,-0.011058190569474,0.113089549335198,0.0133828980792489,0.999714034452883,-0.019817854498903,-0.112838060008623,0.0212029653413962,0.993387138266961,12.682087949654,6.04517566496672
180.25,0.109156891435601,0.0259482614923026,1,0.209305416978245,0.0497550967243432,1.91747322798881,0.992920004059825,-0.0115043845480496,0.118226539634756,0.014045620170612,0.999687399024564,-0.0206839257764244,-0.117951626067048,0.0221980487356961,0.992771202513684,12.6873633606148,6.04517566496672
180.3,0.109156891435601,0.0259482614923026,1,0.209305416978245,0.0497550967243432,1.91747322798881,0.992289992425249,-0.0119454214538772,0.123360762963707,0.0147127882807426,0.999659582306424,-0.0215465394890372,-0.123061386282232,0.023195396294003,0.992127949811444,12.6926387715755,6.04517566496774
180.35,0.109156891435601,0.0259482614923026,1,0.209305416978245,0.0497550967243432,1.91747322798881,0.991633243681982,-0.0123812890129452,0.128492076437145,0.0153843838424206,0.999630585072598,-0.0224056716302903,-0.128167198450073,0.0241949802602368,0.991457398061897,12.6979141825363,6.04517566496672
180.4,0.109156891435601,0.0259482614923026,1,0.209305416978245,0.0497550967243432,1.91747322798881,0.990949776107271,-0.0128119750951053,0.133620337251155,0.0160603881652121,0.999600408130077,-0.0232612982906266,-0.133268920476353,0.0251967728160809,0.990759565926427,12.703189593497,6.04517566496774
180.45,0.109156891435601,0.0259482614923026,1,0.209305416978245,0.0497550967243432,1.91747322798881,0.990239608721949,-0.0132374677144077,0.138745402686762,0.0167407824359861,0.999569052318683,-0.0241133956580436,-0.138366410380673,0.026200746081751,0.990034472825632,12.7084650044578,6.04517566496774
180.5,0.109156891435601,0.0259482614923026,1,0.209305416978245,0.0497550967243432,1.91747322798881,0.9895027612899,-0.0136577550294377,0.143867130113936,0.0174255477194414,0.999536518511043,-0.0249619400187612,-0.143459526300423,0.0272068721167765,0.989282138938776,12.7137404154185,6.04517566496774
180.55,0.109156891435601,0.0259482614923026,1,0.209305416978245,0.0497550967243432,1.91747322798881,0.988739254317511,-0.0140728253436425,0.148985376995528,0.0181146649586309,0.999502807612571,-0.0258069077578773,-0.148548126494712,0.0282151229207737,0.988502585203234,12.7190158263793,6.04517566496672
180.6,0.109156891435601,0.0259482614923026,1,0.209305416978245,0.0497550967243432,1.91747322798881,0.987949109053104,-0.0144826671056582,0.154100000891257,0.0188081149754927,0.999467920561438,-0.0266482753600268,-0.153632069348321,0.0292254704342266,0.987695833313906,12.72429123734,6.04517566496672
180.65,0.109156891435601,0.0259482614923026,1,0.209305416978245,0.0497550967243432,1.91747322798881,0.987132347486337,-0.0148872689096314,0.159210859461674,0.0195058784713856,0.999431858328546,-0.0274860194100375,-0.158711213375654,0.0302378865392696,0.986861905722612,12.7295666483008,6.04517566496672
180.7,0.109156891435601,0.0259482614923026,1,0.209305416978245,0.0497550967243432,1.91747322798881,0.986288992347603,-0.0152866194955356,0.164317810472113,0.0202079360276233,0.999394621917503,-0.0283201165935788,-0.163785417224654,0.031252343060467,0.986000825637472,12.7348420592615,6.04517566496672
180.75,0.109156891435601,0.0259482614923026,1,0.209305416978245,0.0497550967243432,1.91747322798881,0.985419067107384,-0.0156807077494859,0.169420711796662,0.0209142681060176,0.999356212364596,-0.0291505436978134,-0.168854539680762,0.0322688117656001,0.985112617022254,12.7401174702223,6.04517566496774
180.8,0.109156891435601,0.0259482614923026,1,0.209305416978245,0.0497550967243432,1.91747322798881,0.984522595975612,-0.0160695227040466,0.174519421422103,0.0216248550494197,0.999316630738758,-0.0299772776120406,-0.173918439670821,0.0332872643664494,0.984197304595712,12.7453928811831,6.04517566496774
180.85,0.109156891435601,0.0259482614923026,1,0.209305416978245,0.0497550967243432,1.91747322798881,0.983599603900986,-0.0164530535385379,0.179613797451872,0.0223396770822679,0.999275878141541,-0.0308002953283408,-0.178976976267016,0.0343076725195841,0.983254913830897,12.7506682921438,6.04517566496774
180.9,0.109156891435601,0.0259482614923026,1,0.209305416978245,0.0497550967243431,1.91747322798881,0.982650116570277,-0.0168312895793367,0.18470369811002,0.0230587143111404,0.999233955707086,-0.0316195739422175,-0.184030008690806,0.0353300078271526,0.982285470954445,12.7559437031046,6.04517566496672
180.95,0.109156891435601,0.0259482614923026,1,0.209305416978245,0.0497550967243431,1.91747322798881,0.981674160407621,-0.0172042203001728,0.189788981745133,0.0237819467253046,0.99919086460209,-0.0324350906532306,-0.189077396316816,0.0363542418376678,0.981289002945851,12.7612191140653,6.04517566496672
181,0.109156891435601,0.0259482614923026,1,0.209305416978245,0.0497550967243431,1.91747322798881,0.980671762573777,-0.0175718353224233,0.1948695068343,0.0245093541972783,0.999146606025774,-0.0332468227656356,-0.194118998676776,0.0373803460468047,0.980265537536716,12.7664945250261,6.04517566496672
181.05,0.109156891435601,0.0259482614923026,1,0.209305416978245,0.0497550967243431,1.91747322798881,0.979642950965371,-0.0179341244154004,0.199945131987035,0.0252409164833869,0.999101181209849,-0.034054747689012,-0.199154675463416,0.0384082918981894,0.979215103209977,12.7717699359868,6.04517566496774
181.1,0.109156891435601,0.0259482614923026,1,0.209305416978245,0.0497550967243431,1.91747322798881,0.978587754214125,-0.0182910774966357,0.20501571594921,0.0259766132243271,0.999054591418485,-0.0348588429388921,-0.204184286534368,0.0394380507841945,0.978137729199111,12.7770453469476,6.04517566496672
181.15,0.109156891435601,0.0259482614923026,1,0.209305416978245,0.0497550967243431,1.91747322798881,0.977506201686054,-0.0186426846321625,0.210081117607008,0.0267164239457361,0.999006837948269,-0.0356590861373896,-0.209207691916085,0.0404695940467384,0.977033445487327,12.7823207579083,6.04517566496774
181.2,0.109156891435601,0.0259482614923026,1,0.209305416978245,0.0497550967243431,1.91747322798881,0.976398323480653,-0.0189889360367902,0.215141195990819,0.027460328058757,0.998957922128175,-0.0364554550138183,-0.214224751807709,0.0415028929780779,0.975902282806724,12.7875961688691,6.04517566496774
181.25,0.109156891435601,0.0259482614923026,1,0.209305416978245,0.0497550967243431,1.91747322798881,0.975264150430058,-0.0193298220743786,0.220195810279193,0.0282083048606168,0.998907845319526,-0.0372479274053161,-0.219235326584992,0.0425379188216121,0.974744272637443,12.7928715798298,6.04517566496774
181.3,0.109156891435601,0.0259482614923026,1,0.209305416978245,0.0497550967243431,1.91747322798881,0.974103714098186,-0.0196653332581045,0.225244819802735,0.028960333535198,0.998856608915955,-0.0380364812574578,-0.224239276804152,0.0435746427726785,0.973559447206787,12.7981469907906,6.04517566496672
181.35,0.109156891435601,0.0259482614923026,1,0.209305416978245,0.0497550967243431,1.91747322798881,0.972917046779862,-0.0199954602507261,0.230288084048031,0.0297163931536201,0.998804214343365,-0.0388210946248712,-0.229236463205771,0.0446130359793565,0.972347839488325,12.8034224017514,6.04517566496672
181.4,0.109156891435601,0.0259482614923026,1,0.209305416978245,0.0497550967243431,1.91747322798881,0.971704181499913,-0.0203201938648439,0.235325462661565,0.0304764626748232,0.998750663059891,-0.0396017456718484,-0.234226746718675,0.0456530695432718,0.971109483200974,12.8086978127121,6.04517566496672
181.45,0.109156891435601,0.0259482614923026,1,0.209305416978245,0.0497550967243431,1.91747322798881,0.970465152012254,-0.0206395250631548,0.240356815453609,0.0312405209461508,0.998695956555861,-0.0403784126729511,-0.239209988463789,0.0466947145203976,0.969844412808061,12.8139732236729,6.04517566496672
181.5,0.109156891435601,0.0259482614923026,1,0.209305416978245,0.0497550967243431,1.91747322798881,0.969199992798946,-0.020953444958705,0.245382002402143,0.0320085467039413,0.99864009635375,-0.0411510740136182,-0.244186049758016,0.0477379419218633,0.968552663516363,12.8192486346336,6.04517566496774
181.55,0.109156891435601,0.0259482614923026,1,0.209305416978245,0.0497550967243431,1.91747322798881,0.96790873906924,-0.0212619448151362,0.250400883656731,0.0327805185741169,0.998583084008143,-0.0419197081907641,-0.249154792118084,0.0487827227147577,0.967234271275129,12.8245240455944,6.04517566496774
181.6,0.109156891435601,0.0259482614923026,1,0.209305416978245,0.0497550967243431,1.91747322798881,0.966591426758594,-0.0215650160469292,0.255413319542425,0.0335564150727801,0.998524921105686,-0.0426842938133788,-0.254116077264404,0.0498290278229391,0.96588927277508,12.8297994565551,6.04517566496774
181.65,0.109156891435601,0.0259482614923026,1,0.209305416978245,0.0497550967243431,1.91747322798881,0.965248092527671,-0.0218626502196434,0.260419170563662,0.0343362146068129,0.998465609265048,-0.043444809603125,-0.259069767124933,0.0508768281278464,0.964517705447382,12.8350748675159,6.04517566496672
181.7,0.109156891435601,0.0259482614923026,1,0.209305416978245,0.0497550967243431,1.91747322798881,0.963878773761326,-0.0221548390501504,0.26541829740812,0.0351198954744741,0.99840515013687,-0.044201234394926,-0.264015723838989,0.0519260944693042,0.963119607462614,12.8403502784766,6.04517566496774
181.75,0.109156891435601,0.0259482614923026,1,0.209305416978245,0.0497550967243431,1.91747322798881,0.962483508567555,-0.0224415744068655,0.270410560950624,0.0359074358660075,0.998343545403725,-0.0449535471375593,-0.268953809761115,0.0529767976463406,0.961695017729696,12.8456256894374,6.04517566496672
181.8,0.109156891435601,0.0259482614923026,1,0.209305416978245,0.0497550967243431,1.91747322798881,0.961062335776446,-0.0227228483099734,0.275395822256992,0.0366988138642448,0.998280796780065,-0.0457017268942386,-0.27388388746489,0.0540289084179941,0.960243975894814,12.8509011003982,6.04517566496672
181.85,0.109156891435601,0.0259482614923026,1,0.209305416978245,0.0497550967243431,1.91747322798881,0.959615294939089,-0.0229986529316505,0.28037394258792,0.0374940074452186,0.998216906012178,-0.0464457528431989,-0.27880581974676,0.0550823975041311,0.958766522340311,12.8561765113589,6.04517566496672
181.9,0.109156891435601,0.0259482614923025,1,0.209305416978245,0.0497550967243431,1.91747322798881,0.958142426326481,-0.023268980596283,0.285344783402841,0.0382929944787747,0.998151874878138,-0.0471856042782759,-0.283719469629867,0.0561372355862606,0.957262698183565,12.8614519223197,6.04517566496774
181.95,0.109156891435601,0.0259482614923025,1,0.209305416978245,0.0497550967243431,1.91747322798881,0.956643770928403,-0.0235338237806798,0.290308206363763,0.0390957527291858,0.998085705187754,-0.04792126060948,-0.288624700367837,0.0571933933083468,0.955732545275849,12.8667273332804,6.04517566496774
182,0.109156891435601,0.0259482614923025,1,0.209305416978245,0.0497550967243431,1.91747322798881,0.955119370452278,-0.0237931751142827,0.295264073339147,0.0399022598557741,0.998018398782522,-0.0486527013635728,-0.293521375448614,0.0582508412776314,0.954176106201157,12.8720027442412,6.04517566496774
182.05,0.109156891435601,0.0259482614923025,1,0.209305416978245,0.0497550967243431,1.91747322798881,0.953569267322014,-0.024047027379371,0.300212246407725,0.0407124934135295,0.997949957535572,-0.0493799061846335,-0.298409358598236,0.0593095500654462,0.952593424275028,12.8772781552019,6.04517566496672
182.1,0.109156891435601,0.0259482614923025,1,0.209305416978245,0.0497550967243431,1.91747322798881,0.951993504676822,-0.0242953735112623,0.305152587862353,0.0415264308537355,0.997880383351617,-0.0501028548346268,-0.303288513784635,0.0603694902080349,0.950984543543337,12.8825535661627,6.04517566496672
182.15,0.109156891435601,0.0259482614923025,1,0.209305416978245,0.0497550967243431,1.91747322798881,0.95039212637001,-0.0245382065985097,0.310084960213843,0.0423440495245984,0.997809678166899,-0.0508215271939676,-0.308158705221433,0.0614306322073743,0.949349508781067,12.8878289771234,6.04517566496672
182.2,0.109156891435601,0.0259482614923025,1,0.209305416978245,0.0497550967243431,1.91747322798881,0.948765176967772,-0.0247755198830935,0.315009226194782,0.0431653266718749,0.997737843949137,-0.0515359032620782,-0.313019797371705,0.0624929465319919,0.947688365491065,12.8931043880842,6.04517566496672
182.25,0.109156891435601,0.0259482614923025,1,0.209305416978245,0.0497550967243431,1.91747322798881,0.947112701747939,-0.0250073067606097,0.319925248763363,0.043990239439508,0.997664882697468,-0.0522459631579474,-0.317871654951765,0.0635564036177914,0.946001159902777,12.8983797990449,6.04517566496774
182.3,0.109156891435601,0.0259482614923025,1,0.209305416978245,0.0497550967243431,1.91747322798881,0.945434746698727,-0.0252335607804536,0.324832891107186,0.0448187648702604,0.997590796442398,-0.0529516871206815,-0.322714142934917,0.0646209738688716,0.944287938970958,12.9036552100057,6.04517566496774
182.35,0.109156891435601,0.0259482614923025,1,0.209305416978245,0.0497550967243431,1.91747322798881,0.943731358517451,-0.0254542756459989,0.329732016647069,0.0456508799063547,0.997515587245739,-0.0536530555100553,-0.32754712655522,0.0656866276583522,0.942548750374373,12.9089306209664,6.04517566496774
182.4,0.109156891435601,0.0259482614923025,1,0.209305416978245,0.0497550967243431,1.91747322798881,0.942002584609226,-0.0256694452147742,0.334622489040864,0.046486561390117,0.997439257200554,-0.0543500488070603,-0.332370471311246,0.0667533353292003,0.940783642514456,12.9142060319272,6.04517566496672
182.45,0.109156891435601,0.0259482614923025,1,0.209305416978245,0.0497550967243431,1.91747322798881,0.940248473085653,-0.0258790634986325,0.339504172187223,0.0473257860646171,0.997361808431102,-0.0550426476144444,-0.337184042969806,0.0678210671950505,0.938992664513978,12.919481442888,6.04517566496774
182.5,0.109156891435601,0.0259482614923025,1,0.209305416978245,0.0497550967243431,1.91747322798881,0.93846907276347,-0.026083124663919,0.34437693022942,0.0481685305743205,0.997283243092773,-0.0557308326572556,-0.341987707569706,0.0688897935410372,0.937175866215669,12.9247568538487,6.04517566496672
182.55,0.109156891435601,0.0259482614923025,1,0.209305416978245,0.0497550967243431,1.91747322798881,0.936664433163207,-0.0262816230316322,0.349240627559097,0.049014771465734,0.997203563372034,-0.0564145847833747,-0.346781331425454,0.069959484624616,0.93533329818084,12.9300322648095,6.04517566496672
182.6,0.109156891435601,0.0259482614923025,1,0.209305416978245,0.0497550967243431,1.91747322798881,0.934834604507795,-0.0264745530775834,0.354095128820063,0.0498644851880615,0.997122771486361,-0.0570938849640512,-0.351564781130995,0.0710301106763951,0.933465011687966,12.9353076757702,6.04517566496672
182.65,0.109156891435601,0.0259482614923025,1,0.209305416978245,0.0497550967243431,1.91747322798881,0.932979637721175,-0.0266619094325495,0.358940298912056,0.0507176480938591,0.997040869684185,-0.057768714294432,-0.356337923563425,0.0721016419009635,0.931571058731266,12.940583086731,6.04517566496774
182.7,0.109156891435601,0.0259482614923025,1,0.209305416978245,0.0497550967243431,1.91747322798881,0.931099584426882,-0.0268436868824223,0.363776002994488,0.0515742364396904,0.996957860244825,-0.0584390539940861,-0.361100625886678,0.073174048477717,0.929651492019257,12.9458584976917,6.04517566496774
182.75,0.109156891435601,0.0259482614923025,1,0.209305416978245,0.0497550967243431,1.91747322798881,0.929194496946602,-0.0270198803683545,0.368602106490224,0.0524342263867919,0.996873745478424,-0.05910488540753,-0.36585275555525,0.0742473005616932,0.927706364973278,12.9511339086525,6.04517566496774
182.8,0.109156891435601,0.0259482614923025,1,0.209305416978245,0.0497550967243431,1.91747322798881,0.927264428298724,-0.0271904849868996,0.373418475089299,0.0532975940017318,0.996788527725888,-0.0597661900047441,-0.370594180317861,0.0753213682843973,0.925735731726014,12.9564093196132,6.04517566496672
182.85,0.109156891435601,0.0259482614923025,1,0.209305416978245,0.0497550967243431,1.91747322798881,0.925309432196858,-0.0273554959901485,0.378224974752673,0.0541643152570785,0.996702209358818,-0.0604229493816897,-0.375324768221149,0.0763962217546352,0.923739647119987,12.961684730574,6.04517566496672
182.9,0.109156891435601,0.0259482614923025,1,0.209305416978245,0.0497550967243431,1.91747322798881,0.923329563048343,-0.0275149087858625,0.383021471715963,0.0550343660320703,0.996614792779446,-0.061075145260822,-0.380044387613348,0.0774718310593474,0.92171816670602,12.9669601415348,6.04517566496672
182.95,0.109156891435601,0.0259482614923025,1,0.209305416978245,0.0497550967243431,1.91747322798881,0.92132487595273,-0.0276687189375997,0.387807832493154,0.0559077221132836,0.996526280420565,-0.061722759491597,-0.384752907147938,0.0785481662644379,0.919671346741707,12.9722355524955,6.04517566496672
183,0.109156891435601,0.0259482614923025,1,0.209305416978245,0.049755096724343,1.91747322798881,0.919295426700254,-0.0278169221648398,0.392583923880325,0.0567843591953103,0.996436674745465,-0.0623657740509785,-0.389450195787312,0.0796251974156106,0.917599244189831,12.9775109634563,6.04517566496774
183.05,0.109156891435601,0.0259482614923025,1,0.209305416978245,0.049755096724343,1.91747322798881,0.917241271770277,-0.0279595143431023,0.397349612959346,0.0576642528814307,0.996345978247864,-0.0630041710439375,-0.394136122806412,0.0807028945391997,0.915501916716794,12.982786374417,6.04517566496774
183.1,0.109156891435601,0.0259482614923025,1,0.209305416978245,0.049755096724343,1.91747322798881,0.91516246832972,-0.0280964915040614,0.402104767101582,0.0585473786842943,0.996254193451835,-0.0636379327039515,-0.398810557796371,0.0817812276430051,0.913379422691003,12.9880617853778,6.04517566496774
183.15,0.109156891435601,0.0259482614923025,1,0.209305416978245,0.049755096724343,1.91747322798881,0.913059074231463,-0.0282278498356573,0.406849253971591,0.0594337120266027,0.996161322911739,-0.0642670413935002,-0.403473370668156,0.08286016671713,0.911231821181244,12.9933371963385,6.04517566496672
183.2,0.109156891435601,0.0259482614923025,1,0.209305416978245,0.049755096724343,1.91747322798881,0.910931148012749,-0.028353585682201,0.41158294153079,0.0603232282417897,0.996067369212154,-0.0648914796045531,-0.408124431656161,0.0839396817348104,0.909059171955046,12.9986126072993,6.04517566496774
183.25,0.109156891435601,0.0259482614923025,1,0.209305416978245,0.049755096724343,1.91747322798881,0.908778748893541,-0.0284736955444771,0.416305698041153,0.0612159025747126,0.995972334967801,-0.0655112299590604,-0.412763611321849,0.0850197426532568,0.90686153547701,13.00388801826,6.04517566496672
183.3,0.109156891435601,0.0259482614923025,1,0.209305416978245,0.049755096724343,1.91747322798881,0.906601936774885,-0.0285881760798404,0.421017392068849,0.0621117101823364,0.995876222823475,-0.0661262752094334,-0.417390780557324,0.0861003194144848,0.904638972907132,13.0091634292208,6.04517566496672
183.35,0.109156891435601,0.0259482614923025,1,0.209305416978245,0.049755096724343,1.91747322798881,0.904400772237238,-0.0286970241023096,0.425717892487924,0.0630106261344283,0.995779035453966,-0.0667365982390266,-0.422005810588949,0.0871813819461553,0.902391546099099,13.0144388401815,6.04517566496672
183.4,0.109156891435601,0.0259482614923025,1,0.209305416978245,0.049755096724343,1.91747322798881,0.902175316538776,-0.0288002365826556,0.430407068483943,0.0639126254142515,0.995680775563987,-0.0673421820626141,-0.426608572980919,0.0882629001624111,0.900119317598564,13.0197142511423,6.04517566496774
183.45,0.109156891435601,0.0259482614923025,1,0.209305416978245,0.049755096724343,1.91747322798881,0.899925631613706,-0.0288978106484857,0.435084789557618,0.0648176829192584,0.995581445888103,-0.0679430098268599,-0.43119893963883,0.0893448439647111,0.897822350641412,13.024989662103,6.04517566496774
183.5,0.109156891435601,0.0259482614923025,1,0.209305416978245,0.049755096724343,1.91747322798881,0.897651780070521,-0.0289897435843237,0.439750925528463,0.0657257734617937,0.995481049190647,-0.0685390648107907,-0.435776782813259,0.0904271832426729,0.895500709151993,13.0302650730638,6.04517566496774
183.55,0.109156891435601,0.0259482614923025,1,0.209305416978245,0.049755096724343,1.91747322798881,0.895353825190276,-0.0290760328316857,0.444405346538396,0.0666368717697913,0.995379588265649,-0.0691303304262575,-0.440341975103302,0.0915098878749061,0.89315445774135,13.0355404840246,6.04517566496672
183.6,0.109156891435601,0.0259482614923025,1,0.209305416978245,0.049755096724343,1.91747322798881,0.893031830924818,-0.0291566759891507,0.449047923055358,0.0675509524874791,0.995277065936756,-0.0697167902183993,-0.44489438946013,0.0925929277298523,0.890783661705418,13.0408158949853,6.04517566496672
183.65,0.109156891435601,0.0259482614923025,1,0.209305416978245,0.049755096724343,1.91747322798881,0.890685861895005,-0.0292316708124281,0.453678525876933,0.0684679901760865,0.995173485057154,-0.0702984278661015,-0.449433899190526,0.0936762726666256,0.888388387023203,13.0460913059461,6.04517566496672
183.7,0.109156891435601,0.0259482614923025,1,0.209305416978245,0.049755096724343,1.91747322798881,0.888315983388912,-0.0293010152144197,0.45829702613392,0.0693879593145492,0.995068848509488,-0.0708752271824482,-0.453960377960404,0.0947598925358484,0.885968700354952,13.0513667169068,6.04517566496672
183.75,0.109156891435601,0.0259482614923025,1,0.209305416978245,0.049755096724343,1.91747322798881,0.885922261360011,-0.0293647072652781,0.462903295293941,0.0703108343002223,0.994963159205782,-0.0714471721151751,-0.458473699798333,0.0958437571804929,0.883524669040291,13.0566421278676,6.04517566496774
183.8,0.109156891435601,0.0259482614923025,1,0.209305416978245,0.049755096724343,1.91747322798881,0.883504762425338,-0.0294227451924601,0.467497205165,0.0712365894495902,0.994856420087359,-0.0720142467471133,-0.462973739099031,0.096927836436718,0.88105636109636,13.0619175388283,6.04517566496774
183.85,0.109156891435601,0.0259482614923025,1,0.209305416978245,0.049755096724343,1.91747322798881,0.88106355386364,-0.029475127380776,0.47207862789906,0.0721651989989825,0.994748634124758,-0.0725764352966346,-0.467460370626869,0.0980121001347097,0.878563845215915,13.0671929497891,6.04517566496774
183.9,0.109156891435601,0.0259482614923025,1,0.209305416978245,0.049755096724343,1.91747322798881,0.878598703613495,-0.0295218523724352,0.476647435995606,0.0730966371052929,0.994639804317649,-0.0731337221180905,-0.471933469519362,0.0990965180995231,0.876047190765411,13.0724683607498,6.04517566496774
183.95,0.109156891435601,0.0259482614923025,1,0.209305416978245,0.049755096724343,1.91747322798881,0.876110280271433,-0.0295629188670859,0.481203502305178,0.0740308778466944,0.994529933694756,-0.0736860917022459,-0.476392911290627,0.100181060151917,0.873506467783083,13.0777437717106,6.04517566496774
184,0.109156891435601,0.0259482614923025,1,0.209305416978245,0.049755096724343,1.91747322798881,0.873598353090014,-0.0295983257218519,0.485746700032928,0.0749678952233653,0.994419025313767,-0.0742335286767134,-0.480838571834867,0.101265696109201,0.870941746976986,13.0830191826714,6.04517566496672
184.05,0.109156891435601,0.0259482614923025,1,0.209305416978245,0.049755096724343,1.91747322798881,0.871062991975912,-0.029628071951364,0.490276902742131,0.0759076631582082,0.99430708226125,-0.0747760178063781,-0.485270327429807,0.102350395786067,0.868353099723035,13.0882945936321,6.04517566496672
184.1,0.109156891435601,0.0259482614923025,1,0.209305416978245,0.049755096724343,1.91747322798881,0.868504267487966,-0.0296521567277877,0.494793984357714,0.0768501554975791,0.994194107652569,-0.0753135439938238,-0.489688054740147,0.103435128995436,0.865740598063016,13.0935700045929,6.04517566496672
184.15,0.109156891435601,0.0259482614923025,1,0.209305416978245,0.049755096724343,1.91747322798881,0.865922250835209,-0.0296705793808463,0.499297819169771,0.0777953460120147,0.994080104631796,-0.0758460922797532,-0.494091630821,0.104519865549296,0.863104314702575,13.0988454155536,6.04517566496774
184.2,0.109156891435601,0.0259482614923025,1,0.209305416978245,0.049755096724343,1.91747322798881,0.863317013874901,-0.0296833393978392,0.503788281837039,0.07874320839696,0.993965076371622,-0.0763736478434018,-0.498480933121294,0.105604575259539,0.860444323009209,13.1041208265144,6.04517566496774
184.25,0.109156891435601,0.0259482614923025,1,0.209305416978245,0.049755096724343,1.91747322798881,0.860688629110513,-0.0296904364236565,0.508265247390414,0.0796937162735043,0.993849026073273,-0.0768961960029538,-0.502855839487208,0.10668922793881,0.857760697010207,13.1093962374751,6.04517566496774
184.3,0.109156891435601,0.0259482614923025,1,0.209305416978245,0.049755096724343,1.91747322798881,0.858037169689721,-0.0296918702607886,0.512728591236406,0.0806468431891114,0.993731956966416,-0.0774137222159478,-0.507216228165547,0.107773793401335,0.855053511390604,13.1146716484359,6.04517566496672
184.35,0.109156891435601,0.0259482614923025,1,0.209305416978245,0.049755096724343,1.91747322798881,0.855362709402368,-0.0296876408693321,0.517178189160617,0.0816025626183574,0.993613872309072,-0.0779262120796826,-0.511561977807145,0.108858241463769,0.852322841491097,13.1199470593966,6.04517566496672
184.4,0.109156891435601,0.0259482614923025,1,0.209305416978245,0.049755096724343,1.91747322798881,0.852665322678403,-0.0296777483669904,0.5216139173312,0.0825608479636708,0.993494775387526,-0.0784336513316189,-0.515892967470244,0.109942541946036,0.849568763305943,13.1252224703574,6.04517566496672
184.45,0.109156891435601,0.0259482614923025,1,0.209305416978245,0.049755096724343,1.91747322798881,0.849945084585822,-0.0296621930290709,0.5260356523023,0.0835216725560691,0.993374669516231,-0.0789360258497748,-0.520209076623849,0.111026664672166,0.846791353480854,13.1304978813181,6.04517566496672
184.5,0.109156891435601,0.0259482614923025,1,0.209305416978245,0.049755096724343,1.91747322798881,0.847202070828565,-0.029640975288477,0.530443271017495,0.0844850096559047,0.993253558037722,-0.07943332165312,-0.524510185151093,0.112110579471137,0.843990689310855,13.1357732922789,6.04517566496774
184.55,0.109156891435601,0.0259482614923025,1,0.209305416978245,0.0497550967243429,1.91747322798881,0.844436357744422,-0.0296140957356962,0.53483665081321,0.0854508324536052,0.993131444322518,-0.0799255249019634,-0.528796173352569,0.113194256177712,0.841166848738141,13.1410487032397,6.04517566496774
184.6,0.109156891435601,0.0259482614923025,1,0.209305416978245,0.0497550967243429,1.91747322798881,0.841648022302904,-0.0295815551187837,0.539215669422139,0.0864191140704219,0.993008331769033,-0.0804126218983395,-0.533066921949669,0.114277664633279,0.838319910349903,13.1463241142004,6.04517566496774
184.65,0.109156891435601,0.0259482614923025,1,0.209305416978245,0.0497550967243429,1.91747322798881,0.838837142103093,-0.0295433543433415,0.543580204976653,0.0873898275591789,0.992884223803475,-0.08089459908639,-0.537322312087906,0.115360774686696,0.835449953376139,13.1515995251612,6.04517566496774
184.7,0.109156891435601,0.0259482614923025,1,0.209305416978245,0.0497550967243429,1.91747322798881,0.836003795371496,-0.0294994944724933,0.547930136012175,0.0883629459050194,0.992759123879756,-0.0813714430527391,-0.541562225340209,0.116443556195119,0.832557057687456,13.1568749361219,6.04517566496774
184.75,0.109156891435601,0.0259482614923025,1,0.209305416978245,0.0497550967243429,1.91747322798881,0.833148060959857,-0.0294499767268545,0.552265341470581,0.089338442026162,0.992633035479395,-0.0818431405268694,-0.545786543710239,0.117525979024854,0.829641303792839,13.1621503470827,6.04517566496672
184.8,0.109156891435601,0.0259482614923025,1,0.209305416978245,0.0497550967243429,1.91747322798881,0.83027001834297,-0.0293948024844991,0.55658570070355,0.0903162887746498,0.992505962111417,-0.0823096783814886,-0.549995149635648,0.118608013052185,0.826702772837417,13.1674257580434,6.04517566496672
184.85,0.109156891435601,0.0259482614923025,1,0.209305416978245,0.0497550967243429,1.91747322798881,0.827369747616462,-0.0293339732809204,0.560891093475931,0.0912964589371094,0.992377907312263,-0.0827710436328965,-0.55418792599137,0.119689628164217,0.823741546600204,13.1727011690042,6.04517566496672
184.9,0.109156891435601,0.0259482614923025,1,0.209305416978245,0.0497550967243429,1.91747322798881,0.824447329494565,-0.0292674908089888,0.565181399969095,0.0922789252355077,0.992248874645683,-0.0832272234413467,-0.558364756092879,0.120770794259713,0.820757707491814,13.1779765799649,6.04517566496774
184.95,0.109156891435601,0.0259482614923025,1,0.209305416978245,0.0497550967243429,1.91747322798881,0.821502845307875,-0.0291953569189047,0.569456500784251,0.0932636603279083,0.992118867702643,-0.0836782051114016,-0.56252552369942,0.121851481249934,0.817751338552185,13.1832519909257,6.04517566496774
185,0.109156891435601,0.0259482614923025,1,0.209305416978245,0.0497550967243429,1.91747322798881,0.818536377001077,-0.0291175736181467,0.573716276945793,0.0942506368092371,0.991987890101224,-0.0841239760922889,-0.566670113017268,0.122931659059473,0.814722523448249,13.1885274018864,6.04517566496774
