time_s,angle_rad,tx_model,ty_model,tz_model,ax,ay,az,omega_rad_s
66.025,0.621573881922296,0.104507354530781,0.0282212255496917,1,-0.0701286455267214,-0.991523208292141,-0.109378702198587,0.103165789530671
66.075,0.626732171398829,0.104507354530781,0.0282212255496917,1,-0.0701286455267214,-0.991523208292141,-0.109378702198587,0.103165789530671
66.125,0.631890460875362,0.104507354530781,0.0282212255496917,1,-0.0701286455267214,-0.991523208292141,-0.109378702198587,0.103165789530671
66.175,0.637048750351897,0.104507354530781,0.0282212255496917,1,-0.0701286455267214,-0.991523208292141,-0.109378702198587,0.103165789530671
66.225,0.642207039828431,0.104507354530781,0.0282212255496917,1,-0.0701286455267214,-0.991523208292141,-0.109378702198587,0.103165789530671
66.275,0.647365329304964,0.104507354530781,0.0282212255496917,1,-0.0701286455267214,-0.991523208292141,-0.109378702198587,0.103165789530671
66.325,0.652523618781497,0.104507354530781,0.0282212255496917,1,-0.0701286455267214,-0.991523208292141,-0.109378702198587,0.103165789530671
66.375,0.65768190825803,0.104507354530781,0.0282212255496917,1,-0.0701286455267214,-0.991523208292141,-0.109378702198587,0.103165789530671
66.425,0.662840197734565,0.104507354530781,0.0282212255496917,1,-0.0701286455267214,-0.991523208292141,-0.109378702198587,0.103165789530671
66.475,0.667998487211098,0.104507354530781,0.0282212255496917,1,-0.0701286455267214,-0.991523208292141,-0.109378702198587,0.103165789530671
66.525,0.673156776687632,0.104507354530781,0.0282212255496917,1,-0.0701286455267214,-0.991523208292141,-0.109378702198587,0.103165789530671
66.575,0.678315066164165,0.104507354530781,0.0282212255496917,1,-0.0701286455267214,-0.991523208292141,-0.109378702198587,0.103165789530671
66.625,0.683473355640698,0.104507354530781,0.0282212255496917,1,-0.0701286455267214,-0.991523208292141,-0.109378702198587,0.103165789530671
66.675,0.688631645117233,0.104507354530781,0.0282212255496917,1,-0.0701286455267214,-0.991523208292141,-0.109378702198587,0.103165789530671
66.725,0.693789934593766,0.104507354530781,0.0282212255496917,1,-0.0701286455267214,-0.991523208292141,-0.109378702198587,0.103165789530671
66.775,0.6989482240703,0.104507354530781,0.0282212255496917,1,-0.0701286455267214,-0.991523208292141,-0.109378702198587,0.103165789530671
66.825,0.704106513546833,0.104507354530781,0.0282212255496917,1,-0.0701286455267214,-0.991523208292141,-0.109378702198587,0.103165789530671
66.875,0.709264803023366,0.104507354530781,0.0282212255496917,1,-0.0701286455267214,-0.991523208292141,-0.109378702198587,0.103165789530671
66.925,0.714423092499901,0.104507354530781,0.0282212255496917,1,-0.0701286455267214,-0.991523208292141,-0.109378702198587,0.103165789530671
66.975,0.719581381976434,0.104507354530781,0.0282212255496917,1,-0.0701286455267214,-0.991523208292141,-0.109378702198587,0.103165789530671
67.025,0.724728537032471,0.104802062985835,0.0283474486484645,0.999999065879022,-0.0714259714554141,-0.99140980510266,-0.109567006657826,0.103162710180333
67.075,0.729886318494049,0.1048019095641,0.0283473174719421,0.999999091432174,-0.0714259714554141,-0.99140980510266,-0.109567006657826,0.103162710180333
67.125,0.735044107534963,0.104801758943635,0.0283471802630409,0.99999911666437,-0.0714259714554141,-0.99140980510266,-0.109567006657826,0.103162710180333
67.175,0.740201904084839,0.104801611108703,0.0283470372657633,0.999999141573782,-0.0714259714554141,-0.99140980510266,-0.109567006657826,0.103162710180333
67.225,0.745359708073297,0.104801466043565,0.0283468887241117,0.999999166158585,-0.0714259714554141,-0.99140980510266,-0.109567006657826,0.103162710180333
67.275,0.75051751942996,0.104801323732485,0.0283467348820888,0.99999919041695,-0.0714259714554141,-0.99140980510266,-0.109567006657826,0.103162710180333
67.325,0.755675338084454,0.104801184159726,0.0283465759836969,0.99999921434705,-0.0714259714554141,-0.99140980510266,-0.109567006657826,0.103162710180333
67.375,0.760833163966399,0.104801047309551,0.0283464122729386,0.999999237947058,-0.0714259714554141,-0.99140980510266,-0.109567006657826,0.103162710180333
67.425,0.765990997005422,0.104800913166221,0.0283462439938164,0.999999261215147,-0.0714259714554141,-0.99140980510266,-0.109567006657826,0.103162710180333
67.475,0.771148837131142,0.104800781714001,0.0283460713903327,0.99999928414949,-0.0714259714554141,-0.99140980510266,-0.109567006657826,0.103162710180333
67.525,0.776306684273183,0.104800652937152,0.0283458947064901,0.999999306748259,-0.0714259714554141,-0.99140980510266,-0.109567006657826,0.103162710180333
67.575,0.781464538361169,0.104800526819938,0.0283457141862911,0.999999329009627,-0.0714259714554141,-0.99140980510266,-0.109567006657826,0.103162710180333
67.625,0.786622399324724,0.104800403346621,0.0283455300737381,0.999999350931767,-0.0714259714554141,-0.99140980510266,-0.109567006657826,0.103162710180333
67.675,0.79178026709347,0.104800282501465,0.0283453426128337,0.999999372512851,-0.0714259714554141,-0.99140980510266,-0.109567006657826,0.103162710180333
67.725,0.79693814159703,0.104800164268731,0.0283451520475803,0.999999393751053,-0.0714259714554141,-0.99140980510266,-0.109567006657826,0.103162710180333
67.775,0.802096022765026,0.104800048632684,0.0283449586219805,0.999999414644545,-0.0714259714554141,-0.99140980510266,-0.109567006657826,0.103162710180333
67.825,0.807253910527083,0.104799935577584,0.0283447625800367,0.9999994351915,-0.0714259714554141,-0.99140980510266,-0.109567006657826,0.103162710180333
67.875,0.812411804812823,0.104799825087696,0.0283445641657514,0.999999455390091,-0.0714259714554141,-0.99140980510266,-0.109567006657826,0.103162710180333
67.925,0.817569705551871,0.104799717147283,0.0283443636231272,0.99999947523849,-0.0714259714554141,-0.99140980510266,-0.109567006657826,0.103162710180333
67.975,0.822727612673847,0.104799611740606,0.0283441611961665,0.999999494734871,-0.0714259714554141,-0.99140980510266,-0.109567006657826,0.103162710180333
68.025,0.827889931324505,0.104799957352797,0.0283484542207366,0.999999212734231,-0.0714259714554141,-0.99140980510266,-0.109567006657826,0.103162710180333
68.075,0.833047780143838,0.10479985796313,0.0283482536242816,0.999999234131739,-0.0714259714554141,-0.99140980510266,-0.109567006657826,0.103162710180333
68.125,0.838205634227445,0.104799760863212,0.0283480498306413,0.99999925526697,-0.0714259714554141,-0.99140980510266,-0.109567006657826,0.103162710180333
68.175,0.843363493545013,0.104799666028335,0.0283478430288051,0.999999276138194,-0.0714259714554141,-0.99140980510266,-0.109567006657826,0.103162710180333
68.225,0.848521358066225,0.104799573433792,0.0283476334077623,0.999999296743684,-0.0714259714554141,-0.99140980510266,-0.109567006657826,0.103162710180333
68.275,0.853679227760766,0.104799483054877,0.0283474211565024,0.999999317081713,-0.0714259714554141,-0.99140980510266,-0.109567006657826,0.103162710180333
68.325,0.858837102598321,0.104799394866883,0.0283472064640148,0.999999337150551,-0.0714259714554141,-0.99140980510266,-0.109567006657826,0.103162710180333
68.375,0.863994982548577,0.104799308845103,0.0283469895192888,0.999999356948471,-0.0714259714554141,-0.99140980510266,-0.109567006657826,0.103162710180333
68.425,0.869152867581218,0.104799224964829,0.0283467705113139,0.999999376473745,-0.0714259714554141,-0.99140980510266,-0.109567006657826,0.103162710180333
68.475,0.874310757665928,0.104799143201355,0.0283465496290794,0.999999395724644,-0.0714259714554141,-0.99140980510266,-0.109567006657826,0.103162710180333
68.525,0.879468652772393,0.104799063529974,0.0283463270615749,0.999999414699441,-0.0714259714554141,-0.99140980510266,-0.109567006657826,0.103162710180333
68.575,0.884626552870297,0.104798985925979,0.0283461029977896,0.999999433396408,-0.0714259714554141,-0.99140980510266,-0.109567006657826,0.103162710180333
68.625,0.889784457929326,0.104798910364662,0.0283458776267129,0.999999451813816,-0.0714259714554141,-0.99140980510266,-0.109567006657826,0.103162710180333
68.675,0.894942367919166,0.104798836821318,0.0283456511373344,0.999999469949936,-0.0714259714554141,-0.99140980510266,-0.109567006657826,0.103162710180333
68.725,0.9001002828095,0.104798765271239,0.0283454237186433,0.999999487803042,-0.0714259714554141,-0.99140980510266,-0.109567006657826,0.103162710180333
68.775,0.905258202570014,0.104798695689717,0.0283451955596291,0.999999505371406,-0.0714259714554141,-0.99140980510266,-0.109567006657826,0.103162710180333
68.825,0.910416127170393,0.104798628052047,0.0283449668492812,0.999999522653298,-0.0714259714554141,-0.99140980510266,-0.109567006657826,0.103162710180333
68.875,0.915574056580322,0.104798562333521,0.0283447377765889,0.999999539646991,-0.0714259714554141,-0.99140980510266,-0.109567006657826,0.103162710180333
68.925,0.920731990769487,0.104798498509432,0.0283445085305418,0.999999556350756,-0.0714259714554141,-0.99140980510266,-0.109567006657826,0.103162710180333
68.975,0.925889929707571,0.104798436555073,0.0283442793001291,0.999999572762867,-0.0714259714554141,-0.99140980510266,-0.109567006657826,0.103162710180333
69.025,0.931058034053386,0.104790168652843,0.0283562415145588,0.999999540870862,-0.0715356105313567,-0.991402418729668,-0.109562313606783,0.103164114196883
69.075,0.936216124976494,0.104790106349595,0.0283559695591342,0.999999555027167,-0.0715356105313567,-0.991402418729668,-0.109562313606783,0.103164114196883
69.125,0.941374220279201,0.104790045808266,0.0283556967426416,0.999999568930871,-0.0715356105313567,-0.991402418729668,-0.109562313606783,0.103164114196883
69.175,0.946532319879968,0.104789987003392,0.0283554232151864,0.999999582583248,-0.0715356105313567,-0.991402418729668,-0.109562313606783,0.103164114196883
69.225,0.951690423697249,0.104789929909509,0.0283551491268745,0.99999959598557,-0.0715356105313567,-0.991402418729668,-0.109562313606783,0.103164114196883
69.275,0.956848531649503,0.104789874501153,0.0283548746278116,0.999999609139109,-0.0715356105313567,-0.991402418729668,-0.109562313606783,0.103164114196883
69.325,0.962006643655187,0.104789820752859,0.0283545998681032,0.999999622045139,-0.0715356105313567,-0.991402418729668,-0.109562313606783,0.103164114196883
69.375,0.967164759632759,0.104789768639162,0.0283543249978551,0.999999634704931,-0.0715356105313567,-0.991402418729668,-0.109562313606783,0.103164114196883
69.425,0.972322879500679,0.104789718134598,0.028354050167173,0.999999647119759,-0.0715356105313567,-0.991402418729668,-0.109562313606783,0.103164114196883
69.475,0.9774810031774,0.104789669213703,0.0283537755261625,0.999999659290895,-0.0715356105313567,-0.991402418729668,-0.109562313606783,0.103164114196883
69.525,0.982639130581382,0.104789621851012,0.0283535012249294,0.999999671219612,-0.0715356105313567,-0.991402418729668,-0.109562313606783,0.103164114196883
69.575,0.987797261631082,0.10478957602106,0.0283532274135793,0.999999682907182,-0.0715356105313567,-0.991402418729668,-0.109562313606783,0.103164114196883
69.625,0.992955396244959,0.104789531698384,0.028352954242218,0.999999694354878,-0.0715356105313567,-0.991402418729668,-0.109562313606783,0.103164114196883
69.675,0.99811353434147,0.104789488857518,0.028352681860951,0.999999705563973,-0.0715356105313567,-0.991402418729668,-0.109562313606783,0.103164114196883
69.725,1.00327167583907,0.104789447472999,0.0283524104198842,0.999999716535738,-0.0715356105313567,-0.991402418729668,-0.109562313606783,0.103164114196883
69.775,1.00842982065622,0.104789407519361,0.0283521400691231,0.999999727271448,-0.0715356105313567,-0.991402418729668,-0.109562313606783,0.103164114196883
69.825,1.01358796871138,0.104789368971141,0.0283518709587735,0.999999737772374,-0.0715356105313567,-0.991402418729668,-0.109562313606783,0.103164114196883
69.875,1.018746119923,0.104789331802873,0.028351603238941,0.999999748039789,-0.0715356105313567,-0.991402418729668,-0.109562313606783,0.103164114196883
69.925,1.02390427420954,0.104789295989094,0.0283513370597313,0.999999758074966,-0.0715356105313567,-0.991402418729668,-0.109562313606783,0.103164114196883
69.975,1.02906243148946,0.104789261504339,0.0283510725712502,0.999999767879177,-0.0715356105313567,-0.991402418729668,-0.109562313606783,0.103164114196883
70.025,1.03422666208213,0.104784516713961,0.0283582372531864,0.999999717144896,-0.0715671114359237,-0.991400632553437,-0.109557904020492,0.103164811005089
70.075,1.03938486355448,0.104784485307398,0.0283579585544552,0.999999726727656,-0.0715671114359237,-0.991400632553437,-0.109557904020492,0.103164811005089
70.125,1.04454306807628,0.10478445519399,0.028357680461875,0.999999736103621,-0.0715671114359237,-0.991400632553437,-0.109557904020492,0.103164811005089
70.175,1.04970127557218,0.104784426348528,0.0283574030837981,0.999999745274746,-0.0715671114359237,-0.991400632553437,-0.109557904020492,0.103164811005089
70.225,1.05485948596679,0.104784398745803,0.0283571265285765,0.999999754242988,-0.0715671114359237,-0.991400632553437,-0.109557904020492,0.103164811005089
70.275,1.06001769918474,0.104784372360607,0.0283568509045624,0.999999763010301,-0.0715671114359237,-0.991400632553437,-0.109557904020492,0.103164811005089
70.325,1.06517591515067,0.104784347167731,0.0283565763201079,0.99999977157864,-0.0715671114359237,-0.991400632553437,-0.109557904020492,0.103164811005089
70.375,1.07033413378921,0.104784323141966,0.0283563028835651,0.999999779949962,-0.0715671114359237,-0.991400632553437,-0.109557904020492,0.103164811005089
70.425,1.07549235502498,0.104784300258104,0.0283560307032862,0.99999978812622,-0.0715671114359237,-0.991400632553437,-0.109557904020492,0.103164811005089
70.475,1.0806505787826,0.104784278490936,0.0283557598876233,0.99999979610937,-0.0715671114359237,-0.991400632553437,-0.109557904020492,0.103164811005089
70.525,1.08580880498672,0.104784257815253,0.0283554905449285,0.999999803901368,-0.0715671114359237,-0.991400632553437,-0.109557904020492,0.103164811005089
70.575,1.09096703356196,0.104784238205848,0.0283552227835539,0.999999811504169,-0.0715671114359237,-0.991400632553437,-0.109557904020492,0.103164811005089
70.625,1.09612526443294,0.10478421963751,0.0283549567118518,0.999999818919727,-0.0715671114359237,-0.991400632553437,-0.109557904020492,0.103164811005089
70.675,1.1012834975243,0.104784202085032,0.0283546924381742,0.999999826149999,-0.0715671114359237,-0.991400632553437,-0.109557904020492,0.103164811005089
70.725,1.10644173276066,0.104784185523204,0.0283544300708732,0.999999833196939,-0.0715671114359237,-0.991400632553437,-0.109557904020492,0.103164811005089
70.775,1.11159997006665,0.104784169926819,0.028354169718301,0.999999840062503,-0.0715671114359237,-0.991400632553437,-0.109557904020492,0.103164811005089
70.825,1.11675820936691,0.104784155270667,0.0283539114888097,0.999999846748645,-0.0715671114359237,-0.991400632553437,-0.109557904020492,0.103164811005089
70.875,1.12191645058606,0.104784141529541,0.0283536554907514,0.999999853257322,-0.0715671114359237,-0.991400632553437,-0.109557904020492,0.103164811005089
70.925,1.12707469364873,0.10478412867823,0.0283534018324784,0.999999859590489,-0.0715671114359237,-0.991400632553437,-0.109557904020492,0.103164811005089
70.975,1.13223293847955,0.104784116691527,0.0283531506223426,0.999999865750099,-0.0715671114359237,-0.991400632553437,-0.109557904020492,0.103164811005089
71.025,1.13739118500317,0.104784105544223,0.0283529019685124,0.999999871738113,-0.0715671114359237,-0.991400632553437,-0.109557904020492,0.103164811005089
71.075,1.14254943314482,0.104784095211119,0.0283526559749263,0.999999877556561,-0.0715671114359237,-0.991400632553437,-0.109557904020492,0.103164811005089
71.125,1.14770768283033,0.104784085667023,0.0283524127412935,0.999999883207543,-0.0715671114359237,-0.991400632553437,-0.109557904020492,0.103164811005089
71.175,1.15286593398553,0.104784076886744,0.0283521723671389,0.999999888693165,-0.0715671114359237,-0.991400632553437,-0.109557904020492,0.103164811005089
71.225,1.15802418653627,0.104784068845091,0.0283519349519879,0.999999894015533,-0.0715671114359237,-0.991400632553437,-0.109557904020492,0.103164811005089
71.275,1.16318244040839,0.104784061516872,0.0283517005953655,0.999999899176751,-0.0715671114359237,-0.991400632553437,-0.109557904020492,0.103164811005089
71.325,1.16834069552772,0.104784054876897,0.0283514693967969,0.999999904178924,-0.0715671114359237,-0.991400632553437,-0.109557904020492,0.103164811005089
71.375,1.17349895182011,0.104784048899975,0.0283512414558072,0.999999909024158,-0.0715671114359237,-0.991400632553437,-0.109557904020492,0.103164811005089
71.425,1.1786572092114,0.104784043560914,0.0283510168719215,0.999999913714558,-0.0715671114359237,-0.991400632553437,-0.109557904020492,0.103164811005089
71.475,1.18381546762743,0.104784038834524,0.028350795744665,0.999999918252228,-0.0715671114359237,-0.991400632553437,-0.109557904020492,0.103164811005089
71.525,1.18897372699404,0.104784034695614,0.0283505781735629,0.999999922639273,-0.0715671114359237,-0.991400632553437,-0.109557904020492,0.103164811005089
71.575,1.19413198723708,0.104784031118991,0.0283503642581402,0.9999999268778,-0.0715671114359237,-0.991400632553437,-0.109557904020492,0.103164811005089
71.625,1.19929024828238,0.104784028079466,0.0283501540979221,0.999999930969912,-0.0715671114359237,-0.991400632553437,-0.109557904020492,0.103164811005089
71.675,1.20444851005578,0.104784025551848,0.0283499477924337,0.999999934917715,-0.0715671114359237,-0.991400632553437,-0.109557904020492,0.103164811005089
71.725,1.20960677248313,0.104784023510944,0.0283497454412003,0.999999938723314,-0.0715671114359237,-0.991400632553437,-0.109557904020492,0.103164811005089
71.775,1.21476503549027,0.104784021931564,0.0283495471437468,0.999999942388814,-0.0715671114359237,-0.991400632553437,-0.109557904020492,0.103164811005089
71.825,1.21992329900303,0.104784020788517,0.0283493529995985,0.99999994591632,-0.0715671114359237,-0.991400632553437,-0.109557904020492,0.103164811005089
71.875,1.22508156294727,0.104784020056613,0.0283491631082805,0.999999949307937,-0.0715671114359237,-0.991400632553437,-0.109557904020492,0.103164811005089
71.925,1.23023982724881,0.104784019710659,0.028348977569318,0.999999952565771,-0.0715671114359237,-0.991400632553437,-0.109557904020492,0.103164811005089
71.975,1.23539809183351,0.104784019725465,0.028348796482236,0.999999955691926,-0.0715671114359237,-0.991400632553437,-0.109557904020492,0.103164811005089
72.025,1.24056399681768,0.104778984038207,0.0283583197117919,0.999999950890291,-0.0716025989458182,-0.991398484595852,-0.10955415357371,0.103165647044962
72.075,1.24572232339872,0.104778989840117,0.0283580913921545,0.999999953953906,-0.0716025989458182,-0.991398484595852,-0.10955415357371,0.103165647044962
72.125,1.25088065107986,0.104778996204011,0.0283578650251302,0.999999956898463,-0.0716025989458182,-0.991398484595852,-0.10955415357371,0.103165647044962
72.175,1.25603897980737,0.10477900311008,0.0283576406550033,0.999999959726204,-0.0716025989458182,-0.991398484595852,-0.10955415357371,0.103165647044962
72.225,1.26119730952749,0.104779010538512,0.0283574183260581,0.999999962439373,-0.0716025989458182,-0.991398484595852,-0.10955415357371,0.103165647044962
72.275,1.2663556401865,0.1047790184695,0.0283571980825789,0.999999965040211,-0.0716025989458182,-0.991398484595852,-0.10955415357371,0.103165647044962
72.325,1.27151397173064,0.104779026883232,0.02835697996885,0.999999967530961,-0.0716025989458182,-0.991398484595852,-0.10955415357371,0.103165647044962
72.375,1.27667230410618,0.1047790357599,0.0283567640291556,0.999999969913867,-0.0716025989458182,-0.991398484595852,-0.10955415357371,0.103165647044962
72.425,1.28183063725938,0.104779045079694,0.0283565503077801,0.999999972191169,-0.0716025989458182,-0.991398484595852,-0.10955415357371,0.103165647044962
72.475,1.28698897113648,0.104779054822803,0.0283563388490077,0.999999974365112,-0.0716025989458182,-0.991398484595852,-0.10955415357371,0.103165647044962
72.525,1.29214730568375,0.10477906496942,0.0283561296971227,0.999999976437937,-0.0716025989458182,-0.991398484595852,-0.10955415357371,0.103165647044962
72.575,1.29730564084746,0.104779075499733,0.0283559228964094,0.999999978411888,-0.0716025989458182,-0.991398484595852,-0.10955415357371,0.103165647044962
72.625,1.30246397657384,0.104779086393933,0.028355718491152,0.999999980289206,-0.0716025989458182,-0.991398484595852,-0.10955415357371,0.103165647044962
72.675,1.30762231280918,0.104779097632211,0.0283555165256349,0.999999982072134,-0.0716025989458182,-0.991398484595852,-0.10955415357371,0.103165647044962
72.725,1.31278064949971,0.104779109194757,0.0283553170441423,0.999999983762916,-0.0716025989458182,-0.991398484595852,-0.10955415357371,0.103165647044962
72.775,1.3179389865917,0.104779121061761,0.0283551200909585,0.999999985363793,-0.0716025989458182,-0.991398484595852,-0.10955415357371,0.103165647044962
72.825,1.32309732403141,0.104779133213413,0.0283549257103679,0.999999986877007,-0.0716025989458182,-0.991398484595852,-0.10955415357371,0.103165647044962
72.875,1.3282556617651,0.104779145629905,0.0283547339466546,0.999999988304803,-0.0716025989458182,-0.991398484595852,-0.10955415357371,0.103165647044962
72.925,1.33341399973903,0.104779158291426,0.0283545448441029,0.999999989649421,-0.0716025989458182,-0.991398484595852,-0.10955415357371,0.103165647044962
72.975,1.33857233789944,0.104779171178166,0.0283543584469973,0.999999990913105,-0.0716025989458182,-0.991398484595852,-0.10955415357371,0.103165647044962
73.025,1.34373067619265,0.10477918427033,0.0283541747994962,0.999999992098098,-0.0716025989458182,-0.991398484595852,-0.10955415357371,0.103165647044962
73.075,1.34888901456612,0.104779197548437,0.0283539939428701,0.999999993206643,-0.0716025989458182,-0.991398484595852,-0.10955415357371,0.103165647044962
73.125,1.35404735296844,0.104779210993324,0.0283538159155007,0.999999994240989,-0.0716025989458182,-0.991398484595852,-0.10955415357371,0.103165647044962
73.175,1.35920569134826,0.104779224585837,0.0283536407556443,0.99999999520338,-0.0716025989458182,-0.991398484595852,-0.10955415357371,0.103165647044962
73.225,1.36436402965422,0.104779238306827,0.0283534685015572,0.999999996096065,-0.0716025989458182,-0.991398484595852,-0.10955415357371,0.103165647044962
73.275,1.36952236783497,0.104779252137143,0.0283532991914956,0.999999996921289,-0.0716025989458182,-0.991398484595852,-0.10955415357371,0.103165647044962
73.325,1.37468070583917,0.104779266057634,0.0283531328637158,0.9999999976813,-0.0716025989458182,-0.991398484595852,-0.10955415357371,0.103165647044962
73.375,1.37983904361546,0.104779280049148,0.028352969556474,0.999999998378345,-0.0716025989458182,-0.991398484595852,-0.10955415357371,0.103165647044962
73.425,1.38499738111248,0.104779294092534,0.0283528093080266,0.999999999014669,-0.0716025989458182,-0.991398484595852,-0.10955415357371,0.103165647044962
73.475,1.39015571827889,0.104779308168643,0.0283526521566296,0.99999999959252,-0.0716025989458182,-0.991398484595852,-0.10955415357371,0.103165647044962
73.525,1.39531405506332,0.104779322258321,0.0283524981405395,1.00000000011414,-0.0716025989458182,-0.991398484595852,-0.10955415357371,0.103165647044962
73.575,1.40047239141444,0.10477933634242,0.0283523472980124,1.00000000058179,-0.0716025989458182,-0.991398484595852,-0.10955415357371,0.103165647044962
73.625,1.40563072728088,0.104779350401787,0.0283521996673047,1.0000000009977,-0.0716025989458182,-0.991398484595852,-0.10955415357371,0.103165647044962
73.675,1.4107890626113,0.104779364417271,0.0283520552866725,1.00000000136412,-0.0716025989458182,-0.991398484595852,-0.10955415357371,0.103165647044962
73.725,1.41594739735434,0.104779378369722,0.0283519141943721,1.00000000168331,-0.0716025989458182,-0.991398484595852,-0.10955415357371,0.103165647044962
73.775,1.42110573145864,0.104779392239988,0.0283517764286599,1.0000000019575,-0.0716025989458182,-0.991398484595852,-0.10955415357371,0.103165647044962
73.825,1.42626406487287,0.104779406008919,0.0283516420277919,1.00000000218895,-0.0716025989458182,-0.991398484595852,-0.10955415357371,0.103165647044962
73.875,1.43142239754565,0.104779419657364,0.0283515110300246,1.00000000237989,-0.0716025989458182,-0.991398484595852,-0.10955415357371,0.103165647044962
73.925,1.43658072942566,0.104779433166171,0.0283513834736141,1.00000000253258,-0.0716025989458182,-0.991398484595852,-0.10955415357371,0.103165647044962
73.975,1.44173906046152,0.104779446516189,0.0283512593968168,1.00000000264927,-0.0716025989458182,-0.991398484595852,-0.10955415357371,0.103165647044962
74.025,1.4468973906019,0.104779459688274,0.0283511388378444,1.0000000027322,-0.0716025989458182,-0.991398484595852,-0.10955415357371,0.103165647044962
74.075,1.45205571979595,0.104779472663415,0.0283510218338884,1.00000000278361,-0.0716025989458182,-0.991398484595852,-0.10955415357371,0.103165647044962
74.125,1.45721404799324,0.104779485422739,0.0283509084211197,1.00000000280574,-0.0716025989458182,-0.991398484595852,-0.10955415357371,0.103165647044962
74.175,1.46237237514339,0.104779497947376,0.0283507986356646,1.00000000280085,-0.0716025989458182,-0.991398484595852,-0.10955415357371,0.103165647044962
74.225,1.46753070119602,0.104779510218458,0.0283506925136498,1.00000000277115,-0.0716025989458182,-0.991398484595852,-0.10955415357371,0.103165647044962
74.275,1.47268902610073,0.104779522217116,0.0283505900912018,1.00000000271891,-0.0716025989458182,-0.991398484595852,-0.10955415357371,0.103165647044962
74.325,1.47784734980714,0.104779533924482,0.0283504914044469,1.00000000264635,-0.0716025989458182,-0.991398484595852,-0.10955415357371,0.103165647044962
74.375,1.48300567226486,0.104779545321688,0.0283503964895117,1.00000000255572,-0.0716025989458182,-0.991398484595852,-0.10955415357371,0.103165647044962
74.425,1.4881639934235,0.104779556389864,0.0283503053825227,1.00000000244926,-0.0716025989458182,-0.991398484595852,-0.10955415357371,0.103165647044962
74.475,1.49332231323267,0.104779567110143,0.0283502181196064,1.0000000023292,-0.0716025989458182,-0.991398484595852,-0.10955415357371,0.103165647044962
74.525,1.49848063164199,0.104779577463655,0.0283501347368893,1.0000000021978,-0.0716025989458182,-0.991398484595852,-0.10955415357371,0.103165647044962
74.575,1.50363894860106,0.104779587431532,0.0283500552704978,1.00000000205729,-0.0716025989458182,-0.991398484595852,-0.10955415357371,0.103165647044962
74.625,1.50879726405951,0.104779596994906,0.0283499797565585,1.00000000190991,-0.0716025989458182,-0.991398484595852,-0.10955415357371,0.103165647044962
74.675,1.51395557796693,0.104779606134908,0.0283499082311979,1.0000000017579,-0.0716025989458182,-0.991398484595852,-0.10955415357371,0.103165647044962
74.725,1.51911389027295,0.104779614832668,0.0283498407305424,1.0000000016035,-0.0716025989458182,-0.991398484595852,-0.10955415357371,0.103165647044962
74.775,1.52427220092718,0.10477962306932,0.0283497772907185,1.00000000144895,-0.0716025989458182,-0.991398484595852,-0.10955415357371,0.103165647044962
74.825,1.52943050987922,0.104779630825994,0.0283497179478528,1.0000000012965,-0.0716025989458182,-0.991398484595852,-0.10955415357371,0.103165647044962
74.875,1.53458881707869,0.104779638083822,0.0283496627380717,1.00000000114839,-0.0716025989458182,-0.991398484595852,-0.10955415357371,0.103165647044962
74.925,1.5397471224752,0.104779644823934,0.0283496116975018,1.00000000100684,-0.0716025989458182,-0.991398484595852,-0.10955415357371,0.103165647044962
74.975,1.54490542601837,0.104779651027463,0.0283495648622694,1.00000000087412,-0.0716025989458182,-0.991398484595852,-0.10955415357371,0.103165647044962
75.025,1.55006372766086,0.104779656676522,0.0283495222633115,1.00000000075239,-0.0716025989458182,-0.991398484595852,-0.10955415357371,0.103165647044962
75.075,1.55522202742571,0.104779661775798,0.0283494838122032,1.00000000064247,-0.0716025989458182,-0.991398484595852,-0.10955415357371,0.103165647044962
75.125,1.56038032540629,0.104779666352554,0.0283494493011576,1.00000000054382,-0.0716025989458182,-0.991398484595852,-0.10955415357371,0.103165647044962
75.175,1.56553862169907,0.104779670435035,0.0283494185171985,1.00000000045582,-0.0716025989458182,-0.991398484595852,-0.10955415357371,0.103165647044962
75.225,1.57069691640048,0.104779674051484,0.0283493912473494,1.00000000037786,-0.0716025989458182,-0.991398484595852,-0.10955415357371,0.103165647044962
75.275,1.57585520960696,0.104779677230146,0.028349367278634,1.00000000030934,-0.0716025989458182,-0.991398484595852,-0.10955415357371,0.103165647044962
75.325,1.58101350141498,0.104779679999266,0.028349346398076,1.00000000024965,-0.0716025989458182,-0.991398484595852,-0.10955415357371,0.103165647044962
75.375,1.58617179192097,0.104779682387088,0.0283493283926989,1.00000000019818,-0.0716025989458182,-0.991398484595852,-0.10955415357371,0.103165647044962
75.425,1.59133008122138,0.104779684421856,0.0283493130495264,1.00000000015432,-0.0716025989458182,-0.991398484595852,-0.10955415357371,0.103165647044962
75.475,1.59648836941265,0.104779686131814,0.0283493001555822,1.00000000011746,-0.0716025989458182,-0.991398484595852,-0.10955415357371,0.103165647044962
75.525,1.60164665659124,0.104779687545206,0.0283492894978898,1.000000000087,-0.0716025989458182,-0.991398484595852,-0.10955415357371,0.103165647044962
75.575,1.60680494285359,0.104779688690278,0.0283492808634729,1.00000000006232,-0.0716025989458182,-0.991398484595852,-0.10955415357371,0.103165647044962
75.625,1.61196322829614,0.104779689595273,0.0283492740393551,1.00000000004281,-0.0716025989458182,-0.991398484595852,-0.10955415357371,0.103165647044962
75.675,1.61712151301534,0.104779690288435,0.0283492688125601,1.00000000002787,-0.0716025989458182,-0.991398484595852,-0.10955415357371,0.103165647044962
75.725,1.62227979710765,0.10477969079801,0.0283492649701114,1.00000000001688,-0.0716025989458182,-0.991398484595852,-0.10955415357371,0.103165647044962
75.775,1.62743808066949,0.104779691152241,0.0283492622990328,1.00000000000925,-0.0716025989458182,-0.991398484595852,-0.10955415357371,0.103165647044962
75.825,1.63259636379733,0.104779691379372,0.0283492605863479,1.00000000000435,-0.0716025989458182,-0.991398484595852,-0.10955415357371,0.103165647044962
75.875,1.6377546465876,0.104779691507648,0.0283492596190802,1.00000000000159,-0.0716025989458182,-0.991398484595852,-0.10955415357371,0.103165647044962
75.925,1.64291292913677,0.104779691565314,0.0283492591842535,1.00000000000034,-0.0716025989458182,-0.991398484595852,-0.10955415357371,0.103165647044962
75.975,1.64807121154126,0.104779691580613,0.0283492590688913,1.00000000000001,-0.0716025989458182,-0.991398484595852,-0.10955415357371,0.103165647044962
76.025,1.65322949389551,0.104779691581201,0.0283492590644543,1,-0.0716025989458182,-0.991398484595852,-0.10955415357371,0.103165647044962
76.075,1.65838777624776,0.104779691581201,0.0283492590644543,1,-0.0716025989458182,-0.991398484595852,-0.10955415357371,0.103165647044962
76.125,1.66354605860001,0.104779691581201,0.0283492590644543,1,-0.0716025989458182,-0.991398484595852,-0.10955415357371,0.103165647044962
76.175,1.66870434095226,0.104779691581201,0.0283492590644543,1,-0.0716025989458182,-0.991398484595852,-0.10955415357371,0.103165647044962
76.225,1.67386262330451,0.104779691581201,0.0283492590644543,1,-0.0716025989458182,-0.991398484595852,-0.10955415357371,0.103165647044962
76.275,1.67902090565675,0.104779691581201,0.0283492590644543,1,-0.0716025989458182,-0.991398484595852,-0.10955415357371,0.103165647044962
76.325,1.684179188009,0.104779691581201,0.0283492590644543,1,-0.0716025989458182,-0.991398484595852,-0.10955415357371,0.103165647044962
76.375,1.68933747036125,0.104779691581201,0.0283492590644543,1,-0.0716025989458182,-0.991398484595852,-0.10955415357371,0.103165647044962
76.425,1.6944957527135,0.104779691581201,0.0283492590644543,1,-0.0716025989458182,-0.991398484595852,-0.10955415357371,0.103165647044962
76.475,1.69965403506575,0.104779691581201,0.0283492590644543,1,-0.0716025989458182,-0.991398484595852,-0.10955415357371,0.103165647044962
76.525,1.70481231741799,0.104779691581201,0.0283492590644543,1,-0.0716025989458182,-0.991398484595852,-0.10955415357371,0.103165647044962
76.575,1.70997059977024,0.104779691581201,0.0283492590644543,1,-0.0716025989458182,-0.991398484595852,-0.10955415357371,0.103165647044962
76.625,1.71512888212249,0.104779691581201,0.0283492590644543,1,-0.0716025989458182,-0.991398484595852,-0.10955415357371,0.103165647044962
76.675,1.72028716447474,0.104779691581201,0.0283492590644543,1,-0.0716025989458182,-0.991398484595852,-0.10955415357371,0.103165647044962
76.725,1.72544544682699,0.104779691581201,0.0283492590644543,1,-0.0716025989458182,-0.991398484595852,-0.10955415357371,0.103165647044962
76.775,1.73060372917923,0.104779691581201,0.0283492590644543,1,-0.0716025989458182,-0.991398484595852,-0.10955415357371,0.103165647044962
76.825,1.73576201153148,0.104779691581201,0.0283492590644543,1,-0.0716025989458182,-0.991398484595852,-0.10955415357371,0.103165647044962
76.875,1.74092029388373,0.104779691581201,0.0283492590644543,1,-0.0716025989458182,-0.991398484595852,-0.10955415357371,0.103165647044962
76.925,1.74607857623598,0.104779691581201,0.0283492590644543,1,-0.0716025989458182,-0.991398484595852,-0.10955415357371,0.103165647044962
76.975,1.75123685858823,0.104779691581201,0.0283492590644543,1,-0.0716025989458182,-0.991398484595852,-0.10955415357371,0.103165647044962
77.025,1.75639514094047,0.104779691581201,0.0283492590644543,1,-0.0716025989458182,-0.991398484595852,-0.10955415357371,0.103165647044962
77.075,1.76155342329272,0.104779691581201,0.0283492590644543,1,-0.0716025989458182,-0.991398484595852,-0.10955415357371,0.103165647044962
77.125,1.76671170564497,0.104779691581201,0.0283492590644543,1,-0.0716025989458182,-0.991398484595852,-0.10955415357371,0.103165647044962
77.175,1.77186998799722,0.104779691581201,0.0283492590644543,1,-0.0716025989458182,-0.991398484595852,-0.10955415357371,0.103165647044962
77.225,1.77702827034947,0.104779691581201,0.0283492590644543,1,-0.0716025989458182,-0.991398484595852,-0.10955415357371,0.103165647044962
77.275,1.78218655270171,0.104779691581201,0.0283492590644543,1,-0.0716025989458182,-0.991398484595852,-0.10955415357371,0.103165647044962
77.325,1.78734483505396,0.104779691581201,0.0283492590644543,1,-0.0716025989458182,-0.991398484595852,-0.10955415357371,0.103165647044962
77.375,1.79250311740621,0.104779691581201,0.0283492590644543,1,-0.0716025989458182,-0.991398484595852,-0.10955415357371,0.103165647044962
77.425,1.79766139975846,0.104779691581201,0.0283492590644543,1,-0.0716025989458182,-0.991398484595852,-0.10955415357371,0.103165647044962
77.475,1.80281968211071,0.104779691581201,0.0283492590644543,1,-0.0716025989458182,-0.991398484595852,-0.10955415357371,0.103165647044962
77.525,1.80797796446296,0.104779691581201,0.0283492590644543,1,-0.0716025989458182,-0.991398484595852,-0.10955415357371,0.103165647044962
77.575,1.8131362468152,0.104779691581201,0.0283492590644543,1,-0.0716025989458182,-0.991398484595852,-0.10955415357371,0.103165647044962
77.625,1.81829452916745,0.104779691581201,0.0283492590644543,1,-0.0716025989458182,-0.991398484595852,-0.10955415357371,0.103165647044962
77.675,1.8234528115197,0.104779691581201,0.0283492590644543,1,-0.0716025989458182,-0.991398484595852,-0.10955415357371,0.103165647044962
77.725,1.82861109387195,0.104779691581201,0.0283492590644543,1,-0.0716025989458182,-0.991398484595852,-0.10955415357371,0.103165647044962
77.775,1.8337693762242,0.104779691581201,0.0283492590644543,1,-0.0716025989458182,-0.991398484595852,-0.10955415357371,0.103165647044962
77.825,1.83892765857644,0.104779691581201,0.0283492590644543,1,-0.0716025989458182,-0.991398484595852,-0.10955415357371,0.103165647044962
77.875,1.84408594092869,0.104779691581201,0.0283492590644543,1,-0.0716025989458182,-0.991398484595852,-0.10955415357371,0.103165647044962
77.925,1.84924422328094,0.104779691581201,0.0283492590644543,1,-0.0716025989458182,-0.991398484595852,-0.10955415357371,0.103165647044962
77.975,1.85440250563319,0.104779691581201,0.0283492590644543,1,-0.0716025989458182,-0.991398484595852,-0.10955415357371,0.103165647044962
78.025,1.85956078798544,0.104779691581201,0.0283492590644543,1,-0.0716025989458182,-0.991398484595852,-0.10955415357371,0.103165647044962
78.075,1.86471907033768,0.104779691581201,0.0283492590644543,1,-0.0716025989458182,-0.991398484595852,-0.10955415357371,0.103165647044962
78.125,1.86987735268993,0.104779691581201,0.0283492590644543,1,-0.0716025989458182,-0.991398484595852,-0.10955415357371,0.103165647044962
78.175,1.87503563504218,0.104779691581201,0.0283492590644543,1,-0.0716025989458182,-0.991398484595852,-0.10955415357371,0.103165647044962
78.225,1.88019391739443,0.104779691581201,0.0283492590644543,1,-0.0716025989458182,-0.991398484595852,-0.10955415357371,0.103165647044962
78.275,1.88535219974668,0.104779691581201,0.0283492590644543,1,-0.0716025989458182,-0.991398484595852,-0.10955415357371,0.103165647044962
78.325,1.89051048209892,0.104779691581201,0.0283492590644543,1,-0.0716025989458182,-0.991398484595852,-0.10955415357371,0.103165647044962
78.375,1.89566876445117,0.104779691581201,0.0283492590644543,1,-0.0716025989458182,-0.991398484595852,-0.10955415357371,0.103165647044962
78.425,1.90082704680342,0.104779691581201,0.0283492590644543,1,-0.0716025989458182,-0.991398484595852,-0.10955415357371,0.103165647044962
78.475,1.90598532915567,0.104779691581201,0.0283492590644543,1,-0.0716025989458182,-0.991398484595852,-0.10955415357371,0.103165647044962
78.525,1.91114361150792,0.104779691581201,0.0283492590644543,1,-0.0716025989458182,-0.991398484595852,-0.10955415357371,0.103165647044962
78.575,1.91630189386016,0.104779691581201,0.0283492590644543,1,-0.0716025989458182,-0.991398484595852,-0.10955415357371,0.103165647044962
78.625,1.92146017621241,0.104779691581201,0.0283492590644543,1,-0.0716025989458182,-0.991398484595852,-0.10955415357371,0.103165647044962
78.675,1.92661845856466,0.104779691581201,0.0283492590644543,1,-0.0716025989458182,-0.991398484595852,-0.10955415357371,0.103165647044962
78.725,1.93177674091691,0.104779691581201,0.0283492590644543,1,-0.0716025989458182,-0.991398484595852,-0.10955415357371,0.103165647044962
78.775,1.93693502326916,0.104779691581201,0.0283492590644543,1,-0.0716025989458182,-0.991398484595852,-0.10955415357371,0.103165647044962
78.825,1.94209330562141,0.104779691581201,0.0283492590644543,1,-0.0716025989458182,-0.991398484595852,-0.10955415357371,0.103165647044962
78.875,1.94725158797365,0.104779691581201,0.0283492590644543,1,-0.0716025989458182,-0.991398484595852,-0.10955415357371,0.103165647044962
78.925,1.9524098703259,0.104779691581201,0.0283492590644543,1,-0.0716025989458182,-0.991398484595852,-0.10955415357371,0.103165647044962
78.975,1.95756815267815,0.104779691581201,0.0283492590644543,1,-0.0716025989458182,-0.991398484595852,-0.10955415357371,0.103165647044962
79.025,1.9627264350304,0.104779691581201,0.0283492590644543,1,-0.0716025989458182,-0.991398484595852,-0.10955415357371,0.103165647044962
79.075,1.96788471738265,0.104779691581201,0.0283492590644543,1,-0.0716025989458182,-0.991398484595852,-0.10955415357371,0.103165647044962
79.125,1.97304299973489,0.104779691581201,0.0283492590644543,1,-0.0716025989458182,-0.991398484595852,-0.10955415357371,0.103165647044962
79.175,1.97820128208714,0.104779691581201,0.0283492590644543,1,-0.0716025989458182,-0.991398484595852,-0.10955415357371,0.103165647044962
79.225,1.98335956443939,0.104779691581201,0.0283492590644543,1,-0.0716025989458182,-0.991398484595852,-0.10955415357371,0.103165647044962
79.275,1.98851784679164,0.104779691581201,0.0283492590644543,1,-0.0716025989458182,-0.991398484595852,-0.10955415357371,0.103165647044962
79.325,1.99367612914389,0.104779691581201,0.0283492590644543,1,-0.0716025989458182,-0.991398484595852,-0.10955415357371,0.103165647044962
79.375,1.99883441149613,0.104779691581201,0.0283492590644543,1,-0.0716025989458182,-0.991398484595852,-0.10955415357371,0.103165647044962
79.425,2.00399269384838,0.104779691581201,0.0283492590644543,1,-0.0716025989458182,-0.991398484595852,-0.10955415357371,0.103165647044962
79.475,2.00915097620063,0.104779691581201,0.0283492590644543,1,-0.0716025989458182,-0.991398484595852,-0.10955415357371,0.103165647044962
79.525,2.01430925855288,0.104779691581201,0.0283492590644543,1,-0.0716025989458182,-0.991398484595852,-0.10955415357371,0.103165647044962
79.575,2.01946754090513,0.104779691581201,0.0283492590644543,1,-0.0716025989458182,-0.991398484595852,-0.10955415357371,0.103165647044962
79.625,2.02462582325737,0.104779691581201,0.0283492590644543,1,-0.0716025989458182,-0.991398484595852,-0.10955415357371,0.103165647044962
79.675,2.02978410560962,0.104779691581201,0.0283492590644543,1,-0.0716025989458182,-0.991398484595852,-0.10955415357371,0.103165647044962
79.725,2.03494238796187,0.104779691581201,0.0283492590644543,1,-0.0716025989458182,-0.991398484595852,-0.10955415357371,0.103165647044962
79.775,2.04010067031412,0.104779691581201,0.0283492590644543,1,-0.0716025989458182,-0.991398484595852,-0.10955415357371,0.103165647044962
79.825,2.04525895266637,0.104779691581201,0.0283492590644543,1,-0.0716025989458182,-0.991398484595852,-0.10955415357371,0.103165647044962
79.875,2.05041723501861,0.104779691581201,0.0283492590644543,1,-0.0716025989458182,-0.991398484595852,-0.10955415357371,0.103165647044962
79.925,2.05557551737086,0.104779691581201,0.0283492590644543,1,-0.0716025989458182,-0.991398484595852,-0.10955415357371,0.103165647044962
79.975,2.06073379972311,0.104779691581201,0.0283492590644543,1,-0.0716025989458182,-0.991398484595852,-0.10955415357371,0.103165647044962
80.025,2.06589742806436,0.104779011120177,0.0283506086032471,1.00000005303541,-0.0716177773463954,-0.99139737526445,-0.109554270965221,0.103165951218859
80.075,2.07105574835901,0.104779020412964,0.0283506061929376,1.0000000516661,-0.0716177773463954,-0.99139737526445,-0.109554270965221,0.103165951218859
80.125,2.07621406825796,0.104779029566344,0.0283506042332385,1.00000005031017,-0.0716177773463954,-0.99139737526445,-0.109554270965221,0.103165951218859
80.175,2.08137238776297,0.104779038580344,0.0283506027114807,1.00000004896785,-0.0716177773463954,-0.99139737526445,-0.109554270965221,0.103165951218859
80.225,2.08653070687576,0.104779047454994,0.0283506016149956,1.00000004763933,-0.0716177773463954,-0.99139737526445,-0.109554270965221,0.103165951218859
80.275,2.09168902559808,0.104779056190321,0.0283506009311143,1.00000004632483,-0.0716177773463954,-0.99139737526445,-0.109554270965221,0.103165951218859
80.325,2.09684734393167,0.104779064786355,0.028350600647168,1.00000004502458,-0.0716177773463954,-0.99139737526445,-0.109554270965221,0.103165951218859
80.375,2.10200566187827,0.104779073243125,0.0283506007504878,1.00000004373878,-0.0716177773463954,-0.99139737526445,-0.109554270965221,0.103165951218859
80.425,2.10716397943961,0.104779081560658,0.0283506012284049,1.00000004246765,-0.0716177773463954,-0.99139737526445,-0.109554270965221,0.103165951218859
80.475,2.11232229661744,0.104779089738984,0.0283506020682505,1.0000000412114,-0.0716177773463954,-0.99139737526445,-0.109554270965221,0.103165951218859
80.525,2.11748061341349,0.10477909777813,0.0283506032573557,1.00000003997025,-0.0716177773463954,-0.99139737526445,-0.109554270965221,0.103165951218859
80.575,2.12263892982951,0.104779105678126,0.0283506047830518,1.00000003874442,-0.0716177773463954,-0.99139737526445,-0.109554270965221,0.103165951218859
80.625,2.12779724586723,0.104779113439001,0.0283506066326698,1.00000003753411,-0.0716177773463954,-0.99139737526445,-0.109554270965221,0.103165951218859
80.675,2.13295556152839,0.104779121060782,0.0283506087935411,1.00000003633954,-0.0716177773463954,-0.99139737526445,-0.109554270965221,0.103165951218859
80.725,2.13811387681474,0.104779128543498,0.0283506112529966,1.00000003516093,-0.0716177773463954,-0.99139737526445,-0.109554270965221,0.103165951218859
80.775,2.14327219172801,0.104779135887179,0.0283506139983677,1.00000003399849,-0.0716177773463954,-0.99139737526445,-0.109554270965221,0.103165951218859
80.825,2.14843050626994,0.104779143091852,0.0283506170169855,1.00000003285243,-0.0716177773463954,-0.99139737526445,-0.109554270965221,0.103165951218859
80.875,2.15358882044226,0.104779150157546,0.0283506202961811,1.00000003172297,-0.0716177773463954,-0.99139737526445,-0.109554270965221,0.103165951218859
80.925,2.15874713424674,0.10477915708429,0.0283506238232857,1.00000003061033,-0.0716177773463954,-0.99139737526445,-0.109554270965221,0.103165951218859
80.975,2.16390544768508,0.104779163872112,0.0283506275856305,1.00000002951472,-0.0716177773463954,-0.99139737526445,-0.109554270965221,0.103165951218859
81.025,2.16906376075906,0.104779170521045,0.0283506315705528,1.00000002843635,-0.0716177773463954,-0.99139737526445,-0.109554270965221,0.103165951218859
81.075,2.17422207347062,0.104779177031216,0.0283506357655295,1.00000002737542,-0.0716177773463954,-0.99139737526445,-0.109554270965221,0.103165951218859
81.125,2.17938038582193,0.104779183402845,0.0283506401581776,1.00000002633211,-0.0716177773463954,-0.99139737526445,-0.109554270965221,0.103165951218859
81.175,2.18453869781516,0.104779189636156,0.0283506447361199,1.00000002530659,-0.0716177773463954,-0.99139737526445,-0.109554270965221,0.103165951218859
81.225,2.18969700945248,0.104779195731373,0.0283506494869793,1.00000002429906,-0.0716177773463954,-0.99139737526445,-0.109554270965221,0.103165951218859
81.275,2.19485532073607,0.104779201688722,0.0283506543983788,1.00000002330969,-0.0716177773463954,-0.99139737526445,-0.109554270965221,0.103165951218859
81.325,2.2000136316681,0.104779207508426,0.0283506594579412,1.00000002233866,-0.0716177773463954,-0.99139737526445,-0.109554270965221,0.103165951218859
81.375,2.20517194225075,0.10477921319071,0.0283506646532894,1.00000002138614,-0.0716177773463954,-0.99139737526445,-0.109554270965221,0.103165951218859
81.425,2.21033025248618,0.104779218735798,0.0283506699720465,1.00000002045233,-0.0716177773463954,-0.99139737526445,-0.109554270965221,0.103165951218859
81.475,2.21548856237658,0.104779224143915,0.0283506754018352,1.00000001953739,-0.0716177773463954,-0.99139737526445,-0.109554270965221,0.103165951218859
81.525,2.2206468719241,0.104779229415284,0.0283506809302785,1.00000001864151,-0.0716177773463954,-0.99139737526445,-0.109554270965221,0.103165951218859
81.575,2.22580518113094,0.104779234550132,0.0283506865449993,1.00000001776487,-0.0716177773463954,-0.99139737526445,-0.109554270965221,0.103165951218859
81.625,2.23096348999925,0.104779239548681,0.0283506922336206,1.00000001690765,-0.0716177773463954,-0.99139737526445,-0.109554270965221,0.103165951218859
81.675,2.23612179853122,0.104779244411157,0.0283506979837651,1.00000001607003,-0.0716177773463954,-0.99139737526445,-0.109554270965221,0.103165951218859
81.725,2.24128010672902,0.104779249137783,0.0283507037830559,1.00000001525218,-0.0716177773463954,-0.99139737526445,-0.109554270965221,0.103165951218859
81.775,2.24643841459481,0.104779253728785,0.0283507096191158,1.00000001445429,-0.0716177773463954,-0.99139737526445,-0.109554270965221,0.103165951218859
81.825,2.25159672213078,0.104779258184385,0.0283507154795677,1.00000001367653,-0.0716177773463954,-0.99139737526445,-0.109554270965221,0.103165951218859
81.875,2.2567550293391,0.10477926250481,0.0283507213520346,1.0000000129191,-0.0716177773463954,-0.99139737526445,-0.109554270965221,0.103165951218859
81.925,2.26191333622193,0.104779266690284,0.0283507272241394,1.00000001218215,-0.0716177773463954,-0.99139737526445,-0.109554270965221,0.103165951218859
81.975,2.26707164278146,0.10477927074103,0.0283507330835049,1.00000001146589,-0.0716177773463954,-0.99139737526445,-0.109554270965221,0.103165951218859
82.025,2.27222994901986,0.104779274657274,0.028350738917757,1.00000001077048,-0.0716177773463954,-0.99139737526445,-0.109554270965221,0.103165951218859
82.075,2.27738825493936,0.104779278439273,0.0283507447145876,1.0000000100961,-0.0716177773463954,-0.99139737526445,-0.109554270965221,0.103165951218859
82.125,2.28254656054229,0.104779282087315,0.0283507504617548,1.00000000944292,-0.0716177773463954,-0.99139737526445,-0.109554270965221,0.103165951218859
82.175,2.28770486583094,0.104779285601688,0.0283507561470194,1.0000000088111,-0.0716177773463954,-0.99139737526445,-0.109554270965221,0.103165951218859
82.225,2.29286317080763,0.104779288982681,0.0283507617581426,1.00000000820081,-0.0716177773463954,-0.99139737526445,-0.109554270965221,0.103165951218859
82.275,2.29802147547467,0.104779292230583,0.0283507672828852,1.00000000761223,-0.0716177773463954,-0.99139737526445,-0.109554270965221,0.103165951218859
82.325,2.30317977983437,0.104779295345682,0.0283507727090081,1.00000000704551,-0.0716177773463954,-0.99139737526445,-0.109554270965221,0.103165951218859
82.375,2.30833808388904,0.104779298328266,0.0283507780242724,1.00000000650083,-0.0716177773463954,-0.99139737526445,-0.109554270965221,0.103165951218859
82.425,2.31349638764098,0.104779301178626,0.0283507832164389,1.00000000597835,-0.0716177773463954,-0.99139737526445,-0.109554270965221,0.103165951218859
82.475,2.31865469109252,0.104779303897049,0.0283507882732687,1.00000000547824,-0.0716177773463954,-0.99139737526445,-0.109554270965221,0.103165951218859
82.525,2.32381299424595,0.104779306483824,0.0283507931825227,1.00000000500066,-0.0716177773463954,-0.99139737526445,-0.109554270965221,0.103165951218859
82.575,2.32897129710359,0.10477930893924,0.0283507979319618,1.0000000045458,-0.0716177773463954,-0.99139737526445,-0.109554270965221,0.103165951218859
82.625,2.33412959966776,0.104779311263585,0.028350802509347,1.00000000411381,-0.0716177773463954,-0.99139737526445,-0.109554270965221,0.103165951218859
82.675,2.33928790194075,0.104779313457149,0.0283508069024392,1.00000000370485,-0.0716177773463954,-0.99139737526445,-0.109554270965221,0.103165951218859
82.725,2.34444620392488,0.104779315520219,0.0283508110989995,1.00000000331911,-0.0716177773463954,-0.99139737526445,-0.109554270965221,0.103165951218859
82.775,2.34960450562246,0.104779317453086,0.0283508150867887,1.00000000295674,-0.0716177773463954,-0.99139737526445,-0.109554270965221,0.103165951218859
82.825,2.3547628070358,0.104779319256037,0.0283508188535677,1.00000000261792,-0.0716177773463954,-0.99139737526445,-0.109554270965221,0.103165951218859
82.875,2.35992110816721,0.104779320929361,0.0283508223870977,1.00000000230281,-0.0716177773463954,-0.99139737526445,-0.109554270965221,0.103165951218859
82.925,2.36507940901901,0.104779322473346,0.0283508256751394,1.00000000201157,-0.0716177773463954,-0.99139737526445,-0.109554270965221,0.103165951218859
82.975,2.37023770959349,0.104779323888283,0.0283508287054539,1.00000000174439,-0.0716177773463954,-0.99139737526445,-0.109554270965221,0.103165951218859
83.025,2.37539600989321,0.104779325174586,0.0283508314663447,1.00000000150139,-0.0716177773463954,-0.99139737526445,-0.109554270965221,0.103165951218859
83.075,2.38055430992617,0.104779326335617,0.0283508339585943,1.00000000128205,-0.0716177773463954,-0.99139737526445,-0.109554270965221,0.103165951218859
83.125,2.38571260970582,0.104779327377678,0.0283508361954646,1.00000000108518,-0.0716177773463954,-0.99139737526445,-0.109554270965221,0.103165951218859
83.175,2.39087090924586,0.104779328307199,0.0283508381907598,1.00000000090958,-0.0716177773463954,-0.99139737526445,-0.109554270965221,0.103165951218859
83.225,2.39602920855998,0.104779329130611,0.0283508399582842,1.00000000075402,-0.0716177773463954,-0.99139737526445,-0.109554270965221,0.103165951218859
83.275,2.40118750766186,0.104779329854346,0.0283508415118421,1.00000000061729,-0.0716177773463954,-0.99139737526445,-0.109554270965221,0.103165951218859
83.325,2.40634580656521,0.104779330484835,0.0283508428652378,1.00000000049818,-0.0716177773463954,-0.99139737526445,-0.109554270965221,0.103165951218859
83.375,2.41150410528372,0.104779331028507,0.0283508440322755,1.00000000039547,-0.0716177773463954,-0.99139737526445,-0.109554270965221,0.103165951218859
83.425,2.41666240383107,0.104779331491793,0.0283508450267596,1.00000000030795,-0.0716177773463954,-0.99139737526445,-0.109554270965221,0.103165951218859
83.475,2.42182070222097,0.104779331881126,0.0283508458624944,1.0000000002344,-0.0716177773463954,-0.99139737526445,-0.109554270965221,0.103165951218859
83.525,2.42697900046709,0.104779332202935,0.0283508465532841,1.0000000001736,-0.0716177773463954,-0.99139737526445,-0.109554270965221,0.103165951218859
83.575,2.43213729858314,0.104779332463651,0.0283508471129331,1.00000000012435,-0.0716177773463954,-0.99139737526445,-0.109554270965221,0.103165951218859
83.625,2.4372955965828,0.104779332669705,0.0283508475552456,1.00000000008542,-0.0716177773463954,-0.99139737526445,-0.109554270965221,0.103165951218859
83.675,2.44245389447978,0.104779332827528,0.0283508478940259,1.00000000005561,-0.0716177773463954,-0.99139737526445,-0.109554270965221,0.103165951218859
83.725,2.44761219228775,0.104779332943551,0.0283508481430783,1.00000000003369,-0.0716177773463954,-0.99139737526445,-0.109554270965221,0.103165951218859
83.775,2.45277049002042,0.104779333024204,0.0283508483162071,1.00000000001845,-0.0716177773463954,-0.99139737526445,-0.109554270965221,0.103165951218859
83.825,2.45792878769147,0.104779333075918,0.0283508484272166,1.00000000000868,-0.0716177773463954,-0.99139737526445,-0.109554270965221,0.103165951218859
83.875,2.4630870853146,0.104779333105125,0.0283508484899111,1.00000000000316,-0.0716177773463954,-0.99139737526445,-0.109554270965221,0.103165951218859
83.925,2.46824538290349,0.104779333118255,0.0283508485180949,1.00000000000068,-0.0716177773463954,-0.99139737526445,-0.109554270965221,0.103165951218859
83.975,2.47340368047185,0.104779333121738,0.0283508485255722,1.00000000000003,-0.0716177773463954,-0.99139737526445,-0.109554270965221,0.103165951218859
84.025,2.47856197803308,0.104779333121872,0.0283508485258598,1,-0.0716177773463954,-0.99139737526445,-0.109554270965221,0.103165951218859
84.075,2.48372027559402,0.104779333121872,0.0283508485258598,1,-0.0716177773463954,-0.99139737526445,-0.109554270965221,0.103165951218859
84.125,2.48887857315497,0.104779333121872,0.0283508485258598,1,-0.0716177773463954,-0.99139737526445,-0.109554270965221,0.103165951218859
84.175,2.49403687071591,0.104779333121872,0.0283508485258598,1,-0.0716177773463954,-0.99139737526445,-0.109554270965221,0.103165951218859
84.225,2.49919516827685,0.104779333121872,0.0283508485258598,1,-0.0716177773463954,-0.99139737526445,-0.109554270965221,0.103165951218859
84.275,2.5043534658378,0.104779333121872,0.0283508485258598,1,-0.0716177773463954,-0.99139737526445,-0.109554270965221,0.103165951218859
84.325,2.50951176339874,0.104779333121872,0.0283508485258598,1,-0.0716177773463954,-0.99139737526445,-0.109554270965221,0.103165951218859
84.375,2.51467006095968,0.104779333121872,0.0283508485258598,1,-0.0716177773463954,-0.99139737526445,-0.109554270965221,0.103165951218859
84.425,2.51982835852063,0.104779333121872,0.0283508485258598,1,-0.0716177773463954,-0.99139737526445,-0.109554270965221,0.103165951218859
84.475,2.52498665608157,0.104779333121872,0.0283508485258598,1,-0.0716177773463954,-0.99139737526445,-0.109554270965221,0.103165951218859
84.525,2.53014495364251,0.104779333121872,0.0283508485258598,1,-0.0716177773463954,-0.99139737526445,-0.109554270965221,0.103165951218859
84.575,2.53530325120345,0.104779333121872,0.0283508485258598,1,-0.0716177773463954,-0.99139737526445,-0.109554270965221,0.103165951218859
84.625,2.5404615487644,0.104779333121872,0.0283508485258598,1,-0.0716177773463954,-0.99139737526445,-0.109554270965221,0.103165951218859
84.675,2.54561984632534,0.104779333121872,0.0283508485258598,1,-0.0716177773463954,-0.99139737526445,-0.109554270965221,0.103165951218859
84.725,2.55077814388628,0.104779333121872,0.0283508485258598,1,-0.0716177773463954,-0.99139737526445,-0.109554270965221,0.103165951218859
84.775,2.55593644144723,0.104779333121872,0.0283508485258598,1,-0.0716177773463954,-0.99139737526445,-0.109554270965221,0.103165951218859
84.825,2.56109473900817,0.104779333121872,0.0283508485258598,1,-0.0716177773463954,-0.99139737526445,-0.109554270965221,0.103165951218859
84.875,2.56625303656911,0.104779333121872,0.0283508485258598,1,-0.0716177773463954,-0.99139737526445,-0.109554270965221,0.103165951218859
84.925,2.57141133413005,0.104779333121872,0.0283508485258598,1,-0.0716177773463954,-0.99139737526445,-0.109554270965221,0.103165951218859
84.975,2.576569631691,0.104779333121872,0.0283508485258598,1,-0.0716177773463954,-0.99139737526445,-0.109554270965221,0.103165951218859
85.025,2.58172792925194,0.104779333121872,0.0283508485258598,1,-0.0716177773463954,-0.99139737526445,-0.109554270965221,0.103165951218859
85.075,2.58688622681288,0.104779333121872,0.0283508485258598,1,-0.0716177773463954,-0.99139737526445,-0.109554270965221,0.103165951218859
85.125,2.59204452437383,0.104779333121872,0.0283508485258598,1,-0.0716177773463954,-0.99139737526445,-0.109554270965221,0.103165951218859
85.175,2.59720282193477,0.104779333121872,0.0283508485258598,1,-0.0716177773463954,-0.99139737526445,-0.109554270965221,0.103165951218859
85.225,2.60236111949571,0.104779333121872,0.0283508485258598,1,-0.0716177773463954,-0.99139737526445,-0.109554270965221,0.103165951218859
85.275,2.60751941705665,0.104779333121872,0.0283508485258598,1,-0.0716177773463954,-0.99139737526445,-0.109554270965221,0.103165951218859
85.325,2.6126777146176,0.104779333121872,0.0283508485258598,1,-0.0716177773463954,-0.99139737526445,-0.109554270965221,0.103165951218859
85.375,2.61783601217854,0.104779333121872,0.0283508485258598,1,-0.0716177773463954,-0.99139737526445,-0.109554270965221,0.103165951218859
85.425,2.62299430973948,0.104779333121872,0.0283508485258598,1,-0.0716177773463954,-0.99139737526445,-0.109554270965221,0.103165951218859
85.475,2.62815260730043,0.104779333121872,0.0283508485258598,1,-0.0716177773463954,-0.99139737526445,-0.109554270965221,0.103165951218859
85.525,2.63331090486137,0.104779333121872,0.0283508485258598,1,-0.0716177773463954,-0.99139737526445,-0.109554270965221,0.103165951218859
85.575,2.63846920242231,0.104779333121872,0.0283508485258598,1,-0.0716177773463954,-0.99139737526445,-0.109554270965221,0.103165951218859
85.625,2.64362749998325,0.104779333121872,0.0283508485258598,1,-0.0716177773463954,-0.99139737526445,-0.109554270965221,0.103165951218859
85.675,2.6487857975442,0.104779333121872,0.0283508485258598,1,-0.0716177773463954,-0.99139737526445,-0.109554270965221,0.103165951218859
85.725,2.65394409510514,0.104779333121872,0.0283508485258598,1,-0.0716177773463954,-0.99139737526445,-0.109554270965221,0.103165951218859
85.775,2.65910239266608,0.104779333121872,0.0283508485258598,1,-0.0716177773463954,-0.99139737526445,-0.109554270965221,0.103165951218859
85.825,2.66426069022703,0.104779333121872,0.0283508485258598,1,-0.0716177773463954,-0.99139737526445,-0.109554270965221,0.103165951218859
85.875,2.66941898778797,0.104779333121872,0.0283508485258598,1,-0.0716177773463954,-0.99139737526445,-0.109554270965221,0.103165951218859
85.925,2.67457728534891,0.104779333121872,0.0283508485258598,1,-0.0716177773463954,-0.99139737526445,-0.109554270965221,0.103165951218859
85.975,2.67973558290986,0.104779333121872,0.0283508485258598,1,-0.0716177773463954,-0.99139737526445,-0.109554270965221,0.103165951218859
86.025,2.6848938804708,0.104779333121872,0.0283508485258598,1,-0.0716177773463954,-0.99139737526445,-0.109554270965221,0.103165951218859
86.075,2.69005217803174,0.104779333121872,0.0283508485258598,1,-0.0716177773463954,-0.99139737526445,-0.109554270965221,0.103165951218859
86.125,2.69521047559268,0.104779333121872,0.0283508485258598,1,-0.0716177773463954,-0.99139737526445,-0.109554270965221,0.103165951218859
86.175,2.70036877315363,0.104779333121872,0.0283508485258598,1,-0.0716177773463954,-0.99139737526445,-0.109554270965221,0.103165951218859
86.225,2.70552707071457,0.104779333121872,0.0283508485258598,1,-0.0716177773463954,-0.99139737526445,-0.109554270965221,0.103165951218859
86.275,2.71068536827551,0.104779333121872,0.0283508485258598,1,-0.0716177773463954,-0.99139737526445,-0.109554270965221,0.103165951218859
86.325,2.71584366583646,0.104779333121872,0.0283508485258598,1,-0.0716177773463954,-0.99139737526445,-0.109554270965221,0.103165951218859
86.375,2.7210019633974,0.104779333121872,0.0283508485258598,1,-0.0716177773463954,-0.99139737526445,-0.109554270965221,0.103165951218859
86.425,2.72616026095834,0.104779333121872,0.0283508485258598,1,-0.0716177773463954,-0.99139737526445,-0.109554270965221,0.103165951218859
86.475,2.73131855851929,0.104779333121872,0.0283508485258598,1,-0.0716177773463954,-0.99139737526445,-0.109554270965221,0.103165951218859
86.525,2.73647685608023,0.104779333121872,0.0283508485258598,1,-0.0716177773463954,-0.99139737526445,-0.109554270965221,0.103165951218859
86.575,2.74163515364117,0.104779333121872,0.0283508485258598,1,-0.0716177773463954,-0.99139737526445,-0.109554270965221,0.103165951218859
86.625,2.74679345120211,0.104779333121872,0.0283508485258598,1,-0.0716177773463954,-0.99139737526445,-0.109554270965221,0.103165951218859
86.675,2.75195174876306,0.104779333121872,0.0283508485258598,1,-0.0716177773463954,-0.99139737526445,-0.109554270965221,0.103165951218859
86.725,2.757110046324,0.104779333121872,0.0283508485258598,1,-0.0716177773463954,-0.99139737526445,-0.109554270965221,0.103165951218859
86.775,2.76226834388494,0.104779333121872,0.0283508485258598,1,-0.0716177773463954,-0.99139737526445,-0.109554270965221,0.103165951218859
86.825,2.76742664144589,0.104779333121872,0.0283508485258598,1,-0.0716177773463954,-0.99139737526445,-0.109554270965221,0.103165951218859
86.875,2.77258493900683,0.104779333121872,0.0283508485258598,1,-0.0716177773463954,-0.99139737526445,-0.109554270965221,0.103165951218859
86.925,2.77774323656777,0.104779333121872,0.0283508485258598,1,-0.0716177773463954,-0.99139737526445,-0.109554270965221,0.103165951218859
86.975,2.78290153412871,0.104779333121872,0.0283508485258598,1,-0.0716177773463954,-0.99139737526445,-0.109554270965221,0.103165951218859
87.025,2.78805983168966,0.104779333121872,0.0283508485258598,1,-0.0716177773463954,-0.99139737526445,-0.109554270965221,0.103165951218859
87.075,2.7932181292506,0.104779333121872,0.0283508485258598,1,-0.0716177773463954,-0.99139737526445,-0.109554270965221,0.103165951218859
87.125,2.79837642681154,0.104779333121872,0.0283508485258598,1,-0.0716177773463954,-0.99139737526445,-0.109554270965221,0.103165951218859
87.175,2.80353472437249,0.104779333121872,0.0283508485258598,1,-0.0716177773463954,-0.99139737526445,-0.109554270965221,0.103165951218859
87.225,2.80869302193343,0.104779333121872,0.0283508485258598,1,-0.0716177773463954,-0.99139737526445,-0.109554270965221,0.103165951218859
87.275,2.81385131949437,0.104779333121872,0.0283508485258598,1,-0.0716177773463954,-0.99139737526445,-0.109554270965221,0.103165951218859
87.325,2.81900961705531,0.104779333121872,0.0283508485258598,1,-0.0716177773463954,-0.99139737526445,-0.109554270965221,0.103165951218859
87.375,2.82416791461626,0.104779333121872,0.0283508485258598,1,-0.0716177773463954,-0.99139737526445,-0.109554270965221,0.103165951218859
87.425,2.8293262121772,0.104779333121872,0.0283508485258598,1,-0.0716177773463954,-0.99139737526445,-0.109554270965221,0.103165951218859
87.475,2.83448450973814,0.104779333121872,0.0283508485258598,1,-0.0716177773463954,-0.99139737526445,-0.109554270965221,0.103165951218859
87.525,2.83964280729909,0.104779333121872,0.0283508485258598,1,-0.0716177773463954,-0.99139737526445,-0.109554270965221,0.103165951218859
87.575,2.84480110486003,0.104779333121872,0.0283508485258598,1,-0.0716177773463954,-0.99139737526445,-0.109554270965221,0.103165951218859
87.625,2.84995940242097,0.104779333121872,0.0283508485258598,1,-0.0716177773463954,-0.99139737526445,-0.109554270965221,0.103165951218859
87.675,2.85511769998192,0.104779333121872,0.0283508485258598,1,-0.0716177773463954,-0.99139737526445,-0.109554270965221,0.103165951218859
87.725,2.86027599754286,0.104779333121872,0.0283508485258598,1,-0.0716177773463954,-0.99139737526445,-0.109554270965221,0.103165951218859
87.775,2.8654342951038,0.104779333121872,0.0283508485258598,1,-0.0716177773463954,-0.99139737526445,-0.109554270965221,0.103165951218859
87.825,2.87059259266474,0.104779333121872,0.0283508485258598,1,-0.0716177773463954,-0.99139737526445,-0.109554270965221,0.103165951218859
87.875,2.87575089022569,0.104779333121872,0.0283508485258598,1,-0.0716177773463954,-0.99139737526445,-0.109554270965221,0.103165951218859
87.925,2.88090918778663,0.104779333121872,0.0283508485258598,1,-0.0716177773463954,-0.99139737526445,-0.109554270965221,0.103165951218859
87.975,2.88606748534757,0.104779333121872,0.0283508485258598,1,-0.0716177773463954,-0.99139737526445,-0.109554270965221,0.103165951218859
88.025,2.89122578290852,0.104779333121872,0.0283508485258598,1,-0.0716177773463954,-0.99139737526445,-0.109554270965221,0.103165951218859
88.075,2.89638408046946,0.104779333121872,0.0283508485258598,1,-0.0716177773463954,-0.99139737526445,-0.109554270965221,0.103165951218859
88.125,2.9015423780304,0.104779333121872,0.0283508485258598,1,-0.0716177773463954,-0.99139737526445,-0.109554270965221,0.103165951218859
88.175,2.90670067559135,0.104779333121872,0.0283508485258598,1,-0.0716177773463954,-0.99139737526445,-0.109554270965221,0.103165951218859
88.225,2.91185897315229,0.104779333121872,0.0283508485258598,1,-0.0716177773463954,-0.99139737526445,-0.109554270965221,0.103165951218859
88.275,2.91701727071323,0.104779333121872,0.0283508485258598,1,-0.0716177773463954,-0.99139737526445,-0.109554270965221,0.103165951218859
88.325,2.92217556827417,0.104779333121872,0.0283508485258598,1,-0.0716177773463954,-0.99139737526445,-0.109554270965221,0.103165951218859
88.375,2.92733386583512,0.104779333121872,0.0283508485258598,1,-0.0716177773463954,-0.99139737526445,-0.109554270965221,0.103165951218859
88.425,2.93249216339606,0.104779333121872,0.0283508485258598,1,-0.0716177773463954,-0.99139737526445,-0.109554270965221,0.103165951218859
88.475,2.937650460957,0.104779333121872,0.0283508485258598,1,-0.0716177773463954,-0.99139737526445,-0.109554270965221,0.103165951218859
88.525,2.94280875851795,0.104779333121872,0.0283508485258598,1,-0.0716177773463954,-0.99139737526445,-0.109554270965221,0.103165951218859
88.575,2.94796705607889,0.104779333121872,0.0283508485258598,1,-0.0716177773463954,-0.99139737526445,-0.109554270965221,0.103165951218859
88.625,2.95312535363983,0.104779333121872,0.0283508485258598,1,-0.0716177773463954,-0.99139737526445,-0.109554270965221,0.103165951218859
88.675,2.95828365120077,0.104779333121872,0.0283508485258598,1,-0.0716177773463954,-0.99139737526445,-0.109554270965221,0.103165951218859
88.725,2.96344194876172,0.104779333121872,0.0283508485258598,1,-0.0716177773463954,-0.99139737526445,-0.109554270965221,0.103165951218859
88.775,2.96860024632266,0.104779333121872,0.0283508485258598,1,-0.0716177773463954,-0.99139737526445,-0.109554270965221,0.103165951218859
88.825,2.9737585438836,0.104779333121872,0.0283508485258598,1,-0.0716177773463954,-0.99139737526445,-0.109554270965221,0.103165951218859
88.875,2.97891684144455,0.104779333121872,0.0283508485258598,1,-0.0716177773463954,-0.99139737526445,-0.109554270965221,0.103165951218859
88.925,2.98407513900549,0.104779333121872,0.0283508485258598,1,-0.0716177773463954,-0.99139737526445,-0.109554270965221,0.103165951218859
88.975,2.98923343656643,0.104779333121872,0.0283508485258598,1,-0.0716177773463954,-0.99139737526445,-0.109554270965221,0.103165951218859
89.025,2.99439173412737,0.104779333121872,0.0283508485258598,1,-0.0716177773463954,-0.99139737526445,-0.109554270965221,0.103165951218859
89.075,2.99955003168832,0.104779333121872,0.0283508485258598,1,-0.0716177773463954,-0.99139737526445,-0.109554270965221,0.103165951218859
89.125,3.00470832924926,0.104779333121872,0.0283508485258598,1,-0.0716177773463954,-0.99139737526445,-0.109554270965221,0.103165951218859
89.175,3.0098666268102,0.104779333121872,0.0283508485258598,1,-0.0716177773463954,-0.99139737526445,-0.109554270965221,0.103165951218859
89.225,3.01502492437115,0.104779333121872,0.0283508485258598,1,-0.0716177773463954,-0.99139737526445,-0.109554270965221,0.103165951218859
89.275,3.02018322193209,0.104779333121872,0.0283508485258598,1,-0.0716177773463954,-0.99139737526445,-0.109554270965221,0.103165951218859
89.325,3.02534151949303,0.104779333121872,0.0283508485258598,1,-0.0716177773463954,-0.99139737526445,-0.109554270965221,0.103165951218859
89.375,3.03049981705397,0.104779333121872,0.0283508485258598,1,-0.0716177773463954,-0.99139737526445,-0.109554270965221,0.103165951218859
89.425,3.03565811461492,0.104779333121872,0.0283508485258598,1,-0.0716177773463954,-0.99139737526445,-0.109554270965221,0.103165951218859
89.475,3.04081641217586,0.104779333121872,0.0283508485258598,1,-0.0716177773463954,-0.99139737526445,-0.109554270965221,0.103165951218859
89.525,3.0459747097368,0.104779333121872,0.0283508485258598,1,-0.0716177773463954,-0.99139737526445,-0.109554270965221,0.103165951218859
89.575,3.05113300729775,0.104779333121872,0.0283508485258598,1,-0.0716177773463954,-0.99139737526445,-0.109554270965221,0.103165951218859
89.625,3.05629130485869,0.104779333121872,0.0283508485258598,1,-0.0716177773463954,-0.99139737526445,-0.109554270965221,0.103165951218859
89.675,3.06144960241963,0.104779333121872,0.0283508485258598,1,-0.0716177773463954,-0.99139737526445,-0.109554270965221,0.103165951218859
89.725,3.06660789998058,0.104779333121872,0.0283508485258598,1,-0.0716177773463954,-0.99139737526445,-0.109554270965221,0.103165951218859
89.775,3.07176619754152,0.104779333121872,0.0283508485258598,1,-0.0716177773463954,-0.99139737526445,-0.109554270965221,0.103165951218859
89.825,3.07692449510246,0.104779333121872,0.0283508485258598,1,-0.0716177773463954,-0.99139737526445,-0.109554270965221,0.103165951218859
89.875,3.0820827926634,0.104779333121872,0.0283508485258598,1,-0.0716177773463954,-0.99139737526445,-0.109554270965221,0.103165951218859
89.925,3.08724109022435,0.104779333121872,0.0283508485258598,1,-0.0716177773463954,-0.99139737526445,-0.109554270965221,0.103165951218859
89.975,3.09239938778529,0.104779333121872,0.0283508485258598,1,-0.0716177773463954,-0.99139737526445,-0.109554270965221,0.103165951218859
90.025,3.09755799157681,0.104779323190698,0.0283507683728112,0.999999996318753,-0.0716182041854723,-0.991397349883958,-0.109554221608809,0.103165957989032
90.075,3.10271628696849,0.104779322339952,0.0283507718285562,0.999999996388221,-0.0716182041854723,-0.991397349883958,-0.109554221608809,0.103165957989032
90.125,3.10787458237721,0.104779321492716,0.0283507752192703,0.99999999645828,-0.0716182041854723,-0.991397349883958,-0.109554221608809,0.103165957989032
90.175,3.11303287780359,0.10477932064927,0.0283507785453672,0.999999996528879,-0.0716182041854723,-0.991397349883958,-0.109554221608809,0.103165957989032
90.225,3.11819117324826,0.104779319809896,0.0283507818072604,0.99999999659997,-0.0716182041854723,-0.991397349883958,-0.109554221608809,0.103165957989032
90.275,3.12334946871183,0.104779318974871,0.0283507850053634,0.999999996671502,-0.0716182041854723,-0.991397349883958,-0.109554221608809,0.103165957989032
90.325,3.12850776419493,0.104779318144477,0.0283507881400897,0.999999996743426,-0.0716182041854723,-0.991397349883958,-0.109554221608809,0.103165957989032
90.375,3.13366605969817,0.104779317318994,0.028350791211853,0.999999996815692,-0.0716182041854723,-0.991397349883958,-0.109554221608809,0.103165957989032
90.425,3.13882435522218,0.104779316498702,0.0283507942210668,0.999999996888251,-0.0716182041854723,-0.991397349883958,-0.109554221608809,0.103165957989032
90.475,3.14398265076758,0.10477931568388,0.0283507971681446,0.999999996961052,-0.0716182041854723,-0.991397349883958,-0.109554221608809,0.103165957989032
90.525,3.14914094633499,0.104779314874809,0.0283508000534999,0.999999997034047,-0.0716182041854723,-0.991397349883958,-0.109554221608809,0.103165957989032
90.575,3.15429924192503,0.104779314071769,0.0283508028775463,0.999999997107185,-0.0716182041854723,-0.991397349883958,-0.109554221608809,0.103165957989032
90.625,3.15945753753833,0.10477931327504,0.0283508056406974,0.999999997180417,-0.0716182041854723,-0.991397349883958,-0.109554221608809,0.103165957989032
90.675,3.16461583317549,0.104779312484901,0.0283508083433667,0.999999997253694,-0.0716182041854723,-0.991397349883958,-0.109554221608809,0.103165957989032
90.725,3.16977412883715,0.104779311701633,0.0283508109859677,0.999999997326965,-0.0716182041854723,-0.991397349883958,-0.109554221608809,0.103165957989032
90.775,3.17493242452392,0.104779310925517,0.028350813568914,0.99999999740018,-0.0716182041854723,-0.991397349883958,-0.109554221608809,0.103165957989032
90.825,3.18009072023643,0.104779310156831,0.0283508160926192,0.999999997473291,-0.0716182041854723,-0.991397349883958,-0.109554221608809,0.103165957989032
90.875,3.1852490159753,0.104779309395856,0.0283508185574967,0.999999997546248,-0.0716182041854723,-0.991397349883958,-0.109554221608809,0.103165957989032
90.925,3.19040731174114,0.104779308642872,0.0283508209639601,0.999999997619,-0.0716182041854723,-0.991397349883958,-0.109554221608809,0.103165957989032
90.975,3.19556560753458,0.10477930789816,0.028350823312423,0.999999997691499,-0.0716182041854723,-0.991397349883958,-0.109554221608809,0.103165957989032
91.025,3.20072390335624,0.104779307161997,0.0283508256033002,0.999999997763694,-0.0716182041854723,-0.991397349883958,-0.109554221608809,0.103165957989032
91.075,3.20588219920671,0.104779306434653,0.0283508278370363,0.999999997835538,-0.0716182041854723,-0.991397349883958,-0.109554221608809,0.103165957989032
91.125,3.21104049508653,0.104779305716381,0.0283508300141053,0.999999997906983,-0.0716182041854723,-0.991397349883958,-0.109554221608809,0.103165957989032
91.175,3.21619879099625,0.104779305007437,0.0283508321349827,0.999999997977983,-0.0716182041854723,-0.991397349883958,-0.109554221608809,0.103165957989032
91.225,3.22135708693644,0.104779304308075,0.028350834200144,0.99999999804849,-0.0716182041854723,-0.991397349883958,-0.109554221608809,0.103165957989032
91.275,3.22651538290764,0.104779303618548,0.0283508362100648,0.999999998118459,-0.0716182041854723,-0.991397349883958,-0.109554221608809,0.103165957989032
91.325,3.23167367891039,0.104779302939112,0.0283508381652203,0.999999998187841,-0.0716182041854723,-0.991397349883958,-0.109554221608809,0.103165957989032
91.375,3.23683197494526,0.104779302270022,0.0283508400660862,0.999999998256591,-0.0716182041854723,-0.991397349883958,-0.109554221608809,0.103165957989032
91.425,3.2419902710128,0.104779301611531,0.0283508419131378,0.999999998324661,-0.0716182041854723,-0.991397349883958,-0.109554221608809,0.103165957989032
91.475,3.24714856711354,0.104779300963894,0.0283508437068506,0.999999998392004,-0.0716182041854723,-0.991397349883958,-0.109554221608809,0.103165957989032
91.525,3.25230686324805,0.104779300327365,0.0283508454477001,0.999999998458574,-0.0716182041854723,-0.991397349883958,-0.109554221608809,0.103165957989032
91.575,3.25746515941688,0.1047792997022,0.0283508471361618,0.999999998524324,-0.0716182041854723,-0.991397349883958,-0.109554221608809,0.103165957989032
91.625,3.26262345562058,0.104779299088651,0.0283508487727111,0.999999998589207,-0.0716182041854723,-0.991397349883958,-0.109554221608809,0.103165957989032
91.675,3.2677817518597,0.104779298486975,0.0283508503578234,0.999999998653176,-0.0716182041854723,-0.991397349883958,-0.109554221608809,0.103165957989032
91.725,3.27294004813478,0.104779297897425,0.0283508518919743,0.999999998716185,-0.0716182041854723,-0.991397349883958,-0.109554221608809,0.103165957989032
91.775,3.27809834444639,0.104779297320256,0.0283508533756392,0.999999998778185,-0.0716182041854723,-0.991397349883958,-0.109554221608809,0.103165957989032
91.825,3.28325664079507,0.104779296755722,0.0283508548092936,0.999999998839132,-0.0716182041854723,-0.991397349883958,-0.109554221608809,0.103165957989032
91.875,3.28841493718137,0.104779296204078,0.0283508561934128,0.999999998898977,-0.0716182041854723,-0.991397349883958,-0.109554221608809,0.103165957989032
91.925,3.29357323360584,0.104779295665578,0.0283508575284725,0.999999998957673,-0.0716182041854723,-0.991397349883958,-0.109554221608809,0.103165957989032
91.975,3.29873153006905,0.104779295140477,0.028350858814948,0.999999999015175,-0.0716182041854723,-0.991397349883958,-0.109554221608809,0.103165957989032
92.025,3.30388982657152,0.104779294629029,0.0283508600533153,0.999999999071435,-0.0716182041854723,-0.991397349883958,-0.109554221608809,0.103165957989032
92.075,3.30904812311382,0.104779294131483,0.0283508612440592,0.999999999126407,-0.0716182041854723,-0.991397349883958,-0.109554221608809,0.103165957989032
92.125,3.31420641969645,0.104779293648085,0.0283508623876738,0.999999999180045,-0.0716182041854723,-0.991397349883958,-0.109554221608809,0.103165957989032
92.175,3.31936471631995,0.104779293179081,0.0283508634846536,0.999999999232304,-0.0716182041854723,-0.991397349883958,-0.109554221608809,0.103165957989032
92.225,3.32452301298485,0.104779292724715,0.0283508645354931,0.999999999283136,-0.0716182041854723,-0.991397349883958,-0.109554221608809,0.103165957989032
92.275,3.32968130969166,0.104779292285232,0.0283508655406866,0.999999999332498,-0.0716182041854723,-0.991397349883958,-0.109554221608809,0.103165957989032
92.325,3.33483960644092,0.104779291860878,0.0283508665007287,0.999999999380343,-0.0716182041854723,-0.991397349883958,-0.109554221608809,0.103165957989032
92.375,3.33999790323315,0.104779291451897,0.0283508674161137,0.999999999426625,-0.0716182041854723,-0.991397349883958,-0.109554221608809,0.103165957989032
92.425,3.34515620006888,0.104779291058535,0.0283508682873363,0.999999999471298,-0.0716182041854723,-0.991397349883958,-0.109554221608809,0.103165957989032
92.475,3.35031449694863,0.104779290681037,0.0283508691148907,0.999999999514318,-0.0716182041854723,-0.991397349883958,-0.109554221608809,0.103165957989032
92.525,3.35547279387294,0.104779290319648,0.0283508698992715,0.999999999555637,-0.0716182041854723,-0.991397349883958,-0.109554221608809,0.103165957989032
92.575,3.36063109084231,0.104779289974613,0.0283508706409731,0.999999999595211,-0.0716182041854723,-0.991397349883958,-0.109554221608809,0.103165957989032
92.625,3.3657893878573,0.104779289646178,0.02835087134049,0.999999999632993,-0.0716182041854723,-0.991397349883958,-0.109554221608809,0.103165957989032
92.675,3.37094768491841,0.104779289334587,0.0283508719983166,0.999999999668938,-0.0716182041854723,-0.991397349883958,-0.109554221608809,0.103165957989032
92.725,3.37610598202617,0.104779289040085,0.0283508726149473,0.999999999703,-0.0716182041854723,-0.991397349883958,-0.109554221608809,0.103165957989032
92.775,3.38126427918111,0.104779288762917,0.0283508731908767,0.999999999735133,-0.0716182041854723,-0.991397349883958,-0.109554221608809,0.103165957989032
92.825,3.38642257638376,0.10477928850333,0.0283508737265992,0.999999999765291,-0.0716182041854723,-0.991397349883958,-0.109554221608809,0.103165957989032
92.875,3.39158087363464,0.104779288261567,0.0283508742226092,0.999999999793429,-0.0716182041854723,-0.991397349883958,-0.109554221608809,0.103165957989032
92.925,3.39673917093429,0.104779288037875,0.0283508746794012,0.999999999819501,-0.0716182041854723,-0.991397349883958,-0.109554221608809,0.103165957989032
92.975,3.40189746828321,0.104779287832497,0.0283508750974697,0.999999999843462,-0.0716182041854723,-0.991397349883958,-0.109554221608809,0.103165957989032
93.025,3.40705576568188,0.104779287645655,0.0283508754773383,0.999999999865268,-0.0716182041854723,-0.991397349883958,-0.109554221608809,0.103165957989032
93.075,3.41221406312932,0.104779287477004,0.0283508758202038,0.999999999884951,-0.0716182041854723,-0.991397349883958,-0.109554221608809,0.103165957989032
93.125,3.41737236062307,0.104779287325635,0.0283508761279362,0.999999999902617,-0.0716182041854723,-0.991397349883958,-0.109554221608809,0.103165957989032
93.175,3.42253065816063,0.104779287190613,0.0283508764024343,0.999999999918376,-0.0716182041854723,-0.991397349883958,-0.109554221608809,0.103165957989032
93.225,3.42768895573951,0.104779287071004,0.0283508766455975,0.999999999932335,-0.0716182041854723,-0.991397349883958,-0.109554221608809,0.103165957989032
93.275,3.43284725335719,0.104779286965875,0.0283508768593246,0.999999999944605,-0.0716182041854723,-0.991397349883958,-0.109554221608809,0.103165957989032
93.325,3.43800555101117,0.104779286874291,0.0283508770455149,0.999999999955294,-0.0716182041854723,-0.991397349883958,-0.109554221608809,0.103165957989032
93.375,3.44316384869896,0.104779286795317,0.0283508772060675,0.999999999964511,-0.0716182041854723,-0.991397349883958,-0.109554221608809,0.103165957989032
93.425,3.44832214641804,0.10477928672802,0.0283508773428814,0.999999999972365,-0.0716182041854723,-0.991397349883958,-0.109554221608809,0.103165957989032
93.475,3.45348044416592,0.104779286671466,0.0283508774578557,0.999999999978965,-0.0716182041854723,-0.991397349883958,-0.109554221608809,0.103165957989032
93.525,3.45863874194008,0.10477928662472,0.0283508775528895,0.999999999984421,-0.0716182041854723,-0.991397349883958,-0.109554221608809,0.103165957989032
93.575,3.46379703973803,0.104779286586848,0.0283508776298819,0.999999999988841,-0.0716182041854723,-0.991397349883958,-0.109554221608809,0.103165957989032
93.625,3.46895533755726,0.104779286556917,0.028350877690732,0.999999999992334,-0.0716182041854723,-0.991397349883958,-0.109554221608809,0.103165957989032
93.675,3.47411363539526,0.104779286533992,0.028350877737339,0.99999999999501,-0.0716182041854723,-0.991397349883958,-0.109554221608809,0.103165957989032
93.725,3.47927193324954,0.104779286517138,0.0283508777716018,0.999999999996977,-0.0716182041854723,-0.991397349883958,-0.109554221608809,0.103165957989032
93.775,3.4844302311176,0.104779286505423,0.0283508777954196,0.999999999998344,-0.0716182041854723,-0.991397349883958,-0.109554221608809,0.103165957989032
93.825,3.48958852899691,0.104779286497911,0.0283508778106915,0.999999999999221,-0.0716182041854723,-0.991397349883958,-0.109554221608809,0.103165957989032
93.875,3.49474682688499,0.104779286493668,0.0283508778193165,0.999999999999716,-0.0716182041854723,-0.991397349883958,-0.109554221608809,0.103165957989032
93.925,3.49990512477933,0.104779286491761,0.0283508778231938,0.999999999999939,-0.0716182041854723,-0.991397349883958,-0.109554221608809,0.103165957989032
93.975,3.50506342267743,0.104779286491255,0.0283508778242225,0.999999999999998,-0.0716182041854723,-0.991397349883958,-0.109554221608809,0.103165957989032
94.025,3.51022172057683,0.104779286491235,0.0283508778242621,1,-0.0716182041854723,-0.991397349883958,-0.109554221608809,0.103165957989032
94.075,3.51538001847628,0.104779286491235,0.0283508778242621,1,-0.0716182041854723,-0.991397349883958,-0.109554221608809,0.103165957989032
94.125,3.52053831637573,0.104779286491235,0.0283508778242621,1,-0.0716182041854723,-0.991397349883958,-0.109554221608809,0.103165957989032
94.175,3.52569661427518,0.104779286491235,0.0283508778242621,1,-0.0716182041854723,-0.991397349883958,-0.109554221608809,0.103165957989032
94.225,3.53085491217464,0.104779286491235,0.0283508778242621,1,-0.0716182041854723,-0.991397349883958,-0.109554221608809,0.103165957989032
94.275,3.53601321007409,0.104779286491235,0.0283508778242621,1,-0.0716182041854723,-0.991397349883958,-0.109554221608809,0.103165957989032
94.325,3.54117150797354,0.104779286491235,0.0283508778242621,1,-0.0716182041854723,-0.991397349883958,-0.109554221608809,0.103165957989032
94.375,3.54632980587299,0.104779286491235,0.0283508778242621,1,-0.0716182041854723,-0.991397349883958,-0.109554221608809,0.103165957989032
94.425,3.55148810377244,0.104779286491235,0.0283508778242621,1,-0.0716182041854723,-0.991397349883958,-0.109554221608809,0.103165957989032
94.475,3.55664640167189,0.104779286491235,0.0283508778242621,1,-0.0716182041854723,-0.991397349883958,-0.109554221608809,0.103165957989032
94.525,3.56180469957135,0.104779286491235,0.0283508778242621,1,-0.0716182041854723,-0.991397349883958,-0.109554221608809,0.103165957989032
94.575,3.5669629974708,0.104779286491235,0.0283508778242621,1,-0.0716182041854723,-0.991397349883958,-0.109554221608809,0.103165957989032
94.625,3.57212129537025,0.104779286491235,0.0283508778242621,1,-0.0716182041854723,-0.991397349883958,-0.109554221608809,0.103165957989032
94.675,3.5772795932697,0.104779286491235,0.0283508778242621,1,-0.0716182041854723,-0.991397349883958,-0.109554221608809,0.103165957989032
94.725,3.58243789116915,0.104779286491235,0.0283508778242621,1,-0.0716182041854723,-0.991397349883958,-0.109554221608809,0.103165957989032
94.775,3.5875961890686,0.104779286491235,0.0283508778242621,1,-0.0716182041854723,-0.991397349883958,-0.109554221608809,0.103165957989032
94.825,3.59275448696805,0.104779286491235,0.0283508778242621,1,-0.0716182041854723,-0.991397349883958,-0.109554221608809,0.103165957989032
94.875,3.59791278486751,0.104779286491235,0.0283508778242621,1,-0.0716182041854723,-0.991397349883958,-0.109554221608809,0.103165957989032
94.925,3.60307108276696,0.104779286491235,0.0283508778242621,1,-0.0716182041854723,-0.991397349883958,-0.109554221608809,0.103165957989032
94.975,3.60822938066641,0.104779286491235,0.0283508778242621,1,-0.0716182041854723,-0.991397349883958,-0.109554221608809,0.103165957989032
95.025,3.61338767856586,0.104779286491235,0.0283508778242621,1,-0.0716182041854723,-0.991397349883958,-0.109554221608809,0.103165957989032
95.075,3.61854597646531,0.104779286491235,0.0283508778242621,1,-0.0716182041854723,-0.991397349883958,-0.109554221608809,0.103165957989032
95.125,3.62370427436476,0.104779286491235,0.0283508778242621,1,-0.0716182041854723,-0.991397349883958,-0.109554221608809,0.103165957989032
95.175,3.62886257226422,0.104779286491235,0.0283508778242621,1,-0.0716182041854723,-0.991397349883958,-0.109554221608809,0.103165957989032
95.225,3.63402087016367,0.104779286491235,0.0283508778242621,1,-0.0716182041854723,-0.991397349883958,-0.109554221608809,0.103165957989032
95.275,3.63917916806312,0.104779286491235,0.0283508778242621,1,-0.0716182041854723,-0.991397349883958,-0.109554221608809,0.103165957989032
95.325,3.64433746596257,0.104779286491235,0.0283508778242621,1,-0.0716182041854723,-0.991397349883958,-0.109554221608809,0.103165957989032
95.375,3.64949576386202,0.104779286491235,0.0283508778242621,1,-0.0716182041854723,-0.991397349883958,-0.109554221608809,0.103165957989032
95.425,3.65465406176147,0.104779286491235,0.0283508778242621,1,-0.0716182041854723,-0.991397349883958,-0.109554221608809,0.103165957989032
95.475,3.65981235966093,0.104779286491235,0.0283508778242621,1,-0.0716182041854723,-0.991397349883958,-0.109554221608809,0.103165957989032
95.525,3.66497065756038,0.104779286491235,0.0283508778242621,1,-0.0716182041854723,-0.991397349883958,-0.109554221608809,0.103165957989032
95.575,3.67012895545983,0.104779286491235,0.0283508778242621,1,-0.0716182041854723,-0.991397349883958,-0.109554221608809,0.103165957989032
95.625,3.67528725335928,0.104779286491235,0.0283508778242621,1,-0.0716182041854723,-0.991397349883958,-0.109554221608809,0.103165957989032
95.675,3.68044555125873,0.104779286491235,0.0283508778242621,1,-0.0716182041854723,-0.991397349883958,-0.109554221608809,0.103165957989032
95.725,3.68560384915818,0.104779286491235,0.0283508778242621,1,-0.0716182041854723,-0.991397349883958,-0.109554221608809,0.103165957989032
95.775,3.69076214705764,0.104779286491235,0.0283508778242621,1,-0.0716182041854723,-0.991397349883958,-0.109554221608809,0.103165957989032
95.825,3.69592044495709,0.104779286491235,0.0283508778242621,1,-0.0716182041854723,-0.991397349883958,-0.109554221608809,0.103165957989032
95.875,3.70107874285654,0.104779286491235,0.0283508778242621,1,-0.0716182041854723,-0.991397349883958,-0.109554221608809,0.103165957989032
95.925,3.70623704075599,0.104779286491235,0.0283508778242621,1,-0.0716182041854723,-0.991397349883958,-0.109554221608809,0.103165957989032
95.975,3.71139533865544,0.104779286491235,0.0283508778242621,1,-0.0716182041854723,-0.991397349883958,-0.109554221608809,0.103165957989032
96.025,3.71655363655489,0.104779286491235,0.0283508778242621,1,-0.0716182041854723,-0.991397349883958,-0.109554221608809,0.103165957989032
96.075,3.72171193445435,0.104779286491235,0.0283508778242621,1,-0.0716182041854723,-0.991397349883958,-0.109554221608809,0.103165957989032
96.125,3.7268702323538,0.104779286491235,0.0283508778242621,1,-0.0716182041854723,-0.991397349883958,-0.109554221608809,0.103165957989032
96.175,3.73202853025325,0.104779286491235,0.0283508778242621,1,-0.0716182041854723,-0.991397349883958,-0.109554221608809,0.103165957989032
96.225,3.7371868281527,0.104779286491235,0.0283508778242621,1,-0.0716182041854723,-0.991397349883958,-0.109554221608809,0.103165957989032
96.275,3.74234512605215,0.104779286491235,0.0283508778242621,1,-0.0716182041854723,-0.991397349883958,-0.109554221608809,0.103165957989032
96.325,3.7475034239516,0.104779286491235,0.0283508778242621,1,-0.0716182041854723,-0.991397349883958,-0.109554221608809,0.103165957989032
96.375,3.75266172185105,0.104779286491235,0.0283508778242621,1,-0.0716182041854723,-0.991397349883958,-0.109554221608809,0.103165957989032
96.425,3.75782001975051,0.104779286491235,0.0283508778242621,1,-0.0716182041854723,-0.991397349883958,-0.109554221608809,0.103165957989032
96.475,3.76297831764996,0.104779286491235,0.0283508778242621,1,-0.0716182041854723,-0.991397349883958,-0.109554221608809,0.103165957989032
96.525,3.76813661554941,0.104779286491235,0.0283508778242621,1,-0.0716182041854723,-0.991397349883958,-0.109554221608809,0.103165957989032
96.575,3.77329491344886,0.104779286491235,0.0283508778242621,1,-0.0716182041854723,-0.991397349883958,-0.109554221608809,0.103165957989032
96.625,3.77845321134831,0.104779286491235,0.0283508778242621,1,-0.0716182041854723,-0.991397349883958,-0.109554221608809,0.103165957989032
96.675,3.78361150924777,0.104779286491235,0.0283508778242621,1,-0.0716182041854723,-0.991397349883958,-0.109554221608809,0.103165957989032
96.725,3.78876980714722,0.104779286491235,0.0283508778242621,1,-0.0716182041854723,-0.991397349883958,-0.109554221608809,0.103165957989032
96.775,3.79392810504667,0.104779286491235,0.0283508778242621,1,-0.0716182041854723,-0.991397349883958,-0.109554221608809,0.103165957989032
96.825,3.79908640294612,0.104779286491235,0.0283508778242621,1,-0.0716182041854723,-0.991397349883958,-0.109554221608809,0.103165957989032
96.875,3.80424470084557,0.104779286491235,0.0283508778242621,1,-0.0716182041854723,-0.991397349883958,-0.109554221608809,0.103165957989032
96.925,3.80940299874502,0.104779286491235,0.0283508778242621,1,-0.0716182041854723,-0.991397349883958,-0.109554221608809,0.103165957989032
96.975,3.81456129664448,0.104779286491235,0.0283508778242621,1,-0.0716182041854723,-0.991397349883958,-0.109554221608809,0.103165957989032
97.025,3.81971959454393,0.104779286491235,0.0283508778242621,1,-0.0716182041854723,-0.991397349883958,-0.109554221608809,0.103165957989032
97.075,3.82487789244338,0.104779286491235,0.0283508778242621,1,-0.0716182041854723,-0.991397349883958,-0.109554221608809,0.103165957989032
97.125,3.83003619034283,0.104779286491235,0.0283508778242621,1,-0.0716182041854723,-0.991397349883958,-0.109554221608809,0.103165957989032
97.175,3.83519448824228,0.104779286491235,0.0283508778242621,1,-0.0716182041854723,-0.991397349883958,-0.109554221608809,0.103165957989032
97.225,3.84035278614173,0.104779286491235,0.0283508778242621,1,-0.0716182041854723,-0.991397349883958,-0.109554221608809,0.103165957989032
97.275,3.84551108404118,0.104779286491235,0.0283508778242621,1,-0.0716182041854723,-0.991397349883958,-0.109554221608809,0.103165957989032
97.325,3.85066938194064,0.104779286491235,0.0283508778242621,1,-0.0716182041854723,-0.991397349883958,-0.109554221608809,0.103165957989032
97.375,3.85582767984009,0.104779286491235,0.0283508778242621,1,-0.0716182041854723,-0.991397349883958,-0.109554221608809,0.103165957989032
97.425,3.86098597773954,0.104779286491235,0.0283508778242621,1,-0.0716182041854723,-0.991397349883958,-0.109554221608809,0.103165957989032
97.475,3.86614427563899,0.104779286491235,0.0283508778242621,1,-0.0716182041854723,-0.991397349883958,-0.109554221608809,0.103165957989032
97.525,3.87130257353844,0.104779286491235,0.0283508778242621,1,-0.0716182041854723,-0.991397349883958,-0.109554221608809,0.103165957989032
97.575,3.87646087143789,0.104779286491235,0.0283508778242621,1,-0.0716182041854723,-0.991397349883958,-0.109554221608809,0.103165957989032
97.625,3.88161916933735,0.104779286491235,0.0283508778242621,1,-0.0716182041854723,-0.991397349883958,-0.109554221608809,0.103165957989032
97.675,3.8867774672368,0.104779286491235,0.0283508778242621,1,-0.0716182041854723,-0.991397349883958,-0.109554221608809,0.103165957989032
97.725,3.89193576513625,0.104779286491235,0.0283508778242621,1,-0.0716182041854723,-0.991397349883958,-0.109554221608809,0.103165957989032
97.775,3.8970940630357,0.104779286491235,0.0283508778242621,1,-0.0716182041854723,-0.991397349883958,-0.109554221608809,0.103165957989032
97.825,3.90225236093515,0.104779286491235,0.0283508778242621,1,-0.0716182041854723,-0.991397349883958,-0.109554221608809,0.103165957989032
97.875,3.9074106588346,0.104779286491235,0.0283508778242621,1,-0.0716182041854723,-0.991397349883958,-0.109554221608809,0.103165957989032
97.925,3.91256895673406,0.104779286491235,0.0283508778242621,1,-0.0716182041854723,-0.991397349883958,-0.109554221608809,0.103165957989032
97.975,3.91772725463351,0.104779286491235,0.0283508778242621,1,-0.0716182041854723,-0.991397349883958,-0.109554221608809,0.103165957989032
98.025,3.92288555253296,0.104779286491235,0.0283508778242621,1,-0.0716182041854723,-0.991397349883958,-0.109554221608809,0.103165957989032
98.075,3.92804385043241,0.104779286491235,0.0283508778242621,1,-0.0716182041854723,-0.991397349883958,-0.109554221608809,0.103165957989032
98.125,3.93320214833186,0.104779286491235,0.0283508778242621,1,-0.0716182041854723,-0.991397349883958,-0.109554221608809,0.103165957989032
98.175,3.93836044623131,0.104779286491235,0.0283508778242621,1,-0.0716182041854723,-0.991397349883958,-0.109554221608809,0.103165957989032
98.225,3.94351874413077,0.104779286491235,0.0283508778242621,1,-0.0716182041854723,-0.991397349883958,-0.109554221608809,0.103165957989032
98.275,3.94867704203022,0.104779286491235,0.0283508778242621,1,-0.0716182041854723,-0.991397349883958,-0.109554221608809,0.103165957989032
98.325,3.95383533992967,0.104779286491235,0.0283508778242621,1,-0.0716182041854723,-0.991397349883958,-0.109554221608809,0.103165957989032
98.375,3.95899363782912,0.104779286491235,0.0283508778242621,1,-0.0716182041854723,-0.991397349883958,-0.109554221608809,0.103165957989032
98.425,3.96415193572857,0.104779286491235,0.0283508778242621,1,-0.0716182041854723,-0.991397349883958,-0.109554221608809,0.103165957989032
98.475,3.96931023362802,0.104779286491235,0.0283508778242621,1,-0.0716182041854723,-0.991397349883958,-0.109554221608809,0.103165957989032
98.525,3.97446853152747,0.104779286491235,0.0283508778242621,1,-0.0716182041854723,-0.991397349883958,-0.109554221608809,0.103165957989032
98.575,3.97962682942693,0.104779286491235,0.0283508778242621,1,-0.0716182041854723,-0.991397349883958,-0.109554221608809,0.103165957989032
98.625,3.98478512732638,0.104779286491235,0.0283508778242621,1,-0.0716182041854723,-0.991397349883958,-0.109554221608809,0.103165957989032
98.675,3.98994342522583,0.104779286491235,0.0283508778242621,1,-0.0716182041854723,-0.991397349883958,-0.109554221608809,0.103165957989032
98.725,3.99510172312528,0.104779286491235,0.0283508778242621,1,-0.0716182041854723,-0.991397349883958,-0.109554221608809,0.103165957989032
98.775,4.00026002102473,0.104779286491235,0.0283508778242621,1,-0.0716182041854723,-0.991397349883958,-0.109554221608809,0.103165957989032
98.825,4.00541831892419,0.104779286491235,0.0283508778242621,1,-0.0716182041854723,-0.991397349883958,-0.109554221608809,0.103165957989032
98.875,4.01057661682364,0.104779286491235,0.0283508778242621,1,-0.0716182041854723,-0.991397349883958,-0.109554221608809,0.103165957989032
98.925,4.01573491472309,0.104779286491235,0.0283508778242621,1,-0.0716182041854723,-0.991397349883958,-0.109554221608809,0.103165957989032
98.975,4.02089321262254,0.104779286491235,0.0283508778242621,1,-0.0716182041854723,-0.991397349883958,-0.109554221608809,0.103165957989032
99.025,4.02605151052199,0.104779286491235,0.0283508778242621,1,-0.0716182041854723,-0.991397349883958,-0.109554221608809,0.103165957989032
99.075,4.03120980842144,0.104779286491235,0.0283508778242621,1,-0.0716182041854723,-0.991397349883958,-0.109554221608809,0.103165957989032
99.125,4.03636810632089,0.104779286491235,0.0283508778242621,1,-0.0716182041854723,-0.991397349883958,-0.109554221608809,0.103165957989032
99.175,4.04152640422035,0.104779286491235,0.0283508778242621,1,-0.0716182041854723,-0.991397349883958,-0.109554221608809,0.103165957989032
99.225,4.0466847021198,0.104779286491235,0.0283508778242621,1,-0.0716182041854723,-0.991397349883958,-0.109554221608809,0.103165957989032
99.275,4.05184300001925,0.104779286491235,0.0283508778242621,1,-0.0716182041854723,-0.991397349883958,-0.109554221608809,0.103165957989032
99.325,4.0570012979187,0.104779286491235,0.0283508778242621,1,-0.0716182041854723,-0.991397349883958,-0.109554221608809,0.103165957989032
99.375,4.06215959581815,0.104779286491235,0.0283508778242621,1,-0.0716182041854723,-0.991397349883958,-0.109554221608809,0.103165957989032
99.425,4.0673178937176,0.104779286491235,0.0283508778242621,1,-0.0716182041854723,-0.991397349883958,-0.109554221608809,0.103165957989032
99.475,4.07247619161706,0.104779286491235,0.0283508778242621,1,-0.0716182041854723,-0.991397349883958,-0.109554221608809,0.103165957989032
99.525,4.07763448951651,0.104779286491235,0.0283508778242621,1,-0.0716182041854723,-0.991397349883958,-0.109554221608809,0.103165957989032
99.575,4.08279278741596,0.104779286491235,0.0283508778242621,1,-0.0716182041854723,-0.991397349883958,-0.109554221608809,0.103165957989032
99.625,4.08795108531541,0.104779286491235,0.0283508778242621,1,-0.0716182041854723,-0.991397349883958,-0.109554221608809,0.103165957989032
99.675,4.09310938321486,0.104779286491235,0.0283508778242621,1,-0.0716182041854723,-0.991397349883958,-0.109554221608809,0.103165957989032
99.725,4.09826768111431,0.104779286491235,0.0283508778242621,1,-0.0716182041854723,-0.991397349883958,-0.109554221608809,0.103165957989032
99.775,4.10342597901377,0.104779286491235,0.0283508778242621,1,-0.0716182041854723,-0.991397349883958,-0.109554221608809,0.103165957989032
99.825,4.10858427691322,0.104779286491235,0.0283508778242621,1,-0.0716182041854723,-0.991397349883958,-0.109554221608809,0.103165957989032
99.875,4.11374257481267,0.104779286491235,0.0283508778242621,1,-0.0716182041854723,-0.991397349883958,-0.109554221608809,0.103165957989032
99.925,4.11890087271212,0.104779286491235,0.0283508778242621,1,-0.0716182041854723,-0.991397349883958,-0.109554221608809,0.103165957989032
99.975,4.12405917061157,0.104779286491235,0.0283508778242621,1,-0.0716182041854723,-0.991397349883958,-0.109554221608809,0.103165957989032
100.025,4.12921746498512,0.104779283732308,0.0283508957099116,0.999999999880733,-0.071618200723087,-0.991397350376106,-0.109554219418626,0.103165958024425
100.075,4.13437576295531,0.104779283737981,0.0283508952906012,0.999999999887116,-0.071618200723087,-0.991397350376106,-0.109554219418626,0.103165958024425
100.125,4.13953406092774,0.104779283744765,0.0283508948746367,0.999999999893272,-0.071618200723087,-0.991397350376106,-0.109554219418626,0.103165958024425
100.175,4.14469235890231,0.104779283752622,0.0283508944621067,0.999999999899207,-0.071618200723087,-0.991397350376106,-0.109554219418626,0.103165958024425
100.225,4.14985065687891,0.104779283761516,0.0283508940530998,0.999999999904922,-0.071618200723087,-0.991397350376106,-0.109554219418626,0.103165958024425
100.275,4.15500895485745,0.10477928377141,0.0283508936477048,0.999999999910424,-0.071618200723087,-0.991397350376106,-0.109554219418626,0.103165958024425
100.325,4.16016725283782,0.104779283782268,0.0283508932460102,0.999999999915715,-0.071618200723087,-0.991397350376106,-0.109554219418626,0.103165958024425
100.375,4.16532555081994,0.104779283794054,0.0283508928481048,0.9999999999208,-0.071618200723087,-0.991397350376106,-0.109554219418626,0.103165958024425
100.425,4.17048384880369,0.104779283806731,0.0283508924540771,0.999999999925683,-0.071618200723087,-0.991397350376106,-0.109554219418626,0.103165958024425
100.475,4.17564214678898,0.104779283820262,0.028350892064016,0.999999999930367,-0.071618200723087,-0.991397350376106,-0.109554219418626,0.103165958024425
100.525,4.18080044477571,0.104779283834611,0.02835089167801,0.999999999934857,-0.071618200723087,-0.991397350376106,-0.109554219418626,0.103165958024425
100.575,4.18595874276377,0.104779283849742,0.0283508912961479,0.999999999939157,-0.071618200723087,-0.991397350376106,-0.109554219418626,0.103165958024425
100.625,4.19111704075308,0.104779283865618,0.0283508909185182,0.999999999943271,-0.071618200723087,-0.991397350376106,-0.109554219418626,0.103165958024425
100.675,4.19627533874352,0.104779283882202,0.0283508905452096,0.999999999947202,-0.071618200723087,-0.991397350376106,-0.109554219418626,0.103165958024425
100.725,4.20143363673501,0.104779283899458,0.0283508901763109,0.999999999950955,-0.071618200723087,-0.991397350376106,-0.109554219418626,0.103165958024425
100.775,4.20659193472743,0.10477928391735,0.0283508898119106,0.999999999954534,-0.071618200723087,-0.991397350376106,-0.109554219418626,0.103165958024425
100.825,4.2117502327207,0.104779283935841,0.0283508894520974,0.999999999957943,-0.071618200723087,-0.991397350376106,-0.109554219418626,0.103165958024425
100.875,4.2169085307147,0.104779283954894,0.0283508890969601,0.999999999961186,-0.071618200723087,-0.991397350376106,-0.109554219418626,0.103165958024425
100.925,4.22206682870935,0.104779283974474,0.0283508887465872,0.999999999964266,-0.071618200723087,-0.991397350376106,-0.109554219418626,0.103165958024425
100.975,4.22722512670454,0.104779283994543,0.0283508884010675,0.999999999967188,-0.071618200723087,-0.991397350376106,-0.109554219418626,0.103165958024425
101.025,4.23238342470017,0.104779284015065,0.0283508880604893,0.999999999969956,-0.071618200723087,-0.991397350376106,-0.109554219418626,0.103165958024425
101.075,4.23754172269614,0.104779284036004,0.0283508877249358,0.999999999972574,-0.071618200723087,-0.991397350376106,-0.109554219418626,0.103165958024425
101.125,4.24270002069236,0.104779284057326,0.0283508873944844,0.999999999975046,-0.071618200723087,-0.991397350376106,-0.109554219418626,0.103165958024425
101.175,4.24785831868873,0.104779284078993,0.0283508870692127,0.999999999977376,-0.071618200723087,-0.991397350376106,-0.109554219418626,0.103165958024425
101.225,4.25301661668516,0.104779284100972,0.028350886749198,0.999999999979568,-0.071618200723087,-0.991397350376106,-0.109554219418626,0.103165958024425
101.275,4.25817491468156,0.104779284123226,0.0283508864345177,0.999999999981625,-0.071618200723087,-0.991397350376106,-0.109554219418626,0.103165958024425
101.325,4.26333321267781,0.10477928414572,0.0283508861252492,0.999999999983553,-0.071618200723087,-0.991397350376106,-0.109554219418626,0.103165958024425
101.375,4.26849151067384,0.104779284168419,0.0283508858214699,0.999999999985355,-0.071618200723087,-0.991397350376106,-0.109554219418626,0.103165958024425
101.425,4.27364980866955,0.104779284191288,0.0283508855232573,0.999999999987034,-0.071618200723087,-0.991397350376106,-0.109554219418626,0.103165958024425
101.475,4.27880810666483,0.104779284214291,0.0283508852306886,0.999999999988596,-0.071618200723087,-0.991397350376106,-0.109554219418626,0.103165958024425
101.525,4.28396640465959,0.104779284237392,0.0283508849438413,0.999999999990045,-0.071618200723087,-0.991397350376106,-0.109554219418626,0.103165958024425
101.575,4.28912470265375,0.104779284260557,0.0283508846627928,0.999999999991383,-0.071618200723087,-0.991397350376106,-0.109554219418626,0.103165958024425
101.625,4.29428300064719,0.10477928428375,0.0283508843876206,0.999999999992616,-0.071618200723087,-0.991397350376106,-0.109554219418626,0.103165958024425
101.675,4.29944129863984,0.104779284306935,0.0283508841184018,0.999999999993746,-0.071618200723087,-0.991397350376106,-0.109554219418626,0.103165958024425
101.725,4.30459959663158,0.104779284330077,0.0283508838552141,0.99999999999478,-0.071618200723087,-0.991397350376106,-0.109554219418626,0.103165958024425
101.775,4.30975789462234,0.104779284353141,0.0283508835981348,0.999999999995719,-0.071618200723087,-0.991397350376106,-0.109554219418626,0.103165958024425
101.825,4.314916192612,0.104779284376092,0.0283508833472412,0.999999999996569,-0.071618200723087,-0.991397350376106,-0.109554219418626,0.103165958024425
101.875,4.32007449060047,0.104779284398894,0.0283508831026108,0.999999999997333,-0.071618200723087,-0.991397350376106,-0.109554219418626,0.103165958024425
101.925,4.32523278858767,0.104779284421511,0.0283508828643209,0.999999999998016,-0.071618200723087,-0.991397350376106,-0.109554219418626,0.103165958024425
101.975,4.33039108657349,0.104779284443908,0.0283508826324491,0.999999999998621,-0.071618200723087,-0.991397350376106,-0.109554219418626,0.103165958024425
102.025,4.33554938455784,0.104779284466051,0.0283508824070725,0.999999999999153,-0.071618200723087,-0.991397350376106,-0.109554219418626,0.103165958024425
102.075,4.34070768254062,0.104779284487903,0.0283508821882665,0.999999999999615,-0.071618200723087,-0.991397350376106,-0.109554219418626,0.103165958024425
102.125,4.34586598052174,0.10477928450943,0.0283508819761047,1.00000000000001,-0.071618200723087,-0.991397350376106,-0.109554219418626,0.103165958024425
102.175,4.35102427850111,0.104779284530597,0.0283508817706605,1.00000000000035,-0.071618200723087,-0.991397350376106,-0.109554219418626,0.103165958024425
102.225,4.35618257647863,0.104779284551369,0.0283508815720072,1.00000000000063,-0.071618200723087,-0.991397350376106,-0.109554219418626,0.103165958024425
102.275,4.3613408744542,0.104779284571711,0.0283508813802182,1.00000000000085,-0.071618200723087,-0.991397350376106,-0.109554219418626,0.103165958024425
102.325,4.36649917242774,0.104779284591588,0.028350881195367,1.00000000000103,-0.071618200723087,-0.991397350376106,-0.109554219418626,0.103165958024425
102.375,4.37165747039915,0.104779284610966,0.0283508810175269,1.00000000000116,-0.071618200723087,-0.991397350376106,-0.109554219418626,0.103165958024425
102.425,4.37681576836834,0.104779284629809,0.0283508808467713,1.00000000000125,-0.071618200723087,-0.991397350376106,-0.109554219418626,0.103165958024425
102.475,4.38197406633521,0.104779284648083,0.0283508806831736,1.0000000000013,-0.071618200723087,-0.991397350376106,-0.109554219418626,0.103165958024425
102.525,4.38713236429967,0.104779284665752,0.0283508805268072,1.00000000000132,-0.071618200723087,-0.991397350376106,-0.109554219418626,0.103165958024425
102.575,4.39229066226163,0.104779284682782,0.0283508803777456,1.00000000000131,-0.071618200723087,-0.991397350376106,-0.109554219418626,0.103165958024425
102.625,4.39744896022098,0.104779284699138,0.028350880236062,1.00000000000127,-0.071618200723087,-0.991397350376106,-0.109554219418626,0.103165958024425
102.675,4.40260725817764,0.104779284714785,0.0283508801018299,1.00000000000121,-0.071618200723087,-0.991397350376106,-0.109554219418626,0.103165958024425
102.725,4.40776555613152,0.104779284729687,0.0283508799751228,1.00000000000114,-0.071618200723087,-0.991397350376106,-0.109554219418626,0.103165958024425
102.775,4.41292385408251,0.104779284743811,0.0283508798560139,1.00000000000105,-0.071618200723087,-0.991397350376106,-0.109554219418626,0.103165958024425
102.825,4.41808215203053,0.104779284757122,0.0283508797445767,1.00000000000096,-0.071618200723087,-0.991397350376106,-0.109554219418626,0.103165958024425
102.875,4.42324044997549,0.104779284769583,0.0283508796408845,1.00000000000086,-0.071618200723087,-0.991397350376106,-0.109554219418626,0.103165958024425
102.925,4.42839874791728,0.104779284781162,0.0283508795450109,1.00000000000076,-0.071618200723087,-0.991397350376106,-0.109554219418626,0.103165958024425
102.975,4.43355704585581,0.104779284791821,0.0283508794570291,1.00000000000066,-0.071618200723087,-0.991397350376106,-0.109554219418626,0.103165958024425
103.025,4.438715343791,0.104779284801529,0.0283508793770027,1.00000000000057,-0.071618200723087,-0.991397350376106,-0.109554219418626,0.103165958024425
103.075,4.44387364172289,0.104779284810293,0.0283508793047683,1.00000000000048,-0.071618200723087,-0.991397350376106,-0.109554219418626,0.103165958024425
103.125,4.44903193965163,0.104779284818158,0.0283508792399358,1.00000000000041,-0.071618200723087,-0.991397350376106,-0.109554219418626,0.103165958024425
103.175,4.4541902375774,0.104779284825174,0.028350879182105,1.00000000000034,-0.071618200723087,-0.991397350376106,-0.109554219418626,0.103165958024425
103.225,4.45934853550036,0.104779284831389,0.0283508791308757,1.00000000000028,-0.071618200723087,-0.991397350376106,-0.109554219418626,0.103165958024425
103.275,4.4645068334207,0.104779284836852,0.028350879085848,1.00000000000023,-0.071618200723087,-0.991397350376106,-0.109554219418626,0.103165958024425
103.325,4.46966513133857,0.104779284841611,0.0283508790466218,1.00000000000019,-0.071618200723087,-0.991397350376106,-0.109554219418626,0.103165958024425
103.375,4.47482342925415,0.104779284845714,0.0283508790127968,1.00000000000015,-0.071618200723087,-0.991397350376106,-0.109554219418626,0.103165958024425
103.425,4.47998172716761,0.104779284849211,0.0283508789839731,1.00000000000012,-0.071618200723087,-0.991397350376106,-0.109554219418626,0.103165958024425
103.475,4.48514002507911,0.10477928485215,0.0283508789597505,1.00000000000009,-0.071618200723087,-0.991397350376106,-0.109554219418626,0.103165958024425
103.525,4.49029832298883,0.104779284854579,0.0283508789397289,1.00000000000007,-0.071618200723087,-0.991397350376106,-0.109554219418626,0.103165958024425
103.575,4.49545662089694,0.104779284856546,0.0283508789235083,1.00000000000005,-0.071618200723087,-0.991397350376106,-0.109554219418626,0.103165958024425
103.625,4.5006149188036,0.104779284858102,0.0283508789106885,1.00000000000003,-0.071618200723087,-0.991397350376106,-0.109554219418626,0.103165958024425
103.675,4.50577321670899,0.104779284859293,0.0283508789008694,1.00000000000002,-0.071618200723087,-0.991397350376106,-0.109554219418626,0.103165958024425
103.725,4.51093151461328,0.104779284860169,0.028350878893651,1.00000000000001,-0.071618200723087,-0.991397350376106,-0.109554219418626,0.103165958024425
103.775,4.51608981251663,0.104779284860777,0.0283508788886331,1.00000000000001,-0.071618200723087,-0.991397350376106,-0.109554219418626,0.103165958024425
103.825,4.52124811041922,0.104779284861168,0.0283508788854156,1,-0.071618200723087,-0.991397350376106,-0.109554219418626,0.103165958024425
103.875,4.5264064083212,0.104779284861388,0.0283508788835985,1,-0.071618200723087,-0.991397350376106,-0.109554219418626,0.103165958024425
103.925,4.53156470622277,0.104779284861487,0.0283508788827817,1,-0.071618200723087,-0.991397350376106,-0.109554219418626,0.103165958024425
103.975,4.53672300412409,0.104779284861514,0.0283508788825649,1,-0.071618200723087,-0.991397350376106,-0.109554219418626,0.103165958024425
104.025,4.54188130202531,0.104779284861515,0.0283508788825566,1,-0.071618200723087,-0.991397350376106,-0.109554219418626,0.103165958024425
104.075,4.54703959992653,0.104779284861515,0.0283508788825566,1,-0.071618200723087,-0.991397350376106,-0.109554219418626,0.103165958024425
104.125,4.55219789782775,0.104779284861515,0.0283508788825566,1,-0.071618200723087,-0.991397350376106,-0.109554219418626,0.103165958024425
104.175,4.55735619572898,0.104779284861515,0.0283508788825566,1,-0.071618200723087,-0.991397350376106,-0.109554219418626,0.103165958024425
104.225,4.5625144936302,0.104779284861515,0.0283508788825566,1,-0.071618200723087,-0.991397350376106,-0.109554219418626,0.103165958024425
104.275,4.56767279153142,0.104779284861515,0.0283508788825566,1,-0.071618200723087,-0.991397350376106,-0.109554219418626,0.103165958024425
104.325,4.57283108943264,0.104779284861515,0.0283508788825566,1,-0.071618200723087,-0.991397350376106,-0.109554219418626,0.103165958024425
104.375,4.57798938733386,0.104779284861515,0.0283508788825566,1,-0.071618200723087,-0.991397350376106,-0.109554219418626,0.103165958024425
104.425,4.58314768523508,0.104779284861515,0.0283508788825566,1,-0.071618200723087,-0.991397350376106,-0.109554219418626,0.103165958024425
104.475,4.5883059831363,0.104779284861515,0.0283508788825566,1,-0.071618200723087,-0.991397350376106,-0.109554219418626,0.103165958024425
104.525,4.59346428103752,0.104779284861515,0.0283508788825566,1,-0.071618200723087,-0.991397350376106,-0.109554219418626,0.103165958024425
104.575,4.59862257893875,0.104779284861515,0.0283508788825566,1,-0.071618200723087,-0.991397350376106,-0.109554219418626,0.103165958024425
104.625,4.60378087683997,0.104779284861515,0.0283508788825566,1,-0.071618200723087,-0.991397350376106,-0.109554219418626,0.103165958024425
104.675,4.60893917474119,0.104779284861515,0.0283508788825566,1,-0.071618200723087,-0.991397350376106,-0.109554219418626,0.103165958024425
104.725,4.61409747264241,0.104779284861515,0.0283508788825566,1,-0.071618200723087,-0.991397350376106,-0.109554219418626,0.103165958024425
104.775,4.61925577054363,0.104779284861515,0.0283508788825566,1,-0.071618200723087,-0.991397350376106,-0.109554219418626,0.103165958024425
104.825,4.62441406844485,0.104779284861515,0.0283508788825566,1,-0.071618200723087,-0.991397350376106,-0.109554219418626,0.103165958024425
104.875,4.62957236634607,0.104779284861515,0.0283508788825566,1,-0.071618200723087,-0.991397350376106,-0.109554219418626,0.103165958024425
104.925,4.63473066424729,0.104779284861515,0.0283508788825566,1,-0.071618200723087,-0.991397350376106,-0.109554219418626,0.103165958024425
104.975,4.63988896214852,0.104779284861515,0.0283508788825566,1,-0.071618200723087,-0.991397350376106,-0.109554219418626,0.103165958024425
105.025,4.64504726004974,0.104779284861515,0.0283508788825566,1,-0.071618200723087,-0.991397350376106,-0.109554219418626,0.103165958024425
105.075,4.65020555795096,0.104779284861515,0.0283508788825566,1,-0.071618200723087,-0.991397350376106,-0.109554219418626,0.103165958024425
105.125,4.65536385585218,0.104779284861515,0.0283508788825566,1,-0.071618200723087,-0.991397350376106,-0.109554219418626,0.103165958024425
105.175,4.6605221537534,0.104779284861515,0.0283508788825566,1,-0.071618200723087,-0.991397350376106,-0.109554219418626,0.103165958024425
105.225,4.66568045165462,0.104779284861515,0.0283508788825566,1,-0.071618200723087,-0.991397350376106,-0.109554219418626,0.103165958024425
105.275,4.67083874955584,0.104779284861515,0.0283508788825566,1,-0.071618200723087,-0.991397350376106,-0.109554219418626,0.103165958024425
105.325,4.67599704745707,0.104779284861515,0.0283508788825566,1,-0.071618200723087,-0.991397350376106,-0.109554219418626,0.103165958024425
105.375,4.68115534535829,0.104779284861515,0.0283508788825566,1,-0.071618200723087,-0.991397350376106,-0.109554219418626,0.103165958024425
105.425,4.68631364325951,0.104779284861515,0.0283508788825566,1,-0.071618200723087,-0.991397350376106,-0.109554219418626,0.103165958024425
105.475,4.69147194116073,0.104779284861515,0.0283508788825566,1,-0.071618200723087,-0.991397350376106,-0.109554219418626,0.103165958024425
105.525,4.69663023906195,0.104779284861515,0.0283508788825566,1,-0.071618200723087,-0.991397350376106,-0.109554219418626,0.103165958024425
105.575,4.70178853696317,0.104779284861515,0.0283508788825566,1,-0.071618200723087,-0.991397350376106,-0.109554219418626,0.103165958024425
105.625,4.70694683486439,0.104779284861515,0.0283508788825566,1,-0.071618200723087,-0.991397350376106,-0.109554219418626,0.103165958024425
105.675,4.71210513276561,0.104779284861515,0.0283508788825566,1,-0.071618200723087,-0.991397350376106,-0.109554219418626,0.103165958024425
105.725,4.71726343066683,0.104779284861515,0.0283508788825566,1,-0.071618200723087,-0.991397350376106,-0.109554219418626,0.103165958024425
105.775,4.72242172856806,0.104779284861515,0.0283508788825566,1,-0.071618200723087,-0.991397350376106,-0.109554219418626,0.103165958024425
105.825,4.72758002646928,0.104779284861515,0.0283508788825566,1,-0.071618200723087,-0.991397350376106,-0.109554219418626,0.103165958024425
105.875,4.7327383243705,0.104779284861515,0.0283508788825566,1,-0.071618200723087,-0.991397350376106,-0.109554219418626,0.103165958024425
105.925,4.73789662227172,0.104779284861515,0.0283508788825566,1,-0.071618200723087,-0.991397350376106,-0.109554219418626,0.103165958024425
105.975,4.74305492017294,0.104779284861515,0.0283508788825566,1,-0.071618200723087,-0.991397350376106,-0.109554219418626,0.103165958024425
106.025,4.74821321807416,0.104779284861515,0.0283508788825566,1,-0.071618200723087,-0.991397350376106,-0.109554219418626,0.103165958024425
106.075,4.75337151597538,0.104779284861515,0.0283508788825566,1,-0.071618200723087,-0.991397350376106,-0.109554219418626,0.103165958024425
106.125,4.7585298138766,0.104779284861515,0.0283508788825566,1,-0.071618200723087,-0.991397350376106,-0.109554219418626,0.103165958024425
106.175,4.76368811177783,0.104779284861515,0.0283508788825566,1,-0.071618200723087,-0.991397350376106,-0.109554219418626,0.103165958024425
106.225,4.76884640967905,0.104779284861515,0.0283508788825566,1,-0.071618200723087,-0.991397350376106,-0.109554219418626,0.103165958024425
106.275,4.77400470758027,0.104779284861515,0.0283508788825566,1,-0.071618200723087,-0.991397350376106,-0.109554219418626,0.103165958024425
106.325,4.77916300548149,0.104779284861515,0.0283508788825566,1,-0.071618200723087,-0.991397350376106,-0.109554219418626,0.103165958024425
106.375,4.78432130338271,0.104779284861515,0.0283508788825566,1,-0.071618200723087,-0.991397350376106,-0.109554219418626,0.103165958024425
106.425,4.78947960128393,0.104779284861515,0.0283508788825566,1,-0.071618200723087,-0.991397350376106,-0.109554219418626,0.103165958024425
106.475,4.79463789918515,0.104779284861515,0.0283508788825566,1,-0.071618200723087,-0.991397350376106,-0.109554219418626,0.103165958024425
106.525,4.79979619708637,0.104779284861515,0.0283508788825566,1,-0.071618200723087,-0.991397350376106,-0.109554219418626,0.103165958024425
106.575,4.8049544949876,0.104779284861515,0.0283508788825566,1,-0.071618200723087,-0.991397350376106,-0.109554219418626,0.103165958024425
106.625,4.81011279288882,0.104779284861515,0.0283508788825566,1,-0.071618200723087,-0.991397350376106,-0.109554219418626,0.103165958024425
106.675,4.81527109079004,0.104779284861515,0.0283508788825566,1,-0.071618200723087,-0.991397350376106,-0.109554219418626,0.103165958024425
106.725,4.82042938869126,0.104779284861515,0.0283508788825566,1,-0.071618200723087,-0.991397350376106,-0.109554219418626,0.103165958024425
106.775,4.82558768659248,0.104779284861515,0.0283508788825566,1,-0.071618200723087,-0.991397350376106,-0.109554219418626,0.103165958024425
106.825,4.8307459844937,0.104779284861515,0.0283508788825566,1,-0.071618200723087,-0.991397350376106,-0.109554219418626,0.103165958024425
106.875,4.83590428239492,0.104779284861515,0.0283508788825566,1,-0.071618200723087,-0.991397350376106,-0.109554219418626,0.103165958024425
106.925,4.84106258029615,0.104779284861515,0.0283508788825566,1,-0.071618200723087,-0.991397350376106,-0.109554219418626,0.103165958024425
106.975,4.84622087819737,0.104779284861515,0.0283508788825566,1,-0.071618200723087,-0.991397350376106,-0.109554219418626,0.103165958024425
107.025,4.85137917609859,0.104779284861515,0.0283508788825566,1,-0.071618200723087,-0.991397350376106,-0.109554219418626,0.103165958024425
107.075,4.85653747399981,0.104779284861515,0.0283508788825566,1,-0.071618200723087,-0.991397350376106,-0.109554219418626,0.103165958024425
107.125,4.86169577190103,0.104779284861515,0.0283508788825566,1,-0.071618200723087,-0.991397350376106,-0.109554219418626,0.103165958024425
107.175,4.86685406980225,0.104779284861515,0.0283508788825566,1,-0.071618200723087,-0.991397350376106,-0.109554219418626,0.103165958024425
107.225,4.87201236770347,0.104779284861515,0.0283508788825566,1,-0.071618200723087,-0.991397350376106,-0.109554219418626,0.103165958024425
107.275,4.87717066560469,0.104779284861515,0.0283508788825566,1,-0.071618200723087,-0.991397350376106,-0.109554219418626,0.103165958024425
107.325,4.88232896350592,0.104779284861515,0.0283508788825566,1,-0.071618200723087,-0.991397350376106,-0.109554219418626,0.103165958024425
107.375,4.88748726140714,0.104779284861515,0.0283508788825566,1,-0.071618200723087,-0.991397350376106,-0.109554219418626,0.103165958024425
107.425,4.89264555930836,0.104779284861515,0.0283508788825566,1,-0.071618200723087,-0.991397350376106,-0.109554219418626,0.103165958024425
107.475,4.89780385720958,0.104779284861515,0.0283508788825566,1,-0.071618200723087,-0.991397350376106,-0.109554219418626,0.103165958024425
107.525,4.9029621551108,0.104779284861515,0.0283508788825566,1,-0.071618200723087,-0.991397350376106,-0.109554219418626,0.103165958024425
107.575,4.90812045301202,0.104779284861515,0.0283508788825566,1,-0.071618200723087,-0.991397350376106,-0.109554219418626,0.103165958024425
107.625,4.91327875091324,0.104779284861515,0.0283508788825566,1,-0.071618200723087,-0.991397350376106,-0.109554219418626,0.103165958024425
107.675,4.91843704881446,0.104779284861515,0.0283508788825566,1,-0.071618200723087,-0.991397350376106,-0.109554219418626,0.103165958024425
107.725,4.92359534671569,0.104779284861515,0.0283508788825566,1,-0.071618200723087,-0.991397350376106,-0.109554219418626,0.103165958024425
107.775,4.92875364461691,0.104779284861515,0.0283508788825566,1,-0.071618200723087,-0.991397350376106,-0.109554219418626,0.103165958024425
107.825,4.93391194251813,0.104779284861515,0.0283508788825566,1,-0.071618200723087,-0.991397350376106,-0.109554219418626,0.103165958024425
107.875,4.93907024041935,0.104779284861515,0.0283508788825566,1,-0.071618200723087,-0.991397350376106,-0.109554219418626,0.103165958024425
107.925,4.94422853832057,0.104779284861515,0.0283508788825566,1,-0.071618200723087,-0.991397350376106,-0.109554219418626,0.103165958024425
107.975,4.94938683622179,0.104779284861515,0.0283508788825566,1,-0.071618200723087,-0.991397350376106,-0.109554219418626,0.103165958024425
108.025,4.95454513412301,0.104779284861515,0.0283508788825566,1,-0.071618200723087,-0.991397350376106,-0.109554219418626,0.103165958024425
108.075,4.95970343202423,0.104779284861515,0.0283508788825566,1,-0.071618200723087,-0.991397350376106,-0.109554219418626,0.103165958024425
108.125,4.96486172992545,0.104779284861515,0.0283508788825566,1,-0.071618200723087,-0.991397350376106,-0.109554219418626,0.103165958024425
108.175,4.97002002782668,0.104779284861515,0.0283508788825566,1,-0.071618200723087,-0.991397350376106,-0.109554219418626,0.103165958024425
108.225,4.9751783257279,0.104779284861515,0.0283508788825566,1,-0.071618200723087,-0.991397350376106,-0.109554219418626,0.103165958024425
108.275,4.98033662362912,0.104779284861515,0.0283508788825566,1,-0.071618200723087,-0.991397350376106,-0.109554219418626,0.103165958024425
108.325,4.98549492153034,0.104779284861515,0.0283508788825566,1,-0.071618200723087,-0.991397350376106,-0.109554219418626,0.103165958024425
108.375,4.99065321943156,0.104779284861515,0.0283508788825566,1,-0.071618200723087,-0.991397350376106,-0.109554219418626,0.103165958024425
108.425,4.99581151733278,0.104779284861515,0.0283508788825566,1,-0.071618200723087,-0.991397350376106,-0.109554219418626,0.103165958024425
108.475,5.000969815234,0.104779284861515,0.0283508788825566,1,-0.071618200723087,-0.991397350376106,-0.109554219418626,0.103165958024425
108.525,5.00612811313523,0.104779284861515,0.0283508788825566,1,-0.071618200723087,-0.991397350376106,-0.109554219418626,0.103165958024425
108.575,5.01128641103645,0.104779284861515,0.0283508788825566,1,-0.071618200723087,-0.991397350376106,-0.109554219418626,0.103165958024425
108.625,5.01644470893767,0.104779284861515,0.0283508788825566,1,-0.071618200723087,-0.991397350376106,-0.109554219418626,0.103165958024425
108.675,5.02160300683889,0.104779284861515,0.0283508788825566,1,-0.071618200723087,-0.991397350376106,-0.109554219418626,0.103165958024425
108.725,5.02676130474011,0.104779284861515,0.0283508788825566,1,-0.071618200723087,-0.991397350376106,-0.109554219418626,0.103165958024425
108.775,5.03191960264133,0.104779284861515,0.0283508788825566,1,-0.071618200723087,-0.991397350376106,-0.109554219418626,0.103165958024425
108.825,5.03707790054255,0.104779284861515,0.0283508788825566,1,-0.071618200723087,-0.991397350376106,-0.109554219418626,0.103165958024425
108.875,5.04223619844377,0.104779284861515,0.0283508788825566,1,-0.071618200723087,-0.991397350376106,-0.109554219418626,0.103165958024425
108.925,5.047394496345,0.104779284861515,0.0283508788825566,1,-0.071618200723087,-0.991397350376106,-0.109554219418626,0.103165958024425
108.975,5.05255279424622,0.104779284861515,0.0283508788825566,1,-0.071618200723087,-0.991397350376106,-0.109554219418626,0.103165958024425
109.025,5.05771109214744,0.104779284861515,0.0283508788825566,1,-0.071618200723087,-0.991397350376106,-0.109554219418626,0.103165958024425
109.075,5.06286939004866,0.104779284861515,0.0283508788825566,1,-0.071618200723087,-0.991397350376106,-0.109554219418626,0.103165958024425
109.125,5.06802768794988,0.104779284861515,0.0283508788825566,1,-0.071618200723087,-0.991397350376106,-0.109554219418626,0.103165958024425
109.175,5.0731859858511,0.104779284861515,0.0283508788825566,1,-0.071618200723087,-0.991397350376106,-0.109554219418626,0.103165958024425
109.225,5.07834428375232,0.104779284861515,0.0283508788825566,1,-0.071618200723087,-0.991397350376106,-0.109554219418626,0.103165958024425
109.275,5.08350258165354,0.104779284861515,0.0283508788825566,1,-0.071618200723087,-0.991397350376106,-0.109554219418626,0.103165958024425
109.325,5.08866087955477,0.104779284861515,0.0283508788825566,1,-0.071618200723087,-0.991397350376106,-0.109554219418626,0.103165958024425
109.375,5.09381917745599,0.104779284861515,0.0283508788825566,1,-0.071618200723087,-0.991397350376106,-0.109554219418626,0.103165958024425
109.425,5.09897747535721,0.104779284861515,0.0283508788825566,1,-0.071618200723087,-0.991397350376106,-0.109554219418626,0.103165958024425
109.475,5.10413577325843,0.104779284861515,0.0283508788825566,1,-0.071618200723087,-0.991397350376106,-0.109554219418626,0.103165958024425
109.525,5.10929407115965,0.104779284861515,0.0283508788825566,1,-0.071618200723087,-0.991397350376106,-0.109554219418626,0.103165958024425
109.575,5.11445236906087,0.104779284861515,0.0283508788825566,1,-0.071618200723087,-0.991397350376106,-0.109554219418626,0.103165958024425
109.625,5.11961066696209,0.104779284861515,0.0283508788825566,1,-0.071618200723087,-0.991397350376106,-0.109554219418626,0.103165958024425
109.675,5.12476896486331,0.104779284861515,0.0283508788825566,1,-0.071618200723087,-0.991397350376106,-0.109554219418626,0.103165958024425
109.725,5.12992726276453,0.104779284861515,0.0283508788825566,1,-0.071618200723087,-0.991397350376106,-0.109554219418626,0.103165958024425
109.775,5.13508556066576,0.104779284861515,0.0283508788825566,1,-0.071618200723087,-0.991397350376106,-0.109554219418626,0.103165958024425
109.825,5.14024385856698,0.104779284861515,0.0283508788825566,1,-0.071618200723087,-0.991397350376106,-0.109554219418626,0.103165958024425
109.875,5.1454021564682,0.104779284861515,0.0283508788825566,1,-0.071618200723087,-0.991397350376106,-0.109554219418626,0.103165958024425
109.925,5.15056045436942,0.104779284861515,0.0283508788825566,1,-0.071618200723087,-0.991397350376106,-0.109554219418626,0.103165958024425
109.975,5.15571875227064,0.104779284861515,0.0283508788825566,1,-0.071618200723087,-0.991397350376106,-0.109554219418626,0.103165958024425
110.025,5.16087705058532,0.104779284482516,0.0283508779794055,1.0000000000529,-0.0716182001043636,-0.991397350455902,-0.109554219100992,0.103165958041422
110.075,5.16603534850461,0.104779284490567,0.0283508779961387,1.00000000005139,-0.0716182001043636,-0.991397350455902,-0.109554219100992,0.103165958041422
110.125,5.17119364642343,0.104779284498442,0.0283508780131507,1.0000000000499,-0.0716182001043636,-0.991397350455902,-0.109554219100992,0.103165958041422
110.175,5.1763519443418,0.104779284506142,0.0283508780304254,1.00000000004843,-0.0716182001043636,-0.991397350455902,-0.109554219100992,0.103165958041422
110.225,5.18151024225971,0.104779284513669,0.0283508780479467,1.00000000004699,-0.0716182001043636,-0.991397350455902,-0.109554219100992,0.103165958041422
110.275,5.18666854017719,0.104779284521025,0.0283508780656985,1.00000000004556,-0.0716182001043636,-0.991397350455902,-0.109554219100992,0.103165958041422
110.325,5.19182683809422,0.104779284528211,0.0283508780836646,1.00000000004416,-0.0716182001043636,-0.991397350455902,-0.109554219100992,0.103165958041422
110.375,5.19698513601083,0.104779284535229,0.0283508781018288,1.00000000004278,-0.0716182001043636,-0.991397350455902,-0.109554219100992,0.103165958041422
110.425,5.20214343392701,0.104779284542082,0.0283508781201751,1.00000000004142,-0.0716182001043636,-0.991397350455902,-0.109554219100992,0.103165958041422
110.475,5.20730173184277,0.104779284548769,0.0283508781386873,1.00000000004009,-0.0716182001043636,-0.991397350455902,-0.109554219100992,0.103165958041422
110.525,5.21246002975812,0.104779284555295,0.0283508781573492,1.00000000003878,-0.0716182001043636,-0.991397350455902,-0.109554219100992,0.103165958041422
110.575,5.21761832767307,0.104779284561659,0.0283508781761447,1.00000000003748,-0.0716182001043636,-0.991397350455902,-0.109554219100992,0.103165958041422
110.625,5.22277662558761,0.104779284567863,0.0283508781950577,1.00000000003622,-0.0716182001043636,-0.991397350455902,-0.109554219100992,0.103165958041422
110.675,5.22793492350176,0.104779284573911,0.0283508782140721,1.00000000003497,-0.0716182001043636,-0.991397350455902,-0.109554219100992,0.103165958041422
110.725,5.23309322141553,0.104779284579802,0.0283508782331716,1.00000000003374,-0.0716182001043636,-0.991397350455902,-0.109554219100992,0.103165958041422
110.775,5.23825151932891,0.104779284585539,0.0283508782523401,1.00000000003254,-0.0716182001043636,-0.991397350455902,-0.109554219100992,0.103165958041422
110.825,5.24340981724192,0.104779284591124,0.0283508782715616,1.00000000003136,-0.0716182001043636,-0.991397350455902,-0.109554219100992,0.103165958041422
110.875,5.24856811515455,0.104779284596558,0.0283508782908199,1.0000000000302,-0.0716182001043636,-0.991397350455902,-0.109554219100992,0.103165958041422
110.925,5.25372641306683,0.104779284601843,0.0283508783100987,1.00000000002907,-0.0716182001043636,-0.991397350455902,-0.109554219100992,0.103165958041422
110.975,5.25888471097876,0.104779284606981,0.0283508783293821,1.00000000002796,-0.0716182001043636,-0.991397350455902,-0.109554219100992,0.103165958041422
111.025,5.26404300889033,0.104779284611973,0.0283508783486538,1.00000000002686,-0.0716182001043636,-0.991397350455902,-0.109554219100992,0.103165958041422
111.075,5.26920130680156,0.104779284616821,0.0283508783678982,1.0000000000258,-0.0716182001043636,-0.991397350455902,-0.109554219100992,0.103165958041422
111.125,5.27435960471245,0.104779284621528,0.0283508783870998,1.00000000002475,-0.0716182001043636,-0.991397350455902,-0.109554219100992,0.103165958041422
111.175,5.27951790262301,0.104779284626094,0.0283508784062434,1.00000000002373,-0.0716182001043636,-0.991397350455902,-0.109554219100992,0.103165958041422
111.225,5.28467620053325,0.104779284630522,0.0283508784253135,1.00000000002272,-0.0716182001043636,-0.991397350455902,-0.109554219100992,0.103165958041422
111.275,5.28983449844317,0.104779284634814,0.0283508784442948,1.00000000002174,-0.0716182001043636,-0.991397350455902,-0.109554219100992,0.103165958041422
111.325,5.29499279635278,0.104779284638971,0.0283508784631721,1.00000000002079,-0.0716182001043636,-0.991397350455902,-0.109554219100992,0.103165958041422
111.375,5.30015109426208,0.104779284642996,0.0283508784819298,1.00000000001985,-0.0716182001043636,-0.991397350455902,-0.109554219100992,0.103165958041422
111.425,5.30530939217109,0.10477928464689,0.0283508785005528,1.00000000001894,-0.0716182001043636,-0.991397350455902,-0.109554219100992,0.103165958041422
111.475,5.31046769007981,0.104779284650655,0.0283508785190256,1.00000000001805,-0.0716182001043636,-0.991397350455902,-0.109554219100992,0.103165958041422
111.525,5.31562598798824,0.104779284654292,0.028350878537333,1.00000000001718,-0.0716182001043636,-0.991397350455902,-0.109554219100992,0.103165958041422
111.575,5.3207842858964,0.104779284657805,0.0283508785554595,1.00000000001633,-0.0716182001043636,-0.991397350455902,-0.109554219100992,0.103165958041422
111.625,5.32594258380428,0.104779284661194,0.0283508785733898,1.00000000001551,-0.0716182001043636,-0.991397350455902,-0.109554219100992,0.103165958041422
111.675,5.3311008817119,0.104779284664462,0.0283508785911086,1.00000000001471,-0.0716182001043636,-0.991397350455902,-0.109554219100992,0.103165958041422
111.725,5.33625917961925,0.10477928466761,0.0283508786086005,1.00000000001393,-0.0716182001043636,-0.991397350455902,-0.109554219100992,0.103165958041422
111.775,5.34141747752636,0.10477928467064,0.0283508786258502,1.00000000001317,-0.0716182001043636,-0.991397350455902,-0.109554219100992,0.103165958041422
111.825,5.34657577543322,0.104779284673554,0.0283508786428424,1.00000000001243,-0.0716182001043636,-0.991397350455902,-0.109554219100992,0.103165958041422
111.875,5.35173407333984,0.104779284676355,0.0283508786595616,1.00000000001172,-0.0716182001043636,-0.991397350455902,-0.109554219100992,0.103165958041422
111.925,5.35689237124623,0.104779284679042,0.0283508786759926,1.00000000001103,-0.0716182001043636,-0.991397350455902,-0.109554219100992,0.103165958041422
111.975,5.36205066915239,0.10477928468162,0.02835087869212,1.00000000001036,-0.0716182001043636,-0.991397350455902,-0.109554219100992,0.103165958041422
112.025,5.36720896705834,0.104779284684089,0.0283508787079285,1.00000000000971,-0.0716182001043636,-0.991397350455902,-0.109554219100992,0.103165958041422
112.075,5.37236726496407,0.104779284686451,0.0283508787234029,1.00000000000908,-0.0716182001043636,-0.991397350455902,-0.109554219100992,0.103165958041422
112.125,5.37752556286959,0.104779284688709,0.0283508787385281,1.00000000000848,-0.0716182001043636,-0.991397350455902,-0.109554219100992,0.103165958041422
112.175,5.38268386077491,0.104779284690864,0.0283508787532891,1.0000000000079,-0.0716182001043636,-0.991397350455902,-0.109554219100992,0.103165958041422
112.225,5.38784215868004,0.104779284692918,0.028350878767671,1.00000000000734,-0.0716182001043636,-0.991397350455902,-0.109554219100992,0.103165958041422
112.275,5.39300045658498,0.104779284694873,0.0283508787816586,1.0000000000068,-0.0716182001043636,-0.991397350455902,-0.109554219100992,0.103165958041422
112.325,5.39815875448974,0.10477928469673,0.0283508787952369,1.00000000000628,-0.0716182001043636,-0.991397350455902,-0.109554219100992,0.103165958041422
112.375,5.40331705239433,0.104779284698492,0.028350878808391,1.00000000000579,-0.0716182001043636,-0.991397350455902,-0.109554219100992,0.103165958041422
112.425,5.40847535029875,0.104779284700161,0.0283508788211057,1.00000000000531,-0.0716182001043636,-0.991397350455902,-0.109554219100992,0.103165958041422
112.475,5.41363364820301,0.104779284701739,0.0283508788333661,1.00000000000486,-0.0716182001043636,-0.991397350455902,-0.109554219100992,0.103165958041422
112.525,5.41879194610712,0.104779284703227,0.0283508788451571,1.00000000000443,-0.0716182001043636,-0.991397350455902,-0.109554219100992,0.103165958041422
112.575,5.42395024401108,0.104779284704627,0.0283508788564638,1.00000000000402,-0.0716182001043636,-0.991397350455902,-0.109554219100992,0.103165958041422
112.625,5.42910854191489,0.104779284705942,0.028350878867271,1.00000000000364,-0.0716182001043636,-0.991397350455902,-0.109554219100992,0.103165958041422
112.675,5.43426683981858,0.104779284707172,0.0283508788775638,1.00000000000327,-0.0716182001043636,-0.991397350455902,-0.109554219100992,0.103165958041422
112.725,5.43942513772213,0.104779284708321,0.0283508788873271,1.00000000000293,-0.0716182001043636,-0.991397350455902,-0.109554219100992,0.103165958041422
112.775,5.44458343562556,0.104779284709389,0.0283508788965459,1.00000000000261,-0.0716182001043636,-0.991397350455902,-0.109554219100992,0.103165958041422
112.825,5.44974173352888,0.10477928471038,0.0283508789052052,1.00000000000231,-0.0716182001043636,-0.991397350455902,-0.109554219100992,0.103165958041422
112.875,5.45490003143209,0.104779284711294,0.0283508789132899,1.00000000000203,-0.0716182001043636,-0.991397350455902,-0.109554219100992,0.103165958041422
112.925,5.4600583293352,0.104779284712134,0.028350878920785,1.00000000000177,-0.0716182001043636,-0.991397350455902,-0.109554219100992,0.103165958041422
112.975,5.46521662723821,0.104779284712901,0.0283508789276755,1.00000000000154,-0.0716182001043636,-0.991397350455902,-0.109554219100992,0.103165958041422
113.025,5.47037492514114,0.104779284713597,0.0283508789339474,1.00000000000132,-0.0716182001043636,-0.991397350455902,-0.109554219100992,0.103165958041422
113.075,5.47553322304398,0.104779284714226,0.0283508789396087,1.00000000000113,-0.0716182001043636,-0.991397350455902,-0.109554219100992,0.103165958041422
113.125,5.48069152094674,0.10477928471479,0.02835087894469,1.00000000000096,-0.0716182001043636,-0.991397350455902,-0.109554219100992,0.103165958041422
113.175,5.48584981884943,0.104779284715294,0.0283508789492224,1.0000000000008,-0.0716182001043636,-0.991397350455902,-0.109554219100992,0.103165958041422
113.225,5.49100811675205,0.10477928471574,0.0283508789532375,1.00000000000066,-0.0716182001043636,-0.991397350455902,-0.109554219100992,0.103165958041422
113.275,5.4961664146546,0.104779284716132,0.0283508789567665,1.00000000000054,-0.0716182001043636,-0.991397350455902,-0.109554219100992,0.103165958041422
113.325,5.50132471255709,0.104779284716473,0.0283508789598409,1.00000000000044,-0.0716182001043636,-0.991397350455902,-0.109554219100992,0.103165958041422
113.375,5.50648301045952,0.104779284716767,0.0283508789624919,1.00000000000035,-0.0716182001043636,-0.991397350455902,-0.109554219100992,0.103165958041422
113.425,5.5116413083619,0.104779284717018,0.028350878964751,1.00000000000027,-0.0716182001043636,-0.991397350455902,-0.109554219100992,0.103165958041422
113.475,5.51679960626423,0.104779284717229,0.0283508789666494,1.00000000000021,-0.0716182001043636,-0.991397350455902,-0.109554219100992,0.103165958041422
113.525,5.52195790416651,0.104779284717403,0.0283508789682186,1.00000000000015,-0.0716182001043636,-0.991397350455902,-0.109554219100992,0.103165958041422
113.575,5.52711620206875,0.104779284717545,0.0283508789694899,1.00000000000011,-0.0716182001043636,-0.991397350455902,-0.109554219100992,0.103165958041422
113.625,5.53227449997096,0.104779284717656,0.0283508789704946,1.00000000000008,-0.0716182001043636,-0.991397350455902,-0.109554219100992,0.103165958041422
113.675,5.53743279787314,0.104779284717742,0.0283508789712642,1.00000000000005,-0.0716182001043636,-0.991397350455902,-0.109554219100992,0.103165958041422
113.725,5.54259109577529,0.104779284717805,0.0283508789718299,1.00000000000003,-0.0716182001043636,-0.991397350455902,-0.109554219100992,0.103165958041422
113.775,5.54774939367741,0.104779284717848,0.0283508789722232,1.00000000000002,-0.0716182001043636,-0.991397350455902,-0.109554219100992,0.103165958041422
113.825,5.55290769157952,0.104779284717876,0.0283508789724754,1.00000000000001,-0.0716182001043636,-0.991397350455902,-0.109554219100992,0.103165958041422
113.875,5.55806598948161,0.104779284717892,0.0283508789726178,1,-0.0716182001043636,-0.991397350455902,-0.109554219100992,0.103165958041422
113.925,5.56322428738369,0.104779284717899,0.0283508789726818,1,-0.0716182001043636,-0.991397350455902,-0.109554219100992,0.103165958041422
113.975,5.56838258528576,0.104779284717901,0.0283508789726988,1,-0.0716182001043636,-0.991397350455902,-0.109554219100992,0.103165958041422
114.025,5.57354088318783,0.104779284717901,0.0283508789726994,1,-0.0716182001043636,-0.991397350455902,-0.109554219100992,0.103165958041422
114.075,5.5786991810899,0.104779284717901,0.0283508789726994,1,-0.0716182001043636,-0.991397350455902,-0.109554219100992,0.103165958041422
114.125,5.58385747899197,0.104779284717901,0.0283508789726994,1,-0.0716182001043636,-0.991397350455902,-0.109554219100992,0.103165958041422
114.175,5.58901577689404,0.104779284717901,0.0283508789726994,1,-0.0716182001043636,-0.991397350455902,-0.109554219100992,0.103165958041422
114.225,5.59417407479611,0.104779284717901,0.0283508789726994,1,-0.0716182001043636,-0.991397350455902,-0.109554219100992,0.103165958041422
114.275,5.59933237269819,0.104779284717901,0.0283508789726994,1,-0.0716182001043636,-0.991397350455902,-0.109554219100992,0.103165958041422
114.325,5.60449067060026,0.104779284717901,0.0283508789726994,1,-0.0716182001043636,-0.991397350455902,-0.109554219100992,0.103165958041422
114.375,5.60964896850233,0.104779284717901,0.0283508789726994,1,-0.0716182001043636,-0.991397350455902,-0.109554219100992,0.103165958041422
114.425,5.6148072664044,0.104779284717901,0.0283508789726994,1,-0.0716182001043636,-0.991397350455902,-0.109554219100992,0.103165958041422
114.475,5.61996556430647,0.104779284717901,0.0283508789726994,1,-0.0716182001043636,-0.991397350455902,-0.109554219100992,0.103165958041422
114.525,5.62512386220854,0.104779284717901,0.0283508789726994,1,-0.0716182001043636,-0.991397350455902,-0.109554219100992,0.103165958041422
114.575,5.63028216011061,0.104779284717901,0.0283508789726994,1,-0.0716182001043636,-0.991397350455902,-0.109554219100992,0.103165958041422
114.625,5.63544045801268,0.104779284717901,0.0283508789726994,1,-0.0716182001043636,-0.991397350455902,-0.109554219100992,0.103165958041422
114.675,5.64059875591476,0.104779284717901,0.0283508789726994,1,-0.0716182001043636,-0.991397350455902,-0.109554219100992,0.103165958041422
114.725,5.64575705381683,0.104779284717901,0.0283508789726994,1,-0.0716182001043636,-0.991397350455902,-0.109554219100992,0.103165958041422
114.775,5.6509153517189,0.104779284717901,0.0283508789726994,1,-0.0716182001043636,-0.991397350455902,-0.109554219100992,0.103165958041422
114.825,5.65607364962097,0.104779284717901,0.0283508789726994,1,-0.0716182001043636,-0.991397350455902,-0.109554219100992,0.103165958041422
114.875,5.66123194752304,0.104779284717901,0.0283508789726994,1,-0.0716182001043636,-0.991397350455902,-0.109554219100992,0.103165958041422
114.925,5.66639024542511,0.104779284717901,0.0283508789726994,1,-0.0716182001043636,-0.991397350455902,-0.109554219100992,0.103165958041422
114.975,5.67154854332718,0.104779284717901,0.0283508789726994,1,-0.0716182001043636,-0.991397350455902,-0.109554219100992,0.103165958041422
115.025,5.67670684122925,0.104779284717901,0.0283508789726994,1,-0.0716182001043636,-0.991397350455902,-0.109554219100992,0.103165958041422
115.075,5.68186513913133,0.104779284717901,0.0283508789726994,1,-0.0716182001043636,-0.991397350455902,-0.109554219100992,0.103165958041422
115.125,5.68702343703339,0.104779284717901,0.0283508789726994,1,-0.0716182001043636,-0.991397350455902,-0.109554219100992,0.103165958041422
115.175,5.69218173493547,0.104779284717901,0.0283508789726994,1,-0.0716182001043636,-0.991397350455902,-0.109554219100992,0.103165958041422
115.225,5.69734003283754,0.104779284717901,0.0283508789726994,1,-0.0716182001043636,-0.991397350455902,-0.109554219100992,0.103165958041422
115.275,5.70249833073961,0.104779284717901,0.0283508789726994,1,-0.0716182001043636,-0.991397350455902,-0.109554219100992,0.103165958041422
115.325,5.70765662864168,0.104779284717901,0.0283508789726994,1,-0.0716182001043636,-0.991397350455902,-0.109554219100992,0.103165958041422
115.375,5.71281492654375,0.104779284717901,0.0283508789726994,1,-0.0716182001043636,-0.991397350455902,-0.109554219100992,0.103165958041422
115.425,5.71797322444582,0.104779284717901,0.0283508789726994,1,-0.0716182001043636,-0.991397350455902,-0.109554219100992,0.103165958041422
115.475,5.72313152234789,0.104779284717901,0.0283508789726994,1,-0.0716182001043636,-0.991397350455902,-0.109554219100992,0.103165958041422
115.525,5.72828982024996,0.104779284717901,0.0283508789726994,1,-0.0716182001043636,-0.991397350455902,-0.109554219100992,0.103165958041422
115.575,5.73344811815204,0.104779284717901,0.0283508789726994,1,-0.0716182001043636,-0.991397350455902,-0.109554219100992,0.103165958041422
115.625,5.73860641605411,0.104779284717901,0.0283508789726994,1,-0.0716182001043636,-0.991397350455902,-0.109554219100992,0.103165958041422
115.675,5.74376471395618,0.104779284717901,0.0283508789726994,1,-0.0716182001043636,-0.991397350455902,-0.109554219100992,0.103165958041422
115.725,5.74892301185825,0.104779284717901,0.0283508789726994,1,-0.0716182001043636,-0.991397350455902,-0.109554219100992,0.103165958041422
115.775,5.75408130976032,0.104779284717901,0.0283508789726994,1,-0.0716182001043636,-0.991397350455902,-0.109554219100992,0.103165958041422
115.825,5.75923960766239,0.104779284717901,0.0283508789726994,1,-0.0716182001043636,-0.991397350455902,-0.109554219100992,0.103165958041422
115.875,5.76439790556446,0.104779284717901,0.0283508789726994,1,-0.0716182001043636,-0.991397350455902,-0.109554219100992,0.103165958041422
115.925,5.76955620346653,0.104779284717901,0.0283508789726994,1,-0.0716182001043636,-0.991397350455902,-0.109554219100992,0.103165958041422
115.975,5.7747145013686,0.104779284717901,0.0283508789726994,1,-0.0716182001043636,-0.991397350455902,-0.109554219100992,0.103165958041422
116.025,5.77987279927067,0.104779284717901,0.0283508789726994,1,-0.0716182001043636,-0.991397350455902,-0.109554219100992,0.103165958041422
116.075,5.78503109717275,0.104779284717901,0.0283508789726994,1,-0.0716182001043636,-0.991397350455902,-0.109554219100992,0.103165958041422
116.125,5.79018939507482,0.104779284717901,0.0283508789726994,1,-0.0716182001043636,-0.991397350455902,-0.109554219100992,0.103165958041422
116.175,5.79534769297689,0.104779284717901,0.0283508789726994,1,-0.0716182001043636,-0.991397350455902,-0.109554219100992,0.103165958041422
116.225,5.80050599087896,0.104779284717901,0.0283508789726994,1,-0.0716182001043636,-0.991397350455902,-0.109554219100992,0.103165958041422
116.275,5.80566428878103,0.104779284717901,0.0283508789726994,1,-0.0716182001043636,-0.991397350455902,-0.109554219100992,0.103165958041422
116.325,5.8108225866831,0.104779284717901,0.0283508789726994,1,-0.0716182001043636,-0.991397350455902,-0.109554219100992,0.103165958041422
116.375,5.81598088458517,0.104779284717901,0.0283508789726994,1,-0.0716182001043636,-0.991397350455902,-0.109554219100992,0.103165958041422
116.425,5.82113918248724,0.104779284717901,0.0283508789726994,1,-0.0716182001043636,-0.991397350455902,-0.109554219100992,0.103165958041422
116.475,5.82629748038932,0.104779284717901,0.0283508789726994,1,-0.0716182001043636,-0.991397350455902,-0.109554219100992,0.103165958041422
116.525,5.83145577829139,0.104779284717901,0.0283508789726994,1,-0.0716182001043636,-0.991397350455902,-0.109554219100992,0.103165958041422
116.575,5.83661407619346,0.104779284717901,0.0283508789726994,1,-0.0716182001043636,-0.991397350455902,-0.109554219100992,0.103165958041422
116.625,5.84177237409553,0.104779284717901,0.0283508789726994,1,-0.0716182001043636,-0.991397350455902,-0.109554219100992,0.103165958041422
116.675,5.8469306719976,0.104779284717901,0.0283508789726994,1,-0.0716182001043636,-0.991397350455902,-0.109554219100992,0.103165958041422
116.725,5.85208896989967,0.104779284717901,0.0283508789726994,1,-0.0716182001043636,-0.991397350455902,-0.109554219100992,0.103165958041422
116.775,5.85724726780174,0.104779284717901,0.0283508789726994,1,-0.0716182001043636,-0.991397350455902,-0.109554219100992,0.103165958041422
116.825,5.86240556570381,0.104779284717901,0.0283508789726994,1,-0.0716182001043636,-0.991397350455902,-0.109554219100992,0.103165958041422
116.875,5.86756386360588,0.104779284717901,0.0283508789726994,1,-0.0716182001043636,-0.991397350455902,-0.109554219100992,0.103165958041422
116.925,5.87272216150796,0.104779284717901,0.0283508789726994,1,-0.0716182001043636,-0.991397350455902,-0.109554219100992,0.103165958041422
116.975,5.87788045941003,0.104779284717901,0.0283508789726994,1,-0.0716182001043636,-0.991397350455902,-0.109554219100992,0.103165958041422
117.025,5.8830387573121,0.104779284717901,0.0283508789726994,1,-0.0716182001043636,-0.991397350455902,-0.109554219100992,0.103165958041422
117.075,5.88819705521417,0.104779284717901,0.0283508789726994,1,-0.0716182001043636,-0.991397350455902,-0.109554219100992,0.103165958041422
117.125,5.89335535311624,0.104779284717901,0.0283508789726994,1,-0.0716182001043636,-0.991397350455902,-0.109554219100992,0.103165958041422
117.175,5.89851365101831,0.104779284717901,0.0283508789726994,1,-0.0716182001043636,-0.991397350455902,-0.109554219100992,0.103165958041422
117.225,5.90367194892038,0.104779284717901,0.0283508789726994,1,-0.0716182001043636,-0.991397350455902,-0.109554219100992,0.103165958041422
117.275,5.90883024682245,0.104779284717901,0.0283508789726994,1,-0.0716182001043636,-0.991397350455902,-0.109554219100992,0.103165958041422
117.325,5.91398854472452,0.104779284717901,0.0283508789726994,1,-0.0716182001043636,-0.991397350455902,-0.109554219100992,0.103165958041422
117.375,5.91914684262659,0.104779284717901,0.0283508789726994,1,-0.0716182001043636,-0.991397350455902,-0.109554219100992,0.103165958041422
117.425,5.92430514052867,0.104779284717901,0.0283508789726994,1,-0.0716182001043636,-0.991397350455902,-0.109554219100992,0.103165958041422
117.475,5.92946343843074,0.104779284717901,0.0283508789726994,1,-0.0716182001043636,-0.991397350455902,-0.109554219100992,0.103165958041422
117.525,5.93462173633281,0.104779284717901,0.0283508789726994,1,-0.0716182001043636,-0.991397350455902,-0.109554219100992,0.103165958041422
117.575,5.93978003423488,0.104779284717901,0.0283508789726994,1,-0.0716182001043636,-0.991397350455902,-0.109554219100992,0.103165958041422
117.625,5.94493833213695,0.104779284717901,0.0283508789726994,1,-0.0716182001043636,-0.991397350455902,-0.109554219100992,0.103165958041422
117.675,5.95009663003902,0.104779284717901,0.0283508789726994,1,-0.0716182001043636,-0.991397350455902,-0.109554219100992,0.103165958041422
117.725,5.95525492794109,0.104779284717901,0.0283508789726994,1,-0.0716182001043636,-0.991397350455902,-0.109554219100992,0.103165958041422
117.775,5.96041322584316,0.104779284717901,0.0283508789726994,1,-0.0716182001043636,-0.991397350455902,-0.109554219100992,0.103165958041422
117.825,5.96557152374524,0.104779284717901,0.0283508789726994,1,-0.0716182001043636,-0.991397350455902,-0.109554219100992,0.103165958041422
117.875,5.97072982164731,0.104779284717901,0.0283508789726994,1,-0.0716182001043636,-0.991397350455902,-0.109554219100992,0.103165958041422
117.925,5.97588811954938,0.104779284717901,0.0283508789726994,1,-0.0716182001043636,-0.991397350455902,-0.109554219100992,0.103165958041422
117.975,5.98104641745145,0.104779284717901,0.0283508789726994,1,-0.0716182001043636,-0.991397350455902,-0.109554219100992,0.103165958041422
118.025,5.98620471535352,0.104779284717901,0.0283508789726994,1,-0.0716182001043636,-0.991397350455902,-0.109554219100992,0.103165958041422
118.075,5.99136301325559,0.104779284717901,0.0283508789726994,1,-0.0716182001043636,-0.991397350455902,-0.109554219100992,0.103165958041422
118.125,5.99652131115766,0.104779284717901,0.0283508789726994,1,-0.0716182001043636,-0.991397350455902,-0.109554219100992,0.103165958041422
118.175,6.00167960905973,0.104779284717901,0.0283508789726994,1,-0.0716182001043636,-0.991397350455902,-0.109554219100992,0.103165958041422
118.225,6.0068379069618,0.104779284717901,0.0283508789726994,1,-0.0716182001043636,-0.991397350455902,-0.109554219100992,0.103165958041422
118.275,6.01199620486387,0.104779284717901,0.0283508789726994,1,-0.0716182001043636,-0.991397350455902,-0.109554219100992,0.103165958041422
118.325,6.01715450276595,0.104779284717901,0.0283508789726994,1,-0.0716182001043636,-0.991397350455902,-0.109554219100992,0.103165958041422
118.375,6.02231280066802,0.104779284717901,0.0283508789726994,1,-0.0716182001043636,-0.991397350455902,-0.109554219100992,0.103165958041422
118.425,6.02747109857009,0.104779284717901,0.0283508789726994,1,-0.0716182001043636,-0.991397350455902,-0.109554219100992,0.103165958041422
118.475,6.03262939647216,0.104779284717901,0.0283508789726994,1,-0.0716182001043636,-0.991397350455902,-0.109554219100992,0.103165958041422
118.525,6.03778769437423,0.104779284717901,0.0283508789726994,1,-0.0716182001043636,-0.991397350455902,-0.109554219100992,0.103165958041422
118.575,6.0429459922763,0.104779284717901,0.0283508789726994,1,-0.0716182001043636,-0.991397350455902,-0.109554219100992,0.103165958041422
118.625,6.04810429017837,0.104779284717901,0.0283508789726994,1,-0.0716182001043636,-0.991397350455902,-0.109554219100992,0.103165958041422
118.675,6.05326258808044,0.104779284717901,0.0283508789726994,1,-0.0716182001043636,-0.991397350455902,-0.109554219100992,0.103165958041422
118.725,6.05842088598251,0.104779284717901,0.0283508789726994,1,-0.0716182001043636,-0.991397350455902,-0.109554219100992,0.103165958041422
118.775,6.06357918388459,0.104779284717901,0.0283508789726994,1,-0.0716182001043636,-0.991397350455902,-0.109554219100992,0.103165958041422
118.825,6.06873748178666,0.104779284717901,0.0283508789726994,1,-0.0716182001043636,-0.991397350455902,-0.109554219100992,0.103165958041422
118.875,6.07389577968873,0.104779284717901,0.0283508789726994,1,-0.0716182001043636,-0.991397350455902,-0.109554219100992,0.103165958041422
118.925,6.0790540775908,0.104779284717901,0.0283508789726994,1,-0.0716182001043636,-0.991397350455902,-0.109554219100992,0.103165958041422
118.975,6.08421237549287,0.104779284717901,0.0283508789726994,1,-0.0716182001043636,-0.991397350455902,-0.109554219100992,0.103165958041422
119.025,6.08937067339494,0.104779284717901,0.0283508789726994,1,-0.0716182001043636,-0.991397350455902,-0.109554219100992,0.103165958041422
119.075,6.09452897129701,0.104779284717901,0.0283508789726994,1,-0.0716182001043636,-0.991397350455902,-0.109554219100992,0.103165958041422
119.125,6.09968726919908,0.104779284717901,0.0283508789726994,1,-0.0716182001043636,-0.991397350455902,-0.109554219100992,0.103165958041422
119.175,6.10484556710115,0.104779284717901,0.0283508789726994,1,-0.0716182001043636,-0.991397350455902,-0.109554219100992,0.103165958041422
119.225,6.11000386500323,0.104779284717901,0.0283508789726994,1,-0.0716182001043636,-0.991397350455902,-0.109554219100992,0.103165958041422
119.275,6.1151621629053,0.104779284717901,0.0283508789726994,1,-0.0716182001043636,-0.991397350455902,-0.109554219100992,0.103165958041422
119.325,6.12032046080737,0.104779284717901,0.0283508789726994,1,-0.0716182001043636,-0.991397350455902,-0.109554219100992,0.103165958041422
119.375,6.12547875870944,0.104779284717901,0.0283508789726994,1,-0.0716182001043636,-0.991397350455902,-0.109554219100992,0.103165958041422
119.425,6.13063705661151,0.104779284717901,0.0283508789726994,1,-0.0716182001043636,-0.991397350455902,-0.109554219100992,0.103165958041422
119.475,6.13579535451358,0.104779284717901,0.0283508789726994,1,-0.0716182001043636,-0.991397350455902,-0.109554219100992,0.103165958041422
119.525,6.14095365241565,0.104779284717901,0.0283508789726994,1,-0.0716182001043636,-0.991397350455902,-0.109554219100992,0.103165958041422
119.575,6.14611195031772,0.104779284717901,0.0283508789726994,1,-0.0716182001043636,-0.991397350455902,-0.109554219100992,0.103165958041422
119.625,6.15127024821979,0.104779284717901,0.0283508789726994,1,-0.0716182001043636,-0.991397350455902,-0.109554219100992,0.103165958041422
119.675,6.15642854612187,0.104779284717901,0.0283508789726994,1,-0.0716182001043636,-0.991397350455902,-0.109554219100992,0.103165958041422
119.725,6.16158684402394,0.104779284717901,0.0283508789726994,1,-0.0716182001043636,-0.991397350455902,-0.109554219100992,0.103165958041422
119.775,6.16674514192601,0.104779284717901,0.0283508789726994,1,-0.0716182001043636,-0.991397350455902,-0.109554219100992,0.103165958041422
119.825,6.17190343982808,0.104779284717901,0.0283508789726994,1,-0.0716182001043636,-0.991397350455902,-0.109554219100992,0.103165958041422
119.875,6.17706173773015,0.104779284717901,0.0283508789726994,1,-0.0716182001043636,-0.991397350455902,-0.109554219100992,0.103165958041422
119.925,6.18222003563222,0.104779284717901,0.0283508789726994,1,-0.0716182001043636,-0.991397350455902,-0.109554219100992,0.103165958041422
119.975,6.18737833353429,0.104779284717901,0.0283508789726994,1,-0.0716182001043636,-0.991397350455902,-0.109554219100992,0.103165958041422
120.025,6.19253663166602,0.104779284713371,0.0283508789959955,0.99999999999531,-0.0716181999433412,-0.991397350478106,-0.10955421900533,0.103165958044014
120.075,6.19769492956612,0.104779284712542,0.0283508789968377,0.999999999995421,-0.0716181999433412,-0.991397350478106,-0.10955421900533,0.103165958044014
120.125,6.20285322746624,0.104779284711724,0.0283508789976284,0.999999999995532,-0.0716181999433412,-0.991397350478106,-0.10955421900533,0.103165958044014
120.175,6.20801152536639,0.104779284710915,0.0283508789983688,0.999999999995642,-0.0716181999433412,-0.991397350478106,-0.10955421900533,0.103165958044014
120.225,6.21316982326657,0.104779284710116,0.0283508789990601,0.999999999995751,-0.0716181999433412,-0.991397350478106,-0.10955421900533,0.103165958044014
120.275,6.21832812116678,0.104779284709327,0.0283508789997035,0.99999999999586,-0.0716181999433412,-0.991397350478106,-0.10955421900533,0.103165958044014
120.325,6.22348641906703,0.104779284708548,0.0283508790003002,0.999999999995968,-0.0716181999433412,-0.991397350478106,-0.10955421900533,0.103165958044014
120.375,6.2286447169673,0.104779284707779,0.0283508790008513,0.999999999996075,-0.0716181999433412,-0.991397350478106,-0.10955421900533,0.103165958044014
120.425,6.2338030148676,0.10477928470702,0.0283508790013581,0.999999999996182,-0.0716181999433412,-0.991397350478106,-0.10955421900533,0.103165958044014
120.475,6.23896131276793,0.104779284706271,0.0283508790018217,0.999999999996288,-0.0716181999433412,-0.991397350478106,-0.10955421900533,0.103165958044014
120.525,6.2441196106683,0.104779284705533,0.0283508790022434,0.999999999996392,-0.0716181999433412,-0.991397350478106,-0.10955421900533,0.103165958044014
120.575,6.2492779085687,0.104779284704805,0.0283508790026244,0.999999999996496,-0.0716181999433412,-0.991397350478106,-0.10955421900533,0.103165958044014
120.625,6.25443620646912,0.104779284704088,0.0283508790029658,0.999999999996599,-0.0716181999433412,-0.991397350478106,-0.10955421900533,0.103165958044014
120.675,6.25959450436958,0.104779284703381,0.0283508790032689,0.999999999996701,-0.0716181999433412,-0.991397350478106,-0.10955421900533,0.103165958044014
120.725,6.26475280227006,0.104779284702685,0.0283508790035348,0.999999999996802,-0.0716181999433412,-0.991397350478106,-0.10955421900533,0.103165958044014
120.775,6.26991110017058,0.104779284702,0.0283508790037647,0.999999999996902,-0.0716181999433412,-0.991397350478106,-0.10955421900533,0.103165958044014
120.825,6.27506939807113,0.104779284701325,0.0283508790039599,0.999999999997001,-0.0716181999433412,-0.991397350478106,-0.10955421900533,0.103165958044014
120.875,6.28022769597171,0.104779284700662,0.0283508790041215,0.999999999997099,-0.0716181999433412,-0.991397350478106,-0.10955421900533,0.103165958044014
120.925,6.28538599387232,0.10477928470001,0.0283508790042507,0.999999999997196,-0.0716181999433412,-0.991397350478106,-0.10955421900533,0.103165958044014
120.975,6.29054429177296,0.104779284699369,0.0283508790043487,0.999999999997292,-0.0716181999433412,-0.991397350478106,-0.10955421900533,0.103165958044014
121.025,6.29570258967363,0.104779284698739,0.0283508790044168,0.999999999997386,-0.0716181999433412,-0.991397350478106,-0.10955421900533,0.103165958044014
121.075,6.30086088757434,0.104779284698121,0.028350879004456,0.999999999997479,-0.0716181999433412,-0.991397350478106,-0.10955421900533,0.103165958044014
121.125,6.30601918547507,0.104779284697513,0.0283508790044676,0.999999999997571,-0.0716181999433412,-0.991397350478106,-0.10955421900533,0.103165958044014
121.175,6.31117748337584,0.104779284696918,0.0283508790044527,0.999999999997662,-0.0716181999433412,-0.991397350478106,-0.10955421900533,0.103165958044014
121.225,6.31633578127663,0.104779284696333,0.0283508790044126,0.999999999997752,-0.0716181999433412,-0.991397350478106,-0.10955421900533,0.103165958044014
121.275,6.32149407917746,0.104779284695761,0.0283508790043484,0.99999999999784,-0.0716181999433412,-0.991397350478106,-0.10955421900533,0.103165958044014
121.325,6.32665237707832,0.1047792846952,0.0283508790042612,0.999999999997926,-0.0716181999433412,-0.991397350478106,-0.10955421900533,0.103165958044014
121.375,6.33181067497921,0.10477928469465,0.0283508790041522,0.999999999998012,-0.0716181999433412,-0.991397350478106,-0.10955421900533,0.103165958044014
121.425,6.33696897288013,0.104779284694113,0.0283508790040226,0.999999999998095,-0.0716181999433412,-0.991397350478106,-0.10955421900533,0.103165958044014
121.475,6.34212727078108,0.104779284693587,0.0283508790038737,0.999999999998178,-0.0716181999433412,-0.991397350478106,-0.10955421900533,0.103165958044014
121.525,6.34728556868207,0.104779284693073,0.0283508790037064,0.999999999998259,-0.0716181999433412,-0.991397350478106,-0.10955421900533,0.103165958044014
121.575,6.35244386658308,0.104779284692571,0.0283508790035221,0.999999999998338,-0.0716181999433412,-0.991397350478106,-0.10955421900533,0.103165958044014
121.625,6.35760216448412,0.104779284692081,0.0283508790033219,0.999999999998416,-0.0716181999433412,-0.991397350478106,-0.10955421900533,0.103165958044014
121.675,6.3627604623852,0.104779284691603,0.0283508790031069,0.999999999998492,-0.0716181999433412,-0.991397350478106,-0.10955421900533,0.103165958044014
121.725,6.36791876028631,0.104779284691136,0.0283508790028784,0.999999999998567,-0.0716181999433412,-0.991397350478106,-0.10955421900533,0.103165958044014
121.775,6.37307705818744,0.104779284690682,0.0283508790026375,0.99999999999864,-0.0716181999433412,-0.991397350478106,-0.10955421900533,0.103165958044014
121.825,6.37823535608861,0.104779284690241,0.0283508790023854,0.999999999998712,-0.0716181999433412,-0.991397350478106,-0.10955421900533,0.103165958044014
121.875,6.38339365398981,0.104779284689811,0.0283508790021232,0.999999999998781,-0.0716181999433412,-0.991397350478106,-0.10955421900533,0.103165958044014
121.925,6.38855195189104,0.104779284689394,0.0283508790018522,0.999999999998849,-0.0716181999433412,-0.991397350478106,-0.10955421900533,0.103165958044014
121.975,6.3937102497923,0.104779284688989,0.0283508790015735,0.999999999998916,-0.0716181999433412,-0.991397350478106,-0.10955421900533,0.103165958044014
122.025,6.39886854769359,0.104779284688597,0.0283508790012882,0.99999999999898,-0.0716181999433412,-0.991397350478106,-0.10955421900533,0.103165958044014
122.075,6.40402684559492,0.104779284688217,0.0283508790009976,0.999999999999043,-0.0716181999433412,-0.991397350478106,-0.10955421900533,0.103165958044014
122.125,6.40918514349627,0.104779284687849,0.0283508790007028,0.999999999999104,-0.0716181999433412,-0.991397350478106,-0.10955421900533,0.103165958044014
122.175,6.41434344139765,0.104779284687495,0.0283508790004049,0.999999999999163,-0.0716181999433412,-0.991397350478106,-0.10955421900533,0.103165958044014
122.225,6.41950173929907,0.104779284687152,0.0283508790001052,0.99999999999922,-0.0716181999433412,-0.991397350478106,-0.10955421900533,0.103165958044014
122.275,6.42466003720051,0.104779284686823,0.0283508789998047,0.999999999999275,-0.0716181999433412,-0.991397350478106,-0.10955421900533,0.103165958044014
122.325,6.42981833510199,0.104779284686506,0.0283508789995047,0.999999999999328,-0.0716181999433412,-0.991397350478106,-0.10955421900533,0.103165958044014
122.375,6.4349766330035,0.104779284686202,0.0283508789992062,0.99999999999938,-0.0716181999433412,-0.991397350478106,-0.10955421900533,0.103165958044014
122.425,6.44013493090504,0.104779284685911,0.0283508789989105,0.999999999999429,-0.0716181999433412,-0.991397350478106,-0.10955421900533,0.103165958044014
122.475,6.4452932288066,0.104779284685632,0.0283508789986188,0.999999999999476,-0.0716181999433412,-0.991397350478106,-0.10955421900533,0.103165958044014
122.525,6.4504515267082,0.104779284685367,0.028350878998332,0.999999999999522,-0.0716181999433412,-0.991397350478106,-0.10955421900533,0.103165958044014
122.575,6.45560982460983,0.104779284685114,0.0283508789980515,0.999999999999565,-0.0716181999433412,-0.991397350478106,-0.10955421900533,0.103165958044014
122.625,6.46076812251149,0.104779284684874,0.0283508789977784,0.999999999999606,-0.0716181999433412,-0.991397350478106,-0.10955421900533,0.103165958044014
122.675,6.46592642041318,0.104779284684648,0.0283508789975139,0.999999999999645,-0.0716181999433412,-0.991397350478106,-0.10955421900533,0.103165958044014
122.725,6.4710847183149,0.104779284684434,0.028350878997259,0.999999999999682,-0.0716181999433412,-0.991397350478106,-0.10955421900533,0.103165958044014
122.775,6.47624301621665,0.104779284684234,0.028350878997015,0.999999999999716,-0.0716181999433412,-0.991397350478106,-0.10955421900533,0.103165958044014
122.825,6.48140131411843,0.104779284684047,0.0283508789967831,0.999999999999749,-0.0716181999433412,-0.991397350478106,-0.10955421900533,0.103165958044014
122.875,6.48655961202023,0.104779284683873,0.0283508789965643,0.999999999999779,-0.0716181999433412,-0.991397350478106,-0.10955421900533,0.103165958044014
122.925,6.49171790992207,0.104779284683712,0.0283508789963598,0.999999999999807,-0.0716181999433412,-0.991397350478106,-0.10955421900533,0.103165958044014
122.975,6.49687620782395,0.104779284683565,0.0283508789961709,0.999999999999833,-0.0716181999433412,-0.991397350478106,-0.10955421900533,0.103165958044014
123.025,6.50203450572585,0.104779284683431,0.0283508789959985,0.999999999999856,-0.0716181999433412,-0.991397350478106,-0.10955421900533,0.103165958044014
123.075,6.50719280362778,0.10477928468331,0.0283508789958429,0.999999999999877,-0.0716181999433412,-0.991397350478106,-0.10955421900533,0.103165958044014
123.125,6.51235110152973,0.104779284683202,0.0283508789957033,0.999999999999896,-0.0716181999433412,-0.991397350478106,-0.10955421900533,0.103165958044014
123.175,6.51750939943172,0.104779284683105,0.0283508789955787,0.999999999999913,-0.0716181999433412,-0.991397350478106,-0.10955421900533,0.103165958044014
123.225,6.52266769733373,0.104779284683019,0.0283508789954684,0.999999999999928,-0.0716181999433412,-0.991397350478106,-0.10955421900533,0.103165958044014
123.275,6.52782599523576,0.104779284682944,0.0283508789953714,0.999999999999941,-0.0716181999433412,-0.991397350478106,-0.10955421900533,0.103165958044014
123.325,6.53298429313781,0.104779284682878,0.0283508789952869,0.999999999999952,-0.0716181999433412,-0.991397350478106,-0.10955421900533,0.103165958044014
123.375,6.53814259103988,0.104779284682821,0.0283508789952141,0.999999999999962,-0.0716181999433412,-0.991397350478106,-0.10955421900533,0.103165958044014
123.425,6.54330088894198,0.104779284682773,0.028350878995152,0.99999999999997,-0.0716181999433412,-0.991397350478106,-0.10955421900533,0.103165958044014
123.475,6.54845918684409,0.104779284682733,0.0283508789950998,0.999999999999977,-0.0716181999433412,-0.991397350478106,-0.10955421900533,0.103165958044014
123.525,6.55361748474621,0.104779284682699,0.0283508789950567,0.999999999999983,-0.0716181999433412,-0.991397350478106,-0.10955421900533,0.103165958044014
123.575,6.55877578264835,0.104779284682672,0.0283508789950218,0.999999999999988,-0.0716181999433412,-0.991397350478106,-0.10955421900533,0.103165958044014
123.625,6.5639340805505,0.10477928468265,0.0283508789949941,0.999999999999992,-0.0716181999433412,-0.991397350478106,-0.10955421900533,0.103165958044014
123.675,6.56909237845267,0.104779284682634,0.028350878994973,0.999999999999995,-0.0716181999433412,-0.991397350478106,-0.10955421900533,0.103165958044014
123.725,6.57425067635484,0.104779284682622,0.0283508789949574,0.999999999999997,-0.0716181999433412,-0.991397350478106,-0.10955421900533,0.103165958044014
123.775,6.57940897425702,0.104779284682614,0.0283508789949466,0.999999999999998,-0.0716181999433412,-0.991397350478106,-0.10955421900533,0.103165958044014
123.825,6.58456727215921,0.104779284682608,0.0283508789949397,0.999999999999999,-0.0716181999433412,-0.991397350478106,-0.10955421900533,0.103165958044014
123.875,6.5897255700614,0.104779284682605,0.0283508789949358,1,-0.0716181999433412,-0.991397350478106,-0.10955421900533,0.103165958044014
123.925,6.5948838679636,0.104779284682604,0.028350878994934,1,-0.0716181999433412,-0.991397350478106,-0.10955421900533,0.103165958044014
123.975,6.6000421658658,0.104779284682603,0.0283508789949336,1,-0.0716181999433412,-0.991397350478106,-0.10955421900533,0.103165958044014
124.025,6.605200463768,0.104779284682603,0.0283508789949336,1,-0.0716181999433412,-0.991397350478106,-0.10955421900533,0.103165958044014
124.075,6.6103587616702,0.104779284682603,0.0283508789949336,1,-0.0716181999433412,-0.991397350478106,-0.10955421900533,0.103165958044014
124.125,6.6155170595724,0.104779284682603,0.0283508789949336,1,-0.0716181999433412,-0.991397350478106,-0.10955421900533,0.103165958044014
124.175,6.62067535747461,0.104779284682603,0.0283508789949336,1,-0.0716181999433412,-0.991397350478106,-0.10955421900533,0.103165958044014
124.225,6.62583365537681,0.104779284682603,0.0283508789949336,1,-0.0716181999433412,-0.991397350478106,-0.10955421900533,0.103165958044014
124.275,6.63099195327901,0.104779284682603,0.0283508789949336,1,-0.0716181999433412,-0.991397350478106,-0.10955421900533,0.103165958044014
124.325,6.63615025118121,0.104779284682603,0.0283508789949336,1,-0.0716181999433412,-0.991397350478106,-0.10955421900533,0.103165958044014
124.375,6.64130854908341,0.104779284682603,0.0283508789949336,1,-0.0716181999433412,-0.991397350478106,-0.10955421900533,0.103165958044014
124.425,6.64646684698561,0.104779284682603,0.0283508789949336,1,-0.0716181999433412,-0.991397350478106,-0.10955421900533,0.103165958044014
124.475,6.65162514488781,0.104779284682603,0.0283508789949336,1,-0.0716181999433412,-0.991397350478106,-0.10955421900533,0.103165958044014
124.525,6.65678344279001,0.104779284682603,0.0283508789949336,1,-0.0716181999433412,-0.991397350478106,-0.10955421900533,0.103165958044014
124.575,6.66194174069221,0.104779284682603,0.0283508789949336,1,-0.0716181999433412,-0.991397350478106,-0.10955421900533,0.103165958044014
124.625,6.66710003859441,0.104779284682603,0.0283508789949336,1,-0.0716181999433412,-0.991397350478106,-0.10955421900533,0.103165958044014
124.675,6.67225833649661,0.104779284682603,0.0283508789949336,1,-0.0716181999433412,-0.991397350478106,-0.10955421900533,0.103165958044014
124.725,6.67741663439881,0.104779284682603,0.0283508789949336,1,-0.0716181999433412,-0.991397350478106,-0.10955421900533,0.103165958044014
124.775,6.68257493230101,0.104779284682603,0.0283508789949336,1,-0.0716181999433412,-0.991397350478106,-0.10955421900533,0.103165958044014
124.825,6.68773323020322,0.104779284682603,0.0283508789949336,1,-0.0716181999433412,-0.991397350478106,-0.10955421900533,0.103165958044014
124.875,6.69289152810541,0.104779284682603,0.0283508789949336,1,-0.0716181999433412,-0.991397350478106,-0.10955421900533,0.103165958044014
124.925,6.69804982600762,0.104779284682603,0.0283508789949336,1,-0.0716181999433412,-0.991397350478106,-0.10955421900533,0.103165958044014
124.975,6.70320812390982,0.104779284682603,0.0283508789949336,1,-0.0716181999433412,-0.991397350478106,-0.10955421900533,0.103165958044014
125.025,6.70836642181202,0.104779284682603,0.0283508789949336,1,-0.0716181999433412,-0.991397350478106,-0.10955421900533,0.103165958044014
125.075,6.71352471971422,0.104779284682603,0.0283508789949336,1,-0.0716181999433412,-0.991397350478106,-0.10955421900533,0.103165958044014
125.125,6.71868301761642,0.104779284682603,0.0283508789949336,1,-0.0716181999433412,-0.991397350478106,-0.10955421900533,0.103165958044014
125.175,6.72384131551862,0.104779284682603,0.0283508789949336,1,-0.0716181999433412,-0.991397350478106,-0.10955421900533,0.103165958044014
125.225,6.72899961342082,0.104779284682603,0.0283508789949336,1,-0.0716181999433412,-0.991397350478106,-0.10955421900533,0.103165958044014
125.275,6.73415791132302,0.104779284682603,0.0283508789949336,1,-0.0716181999433412,-0.991397350478106,-0.10955421900533,0.103165958044014
125.325,6.73931620922522,0.104779284682603,0.0283508789949336,1,-0.0716181999433412,-0.991397350478106,-0.10955421900533,0.103165958044014
125.375,6.74447450712742,0.104779284682603,0.0283508789949336,1,-0.0716181999433412,-0.991397350478106,-0.10955421900533,0.103165958044014
125.425,6.74963280502962,0.104779284682603,0.0283508789949336,1,-0.0716181999433412,-0.991397350478106,-0.10955421900533,0.103165958044014
125.475,6.75479110293182,0.104779284682603,0.0283508789949336,1,-0.0716181999433412,-0.991397350478106,-0.10955421900533,0.103165958044014
125.525,6.75994940083402,0.104779284682603,0.0283508789949336,1,-0.0716181999433412,-0.991397350478106,-0.10955421900533,0.103165958044014
125.575,6.76510769873622,0.104779284682603,0.0283508789949336,1,-0.0716181999433412,-0.991397350478106,-0.10955421900533,0.103165958044014
125.625,6.77026599663843,0.104779284682603,0.0283508789949336,1,-0.0716181999433412,-0.991397350478106,-0.10955421900533,0.103165958044014
125.675,6.77542429454062,0.104779284682603,0.0283508789949336,1,-0.0716181999433412,-0.991397350478106,-0.10955421900533,0.103165958044014
125.725,6.78058259244283,0.104779284682603,0.0283508789949336,1,-0.0716181999433412,-0.991397350478106,-0.10955421900533,0.103165958044014
125.775,6.78574089034503,0.104779284682603,0.0283508789949336,1,-0.0716181999433412,-0.991397350478106,-0.10955421900533,0.103165958044014
125.825,6.79089918824723,0.104779284682603,0.0283508789949336,1,-0.0716181999433412,-0.991397350478106,-0.10955421900533,0.103165958044014
125.875,6.79605748614943,0.104779284682603,0.0283508789949336,1,-0.0716181999433412,-0.991397350478106,-0.10955421900533,0.103165958044014
125.925,6.80121578405163,0.104779284682603,0.0283508789949336,1,-0.0716181999433412,-0.991397350478106,-0.10955421900533,0.103165958044014
125.975,6.80637408195383,0.104779284682603,0.0283508789949336,1,-0.0716181999433412,-0.991397350478106,-0.10955421900533,0.103165958044014
126.025,6.81153237985603,0.104779284682603,0.0283508789949336,1,-0.0716181999433412,-0.991397350478106,-0.10955421900533,0.103165958044014
126.075,6.81669067775823,0.104779284682603,0.0283508789949336,1,-0.0716181999433412,-0.991397350478106,-0.10955421900533,0.103165958044014
126.125,6.82184897566043,0.104779284682603,0.0283508789949336,1,-0.0716181999433412,-0.991397350478106,-0.10955421900533,0.103165958044014
126.175,6.82700727356263,0.104779284682603,0.0283508789949336,1,-0.0716181999433412,-0.991397350478106,-0.10955421900533,0.103165958044014
126.225,6.83216557146483,0.104779284682603,0.0283508789949336,1,-0.0716181999433412,-0.991397350478106,-0.10955421900533,0.103165958044014
126.275,6.83732386936703,0.104779284682603,0.0283508789949336,1,-0.0716181999433412,-0.991397350478106,-0.10955421900533,0.103165958044014
126.325,6.84248216726923,0.104779284682603,0.0283508789949336,1,-0.0716181999433412,-0.991397350478106,-0.10955421900533,0.103165958044014
126.375,6.84764046517144,0.104779284682603,0.0283508789949336,1,-0.0716181999433412,-0.991397350478106,-0.10955421900533,0.103165958044014
126.425,6.85279876307363,0.104779284682603,0.0283508789949336,1,-0.0716181999433412,-0.991397350478106,-0.10955421900533,0.103165958044014
126.475,6.85795706097584,0.104779284682603,0.0283508789949336,1,-0.0716181999433412,-0.991397350478106,-0.10955421900533,0.103165958044014
126.525,6.86311535887804,0.104779284682603,0.0283508789949336,1,-0.0716181999433412,-0.991397350478106,-0.10955421900533,0.103165958044014
126.575,6.86827365678024,0.104779284682603,0.0283508789949336,1,-0.0716181999433412,-0.991397350478106,-0.10955421900533,0.103165958044014
126.625,6.87343195468244,0.104779284682603,0.0283508789949336,1,-0.0716181999433412,-0.991397350478106,-0.10955421900533,0.103165958044014
126.675,6.87859025258464,0.104779284682603,0.0283508789949336,1,-0.0716181999433412,-0.991397350478106,-0.10955421900533,0.103165958044014
126.725,6.88374855048684,0.104779284682603,0.0283508789949336,1,-0.0716181999433412,-0.991397350478106,-0.10955421900533,0.103165958044014
126.775,6.88890684838904,0.104779284682603,0.0283508789949336,1,-0.0716181999433412,-0.991397350478106,-0.10955421900533,0.103165958044014
126.825,6.89406514629124,0.104779284682603,0.0283508789949336,1,-0.0716181999433412,-0.991397350478106,-0.10955421900533,0.103165958044014
126.875,6.89922344419344,0.104779284682603,0.0283508789949336,1,-0.0716181999433412,-0.991397350478106,-0.10955421900533,0.103165958044014
126.925,6.90438174209564,0.104779284682603,0.0283508789949336,1,-0.0716181999433412,-0.991397350478106,-0.10955421900533,0.103165958044014
126.975,6.90954003999784,0.104779284682603,0.0283508789949336,1,-0.0716181999433412,-0.991397350478106,-0.10955421900533,0.103165958044014
127.025,6.91469833790004,0.104779284682603,0.0283508789949336,1,-0.0716181999433412,-0.991397350478106,-0.10955421900533,0.103165958044014
127.075,6.91985663580224,0.104779284682603,0.0283508789949336,1,-0.0716181999433412,-0.991397350478106,-0.10955421900533,0.103165958044014
127.125,6.92501493370445,0.104779284682603,0.0283508789949336,1,-0.0716181999433412,-0.991397350478106,-0.10955421900533,0.103165958044014
127.175,6.93017323160665,0.104779284682603,0.0283508789949336,1,-0.0716181999433412,-0.991397350478106,-0.10955421900533,0.103165958044014
127.225,6.93533152950885,0.104779284682603,0.0283508789949336,1,-0.0716181999433412,-0.991397350478106,-0.10955421900533,0.103165958044014
127.275,6.94048982741105,0.104779284682603,0.0283508789949336,1,-0.0716181999433412,-0.991397350478106,-0.10955421900533,0.103165958044014
127.325,6.94564812531325,0.104779284682603,0.0283508789949336,1,-0.0716181999433412,-0.991397350478106,-0.10955421900533,0.103165958044014
127.375,6.95080642321545,0.104779284682603,0.0283508789949336,1,-0.0716181999433412,-0.991397350478106,-0.10955421900533,0.103165958044014
127.425,6.95596472111765,0.104779284682603,0.0283508789949336,1,-0.0716181999433412,-0.991397350478106,-0.10955421900533,0.103165958044014
127.475,6.96112301901985,0.104779284682603,0.0283508789949336,1,-0.0716181999433412,-0.991397350478106,-0.10955421900533,0.103165958044014
127.525,6.96628131692205,0.104779284682603,0.0283508789949336,1,-0.0716181999433412,-0.991397350478106,-0.10955421900533,0.103165958044014
127.575,6.97143961482425,0.104779284682603,0.0283508789949336,1,-0.0716181999433412,-0.991397350478106,-0.10955421900533,0.103165958044014
127.625,6.97659791272645,0.104779284682603,0.0283508789949336,1,-0.0716181999433412,-0.991397350478106,-0.10955421900533,0.103165958044014
127.675,6.98175621062865,0.104779284682603,0.0283508789949336,1,-0.0716181999433412,-0.991397350478106,-0.10955421900533,0.103165958044014
127.725,6.98691450853085,0.104779284682603,0.0283508789949336,1,-0.0716181999433412,-0.991397350478106,-0.10955421900533,0.103165958044014
127.775,6.99207280643305,0.104779284682603,0.0283508789949336,1,-0.0716181999433412,-0.991397350478106,-0.10955421900533,0.103165958044014
127.825,6.99723110433526,0.104779284682603,0.0283508789949336,1,-0.0716181999433412,-0.991397350478106,-0.10955421900533,0.103165958044014
127.875,7.00238940223746,0.104779284682603,0.0283508789949336,1,-0.0716181999433412,-0.991397350478106,-0.10955421900533,0.103165958044014
127.925,7.00754770013966,0.104779284682603,0.0283508789949336,1,-0.0716181999433412,-0.991397350478106,-0.10955421900533,0.103165958044014
127.975,7.01270599804186,0.104779284682603,0.0283508789949336,1,-0.0716181999433412,-0.991397350478106,-0.10955421900533,0.103165958044014
128.025,7.01786429594406,0.104779284682603,0.0283508789949336,1,-0.0716181999433412,-0.991397350478106,-0.10955421900533,0.103165958044014
128.075,7.02302259384626,0.104779284682603,0.0283508789949336,1,-0.0716181999433412,-0.991397350478106,-0.10955421900533,0.103165958044014
128.125,7.02818089174846,0.104779284682603,0.0283508789949336,1,-0.0716181999433412,-0.991397350478106,-0.10955421900533,0.103165958044014
128.175,7.03333918965066,0.104779284682603,0.0283508789949336,1,-0.0716181999433412,-0.991397350478106,-0.10955421900533,0.103165958044014
128.225,7.03849748755286,0.104779284682603,0.0283508789949336,1,-0.0716181999433412,-0.991397350478106,-0.10955421900533,0.103165958044014
128.275,7.04365578545506,0.104779284682603,0.0283508789949336,1,-0.0716181999433412,-0.991397350478106,-0.10955421900533,0.103165958044014
128.325,7.04881408335726,0.104779284682603,0.0283508789949336,1,-0.0716181999433412,-0.991397350478106,-0.10955421900533,0.103165958044014
128.375,7.05397238125946,0.104779284682603,0.0283508789949336,1,-0.0716181999433412,-0.991397350478106,-0.10955421900533,0.103165958044014
128.425,7.05913067916166,0.104779284682603,0.0283508789949336,1,-0.0716181999433412,-0.991397350478106,-0.10955421900533,0.103165958044014
128.475,7.06428897706386,0.104779284682603,0.0283508789949336,1,-0.0716181999433412,-0.991397350478106,-0.10955421900533,0.103165958044014
128.525,7.06944727496606,0.104779284682603,0.0283508789949336,1,-0.0716181999433412,-0.991397350478106,-0.10955421900533,0.103165958044014
128.575,7.07460557286827,0.104779284682603,0.0283508789949336,1,-0.0716181999433412,-0.991397350478106,-0.10955421900533,0.103165958044014
128.625,7.07976387077047,0.104779284682603,0.0283508789949336,1,-0.0716181999433412,-0.991397350478106,-0.10955421900533,0.103165958044014
128.675,7.08492216867267,0.104779284682603,0.0283508789949336,1,-0.0716181999433412,-0.991397350478106,-0.10955421900533,0.103165958044014
128.725,7.09008046657487,0.104779284682603,0.0283508789949336,1,-0.0716181999433412,-0.991397350478106,-0.10955421900533,0.103165958044014
128.775,7.09523876447707,0.104779284682603,0.0283508789949336,1,-0.0716181999433412,-0.991397350478106,-0.10955421900533,0.103165958044014
128.825,7.10039706237927,0.104779284682603,0.0283508789949336,1,-0.0716181999433412,-0.991397350478106,-0.10955421900533,0.103165958044014
128.875,7.10555536028147,0.104779284682603,0.0283508789949336,1,-0.0716181999433412,-0.991397350478106,-0.10955421900533,0.103165958044014
128.925,7.11071365818367,0.104779284682603,0.0283508789949336,1,-0.0716181999433412,-0.991397350478106,-0.10955421900533,0.103165958044014
128.975,7.11587195608587,0.104779284682603,0.0283508789949336,1,-0.0716181999433412,-0.991397350478106,-0.10955421900533,0.103165958044014
129.025,7.12103025398807,0.104779284682603,0.0283508789949336,1,-0.0716181999433412,-0.991397350478106,-0.10955421900533,0.103165958044014
129.075,7.12618855189027,0.104779284682603,0.0283508789949336,1,-0.0716181999433412,-0.991397350478106,-0.10955421900533,0.103165958044014
129.125,7.13134684979247,0.104779284682603,0.0283508789949336,1,-0.0716181999433412,-0.991397350478106,-0.10955421900533,0.103165958044014
129.175,7.13650514769467,0.104779284682603,0.0283508789949336,1,-0.0716181999433412,-0.991397350478106,-0.10955421900533,0.103165958044014
129.225,7.14166344559688,0.104779284682603,0.0283508789949336,1,-0.0716181999433412,-0.991397350478106,-0.10955421900533,0.103165958044014
129.275,7.14682174349907,0.104779284682603,0.0283508789949336,1,-0.0716181999433412,-0.991397350478106,-0.10955421900533,0.103165958044014
129.325,7.15198004140128,0.104779284682603,0.0283508789949336,1,-0.0716181999433412,-0.991397350478106,-0.10955421900533,0.103165958044014
129.375,7.15713833930348,0.104779284682603,0.0283508789949336,1,-0.0716181999433412,-0.991397350478106,-0.10955421900533,0.103165958044014
129.425,7.16229663720568,0.104779284682603,0.0283508789949336,1,-0.0716181999433412,-0.991397350478106,-0.10955421900533,0.103165958044014
129.475,7.16745493510788,0.104779284682603,0.0283508789949336,1,-0.0716181999433412,-0.991397350478106,-0.10955421900533,0.103165958044014
129.525,7.17261323301008,0.104779284682603,0.0283508789949336,1,-0.0716181999433412,-0.991397350478106,-0.10955421900533,0.103165958044014
129.575,7.17777153091228,0.104779284682603,0.0283508789949336,1,-0.0716181999433412,-0.991397350478106,-0.10955421900533,0.103165958044014
129.625,7.18292982881448,0.104779284682603,0.0283508789949336,1,-0.0716181999433412,-0.991397350478106,-0.10955421900533,0.103165958044014
129.675,7.18808812671668,0.104779284682603,0.0283508789949336,1,-0.0716181999433412,-0.991397350478106,-0.10955421900533,0.103165958044014
129.725,7.19324642461888,0.104779284682603,0.0283508789949336,1,-0.0716181999433412,-0.991397350478106,-0.10955421900533,0.103165958044014
129.775,7.19840472252108,0.104779284682603,0.0283508789949336,1,-0.0716181999433412,-0.991397350478106,-0.10955421900533,0.103165958044014
129.825,7.20356302042328,0.104779284682603,0.0283508789949336,1,-0.0716181999433412,-0.991397350478106,-0.10955421900533,0.103165958044014
129.875,7.20872131832548,0.104779284682603,0.0283508789949336,1,-0.0716181999433412,-0.991397350478106,-0.10955421900533,0.103165958044014
129.925,7.21387961622768,0.104779284682603,0.0283508789949336,1,-0.0716181999433412,-0.991397350478106,-0.10955421900533,0.103165958044014
129.975,7.21903791412989,0.104779284682603,0.0283508789949336,1,-0.0716181999433412,-0.991397350478106,-0.10955421900533,0.103165958044014
130.025,7.22419621217726,0.104779284644962,0.0283508790269306,1.00000000000027,-0.071618199831917,-0.991397350492106,-0.109554218951476,0.103165958046203
130.075,7.22935451007975,0.104779284645021,0.0283508790266333,1.00000000000026,-0.071618199831917,-0.991397350492106,-0.109554218951476,0.103165958046203
130.125,7.23451280798225,0.104779284645081,0.0283508790263414,1.00000000000026,-0.071618199831917,-0.991397350492106,-0.109554218951476,0.103165958046203
130.175,7.23967110588474,0.104779284645141,0.0283508790260547,1.00000000000025,-0.071618199831917,-0.991397350492106,-0.109554218951476,0.103165958046203
130.225,7.24482940378723,0.104779284645201,0.0283508790257733,1.00000000000025,-0.071618199831917,-0.991397350492106,-0.109554218951476,0.103165958046203
130.275,7.24998770168972,0.104779284645261,0.0283508790254971,1.00000000000025,-0.071618199831917,-0.991397350492106,-0.109554218951476,0.103165958046203
130.325,7.25514599959221,0.104779284645321,0.0283508790252262,1.00000000000024,-0.071618199831917,-0.991397350492106,-0.109554218951476,0.103165958046203
130.375,7.2603042974947,0.104779284645381,0.0283508790249604,1.00000000000024,-0.071618199831917,-0.991397350492106,-0.109554218951476,0.103165958046203
130.425,7.26546259539719,0.104779284645441,0.0283508790246997,1.00000000000023,-0.071618199831917,-0.991397350492106,-0.109554218951476,0.103165958046203
130.475,7.27062089329968,0.104779284645501,0.0283508790244442,1.00000000000023,-0.071618199831917,-0.991397350492106,-0.109554218951476,0.103165958046203
130.525,7.27577919120217,0.10477928464556,0.0283508790241938,1.00000000000022,-0.071618199831917,-0.991397350492106,-0.109554218951476,0.103165958046203
130.575,7.28093748910465,0.10477928464562,0.0283508790239485,1.00000000000022,-0.071618199831917,-0.991397350492106,-0.109554218951476,0.103165958046203
130.625,7.28609578700714,0.104779284645679,0.0283508790237082,1.00000000000021,-0.071618199831917,-0.991397350492106,-0.109554218951476,0.103165958046203
130.675,7.29125408490962,0.104779284645738,0.0283508790234729,1.00000000000021,-0.071618199831917,-0.991397350492106,-0.109554218951476,0.103165958046203
130.725,7.2964123828121,0.104779284645797,0.0283508790232427,1.0000000000002,-0.071618199831917,-0.991397350492106,-0.109554218951476,0.103165958046203
130.775,7.30157068071458,0.104779284645856,0.0283508790230174,1.0000000000002,-0.071618199831917,-0.991397350492106,-0.109554218951476,0.103165958046203
130.825,7.30672897861706,0.104779284645914,0.0283508790227971,1.00000000000019,-0.071618199831917,-0.991397350492106,-0.109554218951476,0.103165958046203
130.875,7.31188727651954,0.104779284645972,0.0283508790225818,1.00000000000019,-0.071618199831917,-0.991397350492106,-0.109554218951476,0.103165958046203
130.925,7.31704557442202,0.104779284646029,0.0283508790223713,1.00000000000018,-0.071618199831917,-0.991397350492106,-0.109554218951476,0.103165958046203
130.975,7.32220387232449,0.104779284646086,0.0283508790221657,1.00000000000018,-0.071618199831917,-0.991397350492106,-0.109554218951476,0.103165958046203
131.025,7.32736217022696,0.104779284646143,0.028350879021965,1.00000000000017,-0.071618199831917,-0.991397350492106,-0.109554218951476,0.103165958046203
131.075,7.33252046812944,0.104779284646199,0.0283508790217691,1.00000000000017,-0.071618199831917,-0.991397350492106,-0.109554218951476,0.103165958046203
131.125,7.33767876603191,0.104779284646254,0.028350879021578,1.00000000000016,-0.071618199831917,-0.991397350492106,-0.109554218951476,0.103165958046203
131.175,7.34283706393437,0.104779284646309,0.0283508790213916,1.00000000000016,-0.071618199831917,-0.991397350492106,-0.109554218951476,0.103165958046203
131.225,7.34799536183684,0.104779284646364,0.02835087902121,1.00000000000015,-0.071618199831917,-0.991397350492106,-0.109554218951476,0.103165958046203
131.275,7.3531536597393,0.104779284646418,0.0283508790210331,1.00000000000015,-0.071618199831917,-0.991397350492106,-0.109554218951476,0.103165958046203
131.325,7.35831195764177,0.104779284646471,0.0283508790208608,1.00000000000014,-0.071618199831917,-0.991397350492106,-0.109554218951476,0.103165958046203
131.375,7.36347025554423,0.104779284646524,0.0283508790206931,1.00000000000014,-0.071618199831917,-0.991397350492106,-0.109554218951476,0.103165958046203
131.425,7.36862855344668,0.104779284646576,0.0283508790205301,1.00000000000013,-0.071618199831917,-0.991397350492106,-0.109554218951476,0.103165958046203
131.475,7.37378685134914,0.104779284646627,0.0283508790203716,1.00000000000013,-0.071618199831917,-0.991397350492106,-0.109554218951476,0.103165958046203
131.525,7.37894514925159,0.104779284646677,0.0283508790202176,1.00000000000012,-0.071618199831917,-0.991397350492106,-0.109554218951476,0.103165958046203
131.575,7.38410344715404,0.104779284646727,0.0283508790200681,1.00000000000012,-0.071618199831917,-0.991397350492106,-0.109554218951476,0.103165958046203
131.625,7.38926174505649,0.104779284646776,0.0283508790199231,1.00000000000011,-0.071618199831917,-0.991397350492106,-0.109554218951476,0.103165958046203
131.675,7.39442004295893,0.104779284646824,0.0283508790197825,1.00000000000011,-0.071618199831917,-0.991397350492106,-0.109554218951476,0.103165958046203
131.725,7.39957834086137,0.104779284646871,0.0283508790196463,1.0000000000001,-0.071618199831917,-0.991397350492106,-0.109554218951476,0.103165958046203
131.775,7.40473663876381,0.104779284646918,0.0283508790195145,1.0000000000001,-0.071618199831917,-0.991397350492106,-0.109554218951476,0.103165958046203
131.825,7.40989493666625,0.104779284646963,0.0283508790193869,1.00000000000009,-0.071618199831917,-0.991397350492106,-0.109554218951476,0.103165958046203
131.875,7.41505323456868,0.104779284647008,0.0283508790192637,1.00000000000009,-0.071618199831917,-0.991397350492106,-0.109554218951476,0.103165958046203
131.925,7.42021153247111,0.104779284647052,0.0283508790191447,1.00000000000008,-0.071618199831917,-0.991397350492106,-0.109554218951476,0.103165958046203
131.975,7.42536983037354,0.104779284647094,0.0283508790190299,1.00000000000008,-0.071618199831917,-0.991397350492106,-0.109554218951476,0.103165958046203
132.025,7.43052812827597,0.104779284647136,0.0283508790189194,1.00000000000007,-0.071618199831917,-0.991397350492106,-0.109554218951476,0.103165958046203
132.075,7.43568642617839,0.104779284647176,0.0283508790188129,1.00000000000007,-0.071618199831917,-0.991397350492106,-0.109554218951476,0.103165958046203
132.125,7.44084472408081,0.104779284647216,0.0283508790187106,1.00000000000007,-0.071618199831917,-0.991397350492106,-0.109554218951476,0.103165958046203
132.175,7.44600302198322,0.104779284647254,0.0283508790186124,1.00000000000006,-0.071618199831917,-0.991397350492106,-0.109554218951476,0.103165958046203
132.225,7.45116131988564,0.104779284647292,0.0283508790185182,1.00000000000006,-0.071618199831917,-0.991397350492106,-0.109554218951476,0.103165958046203
132.275,7.45631961778804,0.104779284647328,0.028350879018428,1.00000000000005,-0.071618199831917,-0.991397350492106,-0.109554218951476,0.103165958046203
132.325,7.46147791569045,0.104779284647363,0.0283508790183418,1.00000000000005,-0.071618199831917,-0.991397350492106,-0.109554218951476,0.103165958046203
132.375,7.46663621359285,0.104779284647396,0.0283508790182596,1.00000000000005,-0.071618199831917,-0.991397350492106,-0.109554218951476,0.103165958046203
132.425,7.47179451149525,0.104779284647429,0.0283508790181812,1.00000000000004,-0.071618199831917,-0.991397350492106,-0.109554218951476,0.103165958046203
132.475,7.47695280939765,0.10477928464746,0.0283508790181067,1.00000000000004,-0.071618199831917,-0.991397350492106,-0.109554218951476,0.103165958046203
132.525,7.48211110730004,0.10477928464749,0.028350879018036,1.00000000000004,-0.071618199831917,-0.991397350492106,-0.109554218951476,0.103165958046203
132.575,7.48726940520243,0.104779284647519,0.0283508790179691,1.00000000000003,-0.071618199831917,-0.991397350492106,-0.109554218951476,0.103165958046203
132.625,7.49242770310481,0.104779284647546,0.0283508790179059,1.00000000000003,-0.071618199831917,-0.991397350492106,-0.109554218951476,0.103165958046203
132.675,7.49758600100719,0.104779284647572,0.0283508790178465,1.00000000000003,-0.071618199831917,-0.991397350492106,-0.109554218951476,0.103165958046203
132.725,7.50274429890957,0.104779284647597,0.0283508790177908,1.00000000000002,-0.071618199831917,-0.991397350492106,-0.109554218951476,0.103165958046203
132.775,7.50790259681194,0.10477928464762,0.0283508790177387,1.00000000000002,-0.071618199831917,-0.991397350492106,-0.109554218951476,0.103165958046203
132.825,7.51306089471431,0.104779284647642,0.0283508790176902,1.00000000000002,-0.071618199831917,-0.991397350492106,-0.109554218951476,0.103165958046203
132.875,7.51821919261668,0.104779284647662,0.0283508790176452,1.00000000000002,-0.071618199831917,-0.991397350492106,-0.109554218951476,0.103165958046203
132.925,7.52337749051904,0.104779284647681,0.0283508790176039,1.00000000000001,-0.071618199831917,-0.991397350492106,-0.109554218951476,0.103165958046203
132.975,7.5285357884214,0.104779284647698,0.028350879017566,1.00000000000001,-0.071618199831917,-0.991397350492106,-0.109554218951476,0.103165958046203
133.025,7.53369408632375,0.104779284647713,0.0283508790175315,1.00000000000001,-0.071618199831917,-0.991397350492106,-0.109554218951476,0.103165958046203
133.075,7.5388523842261,0.104779284647728,0.0283508790175004,1.00000000000001,-0.071618199831917,-0.991397350492106,-0.109554218951476,0.103165958046203
133.125,7.54401068212844,0.10477928464774,0.0283508790174725,1.00000000000001,-0.071618199831917,-0.991397350492106,-0.109554218951476,0.103165958046203
133.175,7.54916898003078,0.104779284647752,0.0283508790174477,1.00000000000001,-0.071618199831917,-0.991397350492106,-0.109554218951476,0.103165958046203
133.225,7.55432727793312,0.104779284647762,0.0283508790174256,1.00000000000001,-0.071618199831917,-0.991397350492106,-0.109554218951476,0.103165958046203
133.275,7.55948557583545,0.10477928464777,0.0283508790174062,1,-0.071618199831917,-0.991397350492106,-0.109554218951476,0.103165958046203
133.325,7.56464387373778,0.104779284647778,0.0283508790173894,1,-0.071618199831917,-0.991397350492106,-0.109554218951476,0.103165958046203
133.375,7.56980217164011,0.104779284647785,0.0283508790173748,1,-0.071618199831917,-0.991397350492106,-0.109554218951476,0.103165958046203
133.425,7.57496046954244,0.10477928464779,0.0283508790173624,1,-0.071618199831917,-0.991397350492106,-0.109554218951476,0.103165958046203
133.475,7.58011876744476,0.104779284647795,0.028350879017352,1,-0.071618199831917,-0.991397350492106,-0.109554218951476,0.103165958046203
133.525,7.58527706534708,0.104779284647799,0.0283508790173434,1,-0.071618199831917,-0.991397350492106,-0.109554218951476,0.103165958046203
133.575,7.5904353632494,0.104779284647802,0.0283508790173364,1,-0.071618199831917,-0.991397350492106,-0.109554218951476,0.103165958046203
133.625,7.59559366115172,0.104779284647805,0.0283508790173309,1,-0.071618199831917,-0.991397350492106,-0.109554218951476,0.103165958046203
133.675,7.60075195905403,0.104779284647807,0.0283508790173266,1,-0.071618199831917,-0.991397350492106,-0.109554218951476,0.103165958046203
133.725,7.60591025695635,0.104779284647808,0.0283508790173235,1,-0.071618199831917,-0.991397350492106,-0.109554218951476,0.103165958046203
133.775,7.61106855485866,0.104779284647809,0.0283508790173214,1,-0.071618199831917,-0.991397350492106,-0.109554218951476,0.103165958046203
133.825,7.61622685276097,0.10477928464781,0.02835087901732,1,-0.071618199831917,-0.991397350492106,-0.109554218951476,0.103165958046203
133.875,7.62138515066328,0.10477928464781,0.0283508790173192,1,-0.071618199831917,-0.991397350492106,-0.109554218951476,0.103165958046203
133.925,7.62654344856559,0.10477928464781,0.0283508790173189,1,-0.071618199831917,-0.991397350492106,-0.109554218951476,0.103165958046203
133.975,7.6317017464679,0.10477928464781,0.0283508790173188,1,-0.071618199831917,-0.991397350492106,-0.109554218951476,0.103165958046203
134.025,7.63686004437021,0.10477928464781,0.0283508790173188,1,-0.071618199831917,-0.991397350492106,-0.109554218951476,0.103165958046203
134.075,7.64201834227252,0.10477928464781,0.0283508790173188,1,-0.071618199831917,-0.991397350492106,-0.109554218951476,0.103165958046203
134.125,7.64717664017483,0.10477928464781,0.0283508790173188,1,-0.071618199831917,-0.991397350492106,-0.109554218951476,0.103165958046203
134.175,7.65233493807714,0.10477928464781,0.0283508790173188,1,-0.071618199831917,-0.991397350492106,-0.109554218951476,0.103165958046203
134.225,7.65749323597945,0.10477928464781,0.0283508790173188,1,-0.071618199831917,-0.991397350492106,-0.109554218951476,0.103165958046203
134.275,7.66265153388176,0.10477928464781,0.0283508790173188,1,-0.071618199831917,-0.991397350492106,-0.109554218951476,0.103165958046203
134.325,7.66780983178407,0.10477928464781,0.0283508790173188,1,-0.071618199831917,-0.991397350492106,-0.109554218951476,0.103165958046203
134.375,7.67296812968638,0.10477928464781,0.0283508790173188,1,-0.071618199831917,-0.991397350492106,-0.109554218951476,0.103165958046203
134.425,7.67812642758869,0.10477928464781,0.0283508790173188,1,-0.071618199831917,-0.991397350492106,-0.109554218951476,0.103165958046203
134.475,7.683284725491,0.10477928464781,0.0283508790173188,1,-0.071618199831917,-0.991397350492106,-0.109554218951476,0.103165958046203
134.525,7.68844302339331,0.10477928464781,0.0283508790173188,1,-0.071618199831917,-0.991397350492106,-0.109554218951476,0.103165958046203
134.575,7.69360132129562,0.10477928464781,0.0283508790173188,1,-0.071618199831917,-0.991397350492106,-0.109554218951476,0.103165958046203
134.625,7.69875961919794,0.10477928464781,0.0283508790173188,1,-0.071618199831917,-0.991397350492106,-0.109554218951476,0.103165958046203
134.675,7.70391791710024,0.10477928464781,0.0283508790173188,1,-0.071618199831917,-0.991397350492106,-0.109554218951476,0.103165958046203
134.725,7.70907621500255,0.10477928464781,0.0283508790173188,1,-0.071618199831917,-0.991397350492106,-0.109554218951476,0.103165958046203
134.775,7.71423451290486,0.10477928464781,0.0283508790173188,1,-0.071618199831917,-0.991397350492106,-0.109554218951476,0.103165958046203
134.825,7.71939281080718,0.10477928464781,0.0283508790173188,1,-0.071618199831917,-0.991397350492106,-0.109554218951476,0.103165958046203
134.875,7.72455110870949,0.10477928464781,0.0283508790173188,1,-0.071618199831917,-0.991397350492106,-0.109554218951476,0.103165958046203
134.925,7.72970940661179,0.10477928464781,0.0283508790173188,1,-0.071618199831917,-0.991397350492106,-0.109554218951476,0.103165958046203
134.975,7.73486770451411,0.10477928464781,0.0283508790173188,1,-0.071618199831917,-0.991397350492106,-0.109554218951476,0.103165958046203
135.025,7.74002600241641,0.10477928464781,0.0283508790173188,1,-0.071618199831917,-0.991397350492106,-0.109554218951476,0.103165958046203
135.075,7.74518430031873,0.10477928464781,0.0283508790173188,1,-0.071618199831917,-0.991397350492106,-0.109554218951476,0.103165958046203
135.125,7.75034259822104,0.10477928464781,0.0283508790173188,1,-0.071618199831917,-0.991397350492106,-0.109554218951476,0.103165958046203
135.175,7.75550089612335,0.10477928464781,0.0283508790173188,1,-0.071618199831917,-0.991397350492106,-0.109554218951476,0.103165958046203
135.225,7.76065919402566,0.10477928464781,0.0283508790173188,1,-0.071618199831917,-0.991397350492106,-0.109554218951476,0.103165958046203
135.275,7.76581749192797,0.10477928464781,0.0283508790173188,1,-0.071618199831917,-0.991397350492106,-0.109554218951476,0.103165958046203
135.325,7.77097578983028,0.10477928464781,0.0283508790173188,1,-0.071618199831917,-0.991397350492106,-0.109554218951476,0.103165958046203
135.375,7.77613408773259,0.10477928464781,0.0283508790173188,1,-0.071618199831917,-0.991397350492106,-0.109554218951476,0.103165958046203
135.425,7.7812923856349,0.10477928464781,0.0283508790173188,1,-0.071618199831917,-0.991397350492106,-0.109554218951476,0.103165958046203
135.475,7.78645068353721,0.10477928464781,0.0283508790173188,1,-0.071618199831917,-0.991397350492106,-0.109554218951476,0.103165958046203
135.525,7.79160898143952,0.10477928464781,0.0283508790173188,1,-0.071618199831917,-0.991397350492106,-0.109554218951476,0.103165958046203
135.575,7.79676727934183,0.10477928464781,0.0283508790173188,1,-0.071618199831917,-0.991397350492106,-0.109554218951476,0.103165958046203
135.625,7.80192557724414,0.10477928464781,0.0283508790173188,1,-0.071618199831917,-0.991397350492106,-0.109554218951476,0.103165958046203
135.675,7.80708387514645,0.10477928464781,0.0283508790173188,1,-0.071618199831917,-0.991397350492106,-0.109554218951476,0.103165958046203
135.725,7.81224217304876,0.10477928464781,0.0283508790173188,1,-0.071618199831917,-0.991397350492106,-0.109554218951476,0.103165958046203
135.775,7.81740047095107,0.10477928464781,0.0283508790173188,1,-0.071618199831917,-0.991397350492106,-0.109554218951476,0.103165958046203
135.825,7.82255876885338,0.10477928464781,0.0283508790173188,1,-0.071618199831917,-0.991397350492106,-0.109554218951476,0.103165958046203
135.875,7.82771706675569,0.10477928464781,0.0283508790173188,1,-0.071618199831917,-0.991397350492106,-0.109554218951476,0.103165958046203
135.925,7.832875364658,0.10477928464781,0.0283508790173188,1,-0.071618199831917,-0.991397350492106,-0.109554218951476,0.103165958046203
135.975,7.83803366256031,0.10477928464781,0.0283508790173188,1,-0.071618199831917,-0.991397350492106,-0.109554218951476,0.103165958046203
136.025,7.84319196046262,0.10477928464781,0.0283508790173188,1,-0.071618199831917,-0.991397350492106,-0.109554218951476,0.103165958046203
136.075,7.84835025836493,0.10477928464781,0.0283508790173188,1,-0.071618199831917,-0.991397350492106,-0.109554218951476,0.103165958046203
136.125,7.85350855626724,0.10477928464781,0.0283508790173188,1,-0.071618199831917,-0.991397350492106,-0.109554218951476,0.103165958046203
136.175,7.85866685416955,0.10477928464781,0.0283508790173188,1,-0.071618199831917,-0.991397350492106,-0.109554218951476,0.103165958046203
136.225,7.86382515207186,0.10477928464781,0.0283508790173188,1,-0.071618199831917,-0.991397350492106,-0.109554218951476,0.103165958046203
136.275,7.86898344997417,0.10477928464781,0.0283508790173188,1,-0.071618199831917,-0.991397350492106,-0.109554218951476,0.103165958046203
136.325,7.87414174787648,0.10477928464781,0.0283508790173188,1,-0.071618199831917,-0.991397350492106,-0.109554218951476,0.103165958046203
136.375,7.87930004577879,0.10477928464781,0.0283508790173188,1,-0.071618199831917,-0.991397350492106,-0.109554218951476,0.103165958046203
136.425,7.8844583436811,0.10477928464781,0.0283508790173188,1,-0.071618199831917,-0.991397350492106,-0.109554218951476,0.103165958046203
136.475,7.88961664158341,0.10477928464781,0.0283508790173188,1,-0.071618199831917,-0.991397350492106,-0.109554218951476,0.103165958046203
136.525,7.89477493948572,0.10477928464781,0.0283508790173188,1,-0.071618199831917,-0.991397350492106,-0.109554218951476,0.103165958046203
136.575,7.89993323738803,0.10477928464781,0.0283508790173188,1,-0.071618199831917,-0.991397350492106,-0.109554218951476,0.103165958046203
136.625,7.90509153529034,0.10477928464781,0.0283508790173188,1,-0.071618199831917,-0.991397350492106,-0.109554218951476,0.103165958046203
136.675,7.91024983319265,0.10477928464781,0.0283508790173188,1,-0.071618199831917,-0.991397350492106,-0.109554218951476,0.103165958046203
136.725,7.91540813109496,0.10477928464781,0.0283508790173188,1,-0.071618199831917,-0.991397350492106,-0.109554218951476,0.103165958046203
136.775,7.92056642899727,0.10477928464781,0.0283508790173188,1,-0.071618199831917,-0.991397350492106,-0.109554218951476,0.103165958046203
136.825,7.92572472689958,0.10477928464781,0.0283508790173188,1,-0.071618199831917,-0.991397350492106,-0.109554218951476,0.103165958046203
136.875,7.93088302480189,0.10477928464781,0.0283508790173188,1,-0.071618199831917,-0.991397350492106,-0.109554218951476,0.103165958046203
136.925,7.9360413227042,0.10477928464781,0.0283508790173188,1,-0.071618199831917,-0.991397350492106,-0.109554218951476,0.103165958046203
136.975,7.94119962060651,0.10477928464781,0.0283508790173188,1,-0.071618199831917,-0.991397350492106,-0.109554218951476,0.103165958046203
137.025,7.94635791850882,0.10477928464781,0.0283508790173188,1,-0.071618199831917,-0.991397350492106,-0.109554218951476,0.103165958046203
137.075,7.95151621641113,0.10477928464781,0.0283508790173188,1,-0.071618199831917,-0.991397350492106,-0.109554218951476,0.103165958046203
137.125,7.95667451431344,0.10477928464781,0.0283508790173188,1,-0.071618199831917,-0.991397350492106,-0.109554218951476,0.103165958046203
137.175,7.96183281221575,0.10477928464781,0.0283508790173188,1,-0.071618199831917,-0.991397350492106,-0.109554218951476,0.103165958046203
137.225,7.96699111011806,0.10477928464781,0.0283508790173188,1,-0.071618199831917,-0.991397350492106,-0.109554218951476,0.103165958046203
137.275,7.97214940802037,0.10477928464781,0.0283508790173188,1,-0.071618199831917,-0.991397350492106,-0.109554218951476,0.103165958046203
137.325,7.97730770592268,0.10477928464781,0.0283508790173188,1,-0.071618199831917,-0.991397350492106,-0.109554218951476,0.103165958046203
137.375,7.982466003825,0.10477928464781,0.0283508790173188,1,-0.071618199831917,-0.991397350492106,-0.109554218951476,0.103165958046203
137.425,7.9876243017273,0.10477928464781,0.0283508790173188,1,-0.071618199831917,-0.991397350492106,-0.109554218951476,0.103165958046203
137.475,7.99278259962961,0.10477928464781,0.0283508790173188,1,-0.071618199831917,-0.991397350492106,-0.109554218951476,0.103165958046203
137.525,7.99794089753192,0.10477928464781,0.0283508790173188,1,-0.071618199831917,-0.991397350492106,-0.109554218951476,0.103165958046203
137.575,8.00309919543423,0.10477928464781,0.0283508790173188,1,-0.071618199831917,-0.991397350492106,-0.109554218951476,0.103165958046203
137.625,8.00825749333655,0.10477928464781,0.0283508790173188,1,-0.071618199831917,-0.991397350492106,-0.109554218951476,0.103165958046203
137.675,8.01341579123885,0.10477928464781,0.0283508790173188,1,-0.071618199831917,-0.991397350492106,-0.109554218951476,0.103165958046203
137.725,8.01857408914116,0.10477928464781,0.0283508790173188,1,-0.071618199831917,-0.991397350492106,-0.109554218951476,0.103165958046203
137.775,8.02373238704347,0.10477928464781,0.0283508790173188,1,-0.071618199831917,-0.991397350492106,-0.109554218951476,0.103165958046203
137.825,8.02889068494579,0.10477928464781,0.0283508790173188,1,-0.071618199831917,-0.991397350492106,-0.109554218951476,0.103165958046203
137.875,8.0340489828481,0.10477928464781,0.0283508790173188,1,-0.071618199831917,-0.991397350492106,-0.109554218951476,0.103165958046203
137.925,8.03920728075041,0.10477928464781,0.0283508790173188,1,-0.071618199831917,-0.991397350492106,-0.109554218951476,0.103165958046203
137.975,8.04436557865272,0.10477928464781,0.0283508790173188,1,-0.071618199831917,-0.991397350492106,-0.109554218951476,0.103165958046203
138.025,8.04952387655502,0.10477928464781,0.0283508790173188,1,-0.071618199831917,-0.991397350492106,-0.109554218951476,0.103165958046203
138.075,8.05468217445734,0.10477928464781,0.0283508790173188,1,-0.071618199831917,-0.991397350492106,-0.109554218951476,0.103165958046203
138.125,8.05984047235965,0.10477928464781,0.0283508790173188,1,-0.071618199831917,-0.991397350492106,-0.109554218951476,0.103165958046203
138.175,8.06499877026196,0.10477928464781,0.0283508790173188,1,-0.071618199831917,-0.991397350492106,-0.109554218951476,0.103165958046203
138.225,8.07015706816427,0.10477928464781,0.0283508790173188,1,-0.071618199831917,-0.991397350492106,-0.109554218951476,0.103165958046203
138.275,8.07531536606658,0.10477928464781,0.0283508790173188,1,-0.071618199831917,-0.991397350492106,-0.109554218951476,0.103165958046203
138.325,8.08047366396889,0.10477928464781,0.0283508790173188,1,-0.071618199831917,-0.991397350492106,-0.109554218951476,0.103165958046203
138.375,8.0856319618712,0.10477928464781,0.0283508790173188,1,-0.071618199831917,-0.991397350492106,-0.109554218951476,0.103165958046203
138.425,8.09079025977351,0.10477928464781,0.0283508790173188,1,-0.071618199831917,-0.991397350492106,-0.109554218951476,0.103165958046203
138.475,8.09594855767582,0.10477928464781,0.0283508790173188,1,-0.071618199831917,-0.991397350492106,-0.109554218951476,0.103165958046203
138.525,8.10110685557813,0.10477928464781,0.0283508790173188,1,-0.071618199831917,-0.991397350492106,-0.109554218951476,0.103165958046203
138.575,8.10626515348044,0.10477928464781,0.0283508790173188,1,-0.071618199831917,-0.991397350492106,-0.109554218951476,0.103165958046203
138.625,8.11142345138275,0.10477928464781,0.0283508790173188,1,-0.071618199831917,-0.991397350492106,-0.109554218951476,0.103165958046203
138.675,8.11658174928506,0.10477928464781,0.0283508790173188,1,-0.071618199831917,-0.991397350492106,-0.109554218951476,0.103165958046203
138.725,8.12174004718737,0.10477928464781,0.0283508790173188,1,-0.071618199831917,-0.991397350492106,-0.109554218951476,0.103165958046203
138.775,8.12689834508968,0.10477928464781,0.0283508790173188,1,-0.071618199831917,-0.991397350492106,-0.109554218951476,0.103165958046203
138.825,8.13205664299199,0.10477928464781,0.0283508790173188,1,-0.071618199831917,-0.991397350492106,-0.109554218951476,0.103165958046203
138.875,8.1372149408943,0.10477928464781,0.0283508790173188,1,-0.071618199831917,-0.991397350492106,-0.109554218951476,0.103165958046203
138.925,8.14237323879661,0.10477928464781,0.0283508790173188,1,-0.071618199831917,-0.991397350492106,-0.109554218951476,0.103165958046203
138.975,8.14753153669892,0.10477928464781,0.0283508790173188,1,-0.071618199831917,-0.991397350492106,-0.109554218951476,0.103165958046203
139.025,8.15268983460123,0.10477928464781,0.0283508790173188,1,-0.071618199831917,-0.991397350492106,-0.109554218951476,0.103165958046203
139.075,8.15784813250354,0.10477928464781,0.0283508790173188,1,-0.071618199831917,-0.991397350492106,-0.109554218951476,0.103165958046203
139.125,8.16300643040585,0.10477928464781,0.0283508790173188,1,-0.071618199831917,-0.991397350492106,-0.109554218951476,0.103165958046203
139.175,8.16816472830816,0.10477928464781,0.0283508790173188,1,-0.071618199831917,-0.991397350492106,-0.109554218951476,0.103165958046203
139.225,8.17332302621047,0.10477928464781,0.0283508790173188,1,-0.071618199831917,-0.991397350492106,-0.109554218951476,0.103165958046203
139.275,8.17848132411278,0.10477928464781,0.0283508790173188,1,-0.071618199831917,-0.991397350492106,-0.109554218951476,0.103165958046203
139.325,8.18363962201509,0.10477928464781,0.0283508790173188,1,-0.071618199831917,-0.991397350492106,-0.109554218951476,0.103165958046203
139.375,8.1887979199174,0.10477928464781,0.0283508790173188,1,-0.071618199831917,-0.991397350492106,-0.109554218951476,0.103165958046203
139.425,8.19395621781971,0.10477928464781,0.0283508790173188,1,-0.071618199831917,-0.991397350492106,-0.109554218951476,0.103165958046203
139.475,8.19911451572202,0.10477928464781,0.0283508790173188,1,-0.071618199831917,-0.991397350492106,-0.109554218951476,0.103165958046203
139.525,8.20427281362433,0.10477928464781,0.0283508790173188,1,-0.071618199831917,-0.991397350492106,-0.109554218951476,0.103165958046203
139.575,8.20943111152664,0.10477928464781,0.0283508790173188,1,-0.071618199831917,-0.991397350492106,-0.109554218951476,0.103165958046203
139.625,8.21458940942895,0.10477928464781,0.0283508790173188,1,-0.071618199831917,-0.991397350492106,-0.109554218951476,0.103165958046203
139.675,8.21974770733126,0.10477928464781,0.0283508790173188,1,-0.071618199831917,-0.991397350492106,-0.109554218951476,0.103165958046203
139.725,8.22490600523357,0.10477928464781,0.0283508790173188,1,-0.071618199831917,-0.991397350492106,-0.109554218951476,0.103165958046203
139.775,8.23006430313588,0.10477928464781,0.0283508790173188,1,-0.071618199831917,-0.991397350492106,-0.109554218951476,0.103165958046203
139.825,8.23522260103819,0.10477928464781,0.0283508790173188,1,-0.071618199831917,-0.991397350492106,-0.109554218951476,0.103165958046203
139.875,8.2403808989405,0.10477928464781,0.0283508790173188,1,-0.071618199831917,-0.991397350492106,-0.109554218951476,0.103165958046203
139.925,8.24553919684281,0.10477928464781,0.0283508790173188,1,-0.071618199831917,-0.991397350492106,-0.109554218951476,0.103165958046203
139.975,8.25069749474512,0.10477928464781,0.0283508790173188,1,-0.071618199831917,-0.991397350492106,-0.109554218951476,0.103165958046203
140.025,8.25585579278009,0.104779284613944,0.0283508790382227,1.00000000000001,-0.071618199741037,-0.991397350503377,-0.109554218908893,0.103165958047857
140.075,8.26101409068248,0.104779284613944,0.0283508790382548,1.00000000000001,-0.071618199741037,-0.991397350503377,-0.109554218908893,0.103165958047857
140.125,8.26617238858487,0.104779284613945,0.0283508790382867,1.00000000000001,-0.071618199741037,-0.991397350503377,-0.109554218908893,0.103165958047857
140.175,8.27133068648726,0.104779284613945,0.0283508790383184,1.00000000000001,-0.071618199741037,-0.991397350503377,-0.109554218908893,0.103165958047857
140.225,8.27648898438965,0.104779284613945,0.02835087903835,1.00000000000001,-0.071618199741037,-0.991397350503377,-0.109554218908893,0.103165958047857
140.275,8.28164728229203,0.104779284613945,0.0283508790383813,1.00000000000001,-0.071618199741037,-0.991397350503377,-0.109554218908893,0.103165958047857
140.325,8.28680558019442,0.104779284613945,0.0283508790384124,1.00000000000001,-0.071618199741037,-0.991397350503377,-0.109554218908893,0.103165958047857
140.375,8.29196387809681,0.104779284613945,0.0283508790384434,1.00000000000001,-0.071618199741037,-0.991397350503377,-0.109554218908893,0.103165958047857
140.425,8.2971221759992,0.104779284613945,0.0283508790384741,1.00000000000001,-0.071618199741037,-0.991397350503377,-0.109554218908893,0.103165958047857
140.475,8.30228047390159,0.104779284613944,0.0283508790385045,1.00000000000001,-0.071618199741037,-0.991397350503377,-0.109554218908893,0.103165958047857
140.525,8.30743877180397,0.104779284613944,0.0283508790385347,1.00000000000001,-0.071618199741037,-0.991397350503377,-0.109554218908893,0.103165958047857
140.575,8.31259706970636,0.104779284613943,0.0283508790385647,1.00000000000001,-0.071618199741037,-0.991397350503377,-0.109554218908893,0.103165958047857
140.625,8.31775536760875,0.104779284613943,0.0283508790385944,1.00000000000001,-0.071618199741037,-0.991397350503377,-0.109554218908893,0.103165958047857
140.675,8.32291366551114,0.104779284613942,0.0283508790386238,1.00000000000001,-0.071618199741037,-0.991397350503377,-0.109554218908893,0.103165958047857
140.725,8.32807196341353,0.104779284613941,0.028350879038653,1.00000000000001,-0.071618199741037,-0.991397350503377,-0.109554218908893,0.103165958047857
140.775,8.33323026131591,0.10477928461394,0.0283508790386818,1.00000000000001,-0.071618199741037,-0.991397350503377,-0.109554218908893,0.103165958047857
140.825,8.3383885592183,0.104779284613939,0.0283508790387103,1,-0.071618199741037,-0.991397350503377,-0.109554218908893,0.103165958047857
140.875,8.34354685712069,0.104779284613938,0.0283508790387386,1,-0.071618199741037,-0.991397350503377,-0.109554218908893,0.103165958047857
140.925,8.34870515502307,0.104779284613937,0.0283508790387665,1,-0.071618199741037,-0.991397350503377,-0.109554218908893,0.103165958047857
140.975,8.35386345292546,0.104779284613936,0.028350879038794,1,-0.071618199741037,-0.991397350503377,-0.109554218908893,0.103165958047857
141.025,8.35902175082784,0.104779284613935,0.0283508790388213,1,-0.071618199741037,-0.991397350503377,-0.109554218908893,0.103165958047857
141.075,8.36418004873023,0.104779284613934,0.0283508790388481,1,-0.071618199741037,-0.991397350503377,-0.109554218908893,0.103165958047857
141.125,8.36933834663262,0.104779284613932,0.0283508790388746,1,-0.071618199741037,-0.991397350503377,-0.109554218908893,0.103165958047857
141.175,8.374496644535,0.104779284613931,0.0283508790389008,1,-0.071618199741037,-0.991397350503377,-0.109554218908893,0.103165958047857
141.225,8.37965494243739,0.10477928461393,0.0283508790389266,1,-0.071618199741037,-0.991397350503377,-0.109554218908893,0.103165958047857
141.275,8.38481324033977,0.104779284613928,0.0283508790389519,1,-0.071618199741037,-0.991397350503377,-0.109554218908893,0.103165958047857
141.325,8.38997153824216,0.104779284613927,0.0283508790389769,1,-0.071618199741037,-0.991397350503377,-0.109554218908893,0.103165958047857
141.375,8.39512983614455,0.104779284613925,0.0283508790390015,1,-0.071618199741037,-0.991397350503377,-0.109554218908893,0.103165958047857
141.425,8.40028813404693,0.104779284613923,0.0283508790390257,1,-0.071618199741037,-0.991397350503377,-0.109554218908893,0.103165958047857
141.475,8.40544643194932,0.104779284613922,0.0283508790390494,1,-0.071618199741037,-0.991397350503377,-0.109554218908893,0.103165958047857
141.525,8.4106047298517,0.10477928461392,0.0283508790390727,1,-0.071618199741037,-0.991397350503377,-0.109554218908893,0.103165958047857
141.575,8.41576302775409,0.104779284613919,0.0283508790390956,1,-0.071618199741037,-0.991397350503377,-0.109554218908893,0.103165958047857
141.625,8.42092132565648,0.104779284613917,0.0283508790391181,1,-0.071618199741037,-0.991397350503377,-0.109554218908893,0.103165958047857
141.675,8.42607962355886,0.104779284613915,0.0283508790391401,1,-0.071618199741037,-0.991397350503377,-0.109554218908893,0.103165958047857
141.725,8.43123792146125,0.104779284613914,0.0283508790391616,1,-0.071618199741037,-0.991397350503377,-0.109554218908893,0.103165958047857
141.775,8.43639621936363,0.104779284613912,0.0283508790391826,1,-0.071618199741037,-0.991397350503377,-0.109554218908893,0.103165958047857
141.825,8.44155451726602,0.10477928461391,0.0283508790392032,1,-0.071618199741037,-0.991397350503377,-0.109554218908893,0.103165958047857
141.875,8.44671281516841,0.104779284613909,0.0283508790392233,1,-0.071618199741037,-0.991397350503377,-0.109554218908893,0.103165958047857
141.925,8.45187111307079,0.104779284613907,0.0283508790392429,1,-0.071618199741037,-0.991397350503377,-0.109554218908893,0.103165958047857
141.975,8.45702941097318,0.104779284613905,0.028350879039262,1,-0.071618199741037,-0.991397350503377,-0.109554218908893,0.103165958047857
142.025,8.46218770887556,0.104779284613903,0.0283508790392806,1,-0.071618199741037,-0.991397350503377,-0.109554218908893,0.103165958047857
142.075,8.46734600677795,0.104779284613902,0.0283508790392987,1,-0.071618199741037,-0.991397350503377,-0.109554218908893,0.103165958047857
142.125,8.47250430468034,0.1047792846139,0.0283508790393162,1,-0.071618199741037,-0.991397350503377,-0.109554218908893,0.103165958047857
142.175,8.47766260258273,0.104779284613899,0.0283508790393332,1,-0.071618199741037,-0.991397350503377,-0.109554218908893,0.103165958047857
142.225,8.48282090048511,0.104779284613897,0.0283508790393497,1,-0.071618199741037,-0.991397350503377,-0.109554218908893,0.103165958047857
142.275,8.4879791983875,0.104779284613895,0.0283508790393656,1,-0.071618199741037,-0.991397350503377,-0.109554218908893,0.103165958047857
142.325,8.49313749628989,0.104779284613894,0.028350879039381,1,-0.071618199741037,-0.991397350503377,-0.109554218908893,0.103165958047857
142.375,8.49829579419227,0.104779284613892,0.0283508790393957,1,-0.071618199741037,-0.991397350503377,-0.109554218908893,0.103165958047857
142.425,8.50345409209466,0.104779284613891,0.02835087903941,1,-0.071618199741037,-0.991397350503377,-0.109554218908893,0.103165958047857
142.475,8.50861238999705,0.104779284613889,0.0283508790394236,1,-0.071618199741037,-0.991397350503377,-0.109554218908893,0.103165958047857
142.525,8.51377068789943,0.104779284613888,0.0283508790394366,1,-0.071618199741037,-0.991397350503377,-0.109554218908893,0.103165958047857
142.575,8.51892898580182,0.104779284613887,0.0283508790394491,1,-0.071618199741037,-0.991397350503377,-0.109554218908893,0.103165958047857
142.625,8.52408728370421,0.104779284613885,0.0283508790394609,1,-0.071618199741037,-0.991397350503377,-0.109554218908893,0.103165958047857
142.675,8.5292455816066,0.104779284613884,0.0283508790394721,1,-0.071618199741037,-0.991397350503377,-0.109554218908893,0.103165958047857
142.725,8.53440387950899,0.104779284613883,0.0283508790394827,1,-0.071618199741037,-0.991397350503377,-0.109554218908893,0.103165958047857
142.775,8.53956217741138,0.104779284613882,0.0283508790394927,1,-0.071618199741037,-0.991397350503377,-0.109554218908893,0.103165958047857
142.825,8.54472047531377,0.104779284613881,0.0283508790395021,1,-0.071618199741037,-0.991397350503377,-0.109554218908893,0.103165958047857
142.875,8.54987877321616,0.10477928461388,0.0283508790395108,1,-0.071618199741037,-0.991397350503377,-0.109554218908893,0.103165958047857
142.925,8.55503707111854,0.104779284613879,0.0283508790395188,1,-0.071618199741037,-0.991397350503377,-0.109554218908893,0.103165958047857
142.975,8.56019536902093,0.104779284613878,0.0283508790395262,1,-0.071618199741037,-0.991397350503377,-0.109554218908893,0.103165958047857
143.025,8.56535366692332,0.104779284613877,0.0283508790395329,1,-0.071618199741037,-0.991397350503377,-0.109554218908893,0.103165958047857
143.075,8.57051196482571,0.104779284613876,0.028350879039539,1,-0.071618199741037,-0.991397350503377,-0.109554218908893,0.103165958047857
143.125,8.57567026272811,0.104779284613876,0.0283508790395444,1,-0.071618199741037,-0.991397350503377,-0.109554218908893,0.103165958047857
143.175,8.5808285606305,0.104779284613875,0.0283508790395493,1,-0.071618199741037,-0.991397350503377,-0.109554218908893,0.103165958047857
143.225,8.58598685853289,0.104779284613875,0.0283508790395536,1,-0.071618199741037,-0.991397350503377,-0.109554218908893,0.103165958047857
143.275,8.59114515643528,0.104779284613874,0.0283508790395573,1,-0.071618199741037,-0.991397350503377,-0.109554218908893,0.103165958047857
143.325,8.59630345433767,0.104779284613874,0.0283508790395606,1,-0.071618199741037,-0.991397350503377,-0.109554218908893,0.103165958047857
143.375,8.60146175224006,0.104779284613874,0.0283508790395635,1,-0.071618199741037,-0.991397350503377,-0.109554218908893,0.103165958047857
143.425,8.60662005014245,0.104779284613873,0.0283508790395659,1,-0.071618199741037,-0.991397350503377,-0.109554218908893,0.103165958047857
143.475,8.61177834804485,0.104779284613873,0.0283508790395679,1,-0.071618199741037,-0.991397350503377,-0.109554218908893,0.103165958047857
143.525,8.61693664594724,0.104779284613873,0.0283508790395696,1,-0.071618199741037,-0.991397350503377,-0.109554218908893,0.103165958047857
143.575,8.62209494384963,0.104779284613873,0.028350879039571,1,-0.071618199741037,-0.991397350503377,-0.109554218908893,0.103165958047857
143.625,8.62725324175202,0.104779284613873,0.028350879039572,1,-0.071618199741037,-0.991397350503377,-0.109554218908893,0.103165958047857
143.675,8.63241153965441,0.104779284613873,0.0283508790395729,1,-0.071618199741037,-0.991397350503377,-0.109554218908893,0.103165958047857
143.725,8.63756983755681,0.104779284613872,0.0283508790395735,1,-0.071618199741037,-0.991397350503377,-0.109554218908893,0.103165958047857
143.775,8.6427281354592,0.104779284613872,0.0283508790395739,1,-0.071618199741037,-0.991397350503377,-0.109554218908893,0.103165958047857
143.825,8.64788643336159,0.104779284613872,0.0283508790395742,1,-0.071618199741037,-0.991397350503377,-0.109554218908893,0.103165958047857
143.875,8.65304473126399,0.104779284613872,0.0283508790395743,1,-0.071618199741037,-0.991397350503377,-0.109554218908893,0.103165958047857
143.925,8.65820302916638,0.104779284613872,0.0283508790395744,1,-0.071618199741037,-0.991397350503377,-0.109554218908893,0.103165958047857
143.975,8.66336132706877,0.104779284613872,0.0283508790395744,1,-0.071618199741037,-0.991397350503377,-0.109554218908893,0.103165958047857
144.025,8.66851962497116,0.104779284613872,0.0283508790395744,1,-0.071618199741037,-0.991397350503377,-0.109554218908893,0.103165958047857
144.075,8.67367792287356,0.104779284613872,0.0283508790395744,1,-0.071618199741037,-0.991397350503377,-0.109554218908893,0.103165958047857
144.125,8.67883622077595,0.104779284613872,0.0283508790395744,1,-0.071618199741037,-0.991397350503377,-0.109554218908893,0.103165958047857
144.175,8.68399451867834,0.104779284613872,0.0283508790395744,1,-0.071618199741037,-0.991397350503377,-0.109554218908893,0.103165958047857
144.225,8.68915281658074,0.104779284613872,0.0283508790395744,1,-0.071618199741037,-0.991397350503377,-0.109554218908893,0.103165958047857
144.275,8.69431111448313,0.104779284613872,0.0283508790395744,1,-0.071618199741037,-0.991397350503377,-0.109554218908893,0.103165958047857
144.325,8.69946941238552,0.104779284613872,0.0283508790395744,1,-0.071618199741037,-0.991397350503377,-0.109554218908893,0.103165958047857
144.375,8.70462771028792,0.104779284613872,0.0283508790395744,1,-0.071618199741037,-0.991397350503377,-0.109554218908893,0.103165958047857
144.425,8.70978600819031,0.104779284613872,0.0283508790395744,1,-0.071618199741037,-0.991397350503377,-0.109554218908893,0.103165958047857
144.475,8.7149443060927,0.104779284613872,0.0283508790395744,1,-0.071618199741037,-0.991397350503377,-0.109554218908893,0.103165958047857
144.525,8.72010260399509,0.104779284613872,0.0283508790395744,1,-0.071618199741037,-0.991397350503377,-0.109554218908893,0.103165958047857
144.575,8.72526090189749,0.104779284613872,0.0283508790395744,1,-0.071618199741037,-0.991397350503377,-0.109554218908893,0.103165958047857
144.625,8.73041919979988,0.104779284613872,0.0283508790395744,1,-0.071618199741037,-0.991397350503377,-0.109554218908893,0.103165958047857
144.675,8.73557749770227,0.104779284613872,0.0283508790395744,1,-0.071618199741037,-0.991397350503377,-0.109554218908893,0.103165958047857
144.725,8.74073579560467,0.104779284613872,0.0283508790395744,1,-0.071618199741037,-0.991397350503377,-0.109554218908893,0.103165958047857
144.775,8.74589409350706,0.104779284613872,0.0283508790395744,1,-0.071618199741037,-0.991397350503377,-0.109554218908893,0.103165958047857
144.825,8.75105239140945,0.104779284613872,0.0283508790395744,1,-0.071618199741037,-0.991397350503377,-0.109554218908893,0.103165958047857
144.875,8.75621068931184,0.104779284613872,0.0283508790395744,1,-0.071618199741037,-0.991397350503377,-0.109554218908893,0.103165958047857
144.925,8.76136898721423,0.104779284613872,0.0283508790395744,1,-0.071618199741037,-0.991397350503377,-0.109554218908893,0.103165958047857
144.975,8.76652728511663,0.104779284613872,0.0283508790395744,1,-0.071618199741037,-0.991397350503377,-0.109554218908893,0.103165958047857
145.025,8.77168558301902,0.104779284613872,0.0283508790395744,1,-0.071618199741037,-0.991397350503377,-0.109554218908893,0.103165958047857
145.075,8.77684388092141,0.104779284613872,0.0283508790395744,1,-0.071618199741037,-0.991397350503377,-0.109554218908893,0.103165958047857
145.125,8.78200217882381,0.104779284613872,0.0283508790395744,1,-0.071618199741037,-0.991397350503377,-0.109554218908893,0.103165958047857
145.175,8.7871604767262,0.104779284613872,0.0283508790395744,1,-0.071618199741037,-0.991397350503377,-0.109554218908893,0.103165958047857
145.225,8.79231877462859,0.104779284613872,0.0283508790395744,1,-0.071618199741037,-0.991397350503377,-0.109554218908893,0.103165958047857
145.275,8.79747707253098,0.104779284613872,0.0283508790395744,1,-0.071618199741037,-0.991397350503377,-0.109554218908893,0.103165958047857
145.325,8.80263537043338,0.104779284613872,0.0283508790395744,1,-0.071618199741037,-0.991397350503377,-0.109554218908893,0.103165958047857
145.375,8.80779366833577,0.104779284613872,0.0283508790395744,1,-0.071618199741037,-0.991397350503377,-0.109554218908893,0.103165958047857
145.425,8.81295196623816,0.104779284613872,0.0283508790395744,1,-0.071618199741037,-0.991397350503377,-0.109554218908893,0.103165958047857
145.475,8.81811026414056,0.104779284613872,0.0283508790395744,1,-0.071618199741037,-0.991397350503377,-0.109554218908893,0.103165958047857
145.525,8.82326856204295,0.104779284613872,0.0283508790395744,1,-0.071618199741037,-0.991397350503377,-0.109554218908893,0.103165958047857
145.575,8.82842685994534,0.104779284613872,0.0283508790395744,1,-0.071618199741037,-0.991397350503377,-0.109554218908893,0.103165958047857
145.625,8.83358515784774,0.104779284613872,0.0283508790395744,1,-0.071618199741037,-0.991397350503377,-0.109554218908893,0.103165958047857
145.675,8.83874345575013,0.104779284613872,0.0283508790395744,1,-0.071618199741037,-0.991397350503377,-0.109554218908893,0.103165958047857
145.725,8.84390175365252,0.104779284613872,0.0283508790395744,1,-0.071618199741037,-0.991397350503377,-0.109554218908893,0.103165958047857
145.775,8.84906005155491,0.104779284613872,0.0283508790395744,1,-0.071618199741037,-0.991397350503377,-0.109554218908893,0.103165958047857
145.825,8.85421834945731,0.104779284613872,0.0283508790395744,1,-0.071618199741037,-0.991397350503377,-0.109554218908893,0.103165958047857
145.875,8.8593766473597,0.104779284613872,0.0283508790395744,1,-0.071618199741037,-0.991397350503377,-0.109554218908893,0.103165958047857
145.925,8.86453494526209,0.104779284613872,0.0283508790395744,1,-0.071618199741037,-0.991397350503377,-0.109554218908893,0.103165958047857
145.975,8.86969324316449,0.104779284613872,0.0283508790395744,1,-0.071618199741037,-0.991397350503377,-0.109554218908893,0.103165958047857
146.025,8.87485154106688,0.104779284613872,0.0283508790395744,1,-0.071618199741037,-0.991397350503377,-0.109554218908893,0.103165958047857
146.075,8.88000983896927,0.104779284613872,0.0283508790395744,1,-0.071618199741037,-0.991397350503377,-0.109554218908893,0.103165958047857
146.125,8.88516813687166,0.104779284613872,0.0283508790395744,1,-0.071618199741037,-0.991397350503377,-0.109554218908893,0.103165958047857
146.175,8.89032643477406,0.104779284613872,0.0283508790395744,1,-0.071618199741037,-0.991397350503377,-0.109554218908893,0.103165958047857
146.225,8.89548473267645,0.104779284613872,0.0283508790395744,1,-0.071618199741037,-0.991397350503377,-0.109554218908893,0.103165958047857
146.275,8.90064303057884,0.104779284613872,0.0283508790395744,1,-0.071618199741037,-0.991397350503377,-0.109554218908893,0.103165958047857
146.325,8.90580132848124,0.104779284613872,0.0283508790395744,1,-0.071618199741037,-0.991397350503377,-0.109554218908893,0.103165958047857
146.375,8.91095962638363,0.104779284613872,0.0283508790395744,1,-0.071618199741037,-0.991397350503377,-0.109554218908893,0.103165958047857
146.425,8.91611792428602,0.104779284613872,0.0283508790395744,1,-0.071618199741037,-0.991397350503377,-0.109554218908893,0.103165958047857
146.475,8.92127622218841,0.104779284613872,0.0283508790395744,1,-0.071618199741037,-0.991397350503377,-0.109554218908893,0.103165958047857
146.525,8.9264345200908,0.104779284613872,0.0283508790395744,1,-0.071618199741037,-0.991397350503377,-0.109554218908893,0.103165958047857
146.575,8.9315928179932,0.104779284613872,0.0283508790395744,1,-0.071618199741037,-0.991397350503377,-0.109554218908893,0.103165958047857
146.625,8.93675111589559,0.104779284613872,0.0283508790395744,1,-0.071618199741037,-0.991397350503377,-0.109554218908893,0.103165958047857
146.675,8.94190941379799,0.104779284613872,0.0283508790395744,1,-0.071618199741037,-0.991397350503377,-0.109554218908893,0.103165958047857
146.725,8.94706771170038,0.104779284613872,0.0283508790395744,1,-0.071618199741037,-0.991397350503377,-0.109554218908893,0.103165958047857
146.775,8.95222600960277,0.104779284613872,0.0283508790395744,1,-0.071618199741037,-0.991397350503377,-0.109554218908893,0.103165958047857
146.825,8.95738430750516,0.104779284613872,0.0283508790395744,1,-0.071618199741037,-0.991397350503377,-0.109554218908893,0.103165958047857
146.875,8.96254260540756,0.104779284613872,0.0283508790395744,1,-0.071618199741037,-0.991397350503377,-0.109554218908893,0.103165958047857
146.925,8.96770090330995,0.104779284613872,0.0283508790395744,1,-0.071618199741037,-0.991397350503377,-0.109554218908893,0.103165958047857
146.975,8.97285920121234,0.104779284613872,0.0283508790395744,1,-0.071618199741037,-0.991397350503377,-0.109554218908893,0.103165958047857
147.025,8.97801749911473,0.104779284613872,0.0283508790395744,1,-0.071618199741037,-0.991397350503377,-0.109554218908893,0.103165958047857
147.075,8.98317579701713,0.104779284613872,0.0283508790395744,1,-0.071618199741037,-0.991397350503377,-0.109554218908893,0.103165958047857
147.125,8.98833409491952,0.104779284613872,0.0283508790395744,1,-0.071618199741037,-0.991397350503377,-0.109554218908893,0.103165958047857
147.175,8.99349239282191,0.104779284613872,0.0283508790395744,1,-0.071618199741037,-0.991397350503377,-0.109554218908893,0.103165958047857
147.225,8.99865069072431,0.104779284613872,0.0283508790395744,1,-0.071618199741037,-0.991397350503377,-0.109554218908893,0.103165958047857
147.275,9.0038089886267,0.104779284613872,0.0283508790395744,1,-0.071618199741037,-0.991397350503377,-0.109554218908893,0.103165958047857
147.325,9.00896728652909,0.104779284613872,0.0283508790395744,1,-0.071618199741037,-0.991397350503377,-0.109554218908893,0.103165958047857
147.375,9.01412558443149,0.104779284613872,0.0283508790395744,1,-0.071618199741037,-0.991397350503377,-0.109554218908893,0.103165958047857
147.425,9.01928388233388,0.104779284613872,0.0283508790395744,1,-0.071618199741037,-0.991397350503377,-0.109554218908893,0.103165958047857
147.475,9.02444218023627,0.104779284613872,0.0283508790395744,1,-0.071618199741037,-0.991397350503377,-0.109554218908893,0.103165958047857
147.525,9.02960047813866,0.104779284613872,0.0283508790395744,1,-0.071618199741037,-0.991397350503377,-0.109554218908893,0.103165958047857
147.575,9.03475877604106,0.104779284613872,0.0283508790395744,1,-0.071618199741037,-0.991397350503377,-0.109554218908893,0.103165958047857
147.625,9.03991707394345,0.104779284613872,0.0283508790395744,1,-0.071618199741037,-0.991397350503377,-0.109554218908893,0.103165958047857
147.675,9.04507537184584,0.104779284613872,0.0283508790395744,1,-0.071618199741037,-0.991397350503377,-0.109554218908893,0.103165958047857
147.725,9.05023366974824,0.104779284613872,0.0283508790395744,1,-0.071618199741037,-0.991397350503377,-0.109554218908893,0.103165958047857
147.775,9.05539196765063,0.104779284613872,0.0283508790395744,1,-0.071618199741037,-0.991397350503377,-0.109554218908893,0.103165958047857
147.825,9.06055026555302,0.104779284613872,0.0283508790395744,1,-0.071618199741037,-0.991397350503377,-0.109554218908893,0.103165958047857
147.875,9.06570856345541,0.104779284613872,0.0283508790395744,1,-0.071618199741037,-0.991397350503377,-0.109554218908893,0.103165958047857
147.925,9.07086686135781,0.104779284613872,0.0283508790395744,1,-0.071618199741037,-0.991397350503377,-0.109554218908893,0.103165958047857
147.975,9.0760251592602,0.104779284613872,0.0283508790395744,1,-0.071618199741037,-0.991397350503377,-0.109554218908893,0.103165958047857
148.025,9.08118345716259,0.104779284613872,0.0283508790395744,1,-0.071618199741037,-0.991397350503377,-0.109554218908893,0.103165958047857
148.075,9.08634175506498,0.104779284613872,0.0283508790395744,1,-0.071618199741037,-0.991397350503377,-0.109554218908893,0.103165958047857
148.125,9.09150005296738,0.104779284613872,0.0283508790395744,1,-0.071618199741037,-0.991397350503377,-0.109554218908893,0.103165958047857
148.175,9.09665835086977,0.104779284613872,0.0283508790395744,1,-0.071618199741037,-0.991397350503377,-0.109554218908893,0.103165958047857
148.225,9.10181664877216,0.104779284613872,0.0283508790395744,1,-0.071618199741037,-0.991397350503377,-0.109554218908893,0.103165958047857
148.275,9.10697494667455,0.104779284613872,0.0283508790395744,1,-0.071618199741037,-0.991397350503377,-0.109554218908893,0.103165958047857
148.325,9.11213324457695,0.104779284613872,0.0283508790395744,1,-0.071618199741037,-0.991397350503377,-0.109554218908893,0.103165958047857
148.375,9.11729154247934,0.104779284613872,0.0283508790395744,1,-0.071618199741037,-0.991397350503377,-0.109554218908893,0.103165958047857
148.425,9.12244984038173,0.104779284613872,0.0283508790395744,1,-0.071618199741037,-0.991397350503377,-0.109554218908893,0.103165958047857
148.475,9.12760813828413,0.104779284613872,0.0283508790395744,1,-0.071618199741037,-0.991397350503377,-0.109554218908893,0.103165958047857
148.525,9.13276643618652,0.104779284613872,0.0283508790395744,1,-0.071618199741037,-0.991397350503377,-0.109554218908893,0.103165958047857
148.575,9.13792473408891,0.104779284613872,0.0283508790395744,1,-0.071618199741037,-0.991397350503377,-0.109554218908893,0.103165958047857
148.625,9.14308303199131,0.104779284613872,0.0283508790395744,1,-0.071618199741037,-0.991397350503377,-0.109554218908893,0.103165958047857
148.675,9.1482413298937,0.104779284613872,0.0283508790395744,1,-0.071618199741037,-0.991397350503377,-0.109554218908893,0.103165958047857
148.725,9.15339962779609,0.104779284613872,0.0283508790395744,1,-0.071618199741037,-0.991397350503377,-0.109554218908893,0.103165958047857
148.775,9.15855792569848,0.104779284613872,0.0283508790395744,1,-0.071618199741037,-0.991397350503377,-0.109554218908893,0.103165958047857
148.825,9.16371622360088,0.104779284613872,0.0283508790395744,1,-0.071618199741037,-0.991397350503377,-0.109554218908893,0.103165958047857
148.875,9.16887452150327,0.104779284613872,0.0283508790395744,1,-0.071618199741037,-0.991397350503377,-0.109554218908893,0.103165958047857
148.925,9.17403281940566,0.104779284613872,0.0283508790395744,1,-0.071618199741037,-0.991397350503377,-0.109554218908893,0.103165958047857
148.975,9.17919111730806,0.104779284613872,0.0283508790395744,1,-0.071618199741037,-0.991397350503377,-0.109554218908893,0.103165958047857
149.025,9.18434941521045,0.104779284613872,0.0283508790395744,1,-0.071618199741037,-0.991397350503377,-0.109554218908893,0.103165958047857
149.075,9.18950771311284,0.104779284613872,0.0283508790395744,1,-0.071618199741037,-0.991397350503377,-0.109554218908893,0.103165958047857
149.125,9.19466601101523,0.104779284613872,0.0283508790395744,1,-0.071618199741037,-0.991397350503377,-0.109554218908893,0.103165958047857
149.175,9.19982430891763,0.104779284613872,0.0283508790395744,1,-0.071618199741037,-0.991397350503377,-0.109554218908893,0.103165958047857
149.225,9.20498260682002,0.104779284613872,0.0283508790395744,1,-0.071618199741037,-0.991397350503377,-0.109554218908893,0.103165958047857
149.275,9.21014090472241,0.104779284613872,0.0283508790395744,1,-0.071618199741037,-0.991397350503377,-0.109554218908893,0.103165958047857
149.325,9.21529920262481,0.104779284613872,0.0283508790395744,1,-0.071618199741037,-0.991397350503377,-0.109554218908893,0.103165958047857
149.375,9.2204575005272,0.104779284613872,0.0283508790395744,1,-0.071618199741037,-0.991397350503377,-0.109554218908893,0.103165958047857
149.425,9.22561579842959,0.104779284613872,0.0283508790395744,1,-0.071618199741037,-0.991397350503377,-0.109554218908893,0.103165958047857
149.475,9.23077409633198,0.104779284613872,0.0283508790395744,1,-0.071618199741037,-0.991397350503377,-0.109554218908893,0.103165958047857
149.525,9.23593239423437,0.104779284613872,0.0283508790395744,1,-0.071618199741037,-0.991397350503377,-0.109554218908893,0.103165958047857
149.575,9.24109069213677,0.104779284613872,0.0283508790395744,1,-0.071618199741037,-0.991397350503377,-0.109554218908893,0.103165958047857
149.625,9.24624899003916,0.104779284613872,0.0283508790395744,1,-0.071618199741037,-0.991397350503377,-0.109554218908893,0.103165958047857
149.675,9.25140728794156,0.104779284613872,0.0283508790395744,1,-0.071618199741037,-0.991397350503377,-0.109554218908893,0.103165958047857
149.725,9.25656558584395,0.104779284613872,0.0283508790395744,1,-0.071618199741037,-0.991397350503377,-0.109554218908893,0.103165958047857
149.775,9.26172388374634,0.104779284613872,0.0283508790395744,1,-0.071618199741037,-0.991397350503377,-0.109554218908893,0.103165958047857
149.825,9.26688218164873,0.104779284613872,0.0283508790395744,1,-0.071618199741037,-0.991397350503377,-0.109554218908893,0.103165958047857
149.875,9.27204047955113,0.104779284613872,0.0283508790395744,1,-0.071618199741037,-0.991397350503377,-0.109554218908893,0.103165958047857
149.925,9.27719877745352,0.104779284613872,0.0283508790395744,1,-0.071618199741037,-0.991397350503377,-0.109554218908893,0.103165958047857
149.975,9.28235707535591,0.104779284613872,0.0283508790395744,1,-0.071618199741037,-0.991397350503377,-0.109554218908893,0.103165958047857
150.025,9.2875153732583,0.104779284613872,0.0283508790395744,1,-0.071618199741037,-0.991397350503377,-0.109554218908893,0.103165958047857
150.075,9.2926736711607,0.104779284613872,0.0283508790395744,1,-0.071618199741037,-0.991397350503377,-0.109554218908893,0.103165958047857
150.125,9.29783196906309,0.104779284613872,0.0283508790395744,1,-0.071618199741037,-0.991397350503377,-0.109554218908893,0.103165958047857
150.175,9.30299026696548,0.104779284613872,0.0283508790395744,1,-0.071618199741037,-0.991397350503377,-0.109554218908893,0.103165958047857
150.225,9.30814856486788,0.104779284613872,0.0283508790395744,1,-0.071618199741037,-0.991397350503377,-0.109554218908893,0.103165958047857
150.275,9.31330686277027,0.104779284613872,0.0283508790395744,1,-0.071618199741037,-0.991397350503377,-0.109554218908893,0.103165958047857
150.325,9.31846516067266,0.104779284613872,0.0283508790395744,1,-0.071618199741037,-0.991397350503377,-0.109554218908893,0.103165958047857
150.375,9.32362345857506,0.104779284613872,0.0283508790395744,1,-0.071618199741037,-0.991397350503377,-0.109554218908893,0.103165958047857
150.425,9.32878175647745,0.104779284613872,0.0283508790395744,1,-0.071618199741037,-0.991397350503377,-0.109554218908893,0.103165958047857
150.475,9.33394005437984,0.104779284613872,0.0283508790395744,1,-0.071618199741037,-0.991397350503377,-0.109554218908893,0.103165958047857
150.525,9.33909835228223,0.104779284613872,0.0283508790395744,1,-0.071618199741037,-0.991397350503377,-0.109554218908893,0.103165958047857
150.575,9.34425665018463,0.104779284613872,0.0283508790395744,1,-0.071618199741037,-0.991397350503377,-0.109554218908893,0.103165958047857
150.625,9.34941494808702,0.104779284613872,0.0283508790395744,1,-0.071618199741037,-0.991397350503377,-0.109554218908893,0.103165958047857
150.675,9.35457324598941,0.104779284613872,0.0283508790395744,1,-0.071618199741037,-0.991397350503377,-0.109554218908893,0.103165958047857
150.725,9.35973154389181,0.104779284613872,0.0283508790395744,1,-0.071618199741037,-0.991397350503377,-0.109554218908893,0.103165958047857
150.775,9.3648898417942,0.104779284613872,0.0283508790395744,1,-0.071618199741037,-0.991397350503377,-0.109554218908893,0.103165958047857
150.825,9.37004813969659,0.104779284613872,0.0283508790395744,1,-0.071618199741037,-0.991397350503377,-0.109554218908893,0.103165958047857
150.875,9.37520643759898,0.104779284613872,0.0283508790395744,1,-0.071618199741037,-0.991397350503377,-0.109554218908893,0.103165958047857
150.925,9.38036473550138,0.104779284613872,0.0283508790395744,1,-0.071618199741037,-0.991397350503377,-0.109554218908893,0.103165958047857
150.975,9.38552303340377,0.104779284613872,0.0283508790395744,1,-0.071618199741037,-0.991397350503377,-0.109554218908893,0.103165958047857
151.025,9.39068133130616,0.104779284613872,0.0283508790395744,1,-0.071618199741037,-0.991397350503377,-0.109554218908893,0.103165958047857
151.075,9.39583962920855,0.104779284613872,0.0283508790395744,1,-0.071618199741037,-0.991397350503377,-0.109554218908893,0.103165958047857
151.125,9.40099792711095,0.104779284613872,0.0283508790395744,1,-0.071618199741037,-0.991397350503377,-0.109554218908893,0.103165958047857
151.175,9.40615622501334,0.104779284613872,0.0283508790395744,1,-0.071618199741037,-0.991397350503377,-0.109554218908893,0.103165958047857
151.225,9.41131452291573,0.104779284613872,0.0283508790395744,1,-0.071618199741037,-0.991397350503377,-0.109554218908893,0.103165958047857
151.275,9.41647282081813,0.104779284613872,0.0283508790395744,1,-0.071618199741037,-0.991397350503377,-0.109554218908893,0.103165958047857
151.325,9.42163111872052,0.104779284613872,0.0283508790395744,1,-0.071618199741037,-0.991397350503377,-0.109554218908893,0.103165958047857
151.375,9.42678941662291,0.104779284613872,0.0283508790395744,1,-0.071618199741037,-0.991397350503377,-0.109554218908893,0.103165958047857
151.425,9.4319477145253,0.104779284613872,0.0283508790395744,1,-0.071618199741037,-0.991397350503377,-0.109554218908893,0.103165958047857
151.475,9.4371060124277,0.104779284613872,0.0283508790395744,1,-0.071618199741037,-0.991397350503377,-0.109554218908893,0.103165958047857
151.525,9.44226431033009,0.104779284613872,0.0283508790395744,1,-0.071618199741037,-0.991397350503377,-0.109554218908893,0.103165958047857
151.575,9.44742260823248,0.104779284613872,0.0283508790395744,1,-0.071618199741037,-0.991397350503377,-0.109554218908893,0.103165958047857
151.625,9.45258090613488,0.104779284613872,0.0283508790395744,1,-0.071618199741037,-0.991397350503377,-0.109554218908893,0.103165958047857
151.675,9.45773920403727,0.104779284613872,0.0283508790395744,1,-0.071618199741037,-0.991397350503377,-0.109554218908893,0.103165958047857
151.725,9.46289750193966,0.104779284613872,0.0283508790395744,1,-0.071618199741037,-0.991397350503377,-0.109554218908893,0.103165958047857
151.775,9.46805579984205,0.104779284613872,0.0283508790395744,1,-0.071618199741037,-0.991397350503377,-0.109554218908893,0.103165958047857
151.825,9.47321409774445,0.104779284613872,0.0283508790395744,1,-0.071618199741037,-0.991397350503377,-0.109554218908893,0.103165958047857
151.875,9.47837239564684,0.104779284613872,0.0283508790395744,1,-0.071618199741037,-0.991397350503377,-0.109554218908893,0.103165958047857
151.925,9.48353069354923,0.104779284613872,0.0283508790395744,1,-0.071618199741037,-0.991397350503377,-0.109554218908893,0.103165958047857
151.975,9.48868899145163,0.104779284613872,0.0283508790395744,1,-0.071618199741037,-0.991397350503377,-0.109554218908893,0.103165958047857
152.025,9.49384728935402,0.104779284613872,0.0283508790395744,1,-0.071618199741037,-0.991397350503377,-0.109554218908893,0.103165958047857
152.075,9.49900558725641,0.104779284613872,0.0283508790395744,1,-0.071618199741037,-0.991397350503377,-0.109554218908893,0.103165958047857
152.125,9.50416388515881,0.104779284613872,0.0283508790395744,1,-0.071618199741037,-0.991397350503377,-0.109554218908893,0.103165958047857
152.175,9.5093221830612,0.104779284613872,0.0283508790395744,1,-0.071618199741037,-0.991397350503377,-0.109554218908893,0.103165958047857
152.225,9.51448048096359,0.104779284613872,0.0283508790395744,1,-0.071618199741037,-0.991397350503377,-0.109554218908893,0.103165958047857
152.275,9.51963877886598,0.104779284613872,0.0283508790395744,1,-0.071618199741037,-0.991397350503377,-0.109554218908893,0.103165958047857
152.325,9.52479707676838,0.104779284613872,0.0283508790395744,1,-0.071618199741037,-0.991397350503377,-0.109554218908893,0.103165958047857
152.375,9.52995537467077,0.104779284613872,0.0283508790395744,1,-0.071618199741037,-0.991397350503377,-0.109554218908893,0.103165958047857
152.425,9.53511367257316,0.104779284613872,0.0283508790395744,1,-0.071618199741037,-0.991397350503377,-0.109554218908893,0.103165958047857
152.475,9.54027197047555,0.104779284613872,0.0283508790395744,1,-0.071618199741037,-0.991397350503377,-0.109554218908893,0.103165958047857
152.525,9.54543026837795,0.104779284613872,0.0283508790395744,1,-0.071618199741037,-0.991397350503377,-0.109554218908893,0.103165958047857
152.575,9.55058856628034,0.104779284613872,0.0283508790395744,1,-0.071618199741037,-0.991397350503377,-0.109554218908893,0.103165958047857
152.625,9.55574686418273,0.104779284613872,0.0283508790395744,1,-0.071618199741037,-0.991397350503377,-0.109554218908893,0.103165958047857
152.675,9.56090516208513,0.104779284613872,0.0283508790395744,1,-0.071618199741037,-0.991397350503377,-0.109554218908893,0.103165958047857
152.725,9.56606345998752,0.104779284613872,0.0283508790395744,1,-0.071618199741037,-0.991397350503377,-0.109554218908893,0.103165958047857
152.775,9.57122175788991,0.104779284613872,0.0283508790395744,1,-0.071618199741037,-0.991397350503377,-0.109554218908893,0.103165958047857
152.825,9.5763800557923,0.104779284613872,0.0283508790395744,1,-0.071618199741037,-0.991397350503377,-0.109554218908893,0.103165958047857
152.875,9.5815383536947,0.104779284613872,0.0283508790395744,1,-0.071618199741037,-0.991397350503377,-0.109554218908893,0.103165958047857
152.925,9.58669665159709,0.104779284613872,0.0283508790395744,1,-0.071618199741037,-0.991397350503377,-0.109554218908893,0.103165958047857
152.975,9.59185494949948,0.104779284613872,0.0283508790395744,1,-0.071618199741037,-0.991397350503377,-0.109554218908893,0.103165958047857
153.025,9.59701324740187,0.104779284613872,0.0283508790395744,1,-0.071618199741037,-0.991397350503377,-0.109554218908893,0.103165958047857
153.075,9.60217154530427,0.104779284613872,0.0283508790395744,1,-0.071618199741037,-0.991397350503377,-0.109554218908893,0.103165958047857
153.125,9.60732984320666,0.104779284613872,0.0283508790395744,1,-0.071618199741037,-0.991397350503377,-0.109554218908893,0.103165958047857
153.175,9.61248814110905,0.104779284613872,0.0283508790395744,1,-0.071618199741037,-0.991397350503377,-0.109554218908893,0.103165958047857
153.225,9.61764643901145,0.104779284613872,0.0283508790395744,1,-0.071618199741037,-0.991397350503377,-0.109554218908893,0.103165958047857
153.275,9.62280473691384,0.104779284613872,0.0283508790395744,1,-0.071618199741037,-0.991397350503377,-0.109554218908893,0.103165958047857
153.325,9.62796303481623,0.104779284613872,0.0283508790395744,1,-0.071618199741037,-0.991397350503377,-0.109554218908893,0.103165958047857
153.375,9.63312133271863,0.104779284613872,0.0283508790395744,1,-0.071618199741037,-0.991397350503377,-0.109554218908893,0.103165958047857
153.425,9.63827963062102,0.104779284613872,0.0283508790395744,1,-0.071618199741037,-0.991397350503377,-0.109554218908893,0.103165958047857
153.475,9.64343792852341,0.104779284613872,0.0283508790395744,1,-0.071618199741037,-0.991397350503377,-0.109554218908893,0.103165958047857
153.525,9.6485962264258,0.104779284613872,0.0283508790395744,1,-0.071618199741037,-0.991397350503377,-0.109554218908893,0.103165958047857
153.575,9.6537545243282,0.104779284613872,0.0283508790395744,1,-0.071618199741037,-0.991397350503377,-0.109554218908893,0.103165958047857
153.625,9.65891282223059,0.104779284613872,0.0283508790395744,1,-0.071618199741037,-0.991397350503377,-0.109554218908893,0.103165958047857
153.675,9.66407112013298,0.104779284613872,0.0283508790395744,1,-0.071618199741037,-0.991397350503377,-0.109554218908893,0.103165958047857
153.725,9.66922941803538,0.104779284613872,0.0283508790395744,1,-0.071618199741037,-0.991397350503377,-0.109554218908893,0.103165958047857
153.775,9.67438771593777,0.104779284613872,0.0283508790395744,1,-0.071618199741037,-0.991397350503377,-0.109554218908893,0.103165958047857
153.825,9.67954601384016,0.104779284613872,0.0283508790395744,1,-0.071618199741037,-0.991397350503377,-0.109554218908893,0.103165958047857
153.875,9.68470431174256,0.104779284613872,0.0283508790395744,1,-0.071618199741037,-0.991397350503377,-0.109554218908893,0.103165958047857
153.925,9.68986260964495,0.104779284613872,0.0283508790395744,1,-0.071618199741037,-0.991397350503377,-0.109554218908893,0.103165958047857
153.975,9.69502090754734,0.104779284613872,0.0283508790395744,1,-0.071618199741037,-0.991397350503377,-0.109554218908893,0.103165958047857
154.025,9.70017920544973,0.104779284613872,0.0283508790395744,1,-0.071618199741037,-0.991397350503377,-0.109554218908893,0.103165958047857
154.075,9.70533750335212,0.104779284613872,0.0283508790395744,1,-0.071618199741037,-0.991397350503377,-0.109554218908893,0.103165958047857
154.125,9.71049580125452,0.104779284613872,0.0283508790395744,1,-0.071618199741037,-0.991397350503377,-0.109554218908893,0.103165958047857
154.175,9.71565409915691,0.104779284613872,0.0283508790395744,1,-0.071618199741037,-0.991397350503377,-0.109554218908893,0.103165958047857
154.225,9.7208123970593,0.104779284613872,0.0283508790395744,1,-0.071618199741037,-0.991397350503377,-0.109554218908893,0.103165958047857
154.275,9.7259706949617,0.104779284613872,0.0283508790395744,1,-0.071618199741037,-0.991397350503377,-0.109554218908893,0.103165958047857
154.325,9.73112899286409,0.104779284613872,0.0283508790395744,1,-0.071618199741037,-0.991397350503377,-0.109554218908893,0.103165958047857
154.375,9.73628729076648,0.104779284613872,0.0283508790395744,1,-0.071618199741037,-0.991397350503377,-0.109554218908893,0.103165958047857
154.425,9.74144558866887,0.104779284613872,0.0283508790395744,1,-0.071618199741037,-0.991397350503377,-0.109554218908893,0.103165958047857
154.475,9.74660388657127,0.104779284613872,0.0283508790395744,1,-0.071618199741037,-0.991397350503377,-0.109554218908893,0.103165958047857
154.525,9.75176218447366,0.104779284613872,0.0283508790395744,1,-0.071618199741037,-0.991397350503377,-0.109554218908893,0.103165958047857
154.575,9.75692048237605,0.104779284613872,0.0283508790395744,1,-0.071618199741037,-0.991397350503377,-0.109554218908893,0.103165958047857
154.625,9.76207878027845,0.104779284613872,0.0283508790395744,1,-0.071618199741037,-0.991397350503377,-0.109554218908893,0.103165958047857
154.675,9.76723707818084,0.104779284613872,0.0283508790395744,1,-0.071618199741037,-0.991397350503377,-0.109554218908893,0.103165958047857
154.725,9.77239537608323,0.104779284613872,0.0283508790395744,1,-0.071618199741037,-0.991397350503377,-0.109554218908893,0.103165958047857
154.775,9.77755367398562,0.104779284613872,0.0283508790395744,1,-0.071618199741037,-0.991397350503377,-0.109554218908893,0.103165958047857
154.825,9.78271197188802,0.104779284613872,0.0283508790395744,1,-0.071618199741037,-0.991397350503377,-0.109554218908893,0.103165958047857
154.875,9.78787026979041,0.104779284613872,0.0283508790395744,1,-0.071618199741037,-0.991397350503377,-0.109554218908893,0.103165958047857
154.925,9.7930285676928,0.104779284613872,0.0283508790395744,1,-0.071618199741037,-0.991397350503377,-0.109554218908893,0.103165958047857
154.975,9.7981868655952,0.104779284613872,0.0283508790395744,1,-0.071618199741037,-0.991397350503377,-0.109554218908893,0.103165958047857
155.025,9.80334516349759,0.104779284613872,0.0283508790395744,1,-0.071618199741037,-0.991397350503377,-0.109554218908893,0.103165958047857
155.075,9.80850346139998,0.104779284613872,0.0283508790395744,1,-0.071618199741037,-0.991397350503377,-0.109554218908893,0.103165958047857
155.125,9.81366175930238,0.104779284613872,0.0283508790395744,1,-0.071618199741037,-0.991397350503377,-0.109554218908893,0.103165958047857
155.175,9.81882005720477,0.104779284613872,0.0283508790395744,1,-0.071618199741037,-0.991397350503377,-0.109554218908893,0.103165958047857
155.225,9.82397835510716,0.104779284613872,0.0283508790395744,1,-0.071618199741037,-0.991397350503377,-0.109554218908893,0.103165958047857
155.275,9.82913665300955,0.104779284613872,0.0283508790395744,1,-0.071618199741037,-0.991397350503377,-0.109554218908893,0.103165958047857
155.325,9.83429495091195,0.104779284613872,0.0283508790395744,1,-0.071618199741037,-0.991397350503377,-0.109554218908893,0.103165958047857
155.375,9.83945324881434,0.104779284613872,0.0283508790395744,1,-0.071618199741037,-0.991397350503377,-0.109554218908893,0.103165958047857
155.425,9.84461154671673,0.104779284613872,0.0283508790395744,1,-0.071618199741037,-0.991397350503377,-0.109554218908893,0.103165958047857
155.475,9.84976984461913,0.104779284613872,0.0283508790395744,1,-0.071618199741037,-0.991397350503377,-0.109554218908893,0.103165958047857
155.525,9.85492814252152,0.104779284613872,0.0283508790395744,1,-0.071618199741037,-0.991397350503377,-0.109554218908893,0.103165958047857
155.575,9.86008644042391,0.104779284613872,0.0283508790395744,1,-0.071618199741037,-0.991397350503377,-0.109554218908893,0.103165958047857
155.625,9.8652447383263,0.104779284613872,0.0283508790395744,1,-0.071618199741037,-0.991397350503377,-0.109554218908893,0.103165958047857
155.675,9.8704030362287,0.104779284613872,0.0283508790395744,1,-0.071618199741037,-0.991397350503377,-0.109554218908893,0.103165958047857
155.725,9.87556133413109,0.104779284613872,0.0283508790395744,1,-0.071618199741037,-0.991397350503377,-0.109554218908893,0.103165958047857
155.775,9.88071963203348,0.104779284613872,0.0283508790395744,1,-0.071618199741037,-0.991397350503377,-0.109554218908893,0.103165958047857
155.825,9.88587792993587,0.104779284613872,0.0283508790395744,1,-0.071618199741037,-0.991397350503377,-0.109554218908893,0.103165958047857
155.875,9.89103622783827,0.104779284613872,0.0283508790395744,1,-0.071618199741037,-0.991397350503377,-0.109554218908893,0.103165958047857
155.925,9.89619452574066,0.104779284613872,0.0283508790395744,1,-0.071618199741037,-0.991397350503377,-0.109554218908893,0.103165958047857
155.975,9.90135282364305,0.104779284613872,0.0283508790395744,1,-0.071618199741037,-0.991397350503377,-0.109554218908893,0.103165958047857
156.025,9.90651112154544,0.104779284613872,0.0283508790395744,1,-0.071618199741037,-0.991397350503377,-0.109554218908893,0.103165958047857
156.075,9.91166941944784,0.104779284613872,0.0283508790395744,1,-0.071618199741037,-0.991397350503377,-0.109554218908893,0.103165958047857
156.125,9.91682771735023,0.104779284613872,0.0283508790395744,1,-0.071618199741037,-0.991397350503377,-0.109554218908893,0.103165958047857
156.175,9.92198601525262,0.104779284613872,0.0283508790395744,1,-0.071618199741037,-0.991397350503377,-0.109554218908893,0.103165958047857
156.225,9.92714431315502,0.104779284613872,0.0283508790395744,1,-0.071618199741037,-0.991397350503377,-0.109554218908893,0.103165958047857
156.275,9.93230261105741,0.104779284613872,0.0283508790395744,1,-0.071618199741037,-0.991397350503377,-0.109554218908893,0.103165958047857
156.325,9.9374609089598,0.104779284613872,0.0283508790395744,1,-0.071618199741037,-0.991397350503377,-0.109554218908893,0.103165958047857
156.375,9.9426192068622,0.104779284613872,0.0283508790395744,1,-0.071618199741037,-0.991397350503377,-0.109554218908893,0.103165958047857
156.425,9.94777750476459,0.104779284613872,0.0283508790395744,1,-0.071618199741037,-0.991397350503377,-0.109554218908893,0.103165958047857
156.475,9.95293580266698,0.104779284613872,0.0283508790395744,1,-0.071618199741037,-0.991397350503377,-0.109554218908893,0.103165958047857
156.525,9.95809410056937,0.104779284613872,0.0283508790395744,1,-0.071618199741037,-0.991397350503377,-0.109554218908893,0.103165958047857
156.575,9.96325239847177,0.104779284613872,0.0283508790395744,1,-0.071618199741037,-0.991397350503377,-0.109554218908893,0.103165958047857
156.625,9.96841069637416,0.104779284613872,0.0283508790395744,1,-0.071618199741037,-0.991397350503377,-0.109554218908893,0.103165958047857
156.675,9.97356899427655,0.104779284613872,0.0283508790395744,1,-0.071618199741037,-0.991397350503377,-0.109554218908893,0.103165958047857
156.725,9.97872729217895,0.104779284613872,0.0283508790395744,1,-0.071618199741037,-0.991397350503377,-0.109554218908893,0.103165958047857
156.775,9.98388559008134,0.104779284613872,0.0283508790395744,1,-0.071618199741037,-0.991397350503377,-0.109554218908893,0.103165958047857
156.825,9.98904388798373,0.104779284613872,0.0283508790395744,1,-0.071618199741037,-0.991397350503377,-0.109554218908893,0.103165958047857
156.875,9.99420218588613,0.104779284613872,0.0283508790395744,1,-0.071618199741037,-0.991397350503377,-0.109554218908893,0.103165958047857
156.925,9.99936048378852,0.104779284613872,0.0283508790395744,1,-0.071618199741037,-0.991397350503377,-0.109554218908893,0.103165958047857
156.975,10.0045187816909,0.104779284613872,0.0283508790395744,1,-0.071618199741037,-0.991397350503377,-0.109554218908893,0.103165958047857
157.025,10.0096770795933,0.104779284613872,0.0283508790395744,1,-0.071618199741037,-0.991397350503377,-0.109554218908893,0.103165958047857
157.075,10.0148353774957,0.104779284613872,0.0283508790395744,1,-0.071618199741037,-0.991397350503377,-0.109554218908893,0.103165958047857
157.125,10.0199936753981,0.104779284613872,0.0283508790395744,1,-0.071618199741037,-0.991397350503377,-0.109554218908893,0.103165958047857
157.175,10.0251519733005,0.104779284613872,0.0283508790395744,1,-0.071618199741037,-0.991397350503377,-0.109554218908893,0.103165958047857
157.225,10.0303102712029,0.104779284613872,0.0283508790395744,1,-0.071618199741037,-0.991397350503377,-0.109554218908893,0.103165958047857
157.275,10.0354685691053,0.104779284613872,0.0283508790395744,1,-0.071618199741037,-0.991397350503377,-0.109554218908893,0.103165958047857
157.325,10.0406268670077,0.104779284613872,0.0283508790395744,1,-0.071618199741037,-0.991397350503377,-0.109554218908893,0.103165958047857
157.375,10.0457851649101,0.104779284613872,0.0283508790395744,1,-0.071618199741037,-0.991397350503377,-0.109554218908893,0.103165958047857
157.425,10.0509434628124,0.104779284613872,0.0283508790395744,1,-0.071618199741037,-0.991397350503377,-0.109554218908893,0.103165958047857
157.475,10.0561017607148,0.104779284613872,0.0283508790395744,1,-0.071618199741037,-0.991397350503377,-0.109554218908893,0.103165958047857
157.525,10.0612600586172,0.104779284613872,0.0283508790395744,1,-0.071618199741037,-0.991397350503377,-0.109554218908893,0.103165958047857
157.575,10.0664183565196,0.104779284613872,0.0283508790395744,1,-0.071618199741037,-0.991397350503377,-0.109554218908893,0.103165958047857
157.625,10.071576654422,0.104779284613872,0.0283508790395744,1,-0.071618199741037,-0.991397350503377,-0.109554218908893,0.103165958047857
157.675,10.0767349523244,0.104779284613872,0.0283508790395744,1,-0.071618199741037,-0.991397350503377,-0.109554218908893,0.103165958047857
157.725,10.0818932502268,0.104779284613872,0.0283508790395744,1,-0.071618199741037,-0.991397350503377,-0.109554218908893,0.103165958047857
157.775,10.0870515481292,0.104779284613872,0.0283508790395744,1,-0.071618199741037,-0.991397350503377,-0.109554218908893,0.103165958047857
157.825,10.0922098460316,0.104779284613872,0.0283508790395744,1,-0.071618199741037,-0.991397350503377,-0.109554218908893,0.103165958047857
157.875,10.097368143934,0.104779284613872,0.0283508790395744,1,-0.071618199741037,-0.991397350503377,-0.109554218908893,0.103165958047857
157.925,10.1025264418364,0.104779284613872,0.0283508790395744,1,-0.071618199741037,-0.991397350503377,-0.109554218908893,0.103165958047857
157.975,10.1076847397388,0.104779284613872,0.0283508790395744,1,-0.071618199741037,-0.991397350503377,-0.109554218908893,0.103165958047857
158.025,10.1128430376412,0.104779284613872,0.0283508790395744,1,-0.071618199741037,-0.991397350503377,-0.109554218908893,0.103165958047857
158.075,10.1180013355436,0.104779284613872,0.0283508790395744,1,-0.071618199741037,-0.991397350503377,-0.109554218908893,0.103165958047857
158.125,10.1231596334459,0.104779284613872,0.0283508790395744,1,-0.071618199741037,-0.991397350503377,-0.109554218908893,0.103165958047857
158.175,10.1283179313483,0.104779284613872,0.0283508790395744,1,-0.071618199741037,-0.991397350503377,-0.109554218908893,0.103165958047857
158.225,10.1334762292507,0.104779284613872,0.0283508790395744,1,-0.071618199741037,-0.991397350503377,-0.109554218908893,0.103165958047857
158.275,10.1386345271531,0.104779284613872,0.0283508790395744,1,-0.071618199741037,-0.991397350503377,-0.109554218908893,0.103165958047857
158.325,10.1437928250555,0.104779284613872,0.0283508790395744,1,-0.071618199741037,-0.991397350503377,-0.109554218908893,0.103165958047857
158.375,10.1489511229579,0.104779284613872,0.0283508790395744,1,-0.071618199741037,-0.991397350503377,-0.109554218908893,0.103165958047857
158.425,10.1541094208603,0.104779284613872,0.0283508790395744,1,-0.071618199741037,-0.991397350503377,-0.109554218908893,0.103165958047857
158.475,10.1592677187627,0.104779284613872,0.0283508790395744,1,-0.071618199741037,-0.991397350503377,-0.109554218908893,0.103165958047857
158.525,10.1644260166651,0.104779284613872,0.0283508790395744,1,-0.071618199741037,-0.991397350503377,-0.109554218908893,0.103165958047857
158.575,10.1695843145675,0.104779284613872,0.0283508790395744,1,-0.071618199741037,-0.991397350503377,-0.109554218908893,0.103165958047857
158.625,10.1747426124699,0.104779284613872,0.0283508790395744,1,-0.071618199741037,-0.991397350503377,-0.109554218908893,0.103165958047857
158.675,10.1799009103723,0.104779284613872,0.0283508790395744,1,-0.071618199741037,-0.991397350503377,-0.109554218908893,0.103165958047857
158.725,10.1850592082747,0.104779284613872,0.0283508790395744,1,-0.071618199741037,-0.991397350503377,-0.109554218908893,0.103165958047857
158.775,10.1902175061771,0.104779284613872,0.0283508790395744,1,-0.071618199741037,-0.991397350503377,-0.109554218908893,0.103165958047857
158.825,10.1953758040794,0.104779284613872,0.0283508790395744,1,-0.071618199741037,-0.991397350503377,-0.109554218908893,0.103165958047857
158.875,10.2005341019818,0.104779284613872,0.0283508790395744,1,-0.071618199741037,-0.991397350503377,-0.109554218908893,0.103165958047857
158.925,10.2056923998842,0.104779284613872,0.0283508790395744,1,-0.071618199741037,-0.991397350503377,-0.109554218908893,0.103165958047857
158.975,10.2108506977866,0.104779284613872,0.0283508790395744,1,-0.071618199741037,-0.991397350503377,-0.109554218908893,0.103165958047857
159.025,10.216008995689,0.104779284613872,0.0283508790395744,1,-0.071618199741037,-0.991397350503377,-0.109554218908893,0.103165958047857
159.075,10.2211672935914,0.104779284613872,0.0283508790395744,1,-0.071618199741037,-0.991397350503377,-0.109554218908893,0.103165958047857
159.125,10.2263255914938,0.104779284613872,0.0283508790395744,1,-0.071618199741037,-0.991397350503377,-0.109554218908893,0.103165958047857
159.175,10.2314838893962,0.104779284613872,0.0283508790395744,1,-0.071618199741037,-0.991397350503377,-0.109554218908893,0.103165958047857
159.225,10.2366421872986,0.104779284613872,0.0283508790395744,1,-0.071618199741037,-0.991397350503377,-0.109554218908893,0.103165958047857
159.275,10.241800485201,0.104779284613872,0.0283508790395744,1,-0.071618199741037,-0.991397350503377,-0.109554218908893,0.103165958047857
159.325,10.2469587831034,0.104779284613872,0.0283508790395744,1,-0.071618199741037,-0.991397350503377,-0.109554218908893,0.103165958047857
159.375,10.2521170810058,0.104779284613872,0.0283508790395744,1,-0.071618199741037,-0.991397350503377,-0.109554218908893,0.103165958047857
159.425,10.2572753789082,0.104779284613872,0.0283508790395744,1,-0.071618199741037,-0.991397350503377,-0.109554218908893,0.103165958047857
159.475,10.2624336768106,0.104779284613872,0.0283508790395744,1,-0.071618199741037,-0.991397350503377,-0.109554218908893,0.103165958047857
159.525,10.2675919747129,0.104779284613872,0.0283508790395744,1,-0.071618199741037,-0.991397350503377,-0.109554218908893,0.103165958047857
159.575,10.2727502726153,0.104779284613872,0.0283508790395744,1,-0.071618199741037,-0.991397350503377,-0.109554218908893,0.103165958047857
159.625,10.2779085705177,0.104779284613872,0.0283508790395744,1,-0.071618199741037,-0.991397350503377,-0.109554218908893,0.103165958047857
159.675,10.2830668684201,0.104779284613872,0.0283508790395744,1,-0.071618199741037,-0.991397350503377,-0.109554218908893,0.103165958047857
159.725,10.2882251663225,0.104779284613872,0.0283508790395744,1,-0.071618199741037,-0.991397350503377,-0.109554218908893,0.103165958047857
159.775,10.2933834642249,0.104779284613872,0.0283508790395744,1,-0.071618199741037,-0.991397350503377,-0.109554218908893,0.103165958047857
159.825,10.2985417621273,0.104779284613872,0.0283508790395744,1,-0.071618199741037,-0.991397350503377,-0.109554218908893,0.103165958047857
159.875,10.3037000600297,0.104779284613872,0.0283508790395744,1,-0.071618199741037,-0.991397350503377,-0.109554218908893,0.103165958047857
159.925,10.3088583579321,0.104779284613872,0.0283508790395744,1,-0.071618199741037,-0.991397350503377,-0.109554218908893,0.103165958047857
159.975,10.3140166558345,0.104779284613872,0.0283508790395744,1,-0.071618199741037,-0.991397350503377,-0.109554218908893,0.103165958047857
160.025,10.3191749537369,0.104779284613872,0.0283508790395744,1,-0.071618199741037,-0.991397350503377,-0.109554218908893,0.103165958047857
160.075,10.3243332516393,0.104779284613872,0.0283508790395744,1,-0.071618199741037,-0.991397350503377,-0.109554218908893,0.103165958047857
160.125,10.3294915495417,0.104779284613872,0.0283508790395744,1,-0.071618199741037,-0.991397350503377,-0.109554218908893,0.103165958047857
160.175,10.3346498474441,0.104779284613872,0.0283508790395744,1,-0.071618199741037,-0.991397350503377,-0.109554218908893,0.103165958047857
160.225,10.3398081453464,0.104779284613872,0.0283508790395744,1,-0.071618199741037,-0.991397350503377,-0.109554218908893,0.103165958047857
160.275,10.3449664432488,0.104779284613872,0.0283508790395744,1,-0.071618199741037,-0.991397350503377,-0.109554218908893,0.103165958047857
160.325,10.3501247411512,0.104779284613872,0.0283508790395744,1,-0.071618199741037,-0.991397350503377,-0.109554218908893,0.103165958047857
160.375,10.3552830390536,0.104779284613872,0.0283508790395744,1,-0.071618199741037,-0.991397350503377,-0.109554218908893,0.103165958047857
160.425,10.360441336956,0.104779284613872,0.0283508790395744,1,-0.071618199741037,-0.991397350503377,-0.109554218908893,0.103165958047857
160.475,10.3655996348584,0.104779284613872,0.0283508790395744,1,-0.071618199741037,-0.991397350503377,-0.109554218908893,0.103165958047857
160.525,10.3707579327608,0.104779284613872,0.0283508790395744,1,-0.071618199741037,-0.991397350503377,-0.109554218908893,0.103165958047857
160.575,10.3759162306632,0.104779284613872,0.0283508790395744,1,-0.071618199741037,-0.991397350503377,-0.109554218908893,0.103165958047857
160.625,10.3810745285656,0.104779284613872,0.0283508790395744,1,-0.071618199741037,-0.991397350503377,-0.109554218908893,0.103165958047857
160.675,10.386232826468,0.104779284613872,0.0283508790395744,1,-0.071618199741037,-0.991397350503377,-0.109554218908893,0.103165958047857
160.725,10.3913911243704,0.104779284613872,0.0283508790395744,1,-0.071618199741037,-0.991397350503377,-0.109554218908893,0.103165958047857
160.775,10.3965494222728,0.104779284613872,0.0283508790395744,1,-0.071618199741037,-0.991397350503377,-0.109554218908893,0.103165958047857
160.825,10.4017077201752,0.104779284613872,0.0283508790395744,1,-0.071618199741037,-0.991397350503377,-0.109554218908893,0.103165958047857
160.875,10.4068660180776,0.104779284613872,0.0283508790395744,1,-0.071618199741037,-0.991397350503377,-0.109554218908893,0.103165958047857
160.925,10.4120243159799,0.104779284613872,0.0283508790395744,1,-0.071618199741037,-0.991397350503377,-0.109554218908893,0.103165958047857
160.975,10.4171826138823,0.104779284613872,0.0283508790395744,1,-0.071618199741037,-0.991397350503377,-0.109554218908893,0.103165958047857
161.025,10.4223409117847,0.104779284613872,0.0283508790395744,1,-0.071618199741037,-0.991397350503377,-0.109554218908893,0.103165958047857
161.075,10.4274992096871,0.104779284613872,0.0283508790395744,1,-0.071618199741037,-0.991397350503377,-0.109554218908893,0.103165958047857
161.125,10.4326575075895,0.104779284613872,0.0283508790395744,1,-0.071618199741037,-0.991397350503377,-0.109554218908893,0.103165958047857
161.175,10.4378158054919,0.104779284613872,0.0283508790395744,1,-0.071618199741037,-0.991397350503377,-0.109554218908893,0.103165958047857
161.225,10.4429741033943,0.104779284613872,0.0283508790395744,1,-0.071618199741037,-0.991397350503377,-0.109554218908893,0.103165958047857
161.275,10.4481324012967,0.104779284613872,0.0283508790395744,1,-0.071618199741037,-0.991397350503377,-0.109554218908893,0.103165958047857
161.325,10.4532906991991,0.104779284613872,0.0283508790395744,1,-0.071618199741037,-0.991397350503377,-0.109554218908893,0.103165958047857
161.375,10.4584489971015,0.104779284613872,0.0283508790395744,1,-0.071618199741037,-0.991397350503377,-0.109554218908893,0.103165958047857
161.425,10.4636072950039,0.104779284613872,0.0283508790395744,1,-0.071618199741037,-0.991397350503377,-0.109554218908893,0.103165958047857
161.475,10.4687655929063,0.104779284613872,0.0283508790395744,1,-0.071618199741037,-0.991397350503377,-0.109554218908893,0.103165958047857
161.525,10.4739238908087,0.104779284613872,0.0283508790395744,1,-0.071618199741037,-0.991397350503377,-0.109554218908893,0.103165958047857
161.575,10.4790821887111,0.104779284613872,0.0283508790395744,1,-0.071618199741037,-0.991397350503377,-0.109554218908893,0.103165958047857
161.625,10.4842404866134,0.104779284613872,0.0283508790395744,1,-0.071618199741037,-0.991397350503377,-0.109554218908893,0.103165958047857
161.675,10.4893987845158,0.104779284613872,0.0283508790395744,1,-0.071618199741037,-0.991397350503377,-0.109554218908893,0.103165958047857
161.725,10.4945570824182,0.104779284613872,0.0283508790395744,1,-0.071618199741037,-0.991397350503377,-0.109554218908893,0.103165958047857
161.775,10.4997153803206,0.104779284613872,0.0283508790395744,1,-0.071618199741037,-0.991397350503377,-0.109554218908893,0.103165958047857
161.825,10.504873678223,0.104779284613872,0.0283508790395744,1,-0.071618199741037,-0.991397350503377,-0.109554218908893,0.103165958047857
161.875,10.5100319761254,0.104779284613872,0.0283508790395744,1,-0.071618199741037,-0.991397350503377,-0.109554218908893,0.103165958047857
161.925,10.5151902740278,0.104779284613872,0.0283508790395744,1,-0.071618199741037,-0.991397350503377,-0.109554218908893,0.103165958047857
161.975,10.5203485719302,0.104779284613872,0.0283508790395744,1,-0.071618199741037,-0.991397350503377,-0.109554218908893,0.103165958047857
162.025,10.5255068698326,0.104779284613872,0.0283508790395744,1,-0.071618199741037,-0.991397350503377,-0.109554218908893,0.103165958047857
162.075,10.530665167735,0.104779284613872,0.0283508790395744,1,-0.071618199741037,-0.991397350503377,-0.109554218908893,0.103165958047857
162.125,10.5358234656374,0.104779284613872,0.0283508790395744,1,-0.071618199741037,-0.991397350503377,-0.109554218908893,0.103165958047857
162.175,10.5409817635398,0.104779284613872,0.0283508790395744,1,-0.071618199741037,-0.991397350503377,-0.109554218908893,0.103165958047857
162.225,10.5461400614422,0.104779284613872,0.0283508790395744,1,-0.071618199741037,-0.991397350503377,-0.109554218908893,0.103165958047857
162.275,10.5512983593445,0.104779284613872,0.0283508790395744,1,-0.071618199741037,-0.991397350503377,-0.109554218908893,0.103165958047857
162.325,10.5564566572469,0.104779284613872,0.0283508790395744,1,-0.071618199741037,-0.991397350503377,-0.109554218908893,0.103165958047857
162.375,10.5616149551493,0.104779284613872,0.0283508790395744,1,-0.071618199741037,-0.991397350503377,-0.109554218908893,0.103165958047857
162.425,10.5667732530517,0.104779284613872,0.0283508790395744,1,-0.071618199741037,-0.991397350503377,-0.109554218908893,0.103165958047857
162.475,10.5719315509541,0.104779284613872,0.0283508790395744,1,-0.071618199741037,-0.991397350503377,-0.109554218908893,0.103165958047857
162.525,10.5770898488565,0.104779284613872,0.0283508790395744,1,-0.071618199741037,-0.991397350503377,-0.109554218908893,0.103165958047857
162.575,10.5822481467589,0.104779284613872,0.0283508790395744,1,-0.071618199741037,-0.991397350503377,-0.109554218908893,0.103165958047857
162.625,10.5874064446613,0.104779284613872,0.0283508790395744,1,-0.071618199741037,-0.991397350503377,-0.109554218908893,0.103165958047857
162.675,10.5925647425637,0.104779284613872,0.0283508790395744,1,-0.071618199741037,-0.991397350503377,-0.109554218908893,0.103165958047857
162.725,10.5977230404661,0.104779284613872,0.0283508790395744,1,-0.071618199741037,-0.991397350503377,-0.109554218908893,0.103165958047857
162.775,10.6028813383685,0.104779284613872,0.0283508790395744,1,-0.071618199741037,-0.991397350503377,-0.109554218908893,0.103165958047857
162.825,10.6080396362709,0.104779284613872,0.0283508790395744,1,-0.071618199741037,-0.991397350503377,-0.109554218908893,0.103165958047857
162.875,10.6131979341733,0.104779284613872,0.0283508790395744,1,-0.071618199741037,-0.991397350503377,-0.109554218908893,0.103165958047857
162.925,10.6183562320757,0.104779284613872,0.0283508790395744,1,-0.071618199741037,-0.991397350503377,-0.109554218908893,0.103165958047857
162.975,10.6235145299781,0.104779284613872,0.0283508790395744,1,-0.071618199741037,-0.991397350503377,-0.109554218908893,0.103165958047857
163.025,10.6286728278804,0.104779284613872,0.0283508790395744,1,-0.071618199741037,-0.991397350503377,-0.109554218908893,0.103165958047857
163.075,10.6338311257828,0.104779284613872,0.0283508790395744,1,-0.071618199741037,-0.991397350503377,-0.109554218908893,0.103165958047857
163.125,10.6389894236852,0.104779284613872,0.0283508790395744,1,-0.071618199741037,-0.991397350503377,-0.109554218908893,0.103165958047857
163.175,10.6441477215876,0.104779284613872,0.0283508790395744,1,-0.071618199741037,-0.991397350503377,-0.109554218908893,0.103165958047857
163.225,10.64930601949,0.104779284613872,0.0283508790395744,1,-0.071618199741037,-0.991397350503377,-0.109554218908893,0.103165958047857
163.275,10.6544643173924,0.104779284613872,0.0283508790395744,1,-0.071618199741037,-0.991397350503377,-0.109554218908893,0.103165958047857
163.325,10.6596226152948,0.104779284613872,0.0283508790395744,1,-0.071618199741037,-0.991397350503377,-0.109554218908893,0.103165958047857
163.375,10.6647809131972,0.104779284613872,0.0283508790395744,1,-0.071618199741037,-0.991397350503377,-0.109554218908893,0.103165958047857
163.425,10.6699392110996,0.104779284613872,0.0283508790395744,1,-0.071618199741037,-0.991397350503377,-0.109554218908893,0.103165958047857
163.475,10.675097509002,0.104779284613872,0.0283508790395744,1,-0.071618199741037,-0.991397350503377,-0.109554218908893,0.103165958047857
163.525,10.6802558069044,0.104779284613872,0.0283508790395744,1,-0.071618199741037,-0.991397350503377,-0.109554218908893,0.103165958047857
163.575,10.6854141048068,0.104779284613872,0.0283508790395744,1,-0.071618199741037,-0.991397350503377,-0.109554218908893,0.103165958047857
163.625,10.6905724027092,0.104779284613872,0.0283508790395744,1,-0.071618199741037,-0.991397350503377,-0.109554218908893,0.103165958047857
163.675,10.6957307006116,0.104779284613872,0.0283508790395744,1,-0.071618199741037,-0.991397350503377,-0.109554218908893,0.103165958047857
163.725,10.7008889985139,0.104779284613872,0.0283508790395744,1,-0.071618199741037,-0.991397350503377,-0.109554218908893,0.103165958047857
163.775,10.7060472964163,0.104779284613872,0.0283508790395744,1,-0.071618199741037,-0.991397350503377,-0.109554218908893,0.103165958047857
163.825,10.7112055943187,0.104779284613872,0.0283508790395744,1,-0.071618199741037,-0.991397350503377,-0.109554218908893,0.103165958047857
163.875,10.7163638922211,0.104779284613872,0.0283508790395744,1,-0.071618199741037,-0.991397350503377,-0.109554218908893,0.103165958047857
163.925,10.7215221901235,0.104779284613872,0.0283508790395744,1,-0.071618199741037,-0.991397350503377,-0.109554218908893,0.103165958047857
163.975,10.7266804880259,0.104779284613872,0.0283508790395744,1,-0.071618199741037,-0.991397350503377,-0.109554218908893,0.103165958047857
164.025,10.7318387859283,0.104779284613872,0.0283508790395744,1,-0.071618199741037,-0.991397350503377,-0.109554218908893,0.103165958047857
164.075,10.7369970838307,0.104779284613872,0.0283508790395744,1,-0.071618199741037,-0.991397350503377,-0.109554218908893,0.103165958047857
164.125,10.7421553817331,0.104779284613872,0.0283508790395744,1,-0.071618199741037,-0.991397350503377,-0.109554218908893,0.103165958047857
164.175,10.7473136796355,0.104779284613872,0.0283508790395744,1,-0.071618199741037,-0.991397350503377,-0.109554218908893,0.103165958047857
164.225,10.7524719775379,0.104779284613872,0.0283508790395744,1,-0.071618199741037,-0.991397350503377,-0.109554218908893,0.103165958047857
164.275,10.7576302754403,0.104779284613872,0.0283508790395744,1,-0.071618199741037,-0.991397350503377,-0.109554218908893,0.103165958047857
164.325,10.7627885733427,0.104779284613872,0.0283508790395744,1,-0.071618199741037,-0.991397350503377,-0.109554218908893,0.103165958047857
164.375,10.7679468712451,0.104779284613872,0.0283508790395744,1,-0.071618199741037,-0.991397350503377,-0.109554218908893,0.103165958047857
164.425,10.7731051691474,0.104779284613872,0.0283508790395744,1,-0.071618199741037,-0.991397350503377,-0.109554218908893,0.103165958047857
164.475,10.7782634670498,0.104779284613872,0.0283508790395744,1,-0.071618199741037,-0.991397350503377,-0.109554218908893,0.103165958047857
164.525,10.7834217649522,0.104779284613872,0.0283508790395744,1,-0.071618199741037,-0.991397350503377,-0.109554218908893,0.103165958047857
164.575,10.7885800628546,0.104779284613872,0.0283508790395744,1,-0.071618199741037,-0.991397350503377,-0.109554218908893,0.103165958047857
164.625,10.793738360757,0.104779284613872,0.0283508790395744,1,-0.071618199741037,-0.991397350503377,-0.109554218908893,0.103165958047857
164.675,10.7988966586594,0.104779284613872,0.0283508790395744,1,-0.071618199741037,-0.991397350503377,-0.109554218908893,0.103165958047857
164.725,10.8040549565618,0.104779284613872,0.0283508790395744,1,-0.071618199741037,-0.991397350503377,-0.109554218908893,0.103165958047857
164.775,10.8092132544642,0.104779284613872,0.0283508790395744,1,-0.071618199741037,-0.991397350503377,-0.109554218908893,0.103165958047857
164.825,10.8143715523666,0.104779284613872,0.0283508790395744,1,-0.071618199741037,-0.991397350503377,-0.109554218908893,0.103165958047857
164.875,10.819529850269,0.104779284613872,0.0283508790395744,1,-0.071618199741037,-0.991397350503377,-0.109554218908893,0.103165958047857
164.925,10.8246881481714,0.104779284613872,0.0283508790395744,1,-0.071618199741037,-0.991397350503377,-0.109554218908893,0.103165958047857
164.975,10.8298464460738,0.104779284613872,0.0283508790395744,1,-0.071618199741037,-0.991397350503377,-0.109554218908893,0.103165958047857
165.025,10.8350047439762,0.104779284613872,0.0283508790395744,1,-0.071618199741037,-0.991397350503377,-0.109554218908893,0.103165958047857
165.075,10.8401630418785,0.104779284613872,0.0283508790395744,1,-0.071618199741037,-0.991397350503377,-0.109554218908893,0.103165958047857
165.125,10.8453213397809,0.104779284613872,0.0283508790395744,1,-0.071618199741037,-0.991397350503377,-0.109554218908893,0.103165958047857
165.175,10.8504796376833,0.104779284613872,0.0283508790395744,1,-0.071618199741037,-0.991397350503377,-0.109554218908893,0.103165958047857
165.225,10.8556379355857,0.104779284613872,0.0283508790395744,1,-0.071618199741037,-0.991397350503377,-0.109554218908893,0.103165958047857
165.275,10.8607962334881,0.104779284613872,0.0283508790395744,1,-0.071618199741037,-0.991397350503377,-0.109554218908893,0.103165958047857
165.325,10.8659545313905,0.104779284613872,0.0283508790395744,1,-0.071618199741037,-0.991397350503377,-0.109554218908893,0.103165958047857
165.375,10.8711128292929,0.104779284613872,0.0283508790395744,1,-0.071618199741037,-0.991397350503377,-0.109554218908893,0.103165958047857
165.425,10.8762711271953,0.104779284613872,0.0283508790395744,1,-0.071618199741037,-0.991397350503377,-0.109554218908893,0.103165958047857
165.475,10.8814294250977,0.104779284613872,0.0283508790395744,1,-0.071618199741037,-0.991397350503377,-0.109554218908893,0.103165958047857
165.525,10.8865877230001,0.104779284613872,0.0283508790395744,1,-0.071618199741037,-0.991397350503377,-0.109554218908893,0.103165958047857
165.575,10.8917460209025,0.104779284613872,0.0283508790395744,1,-0.071618199741037,-0.991397350503377,-0.109554218908893,0.103165958047857
165.625,10.8969043188049,0.104779284613872,0.0283508790395744,1,-0.071618199741037,-0.991397350503377,-0.109554218908893,0.103165958047857
165.675,10.9020626167073,0.104779284613872,0.0283508790395744,1,-0.071618199741037,-0.991397350503377,-0.109554218908893,0.103165958047857
165.725,10.9072209146097,0.104779284613872,0.0283508790395744,1,-0.071618199741037,-0.991397350503377,-0.109554218908893,0.103165958047857
165.775,10.912379212512,0.104779284613872,0.0283508790395744,1,-0.071618199741037,-0.991397350503377,-0.109554218908893,0.103165958047857
165.825,10.9175375104144,0.104779284613872,0.0283508790395744,1,-0.071618199741037,-0.991397350503377,-0.109554218908893,0.103165958047857
165.875,10.9226958083168,0.104779284613872,0.0283508790395744,1,-0.071618199741037,-0.991397350503377,-0.109554218908893,0.103165958047857
165.925,10.9278541062192,0.104779284613872,0.0283508790395744,1,-0.071618199741037,-0.991397350503377,-0.109554218908893,0.103165958047857
165.975,10.9330124041216,0.104779284613872,0.0283508790395744,1,-0.071618199741037,-0.991397350503377,-0.109554218908893,0.103165958047857
166.025,10.938170702024,0.104779284613872,0.0283508790395744,1,-0.071618199741037,-0.991397350503377,-0.109554218908893,0.103165958047857
166.075,10.9433289999264,0.104779284613872,0.0283508790395744,1,-0.071618199741037,-0.991397350503377,-0.109554218908893,0.103165958047857
166.125,10.9484872978288,0.104779284613872,0.0283508790395744,1,-0.071618199741037,-0.991397350503377,-0.109554218908893,0.103165958047857
166.175,10.9536455957312,0.104779284613872,0.0283508790395744,1,-0.071618199741037,-0.991397350503377,-0.109554218908893,0.103165958047857
166.225,10.9588038936336,0.104779284613872,0.0283508790395744,1,-0.071618199741037,-0.991397350503377,-0.109554218908893,0.103165958047857
166.275,10.963962191536,0.104779284613872,0.0283508790395744,1,-0.071618199741037,-0.991397350503377,-0.109554218908893,0.103165958047857
166.325,10.9691204894384,0.104779284613872,0.0283508790395744,1,-0.071618199741037,-0.991397350503377,-0.109554218908893,0.103165958047857
166.375,10.9742787873408,0.104779284613872,0.0283508790395744,1,-0.071618199741037,-0.991397350503377,-0.109554218908893,0.103165958047857
166.425,10.9794370852432,0.104779284613872,0.0283508790395744,1,-0.071618199741037,-0.991397350503377,-0.109554218908893,0.103165958047857
166.475,10.9845953831455,0.104779284613872,0.0283508790395744,1,-0.071618199741037,-0.991397350503377,-0.109554218908893,0.103165958047857
166.525,10.9897536810479,0.104779284613872,0.0283508790395744,1,-0.071618199741037,-0.991397350503377,-0.109554218908893,0.103165958047857
166.575,10.9949119789503,0.104779284613872,0.0283508790395744,1,-0.071618199741037,-0.991397350503377,-0.109554218908893,0.103165958047857
166.625,11.0000702768527,0.104779284613872,0.0283508790395744,1,-0.071618199741037,-0.991397350503377,-0.109554218908893,0.103165958047857
166.675,11.0052285747551,0.104779284613872,0.0283508790395744,1,-0.071618199741037,-0.991397350503377,-0.109554218908893,0.103165958047857
166.725,11.0103868726575,0.104779284613872,0.0283508790395744,1,-0.071618199741037,-0.991397350503377,-0.109554218908893,0.103165958047857
166.775,11.0155451705599,0.104779284613872,0.0283508790395744,1,-0.071618199741037,-0.991397350503377,-0.109554218908893,0.103165958047857
166.825,11.0207034684623,0.104779284613872,0.0283508790395744,1,-0.071618199741037,-0.991397350503377,-0.109554218908893,0.103165958047857
166.875,11.0258617663647,0.104779284613872,0.0283508790395744,1,-0.071618199741037,-0.991397350503377,-0.109554218908893,0.103165958047857
166.925,11.0310200642671,0.104779284613872,0.0283508790395744,1,-0.071618199741037,-0.991397350503377,-0.109554218908893,0.103165958047857
166.975,11.0361783621695,0.104779284613872,0.0283508790395744,1,-0.071618199741037,-0.991397350503377,-0.109554218908893,0.103165958047857
167.025,11.0413366600719,0.104779284613872,0.0283508790395744,1,-0.071618199741037,-0.991397350503377,-0.109554218908893,0.103165958047857
167.075,11.0464949579743,0.104779284613872,0.0283508790395744,1,-0.071618199741037,-0.991397350503377,-0.109554218908893,0.103165958047857
167.125,11.0516532558767,0.104779284613872,0.0283508790395744,1,-0.071618199741037,-0.991397350503377,-0.109554218908893,0.103165958047857
167.175,11.056811553779,0.104779284613872,0.0283508790395744,1,-0.071618199741037,-0.991397350503377,-0.109554218908893,0.103165958047857
167.225,11.0619698516814,0.104779284613872,0.0283508790395744,1,-0.071618199741037,-0.991397350503377,-0.109554218908893,0.103165958047857
167.275,11.0671281495838,0.104779284613872,0.0283508790395744,1,-0.071618199741037,-0.991397350503377,-0.109554218908893,0.103165958047857
167.325,11.0722864474862,0.104779284613872,0.0283508790395744,1,-0.071618199741037,-0.991397350503377,-0.109554218908893,0.103165958047857
167.375,11.0774447453886,0.104779284613872,0.0283508790395744,1,-0.071618199741037,-0.991397350503377,-0.109554218908893,0.103165958047857
167.425,11.082603043291,0.104779284613872,0.0283508790395744,1,-0.071618199741037,-0.991397350503377,-0.109554218908893,0.103165958047857
167.475,11.0877613411934,0.104779284613872,0.0283508790395744,1,-0.071618199741037,-0.991397350503377,-0.109554218908893,0.103165958047857
167.525,11.0929196390958,0.104779284613872,0.0283508790395744,1,-0.071618199741037,-0.991397350503377,-0.109554218908893,0.103165958047857
167.575,11.0980779369982,0.104779284613872,0.0283508790395744,1,-0.071618199741037,-0.991397350503377,-0.109554218908893,0.103165958047857
167.625,11.1032362349006,0.104779284613872,0.0283508790395744,1,-0.071618199741037,-0.991397350503377,-0.109554218908893,0.103165958047857
167.675,11.108394532803,0.104779284613872,0.0283508790395744,1,-0.071618199741037,-0.991397350503377,-0.109554218908893,0.103165958047857
167.725,11.1135528307054,0.104779284613872,0.0283508790395744,1,-0.071618199741037,-0.991397350503377,-0.109554218908893,0.103165958047857
167.775,11.1187111286078,0.104779284613872,0.0283508790395744,1,-0.071618199741037,-0.991397350503377,-0.109554218908893,0.103165958047857
167.825,11.1238694265102,0.104779284613872,0.0283508790395744,1,-0.071618199741037,-0.991397350503377,-0.109554218908893,0.103165958047857
167.875,11.1290277244126,0.104779284613872,0.0283508790395744,1,-0.071618199741037,-0.991397350503377,-0.109554218908893,0.103165958047857
167.925,11.1341860223149,0.104779284613872,0.0283508790395744,1,-0.071618199741037,-0.991397350503377,-0.109554218908893,0.103165958047857
167.975,11.1393443202173,0.104779284613872,0.0283508790395744,1,-0.071618199741037,-0.991397350503377,-0.109554218908893,0.103165958047857
168.025,11.1445026181197,0.104779284613872,0.0283508790395744,1,-0.071618199741037,-0.991397350503377,-0.109554218908893,0.103165958047857
168.075,11.1496609160221,0.104779284613872,0.0283508790395744,1,-0.071618199741037,-0.991397350503377,-0.109554218908893,0.103165958047857
168.125,11.1548192139245,0.104779284613872,0.0283508790395744,1,-0.071618199741037,-0.991397350503377,-0.109554218908893,0.103165958047857
168.175,11.1599775118269,0.104779284613872,0.0283508790395744,1,-0.071618199741037,-0.991397350503377,-0.109554218908893,0.103165958047857
168.225,11.1651358097293,0.104779284613872,0.0283508790395744,1,-0.071618199741037,-0.991397350503377,-0.109554218908893,0.103165958047857
168.275,11.1702941076317,0.104779284613872,0.0283508790395744,1,-0.071618199741037,-0.991397350503377,-0.109554218908893,0.103165958047857
168.325,11.1754524055341,0.104779284613872,0.0283508790395744,1,-0.071618199741037,-0.991397350503377,-0.109554218908893,0.103165958047857
168.375,11.1806107034365,0.104779284613872,0.0283508790395744,1,-0.071618199741037,-0.991397350503377,-0.109554218908893,0.103165958047857
168.425,11.1857690013389,0.104779284613872,0.0283508790395744,1,-0.071618199741037,-0.991397350503377,-0.109554218908893,0.103165958047857
168.475,11.1909272992413,0.104779284613872,0.0283508790395744,1,-0.071618199741037,-0.991397350503377,-0.109554218908893,0.103165958047857
168.525,11.1960855971437,0.104779284613872,0.0283508790395744,1,-0.071618199741037,-0.991397350503377,-0.109554218908893,0.103165958047857
168.575,11.201243895046,0.104779284613872,0.0283508790395744,1,-0.071618199741037,-0.991397350503377,-0.109554218908893,0.103165958047857
168.625,11.2064021929484,0.104779284613872,0.0283508790395744,1,-0.071618199741037,-0.991397350503377,-0.109554218908893,0.103165958047857
168.675,11.2115604908508,0.104779284613872,0.0283508790395744,1,-0.071618199741037,-0.991397350503377,-0.109554218908893,0.103165958047857
168.725,11.2167187887532,0.104779284613872,0.0283508790395744,1,-0.071618199741037,-0.991397350503377,-0.109554218908893,0.103165958047857
168.775,11.2218770866556,0.104779284613872,0.0283508790395744,1,-0.071618199741037,-0.991397350503377,-0.109554218908893,0.103165958047857
168.825,11.227035384558,0.104779284613872,0.0283508790395744,1,-0.071618199741037,-0.991397350503377,-0.109554218908893,0.103165958047857
168.875,11.2321936824604,0.104779284613872,0.0283508790395744,1,-0.071618199741037,-0.991397350503377,-0.109554218908893,0.103165958047857
168.925,11.2373519803628,0.104779284613872,0.0283508790395744,1,-0.071618199741037,-0.991397350503377,-0.109554218908893,0.103165958047857
168.975,11.2425102782652,0.104779284613872,0.0283508790395744,1,-0.071618199741037,-0.991397350503377,-0.109554218908893,0.103165958047857
169.025,11.2476685761676,0.104779284613872,0.0283508790395744,1,-0.071618199741037,-0.991397350503377,-0.109554218908893,0.103165958047857
169.075,11.25282687407,0.104779284613872,0.0283508790395744,1,-0.071618199741037,-0.991397350503377,-0.109554218908893,0.103165958047857
169.125,11.2579851719724,0.104779284613872,0.0283508790395744,1,-0.071618199741037,-0.991397350503377,-0.109554218908893,0.103165958047857
169.175,11.2631434698748,0.104779284613872,0.0283508790395744,1,-0.071618199741037,-0.991397350503377,-0.109554218908893,0.103165958047857
169.225,11.2683017677772,0.104779284613872,0.0283508790395744,1,-0.071618199741037,-0.991397350503377,-0.109554218908893,0.103165958047857
169.275,11.2734600656795,0.104779284613872,0.0283508790395744,1,-0.071618199741037,-0.991397350503377,-0.109554218908893,0.103165958047857
169.325,11.2786183635819,0.104779284613872,0.0283508790395744,1,-0.071618199741037,-0.991397350503377,-0.109554218908893,0.103165958047857
169.375,11.2837766614843,0.104779284613872,0.0283508790395744,1,-0.071618199741037,-0.991397350503377,-0.109554218908893,0.103165958047857
169.425,11.2889349593867,0.104779284613872,0.0283508790395744,1,-0.071618199741037,-0.991397350503377,-0.109554218908893,0.103165958047857
169.475,11.2940932572891,0.104779284613872,0.0283508790395744,1,-0.071618199741037,-0.991397350503377,-0.109554218908893,0.103165958047857
169.525,11.2992515551915,0.104779284613872,0.0283508790395744,1,-0.071618199741037,-0.991397350503377,-0.109554218908893,0.103165958047857
169.575,11.3044098530939,0.104779284613872,0.0283508790395744,1,-0.071618199741037,-0.991397350503377,-0.109554218908893,0.103165958047857
169.625,11.3095681509963,0.104779284613872,0.0283508790395744,1,-0.071618199741037,-0.991397350503377,-0.109554218908893,0.103165958047857
169.675,11.3147264488987,0.104779284613872,0.0283508790395744,1,-0.071618199741037,-0.991397350503377,-0.109554218908893,0.103165958047857
169.725,11.3198847468011,0.104779284613872,0.0283508790395744,1,-0.071618199741037,-0.991397350503377,-0.109554218908893,0.103165958047857
169.775,11.3250430447035,0.104779284613872,0.0283508790395744,1,-0.071618199741037,-0.991397350503377,-0.109554218908893,0.103165958047857
169.825,11.3302013426059,0.104779284613872,0.0283508790395744,1,-0.071618199741037,-0.991397350503377,-0.109554218908893,0.103165958047857
169.875,11.3353596405083,0.104779284613872,0.0283508790395744,1,-0.071618199741037,-0.991397350503377,-0.109554218908893,0.103165958047857
169.925,11.3405179384107,0.104779284613872,0.0283508790395744,1,-0.071618199741037,-0.991397350503377,-0.109554218908893,0.103165958047857
169.975,11.345676236313,0.104779284613872,0.0283508790395744,1,-0.071618199741037,-0.991397350503377,-0.109554218908893,0.103165958047857
170.025,11.3508345342154,0.104779284613872,0.0283508790395744,1,-0.071618199741037,-0.991397350503377,-0.109554218908893,0.103165958047857
170.075,11.3559928321178,0.104779284613872,0.0283508790395744,1,-0.071618199741037,-0.991397350503377,-0.109554218908893,0.103165958047857
170.125,11.3611511300202,0.104779284613872,0.0283508790395744,1,-0.071618199741037,-0.991397350503377,-0.109554218908893,0.103165958047857
170.175,11.3663094279226,0.104779284613872,0.0283508790395744,1,-0.071618199741037,-0.991397350503377,-0.109554218908893,0.103165958047857
170.225,11.371467725825,0.104779284613872,0.0283508790395744,1,-0.071618199741037,-0.991397350503377,-0.109554218908893,0.103165958047857
170.275,11.3766260237274,0.104779284613872,0.0283508790395744,1,-0.071618199741037,-0.991397350503377,-0.109554218908893,0.103165958047857
170.325,11.3817843216298,0.104779284613872,0.0283508790395744,1,-0.071618199741037,-0.991397350503377,-0.109554218908893,0.103165958047857
170.375,11.3869426195322,0.104779284613872,0.0283508790395744,1,-0.071618199741037,-0.991397350503377,-0.109554218908893,0.103165958047857
170.425,11.3921009174346,0.104779284613872,0.0283508790395744,1,-0.071618199741037,-0.991397350503377,-0.109554218908893,0.103165958047857
170.475,11.397259215337,0.104779284613872,0.0283508790395744,1,-0.071618199741037,-0.991397350503377,-0.109554218908893,0.103165958047857
170.525,11.4024175132394,0.104779284613872,0.0283508790395744,1,-0.071618199741037,-0.991397350503377,-0.109554218908893,0.103165958047857
170.575,11.4075758111418,0.104779284613872,0.0283508790395744,1,-0.071618199741037,-0.991397350503377,-0.109554218908893,0.103165958047857
170.625,11.4127341090442,0.104779284613872,0.0283508790395744,1,-0.071618199741037,-0.991397350503377,-0.109554218908893,0.103165958047857
170.675,11.4178924069465,0.104779284613872,0.0283508790395744,1,-0.071618199741037,-0.991397350503377,-0.109554218908893,0.103165958047857
170.725,11.4230507048489,0.104779284613872,0.0283508790395744,1,-0.071618199741037,-0.991397350503377,-0.109554218908893,0.103165958047857
170.775,11.4282090027513,0.104779284613872,0.0283508790395744,1,-0.071618199741037,-0.991397350503377,-0.109554218908893,0.103165958047857
170.825,11.4333673006537,0.104779284613872,0.0283508790395744,1,-0.071618199741037,-0.991397350503377,-0.109554218908893,0.103165958047857
170.875,11.4385255985561,0.104779284613872,0.0283508790395744,1,-0.071618199741037,-0.991397350503377,-0.109554218908893,0.103165958047857
170.925,11.4436838964585,0.104779284613872,0.0283508790395744,1,-0.071618199741037,-0.991397350503377,-0.109554218908893,0.103165958047857
170.975,11.4488421943609,0.104779284613872,0.0283508790395744,1,-0.071618199741037,-0.991397350503377,-0.109554218908893,0.103165958047857
171.025,11.4540004922633,0.104779284613872,0.0283508790395744,1,-0.071618199741037,-0.991397350503377,-0.109554218908893,0.103165958047857
171.075,11.4591587901657,0.104779284613872,0.0283508790395744,1,-0.071618199741037,-0.991397350503377,-0.109554218908893,0.103165958047857
171.125,11.4643170880681,0.104779284613872,0.0283508790395744,1,-0.071618199741037,-0.991397350503377,-0.109554218908893,0.103165958047857
171.175,11.4694753859705,0.104779284613872,0.0283508790395744,1,-0.071618199741037,-0.991397350503377,-0.109554218908893,0.103165958047857
171.225,11.4746336838729,0.104779284613872,0.0283508790395744,1,-0.071618199741037,-0.991397350503377,-0.109554218908893,0.103165958047857
171.275,11.4797919817753,0.104779284613872,0.0283508790395744,1,-0.071618199741037,-0.991397350503377,-0.109554218908893,0.103165958047857
171.325,11.4849502796777,0.104779284613872,0.0283508790395744,1,-0.071618199741037,-0.991397350503377,-0.109554218908893,0.103165958047857
171.375,11.49010857758,0.104779284613872,0.0283508790395744,1,-0.071618199741037,-0.991397350503377,-0.109554218908893,0.103165958047857
171.425,11.4952668754824,0.104779284613872,0.0283508790395744,1,-0.071618199741037,-0.991397350503377,-0.109554218908893,0.103165958047857
171.475,11.5004251733848,0.104779284613872,0.0283508790395744,1,-0.071618199741037,-0.991397350503377,-0.109554218908893,0.103165958047857
171.525,11.5055834712872,0.104779284613872,0.0283508790395744,1,-0.071618199741037,-0.991397350503377,-0.109554218908893,0.103165958047857
171.575,11.5107417691896,0.104779284613872,0.0283508790395744,1,-0.071618199741037,-0.991397350503377,-0.109554218908893,0.103165958047857
171.625,11.515900067092,0.104779284613872,0.0283508790395744,1,-0.071618199741037,-0.991397350503377,-0.109554218908893,0.103165958047857
171.675,11.5210583649944,0.104779284613872,0.0283508790395744,1,-0.071618199741037,-0.991397350503377,-0.109554218908893,0.103165958047857
171.725,11.5262166628968,0.104779284613872,0.0283508790395744,1,-0.071618199741037,-0.991397350503377,-0.109554218908893,0.103165958047857
171.775,11.5313749607992,0.104779284613872,0.0283508790395744,1,-0.071618199741037,-0.991397350503377,-0.109554218908893,0.103165958047857
171.825,11.5365332587016,0.104779284613872,0.0283508790395744,1,-0.071618199741037,-0.991397350503377,-0.109554218908893,0.103165958047857
171.875,11.541691556604,0.104779284613872,0.0283508790395744,1,-0.071618199741037,-0.991397350503377,-0.109554218908893,0.103165958047857
171.925,11.5468498545064,0.104779284613872,0.0283508790395744,1,-0.071618199741037,-0.991397350503377,-0.109554218908893,0.103165958047857
171.975,11.5520081524088,0.104779284613872,0.0283508790395744,1,-0.071618199741037,-0.991397350503377,-0.109554218908893,0.103165958047857
172.025,11.5571664503112,0.104779284613872,0.0283508790395744,1,-0.071618199741037,-0.991397350503377,-0.109554218908893,0.103165958047857
172.075,11.5623247482135,0.104779284613872,0.0283508790395744,1,-0.071618199741037,-0.991397350503377,-0.109554218908893,0.103165958047857
172.125,11.5674830461159,0.104779284613872,0.0283508790395744,1,-0.071618199741037,-0.991397350503377,-0.109554218908893,0.103165958047857
172.175,11.5726413440183,0.104779284613872,0.0283508790395744,1,-0.071618199741037,-0.991397350503377,-0.109554218908893,0.103165958047857
172.225,11.5777996419207,0.104779284613872,0.0283508790395744,1,-0.071618199741037,-0.991397350503377,-0.109554218908893,0.103165958047857
172.275,11.5829579398231,0.104779284613872,0.0283508790395744,1,-0.071618199741037,-0.991397350503377,-0.109554218908893,0.103165958047857
172.325,11.5881162377255,0.104779284613872,0.0283508790395744,1,-0.071618199741037,-0.991397350503377,-0.109554218908893,0.103165958047857
172.375,11.5932745356279,0.104779284613872,0.0283508790395744,1,-0.071618199741037,-0.991397350503377,-0.109554218908893,0.103165958047857
172.425,11.5984328335303,0.104779284613872,0.0283508790395744,1,-0.071618199741037,-0.991397350503377,-0.109554218908893,0.103165958047857
172.475,11.6035911314327,0.104779284613872,0.0283508790395744,1,-0.071618199741037,-0.991397350503377,-0.109554218908893,0.103165958047857
172.525,11.6087494293351,0.104779284613872,0.0283508790395744,1,-0.071618199741037,-0.991397350503377,-0.109554218908893,0.103165958047857
172.575,11.6139077272375,0.104779284613872,0.0283508790395744,1,-0.071618199741037,-0.991397350503377,-0.109554218908893,0.103165958047857
172.625,11.6190660251399,0.104779284613872,0.0283508790395744,1,-0.071618199741037,-0.991397350503377,-0.109554218908893,0.103165958047857
172.675,11.6242243230423,0.104779284613872,0.0283508790395744,1,-0.071618199741037,-0.991397350503377,-0.109554218908893,0.103165958047857
172.725,11.6293826209447,0.104779284613872,0.0283508790395744,1,-0.071618199741037,-0.991397350503377,-0.109554218908893,0.103165958047857
172.775,11.634540918847,0.104779284613872,0.0283508790395744,1,-0.071618199741037,-0.991397350503377,-0.109554218908893,0.103165958047857
172.825,11.6396992167494,0.104779284613872,0.0283508790395744,1,-0.071618199741037,-0.991397350503377,-0.109554218908893,0.103165958047857
172.875,11.6448575146518,0.104779284613872,0.0283508790395744,1,-0.071618199741037,-0.991397350503377,-0.109554218908893,0.103165958047857
172.925,11.6500158125542,0.104779284613872,0.0283508790395744,1,-0.071618199741037,-0.991397350503377,-0.109554218908893,0.103165958047857
172.975,11.6551741104566,0.104779284613872,0.0283508790395744,1,-0.071618199741037,-0.991397350503377,-0.109554218908893,0.103165958047857
173.025,11.660332408359,0.104779284613872,0.0283508790395744,1,-0.071618199741037,-0.991397350503377,-0.109554218908893,0.103165958047857
173.075,11.6654907062614,0.104779284613872,0.0283508790395744,1,-0.071618199741037,-0.991397350503377,-0.109554218908893,0.103165958047857
173.125,11.6706490041638,0.104779284613872,0.0283508790395744,1,-0.071618199741037,-0.991397350503377,-0.109554218908893,0.103165958047857
173.175,11.6758073020662,0.104779284613872,0.0283508790395744,1,-0.071618199741037,-0.991397350503377,-0.109554218908893,0.103165958047857
173.225,11.6809655999686,0.104779284613872,0.0283508790395744,1,-0.071618199741037,-0.991397350503377,-0.109554218908893,0.103165958047857
173.275,11.686123897871,0.104779284613872,0.0283508790395744,1,-0.071618199741037,-0.991397350503377,-0.109554218908893,0.103165958047857
173.325,11.6912821957734,0.104779284613872,0.0283508790395744,1,-0.071618199741037,-0.991397350503377,-0.109554218908893,0.103165958047857
173.375,11.6964404936758,0.104779284613872,0.0283508790395744,1,-0.071618199741037,-0.991397350503377,-0.109554218908893,0.103165958047857
173.425,11.7015987915782,0.104779284613872,0.0283508790395744,1,-0.071618199741037,-0.991397350503377,-0.109554218908893,0.103165958047857
173.475,11.7067570894805,0.104779284613872,0.0283508790395744,1,-0.071618199741037,-0.991397350503377,-0.109554218908893,0.103165958047857
173.525,11.7119153873829,0.104779284613872,0.0283508790395744,1,-0.071618199741037,-0.991397350503377,-0.109554218908893,0.103165958047857
173.575,11.7170736852853,0.104779284613872,0.0283508790395744,1,-0.071618199741037,-0.991397350503377,-0.109554218908893,0.103165958047857
173.625,11.7222319831877,0.104779284613872,0.0283508790395744,1,-0.071618199741037,-0.991397350503377,-0.109554218908893,0.103165958047857
173.675,11.7273902810901,0.104779284613872,0.0283508790395744,1,-0.071618199741037,-0.991397350503377,-0.109554218908893,0.103165958047857
173.725,11.7325485789925,0.104779284613872,0.0283508790395744,1,-0.071618199741037,-0.991397350503377,-0.109554218908893,0.103165958047857
173.775,11.7377068768949,0.104779284613872,0.0283508790395744,1,-0.071618199741037,-0.991397350503377,-0.109554218908893,0.103165958047857
173.825,11.7428651747973,0.104779284613872,0.0283508790395744,1,-0.071618199741037,-0.991397350503377,-0.109554218908893,0.103165958047857
173.875,11.7480234726997,0.104779284613872,0.0283508790395744,1,-0.071618199741037,-0.991397350503377,-0.109554218908893,0.103165958047857
173.925,11.7531817706021,0.104779284613872,0.0283508790395744,1,-0.071618199741037,-0.991397350503377,-0.109554218908893,0.103165958047857
173.975,11.7583400685045,0.104779284613872,0.0283508790395744,1,-0.071618199741037,-0.991397350503377,-0.109554218908893,0.103165958047857
174.025,11.7634983664069,0.104779284613872,0.0283508790395744,1,-0.071618199741037,-0.991397350503377,-0.109554218908893,0.103165958047857
174.075,11.7686566643093,0.104779284613872,0.0283508790395744,1,-0.071618199741037,-0.991397350503377,-0.109554218908893,0.103165958047857
174.125,11.7738149622117,0.104779284613872,0.0283508790395744,1,-0.071618199741037,-0.991397350503377,-0.109554218908893,0.103165958047857
174.175,11.778973260114,0.104779284613872,0.0283508790395744,1,-0.071618199741037,-0.991397350503377,-0.109554218908893,0.103165958047857
174.225,11.7841315580164,0.104779284613872,0.0283508790395744,1,-0.071618199741037,-0.991397350503377,-0.109554218908893,0.103165958047857
174.275,11.7892898559188,0.104779284613872,0.0283508790395744,1,-0.071618199741037,-0.991397350503377,-0.109554218908893,0.103165958047857
174.325,11.7944481538212,0.104779284613872,0.0283508790395744,1,-0.071618199741037,-0.991397350503377,-0.109554218908893,0.103165958047857
174.375,11.7996064517236,0.104779284613872,0.0283508790395744,1,-0.071618199741037,-0.991397350503377,-0.109554218908893,0.103165958047857
174.425,11.804764749626,0.104779284613872,0.0283508790395744,1,-0.071618199741037,-0.991397350503377,-0.109554218908893,0.103165958047857
174.475,11.8099230475284,0.104779284613872,0.0283508790395744,1,-0.071618199741037,-0.991397350503377,-0.109554218908893,0.103165958047857
174.525,11.8150813454308,0.104779284613872,0.0283508790395744,1,-0.071618199741037,-0.991397350503377,-0.109554218908893,0.103165958047857
174.575,11.8202396433332,0.104779284613872,0.0283508790395744,1,-0.071618199741037,-0.991397350503377,-0.109554218908893,0.103165958047857
174.625,11.8253979412356,0.104779284613872,0.0283508790395744,1,-0.071618199741037,-0.991397350503377,-0.109554218908893,0.103165958047857
174.675,11.830556239138,0.104779284613872,0.0283508790395744,1,-0.071618199741037,-0.991397350503377,-0.109554218908893,0.103165958047857
174.725,11.8357145370404,0.104779284613872,0.0283508790395744,1,-0.071618199741037,-0.991397350503377,-0.109554218908893,0.103165958047857
174.775,11.8408728349428,0.104779284613872,0.0283508790395744,1,-0.071618199741037,-0.991397350503377,-0.109554218908893,0.103165958047857
174.825,11.8460311328452,0.104779284613872,0.0283508790395744,1,-0.071618199741037,-0.991397350503377,-0.109554218908893,0.103165958047857
174.875,11.8511894307475,0.104779284613872,0.0283508790395744,1,-0.071618199741037,-0.991397350503377,-0.109554218908893,0.103165958047857
174.925,11.8563477286499,0.104779284613872,0.0283508790395744,1,-0.071618199741037,-0.991397350503377,-0.109554218908893,0.103165958047857
174.975,11.8615060265523,0.104779284613872,0.0283508790395744,1,-0.071618199741037,-0.991397350503377,-0.109554218908893,0.103165958047857
175.025,11.8666643244547,0.104779284613872,0.0283508790395744,1,-0.071618199741037,-0.991397350503377,-0.109554218908893,0.103165958047857
175.075,11.8718226223571,0.104779284613872,0.0283508790395744,1,-0.071618199741037,-0.991397350503377,-0.109554218908893,0.103165958047857
175.125,11.8769809202595,0.104779284613872,0.0283508790395744,1,-0.071618199741037,-0.991397350503377,-0.109554218908893,0.103165958047857
175.175,11.8821392181619,0.104779284613872,0.0283508790395744,1,-0.071618199741037,-0.991397350503377,-0.109554218908893,0.103165958047857
175.225,11.8872975160643,0.104779284613872,0.0283508790395744,1,-0.071618199741037,-0.991397350503377,-0.109554218908893,0.103165958047857
175.275,11.8924558139667,0.104779284613872,0.0283508790395744,1,-0.071618199741037,-0.991397350503377,-0.109554218908893,0.103165958047857
175.325,11.8976141118691,0.104779284613872,0.0283508790395744,1,-0.071618199741037,-0.991397350503377,-0.109554218908893,0.103165958047857
175.375,11.9027724097715,0.104779284613872,0.0283508790395744,1,-0.071618199741037,-0.991397350503377,-0.109554218908893,0.103165958047857
175.425,11.9079307076739,0.104779284613872,0.0283508790395744,1,-0.071618199741037,-0.991397350503377,-0.109554218908893,0.103165958047857
175.475,11.9130890055763,0.104779284613872,0.0283508790395744,1,-0.071618199741037,-0.991397350503377,-0.109554218908893,0.103165958047857
175.525,11.9182473034787,0.104779284613872,0.0283508790395744,1,-0.071618199741037,-0.991397350503377,-0.109554218908893,0.103165958047857
175.575,11.923405601381,0.104779284613872,0.0283508790395744,1,-0.071618199741037,-0.991397350503377,-0.109554218908893,0.103165958047857
175.625,11.9285638992834,0.104779284613872,0.0283508790395744,1,-0.071618199741037,-0.991397350503377,-0.109554218908893,0.103165958047857
175.675,11.9337221971858,0.104779284613872,0.0283508790395744,1,-0.071618199741037,-0.991397350503377,-0.109554218908893,0.103165958047857
175.725,11.9388804950882,0.104779284613872,0.0283508790395744,1,-0.071618199741037,-0.991397350503377,-0.109554218908893,0.103165958047857
175.775,11.9440387929906,0.104779284613872,0.0283508790395744,1,-0.071618199741037,-0.991397350503377,-0.109554218908893,0.103165958047857
175.825,11.949197090893,0.104779284613872,0.0283508790395744,1,-0.071618199741037,-0.991397350503377,-0.109554218908893,0.103165958047857
175.875,11.9543553887954,0.104779284613872,0.0283508790395744,1,-0.071618199741037,-0.991397350503377,-0.109554218908893,0.103165958047857
175.925,11.9595136866978,0.104779284613872,0.0283508790395744,1,-0.071618199741037,-0.991397350503377,-0.109554218908893,0.103165958047857
175.975,11.9646719846002,0.104779284613872,0.0283508790395744,1,-0.071618199741037,-0.991397350503377,-0.109554218908893,0.103165958047857
176.025,11.9698302825026,0.104779284613872,0.0283508790395744,1,-0.071618199741037,-0.991397350503377,-0.109554218908893,0.103165958047857
176.075,11.974988580405,0.104779284613872,0.0283508790395744,1,-0.071618199741037,-0.991397350503377,-0.109554218908893,0.103165958047857
176.125,11.9801468783074,0.104779284613872,0.0283508790395744,1,-0.071618199741037,-0.991397350503377,-0.109554218908893,0.103165958047857
176.175,11.9853051762098,0.104779284613872,0.0283508790395744,1,-0.071618199741037,-0.991397350503377,-0.109554218908893,0.103165958047857
176.225,11.9904634741122,0.104779284613872,0.0283508790395744,1,-0.071618199741037,-0.991397350503377,-0.109554218908893,0.103165958047857
176.275,11.9956217720145,0.104779284613872,0.0283508790395744,1,-0.071618199741037,-0.991397350503377,-0.109554218908893,0.103165958047857
176.325,12.0007800699169,0.104779284613872,0.0283508790395744,1,-0.071618199741037,-0.991397350503377,-0.109554218908893,0.103165958047857
176.375,12.0059383678193,0.104779284613872,0.0283508790395744,1,-0.071618199741037,-0.991397350503377,-0.109554218908893,0.103165958047857
176.425,12.0110966657217,0.104779284613872,0.0283508790395744,1,-0.071618199741037,-0.991397350503377,-0.109554218908893,0.103165958047857
176.475,12.0162549636241,0.104779284613872,0.0283508790395744,1,-0.071618199741037,-0.991397350503377,-0.109554218908893,0.103165958047857
176.525,12.0214132615265,0.104779284613872,0.0283508790395744,1,-0.071618199741037,-0.991397350503377,-0.109554218908893,0.103165958047857
176.575,12.0265715594289,0.104779284613872,0.0283508790395744,1,-0.071618199741037,-0.991397350503377,-0.109554218908893,0.103165958047857
176.625,12.0317298573313,0.104779284613872,0.0283508790395744,1,-0.071618199741037,-0.991397350503377,-0.109554218908893,0.103165958047857
176.675,12.0368881552337,0.104779284613872,0.0283508790395744,1,-0.071618199741037,-0.991397350503377,-0.109554218908893,0.103165958047857
176.725,12.0420464531361,0.104779284613872,0.0283508790395744,1,-0.071618199741037,-0.991397350503377,-0.109554218908893,0.103165958047857
176.775,12.0472047510385,0.104779284613872,0.0283508790395744,1,-0.071618199741037,-0.991397350503377,-0.109554218908893,0.103165958047857
176.825,12.0523630489409,0.104779284613872,0.0283508790395744,1,-0.071618199741037,-0.991397350503377,-0.109554218908893,0.103165958047857
176.875,12.0575213468433,0.104779284613872,0.0283508790395744,1,-0.071618199741037,-0.991397350503377,-0.109554218908893,0.103165958047857
176.925,12.0626796447457,0.104779284613872,0.0283508790395744,1,-0.071618199741037,-0.991397350503377,-0.109554218908893,0.103165958047857
176.975,12.067837942648,0.104779284613872,0.0283508790395744,1,-0.071618199741037,-0.991397350503377,-0.109554218908893,0.103165958047857
177.025,12.0729962405504,0.104779284613872,0.0283508790395744,1,-0.071618199741037,-0.991397350503377,-0.109554218908893,0.103165958047857
177.075,12.0781545384528,0.104779284613872,0.0283508790395744,1,-0.071618199741037,-0.991397350503377,-0.109554218908893,0.103165958047857
177.125,12.0833128363552,0.104779284613872,0.0283508790395744,1,-0.071618199741037,-0.991397350503377,-0.109554218908893,0.103165958047857
177.175,12.0884711342576,0.104779284613872,0.0283508790395744,1,-0.071618199741037,-0.991397350503377,-0.109554218908893,0.103165958047857
177.225,12.09362943216,0.104779284613872,0.0283508790395744,1,-0.071618199741037,-0.991397350503377,-0.109554218908893,0.103165958047857
177.275,12.0987877300624,0.104779284613872,0.0283508790395744,1,-0.071618199741037,-0.991397350503377,-0.109554218908893,0.103165958047857
177.325,12.1039460279648,0.104779284613872,0.0283508790395744,1,-0.071618199741037,-0.991397350503377,-0.109554218908893,0.103165958047857
177.375,12.1091043258672,0.104779284613872,0.0283508790395744,1,-0.071618199741037,-0.991397350503377,-0.109554218908893,0.103165958047857
177.425,12.1142626237696,0.104779284613872,0.0283508790395744,1,-0.071618199741037,-0.991397350503377,-0.109554218908893,0.103165958047857
177.475,12.119420921672,0.104779284613872,0.0283508790395744,1,-0.071618199741037,-0.991397350503377,-0.109554218908893,0.103165958047857
177.525,12.1245792195744,0.104779284613872,0.0283508790395744,1,-0.071618199741037,-0.991397350503377,-0.109554218908893,0.103165958047857
177.575,12.1297375174768,0.104779284613872,0.0283508790395744,1,-0.071618199741037,-0.991397350503377,-0.109554218908893,0.103165958047857
177.625,12.1348958153792,0.104779284613872,0.0283508790395744,1,-0.071618199741037,-0.991397350503377,-0.109554218908893,0.103165958047857
177.675,12.1400541132815,0.104779284613872,0.0283508790395744,1,-0.071618199741037,-0.991397350503377,-0.109554218908893,0.103165958047857
177.725,12.1452124111839,0.104779284613872,0.0283508790395744,1,-0.071618199741037,-0.991397350503377,-0.109554218908893,0.103165958047857
177.775,12.1503707090863,0.104779284613872,0.0283508790395744,1,-0.071618199741037,-0.991397350503377,-0.109554218908893,0.103165958047857
177.825,12.1555290069887,0.104779284613872,0.0283508790395744,1,-0.071618199741037,-0.991397350503377,-0.109554218908893,0.103165958047857
177.875,12.1606873048911,0.104779284613872,0.0283508790395744,1,-0.071618199741037,-0.991397350503377,-0.109554218908893,0.103165958047857
177.925,12.1658456027935,0.104779284613872,0.0283508790395744,1,-0.071618199741037,-0.991397350503377,-0.109554218908893,0.103165958047857
177.975,12.1710039006959,0.104779284613872,0.0283508790395744,1,-0.071618199741037,-0.991397350503377,-0.109554218908893,0.103165958047857
178.025,12.1761621985983,0.104779284613872,0.0283508790395744,1,-0.071618199741037,-0.991397350503377,-0.109554218908893,0.103165958047857
178.075,12.1813204965007,0.104779284613872,0.0283508790395744,1,-0.071618199741037,-0.991397350503377,-0.109554218908893,0.103165958047857
178.125,12.1864787944031,0.104779284613872,0.0283508790395744,1,-0.071618199741037,-0.991397350503377,-0.109554218908893,0.103165958047857
178.175,12.1916370923055,0.104779284613872,0.0283508790395744,1,-0.071618199741037,-0.991397350503377,-0.109554218908893,0.103165958047857
178.225,12.1967953902079,0.104779284613872,0.0283508790395744,1,-0.071618199741037,-0.991397350503377,-0.109554218908893,0.103165958047857
178.275,12.2019536881103,0.104779284613872,0.0283508790395744,1,-0.071618199741037,-0.991397350503377,-0.109554218908893,0.103165958047857
178.325,12.2071119860127,0.104779284613872,0.0283508790395744,1,-0.071618199741037,-0.991397350503377,-0.109554218908893,0.103165958047857
178.375,12.212270283915,0.104779284613872,0.0283508790395744,1,-0.071618199741037,-0.991397350503377,-0.109554218908893,0.103165958047857
178.425,12.2174285818174,0.104779284613872,0.0283508790395744,1,-0.071618199741037,-0.991397350503377,-0.109554218908893,0.103165958047857
178.475,12.2225868797198,0.104779284613872,0.0283508790395744,1,-0.071618199741037,-0.991397350503377,-0.109554218908893,0.103165958047857
178.525,12.2277451776222,0.104779284613872,0.0283508790395744,1,-0.071618199741037,-0.991397350503377,-0.109554218908893,0.103165958047857
178.575,12.2329034755246,0.104779284613872,0.0283508790395744,1,-0.071618199741037,-0.991397350503377,-0.109554218908893,0.103165958047857
178.625,12.238061773427,0.104779284613872,0.0283508790395744,1,-0.071618199741037,-0.991397350503377,-0.109554218908893,0.103165958047857
178.675,12.2432200713294,0.104779284613872,0.0283508790395744,1,-0.071618199741037,-0.991397350503377,-0.109554218908893,0.103165958047857
178.725,12.2483783692318,0.104779284613872,0.0283508790395744,1,-0.071618199741037,-0.991397350503377,-0.109554218908893,0.103165958047857
178.775,12.2535366671342,0.104779284613872,0.0283508790395744,1,-0.071618199741037,-0.991397350503377,-0.109554218908893,0.103165958047857
178.825,12.2586949650366,0.104779284613872,0.0283508790395744,1,-0.071618199741037,-0.991397350503377,-0.109554218908893,0.103165958047857
178.875,12.263853262939,0.104779284613872,0.0283508790395744,1,-0.071618199741037,-0.991397350503377,-0.109554218908893,0.103165958047857
178.925,12.2690115608414,0.104779284613872,0.0283508790395744,1,-0.071618199741037,-0.991397350503377,-0.109554218908893,0.103165958047857
178.975,12.2741698587438,0.104779284613872,0.0283508790395744,1,-0.071618199741037,-0.991397350503377,-0.109554218908893,0.103165958047857
179.025,12.2793281566462,0.104779284613872,0.0283508790395744,1,-0.071618199741037,-0.991397350503377,-0.109554218908893,0.103165958047857
179.075,12.2844864545485,0.104779284613872,0.0283508790395744,1,-0.071618199741037,-0.991397350503377,-0.109554218908893,0.103165958047857
179.125,12.2896447524509,0.104779284613872,0.0283508790395744,1,-0.071618199741037,-0.991397350503377,-0.109554218908893,0.103165958047857
179.175,12.2948030503533,0.104779284613872,0.0283508790395744,1,-0.071618199741037,-0.991397350503377,-0.109554218908893,0.103165958047857
179.225,12.2999613482557,0.104779284613872,0.0283508790395744,1,-0.071618199741037,-0.991397350503377,-0.109554218908893,0.103165958047857
179.275,12.3051196461581,0.104779284613872,0.0283508790395744,1,-0.071618199741037,-0.991397350503377,-0.109554218908893,0.103165958047857
179.325,12.3102779440605,0.104779284613872,0.0283508790395744,1,-0.071618199741037,-0.991397350503377,-0.109554218908893,0.103165958047857
179.375,12.3154362419629,0.104779284613872,0.0283508790395744,1,-0.071618199741037,-0.991397350503377,-0.109554218908893,0.103165958047857
179.425,12.3205945398653,0.104779284613872,0.0283508790395744,1,-0.071618199741037,-0.991397350503377,-0.109554218908893,0.103165958047857
179.475,12.3257528377677,0.104779284613872,0.0283508790395744,1,-0.071618199741037,-0.991397350503377,-0.109554218908893,0.103165958047857
179.525,12.3309111356701,0.104779284613872,0.0283508790395744,1,-0.071618199741037,-0.991397350503377,-0.109554218908893,0.103165958047857
179.575,12.3360694335725,0.104779284613872,0.0283508790395744,1,-0.071618199741037,-0.991397350503377,-0.109554218908893,0.103165958047857
179.625,12.3412277314749,0.104779284613872,0.0283508790395744,1,-0.071618199741037,-0.991397350503377,-0.109554218908893,0.103165958047857
179.675,12.3463860293773,0.104779284613872,0.0283508790395744,1,-0.071618199741037,-0.991397350503377,-0.109554218908893,0.103165958047857
179.725,12.3515443272797,0.104779284613872,0.0283508790395744,1,-0.071618199741037,-0.991397350503377,-0.109554218908893,0.103165958047857
179.775,12.356702625182,0.104779284613872,0.0283508790395744,1,-0.071618199741037,-0.991397350503377,-0.109554218908893,0.103165958047857
179.825,12.3618609230844,0.104779284613872,0.0283508790395744,1,-0.071618199741037,-0.991397350503377,-0.109554218908893,0.103165958047857
179.875,12.3670192209868,0.104779284613872,0.0283508790395744,1,-0.071618199741037,-0.991397350503377,-0.109554218908893,0.103165958047857
179.925,12.3721775188892,0.104779284613872,0.0283508790395744,1,-0.071618199741037,-0.991397350503377,-0.109554218908893,0.103165958047857
179.975,12.3773358167916,0.104779284613872,0.0283508790395744,1,-0.071618199741037,-0.991397350503377,-0.109554218908893,0.103165958047857
180.025,12.382494114694,0.104779284613872,0.0283508790395744,1,-0.071618199741037,-0.991397350503377,-0.109554218908893,0.103165958047857
180.075,12.3876524125964,0.104779284613872,0.0283508790395744,1,-0.071618199741037,-0.991397350503377,-0.109554218908893,0.103165958047857
180.125,12.3928107104988,0.104779284613872,0.0283508790395744,1,-0.071618199741037,-0.991397350503377,-0.109554218908893,0.103165958047857
180.175,12.3979690084012,0.104779284613872,0.0283508790395744,1,-0.071618199741037,-0.991397350503377,-0.109554218908893,0.103165958047857
180.225,12.4031273063036,0.104779284613872,0.0283508790395744,1,-0.071618199741037,-0.991397350503377,-0.109554218908893,0.103165958047857
180.275,12.408285604206,0.104779284613872,0.0283508790395744,1,-0.071618199741037,-0.991397350503377,-0.109554218908893,0.103165958047857
180.325,12.4134439021084,0.104779284613872,0.0283508790395744,1,-0.071618199741037,-0.991397350503377,-0.109554218908893,0.103165958047857
180.375,12.4186022000108,0.104779284613872,0.0283508790395744,1,-0.071618199741037,-0.991397350503377,-0.109554218908893,0.103165958047857
180.425,12.4237604979132,0.104779284613872,0.0283508790395744,1,-0.071618199741037,-0.991397350503377,-0.109554218908893,0.103165958047857
180.475,12.4289187958155,0.104779284613872,0.0283508790395744,1,-0.071618199741037,-0.991397350503377,-0.109554218908893,0.103165958047857
180.525,12.4340770937179,0.104779284613872,0.0283508790395744,1,-0.071618199741037,-0.991397350503377,-0.109554218908893,0.103165958047857
180.575,12.4392353916203,0.104779284613872,0.0283508790395744,1,-0.071618199741037,-0.991397350503377,-0.109554218908893,0.103165958047857
180.625,12.4443936895227,0.104779284613872,0.0283508790395744,1,-0.071618199741037,-0.991397350503377,-0.109554218908893,0.103165958047857
180.675,12.4495519874251,0.104779284613872,0.0283508790395744,1,-0.071618199741037,-0.991397350503377,-0.109554218908893,0.103165958047857
180.725,12.4547102853275,0.104779284613872,0.0283508790395744,1,-0.071618199741037,-0.991397350503377,-0.109554218908893,0.103165958047857
180.775,12.4598685832299,0.104779284613872,0.0283508790395744,1,-0.071618199741037,-0.991397350503377,-0.109554218908893,0.103165958047857
180.825,12.4650268811323,0.104779284613872,0.0283508790395744,1,-0.071618199741037,-0.991397350503377,-0.109554218908893,0.103165958047857
180.875,12.4701851790347,0.104779284613872,0.0283508790395744,1,-0.071618199741037,-0.991397350503377,-0.109554218908893,0.103165958047857
180.925,12.4753434769371,0.104779284613872,0.0283508790395744,1,-0.071618199741037,-0.991397350503377,-0.109554218908893,0.103165958047857
180.975,12.4805017748395,0.104779284613872,0.0283508790395744,1,-0.071618199741037,-0.991397350503377,-0.109554218908893,0.103165958047857
181.025,12.4856600727419,0.104779284613872,0.0283508790395744,1,-0.071618199741037,-0.991397350503377,-0.109554218908893,0.103165958047857
181.075,12.4908183706443,0.104779284613872,0.0283508790395744,1,-0.071618199741037,-0.991397350503377,-0.109554218908893,0.103165958047857
181.125,12.4959766685467,0.104779284613872,0.0283508790395744,1,-0.071618199741037,-0.991397350503377,-0.109554218908893,0.103165958047857
181.175,12.501134966449,0.104779284613872,0.0283508790395744,1,-0.071618199741037,-0.991397350503377,-0.109554218908893,0.103165958047857
181.225,12.5062932643514,0.104779284613872,0.0283508790395744,1,-0.071618199741037,-0.991397350503377,-0.109554218908893,0.103165958047857
181.275,12.5114515622538,0.104779284613872,0.0283508790395744,1,-0.071618199741037,-0.991397350503377,-0.109554218908893,0.103165958047857
181.325,12.5166098601562,0.104779284613872,0.0283508790395744,1,-0.071618199741037,-0.991397350503377,-0.109554218908893,0.103165958047857
181.375,12.5217681580586,0.104779284613872,0.0283508790395744,1,-0.071618199741037,-0.991397350503377,-0.109554218908893,0.103165958047857
181.425,12.526926455961,0.104779284613872,0.0283508790395744,1,-0.071618199741037,-0.991397350503377,-0.109554218908893,0.103165958047857
181.475,12.5320847538634,0.104779284613872,0.0283508790395744,1,-0.071618199741037,-0.991397350503377,-0.109554218908893,0.103165958047857
181.525,12.5372430517658,0.104779284613872,0.0283508790395744,1,-0.071618199741037,-0.991397350503377,-0.109554218908893,0.103165958047857
181.575,12.5424013496682,0.104779284613872,0.0283508790395744,1,-0.071618199741037,-0.991397350503377,-0.109554218908893,0.103165958047857
181.625,12.5475596475706,0.104779284613872,0.0283508790395744,1,-0.071618199741037,-0.991397350503377,-0.109554218908893,0.103165958047857
181.675,12.552717945473,0.104779284613872,0.0283508790395744,1,-0.071618199741037,-0.991397350503377,-0.109554218908893,0.103165958047857
181.725,12.5578762433754,0.104779284613872,0.0283508790395744,1,-0.071618199741037,-0.991397350503377,-0.109554218908893,0.103165958047857
181.775,12.5630345412778,0.104779284613872,0.0283508790395744,1,-0.071618199741037,-0.991397350503377,-0.109554218908893,0.103165958047857
181.825,12.5681928391802,0.104779284613872,0.0283508790395744,1,-0.071618199741037,-0.991397350503377,-0.109554218908893,0.103165958047857
181.875,12.5733511370825,0.104779284613872,0.0283508790395744,1,-0.071618199741037,-0.991397350503377,-0.109554218908893,0.103165958047857
181.925,12.5785094349849,0.104779284613872,0.0283508790395744,1,-0.071618199741037,-0.991397350503377,-0.109554218908893,0.103165958047857
181.975,12.5836677328873,0.104779284613872,0.0283508790395744,1,-0.071618199741037,-0.991397350503377,-0.109554218908893,0.103165958047857
182.025,12.5888260307897,0.104779284613872,0.0283508790395744,1,-0.071618199741037,-0.991397350503377,-0.109554218908893,0.103165958047857
182.075,12.5939843286921,0.104779284613872,0.0283508790395744,1,-0.071618199741037,-0.991397350503377,-0.109554218908893,0.103165958047857
182.125,12.5991426265945,0.104779284613872,0.0283508790395744,1,-0.071618199741037,-0.991397350503377,-0.109554218908893,0.103165958047857
182.175,12.6043009244969,0.104779284613872,0.0283508790395744,1,-0.071618199741037,-0.991397350503377,-0.109554218908893,0.103165958047857
182.225,12.6094592223993,0.104779284613872,0.0283508790395744,1,-0.071618199741037,-0.991397350503377,-0.109554218908893,0.103165958047857
182.275,12.6146175203017,0.104779284613872,0.0283508790395744,1,-0.071618199741037,-0.991397350503377,-0.109554218908893,0.103165958047857
182.325,12.6197758182041,0.104779284613872,0.0283508790395744,1,-0.071618199741037,-0.991397350503377,-0.109554218908893,0.103165958047857
182.375,12.6249341161065,0.104779284613872,0.0283508790395744,1,-0.071618199741037,-0.991397350503377,-0.109554218908893,0.103165958047857
182.425,12.6300924140089,0.104779284613872,0.0283508790395744,1,-0.071618199741037,-0.991397350503377,-0.109554218908893,0.103165958047857
182.475,12.6352507119113,0.104779284613872,0.0283508790395744,1,-0.071618199741037,-0.991397350503377,-0.109554218908893,0.103165958047857
182.525,12.6404090098137,0.104779284613872,0.0283508790395744,1,-0.071618199741037,-0.991397350503377,-0.109554218908893,0.103165958047857
182.575,12.645567307716,0.104779284613872,0.0283508790395744,1,-0.071618199741037,-0.991397350503377,-0.109554218908893,0.103165958047857
182.625,12.6507256056184,0.104779284613872,0.0283508790395744,1,-0.071618199741037,-0.991397350503377,-0.109554218908893,0.103165958047857
182.675,12.6558839035208,0.104779284613872,0.0283508790395744,1,-0.071618199741037,-0.991397350503377,-0.109554218908893,0.103165958047857
182.725,12.6610422014232,0.104779284613872,0.0283508790395744,1,-0.071618199741037,-0.991397350503377,-0.109554218908893,0.103165958047857
182.775,12.6662004993256,0.104779284613872,0.0283508790395744,1,-0.071618199741037,-0.991397350503377,-0.109554218908893,0.103165958047857
182.825,12.671358797228,0.104779284613872,0.0283508790395744,1,-0.071618199741037,-0.991397350503377,-0.109554218908893,0.103165958047857
182.875,12.6765170951304,0.104779284613872,0.0283508790395744,1,-0.071618199741037,-0.991397350503377,-0.109554218908893,0.103165958047857
182.925,12.6816753930328,0.104779284613872,0.0283508790395744,1,-0.071618199741037,-0.991397350503377,-0.109554218908893,0.103165958047857
182.975,12.6868336909352,0.104779284613872,0.0283508790395744,1,-0.071618199741037,-0.991397350503377,-0.109554218908893,0.103165958047857
183.025,12.6919919888376,0.104779284613872,0.0283508790395744,1,-0.071618199741037,-0.991397350503377,-0.109554218908893,0.103165958047857
183.075,12.69715028674,0.104779284613872,0.0283508790395744,1,-0.071618199741037,-0.991397350503377,-0.109554218908893,0.103165958047857
183.125,12.7023085846424,0.104779284613872,0.0283508790395744,1,-0.071618199741037,-0.991397350503377,-0.109554218908893,0.103165958047857
183.175,12.7074668825448,0.104779284613872,0.0283508790395744,1,-0.071618199741037,-0.991397350503377,-0.109554218908893,0.103165958047857
183.225,12.7126251804472,0.104779284613872,0.0283508790395744,1,-0.071618199741037,-0.991397350503377,-0.109554218908893,0.103165958047857
183.275,12.7177834783495,0.104779284613872,0.0283508790395744,1,-0.071618199741037,-0.991397350503377,-0.109554218908893,0.103165958047857
183.325,12.7229417762519,0.104779284613872,0.0283508790395744,1,-0.071618199741037,-0.991397350503377,-0.109554218908893,0.103165958047857
183.375,12.7281000741543,0.104779284613872,0.0283508790395744,1,-0.071618199741037,-0.991397350503377,-0.109554218908893,0.103165958047857
183.425,12.7332583720567,0.104779284613872,0.0283508790395744,1,-0.071618199741037,-0.991397350503377,-0.109554218908893,0.103165958047857
183.475,12.7384166699591,0.104779284613872,0.0283508790395744,1,-0.071618199741037,-0.991397350503377,-0.109554218908893,0.103165958047857
183.525,12.7435749678615,0.104779284613872,0.0283508790395744,1,-0.071618199741037,-0.991397350503377,-0.109554218908893,0.103165958047857
183.575,12.7487332657639,0.104779284613872,0.0283508790395744,1,-0.071618199741037,-0.991397350503377,-0.109554218908893,0.103165958047857
183.625,12.7538915636663,0.104779284613872,0.0283508790395744,1,-0.071618199741037,-0.991397350503377,-0.109554218908893,0.103165958047857
183.675,12.7590498615687,0.104779284613872,0.0283508790395744,1,-0.071618199741037,-0.991397350503377,-0.109554218908893,0.103165958047857
183.725,12.7642081594711,0.104779284613872,0.0283508790395744,1,-0.071618199741037,-0.991397350503377,-0.109554218908893,0.103165958047857
183.775,12.7693664573735,0.104779284613872,0.0283508790395744,1,-0.071618199741037,-0.991397350503377,-0.109554218908893,0.103165958047857
183.825,12.7745247552759,0.104779284613872,0.0283508790395744,1,-0.071618199741037,-0.991397350503377,-0.109554218908893,0.103165958047857
183.875,12.7796830531783,0.104779284613872,0.0283508790395744,1,-0.071618199741037,-0.991397350503377,-0.109554218908893,0.103165958047857
183.925,12.7848413510806,0.104779284613872,0.0283508790395744,1,-0.071618199741037,-0.991397350503377,-0.109554218908893,0.103165958047857
183.975,12.789999648983,0.104779284613872,0.0283508790395744,1,-0.071618199741037,-0.991397350503377,-0.109554218908893,0.103165958047857
184.025,12.7951579468854,0.104779284613872,0.0283508790395744,1,-0.071618199741037,-0.991397350503377,-0.109554218908893,0.103165958047857
184.075,12.8003162447878,0.104779284613872,0.0283508790395744,1,-0.071618199741037,-0.991397350503377,-0.109554218908893,0.103165958047857
184.125,12.8054745426902,0.104779284613872,0.0283508790395744,1,-0.071618199741037,-0.991397350503377,-0.109554218908893,0.103165958047857
184.175,12.8106328405926,0.104779284613872,0.0283508790395744,1,-0.071618199741037,-0.991397350503377,-0.109554218908893,0.103165958047857
184.225,12.815791138495,0.104779284613872,0.0283508790395744,1,-0.071618199741037,-0.991397350503377,-0.109554218908893,0.103165958047857
184.275,12.8209494363974,0.104779284613872,0.0283508790395744,1,-0.071618199741037,-0.991397350503377,-0.109554218908893,0.103165958047857
184.325,12.8261077342998,0.104779284613872,0.0283508790395744,1,-0.071618199741037,-0.991397350503377,-0.109554218908893,0.103165958047857
184.375,12.8312660322022,0.104779284613872,0.0283508790395744,1,-0.071618199741037,-0.991397350503377,-0.109554218908893,0.103165958047857
184.425,12.8364243301046,0.104779284613872,0.0283508790395744,1,-0.071618199741037,-0.991397350503377,-0.109554218908893,0.103165958047857
184.475,12.841582628007,0.104779284613872,0.0283508790395744,1,-0.071618199741037,-0.991397350503377,-0.109554218908893,0.103165958047857
184.525,12.8467409259094,0.104779284613872,0.0283508790395744,1,-0.071618199741037,-0.991397350503377,-0.109554218908893,0.103165958047857
184.575,12.8518992238118,0.104779284613872,0.0283508790395744,1,-0.071618199741037,-0.991397350503377,-0.109554218908893,0.103165958047857
184.625,12.8570575217142,0.104779284613872,0.0283508790395744,1,-0.071618199741037,-0.991397350503377,-0.109554218908893,0.103165958047857
184.675,12.8622158196165,0.104779284613872,0.0283508790395744,1,-0.071618199741037,-0.991397350503377,-0.109554218908893,0.103165958047857
184.725,12.8673741175189,0.104779284613872,0.0283508790395744,1,-0.071618199741037,-0.991397350503377,-0.109554218908893,0.103165958047857
184.775,12.8725324154213,0.104779284613872,0.0283508790395744,1,-0.071618199741037,-0.991397350503377,-0.109554218908893,0.103165958047857
184.825,12.8776907133237,0.104779284613872,0.0283508790395744,1,-0.071618199741037,-0.991397350503377,-0.109554218908893,0.103165958047857
184.875,12.8828490112261,0.104779284613872,0.0283508790395744,1,-0.071618199741037,-0.991397350503377,-0.109554218908893,0.103165958047857
184.925,12.8880073091285,0.104779284613872,0.0283508790395744,1,-0.071618199741037,-0.991397350503377,-0.109554218908893,0.103165958047857
184.975,12.8931656070309,0.104779284613872,0.0283508790395744,1,-0.071618199741037,-0.991397350503377,-0.109554218908893,0.103165958047857
